<?xml version="1.0" encoding="UTF-8"?>
<COLLADA xmlns="http://www.collada.org/2005/11/COLLADASchema" version="1.4.1">
    <asset>
        <contributor>
            <author>VCGLab</author>
            <authoring_tool>VCGLib | MeshLab</authoring_tool>
        </contributor>
        <created>Thu May 11 06:48:28 2023 GMT</created>
        <modified>Thu May 11 06:48:28 2023 GMT</modified>
        <up_axis>Y_UP</up_axis>
    </asset>
    <library_geometries>
        <geometry id="shape0-lib" name="shape0">
            <mesh>
                <source id="shape0-lib-positions" name="position">
                    <float_array id="shape0-lib-positions-array" count="20751">-9.96053 -106.363 7.92442 -16.8095 -106.372 7.90547 -9.96053 -106.098 8.33322 -16.8116 -106.057 8.37695 -9.96053 -105.727 8.60636 -16.8064 -105.628 8.65289 -9.96053 -105.361 8.71125 -16.8107 -105.179 8.72308 -9.96053 -105.137 8.72124 -9.96053 -104.881 8.68658 -16.8106 -104.849 8.6797 -9.96053 -104.53 8.5436 -16.8215 -104.341 8.41135 -9.96053 -104.175 8.22112 -16.8101 -104.026 7.9462 -9.96053 -104.004 7.88364 -16.8097 -103.94 7.59949 -16.8083 -106.432 -4.69278 -9.96053 -106.432 -4.35904 -16.8098 -106.383 -4.10457 -9.96053 -106.236 -3.81258 -16.8125 -106.03 -3.59364 -9.96055 -105.655 -3.35492 -16.8106 -105.636 -3.35788 -16.8098 -105.238 -3.27369 -9.96053 -105.204 -3.2721 -16.8125 -104.828 -3.32924 -9.96053 -104.513 -3.4412 -16.7991 -104.324 -3.59735 -9.96052 -104.007 -4.07535 -16.8304 -103.895 -4.51104 24.8156 -101.862 -3.22543 25.0388 -101.63 -4.11662 25.0394 -102.511 -2.18581 24.837 -103.16 -1.59922 25.0264 -103.886 -1.22044 24.832 -104.628 -1.01019 24.8406 -105.43 -0.984384 25.0394 -106.49 -0.978619 24.8211 -106.407 -1.17041 24.8373 -107.312 -1.67876 25.0393 -107.828 -2.14643 24.847 -108.212 -2.66501 24.8516 -108.643 -3.63613 25.0395 -108.748 -3.28838 24.836 -108.742 -4.70043 10.0395 -102.991 -3.94498 20.0396 -103.022 -3.84727 10.0395 -103.315 -3.26958 20.0395 -103.336 -3.23994 20.0396 -103.76 -2.77973 10.0394 -103.789 -2.73954 20.0395 -104.276 -2.46552 10.0395 -104.454 -2.3959 20.0395 -104.757 -2.31693 10.0395 -105.151 -2.26446 20.0395 -105.337 -2.27269 10.0395 -105.838 -2.37142 20.0395 -105.869 -2.38115 10.0395 -106.357 -2.59827 20.0395 -106.434 -2.64431 10.0395 -106.787 -2.94182 20.0397 -106.914 -3.07963 10.0395 -107.073 -3.29615 10.0395 -107.348 -3.85125 20.0394 -107.348 -3.83376 10.0395 -107.442 -4.51081 20.0395 -101.649 -4.14637 20.0391 -101.948 -3.0116 20.0395 -102.535 -2.16062 20.0395 -103.206 -1.5675 20.0395 -103.997 -1.1784 20.0395 -104.859 -0.981276 20.0392 -106.074 -1.06171 20.0395 -107.138 -1.55272 20.0394 -107.879 -2.18713 20.0399 -108.638 -3.58421 20.0395 -108.74 -4.69994 -24.9605 -106.62 7.96379 -24.9605 -106.252 8.54699 -24.9605 -105.759 8.86192 -24.9605 -105.325 8.96924 -24.9348 -104.915 8.94907 -24.9605 -104.599 8.85606 -24.9605 -103.695 7.73648 -24.9605 -103.913 8.27616 -16.9386 -106.673 7.79121 -16.9461 -106.381 8.3846 -16.973 -106.002 8.75717 -16.9622 -105.111 8.97041 -16.9615 -104.78 8.9182 -24.9605 -104.237 8.63988 -16.9564 -104.219 8.64348 -16.9627 -103.833 8.1282 -16.9579 -105.475 8.9485 -16.9622 -103.688 7.60924 -24.9605 -106.439 -3.6712 -16.977 -106.013 -3.26252 -24.9676 -105.882 -3.18356 -24.9605 -105.294 -3.02057 -24.9605 -104.645 -3.11629 -24.9605 -103.898 -3.74059 -24.9605 -103.68 -4.49024 -24.9605 -106.658 -4.20564 -16.9588 -106.626 -4.09092 -16.9471 -106.43 -3.67665 -16.9584 -104.817 -3.06627 -16.9519 -104.406 -3.24137 -24.9314 -104.201 -3.3945 -16.9512 -104.009 -3.57993 -16.9371 -103.697 -4.24005 -16.9653 -105.368 -3.02889 24.5141 -102.688 2.35537 24.5144 -102.692 2.66493 24.5218 -102.801 3.25615 25.0395 -102.178 3.13679 24.5157 -103.021 3.72029 24.5154 -103.196 3.98676 24.5142 -103.398 4.22085 25.0395 -102.821 4.3423 24.4849 -103.939 4.65315 24.4949 -104.678 4.92742 24.5145 -105.14 4.97261 25.0394 -104.354 5.4271 25.0395 -106.186 5.36331 24.5156 -105.766 4.91733 24.5134 -106.416 4.65044 24.5067 -106.785 4.39861 24.5051 -107.24 3.90772 24.5171 -107.594 3.2101 25.0395 -108.026 3.92571 24.513 -107.687 2.5756 10.0395 -102.694 2.6267 10.0395 -102.764 3.11812 10.0395 -102.981 3.65222 10.0395 -103.121 3.87939 10.0395 -103.261 4.06846 10.0395 -103.513 4.33253 10.0395 -103.976 4.667 10.0395 -104.621 4.91504 10.0395 -105.109 4.97183 10.0395 -105.69 4.93481 10.0395 -106.414 4.65487 10.0395 -106.828 4.36181 10.0395 -107.268 3.86568 10.0395 -107.556 3.29869 10.0395 -107.678 2.7017 10.0395 -107.684 2.2853 -24.4362 -107.503 3.41926 -24.4413 -107.175 4.01072 -24.9605 -107.966 3.90857 -24.9596 -106.226 5.37126 -24.4334 -106.75 4.42587 -24.4357 -106.396 4.66335 -24.4397 -105.906 4.86958 -24.4341 -105.413 4.96435 -24.436 -104.999 4.9665 -24.4352 -104.54 4.89022 -24.4518 -103.795 4.5616 -24.4355 -103.389 4.20989 -24.9605 -103.329 5.05115 -24.4445 -103.049 3.78827 -24.4339 -102.764 3.12028 -9.96053 -107.504 3.4069 -9.96053 -107.177 4.01607 -9.96053 -106.749 4.42534 -9.96053 -106.435 4.64134 -9.96053 -105.958 4.85315 -9.96054 -105.42 4.96612 -9.96053 -104.999 4.96557 -9.96052 -104.484 4.88115 -9.96052 -103.754 4.52481 -9.96053 -103.405 4.22567 -9.96053 -103.11 3.88003 -9.96053 -102.741 3.07446 -9.96053 -102.7 2.13126 32.6303 -92.903 13.9711 32.6981 -92.8827 19.1711 35.5391 -98.1773 14.9956 34.3396 -98.4994 14.5301 35.5337 -111.813 14.2392 35.5393 -112.329 14.9413 34.3424 -113.301 14.7097 35.5381 -113.043 14.9684 34.3397 -111.849 14.4853 34.3395 -112.541 14.9643 40.0715 -107.359 17.9711 41.12 -103.446 17.9711 41.8944 -104.382 17.9711 40.8993 -105.326 19.1693 42.0419 -105.49 17.9711 41.39 -106.869 17.9711 40.0803 -106.237 19.1626 35.5394 -109.8 14.4855 34.3393 -109.85 14.146 35.5395 -109.626 13.4256 34.3395 -109.425 13.099 34.3395 -108.533 12.4723 35.5395 -109.068 12.7541 35.5395 -108.351 12.4712 34.3395 -93.6869 19.1711 36.3395 -93.6869 19.1711 33.6152 -95.9279 19.1711 33.26 -95.7605 19.1711 34.028 -96.2874 19.1711 32.9029 -95.7069 19.1711 34.118 -93.3573 19.1711 34.3195 -96.9658 19.1711 31.4612 -93.5219 19.1711 30.7809 -93.6728 19.1711 30.4516 -93.6869 19.1711 36.3395 -116.687 19.1711 34.1379 -113.915 19.1711 34.3195 -113.395 19.1711 34.3395 -116.687 19.1711 33.7264 -114.402 19.1713 33.9918 -117.153 19.1712 33.3948 -117.451 19.1711 32.9697 -114.667 19.1711 32.5894 -117.447 19.1714 31.332 -116.813 19.1712 30.6443 -116.687 19.1711 -12.9405 -102.187 19.1711 -12.9768 -102.401 19.1963 -13.1453 -102.607 19.1728 -13.409 -102.707 19.1711 -12.2216 -96.1487 19.1711 -25.3758 -96.4974 19.1711 -25.7983 -96.0669 19.1711 -25.1476 -96.8715 19.1711 -12.6744 -96.6824 19.1711 -11.797 -95.8906 19.1711 -26.4045 -95.7856 19.1711 -11.4887 -95.7748 19.1711 -12.8679 -97.1447 19.1711 -12.9405 -97.5362 19.1711 -25.0091 -97.3321 19.1711 -24.9804 -102.338 19.1711 -42.9605 -93.6869 19.1711 -26.7575 -95.7154 19.1711 -26.9605 -95.7069 19.1711 -43.1523 -95.7069 19.1711 -43.5943 -93.7102 19.1711 -43.9986 -95.8125 19.1711 -44.506 -94.0119 19.1711 -45.3481 -94.8579 19.1712 -44.8527 -96.1222 19.1711 -45.6543 -95.6069 19.1711 -45.5527 -96.5175 19.1715 -45.7804 -96.4967 19.1701 -46.1504 -97.0366 19.1672 -46.6349 -97.6059 19.1712 -46.7181 -97.3842 19.1683 -47.9442 -97.5984 19.171 -47.1464 -98.5721 19.1711 -48.8102 -98.231 19.1711 -47.3739 -99.3981 19.1711 -49.276 -98.9707 19.1711 -49.4605 -99.7583 19.1711 -47.4405 -100.062 19.1711 -46.0344 -113.473 19.1962 -46.6653 -113.007 19.1679 -49.4602 -110.809 19.1711 -42.9605 -114.667 19.1711 -43.1423 -116.687 19.1711 -43.4135 -114.647 19.1711 -45.1574 -114.099 19.1712 -46.7431 -112.597 19.1712 -43.6769 -116.647 19.1711 -47.4405 -110.507 19.1711 -44.2667 -114.487 19.1711 -44.148 -116.509 19.1711 -45.5514 -115.123 19.1713 -47.7788 -112.826 19.1708 -47.2205 -111.616 19.1708 -49.1527 -111.651 19.1711 -44.8881 -116.065 19.1712 -48.6615 -112.291 19.1711 -10.9605 -95.7069 19.1711 -11.1061 -95.7128 19.1711 25.0395 -118.013 9.4711 25.0395 -115.126 4.05429 25.0395 -108.128 1.66252 25.0394 -107.098 0.041222 25.0396 -103.03 0.278233 25.0395 -105.187 9.4711 25.0395 -111.987 -1.25853 25.0395 -108.853 -5.59488 24.8924 -107.472 -7.27064 25.0395 -95.3123 3.9222 25.0395 -98.5104 -1.4886 25.0395 -102.311 1.60255 25.0377 -101.716 -5.35405 25.0165 -103.495 -8.15993 25.0321 -102.097 -7.06976 10.0395 -118.095 9.4711 10.0395 -105.145 9.4711 10.0395 -92.2788 9.4711 33.1388 -118.095 9.4711 24.8395 -118.095 9.4711 25.0395 -92.2788 9.4711 -9.96053 -118.095 9.4711 -9.96053 -92.2788 9.4711 43.0395 -119.187 18.4711 43.9163 -119.153 18.4789 43.254 -119.187 25.9711 44.5164 -119.078 25.9711 45.8617 -118.73 25.9711 45.7224 -118.8 18.4758 46.6856 -118.412 25.9711 47.4405 -118.04 25.9711 47.3278 -118.107 18.4706 48.3601 -117.459 25.9711 48.6472 -117.242 18.4487 49.4034 -116.551 25.9711 49.4034 -116.551 18.4711 49.708 -116.231 25.9711 50.3776 -115.402 25.9711 50.0393 -115.852 18.4868 50.9561 -114.482 25.9711 50.9116 -114.576 18.4718 51.3544 -113.631 25.9711 51.5732 -113.054 25.9711 51.537 -113.173 18.4805 51.819 -112.182 18.4736 51.9026 -111.765 25.9711 52.0394 -110.739 18.4711 52.0395 -110.617 25.9711 51.9923 -99.1452 25.9711 52.0395 -100.187 25.9711 52.0394 -99.5857 18.4713 51.7267 -97.8253 25.9711 51.7629 -97.945 18.4706 51.3821 -96.792 25.9711 51.2557 -96.4812 18.4511 50.759 -95.5601 18.4779 50.7993 -95.607 25.9711 50.037 -94.5159 25.9711 49.2751 -93.6937 25.9711 49.971 -94.413 18.4696 48.6985 -93.1805 18.4492 48.4556 -92.9858 25.9711 47.5119 -92.374 25.9711 47.4273 -92.3138 18.4734 46.5376 -91.887 25.9711 46.0015 -91.6816 18.4695 45.0497 -91.4117 25.9711 44.9736 -91.3946 18.4707 44.3601 -91.2843 25.9711 43.9163 -91.2257 18.4865 43.4811 -91.1978 25.9711 43.0395 -91.1869 18.4711 43.0395 -91.1869 25.9711 34.3395 -109.46 15.2106 34.3395 -108.567 15.8698 34.3395 -113.187 10.6911 34.3406 -112.884 13.3321 34.3395 -112.1 13.5686 34.3395 -100.713 15.0826 34.3395 -95.6239 17.1711 34.3395 -102.004 15.8711 34.3395 -100.812 13.2019 34.3398 -97.1021 14.8392 34.3395 -97.1869 10.6911 34.3394 -97.992 13.3845 34.3326 -96.9667 13.7287 34.3395 -101.926 12.4713 34.3395 -93.6869 17.1711 -42.9605 -93.6869 13.9911 30.4516 -93.6869 13.9911 -24.9605 -118.013 9.4711 -28.6646 -110.387 9.4711 -42.9605 -118.095 9.4711 -24.7605 -118.095 9.4711 -24.9605 -92.3603 9.4711 -27.9045 -99.9878 9.4711 -46.6646 -110.387 9.4711 -50.8683 -110.81 9.47109 -49.8549 -108.176 9.47113 -49.3968 -101.673 9.47421 -50.8684 -99.7723 9.4711 -49.8526 -102.962 9.4711 -42.9605 -92.2788 9.4711 -24.7605 -92.2788 9.4711 -46.6646 -99.9869 9.4711 -44.0497 -92.3427 9.4711 -50.6038 -98.1087 9.47108 -25.467 -102.558 9.4711 -25.4647 -107.585 9.4711 -42.9605 -119.187 12.4711 33.0014 -119.187 18.4714 -42.9605 -119.187 25.9711 -46.2537 -113.261 13.8105 -46.7354 -112.986 13.9817 -46.9829 -112.249 13.9711 -47.9385 -112.769 13.972 -48.7186 -112.227 13.9711 -49.1353 -111.682 13.9711 -47.4605 -110.463 13.9711 -49.4603 -110.841 13.9711 -47.4604 -99.7091 13.9711 -46.3815 -97.238 13.9533 -47.0317 -98.2155 13.9703 -49.4605 -99.7839 13.9711 -48.0051 -97.6089 13.9719 -49.2906 -99.0065 13.9711 -48.8753 -98.3104 13.9711 33.8314 -93.1294 13.9711 30.8207 -93.6682 13.9711 6.57463 -95.6869 13.9711 5.51978 -95.187 13.9711 -43.3376 -93.6992 13.9711 -42.9605 -95.6869 13.9711 -6.4704 -95.6869 13.9711 -6.00137 -95.3726 13.9711 -45.2758 -96.3096 13.9703 -45.7613 -96.4542 13.9778 -43.9295 -95.7838 13.9709 -45.6607 -95.6401 13.9711 -44.3987 -93.9512 13.9713 -45.3165 -94.7741 13.9711 -5.3442 -95.1869 13.9711 -11.0656 -95.6869 10.682 32.8391 -95.6869 10.6864 33.5777 -114.497 13.9663 34.3423 -115.079 13.9718 34.5341 -116.153 13.9709 34.0877 -117.056 13.971 33.0471 -114.687 13.9711 33.5234 -117.409 13.9711 32.6733 -117.483 13.9715 31.1357 -116.764 13.9711 31.7028 -116.951 13.9711 30.6277 -116.687 13.9711 -43.3289 -114.687 13.9711 -43.4537 -116.687 13.9711 -44.109 -116.525 13.9711 -44.8097 -116.138 13.9711 -44.2691 -114.495 13.9699 -45.3935 -115.43 13.9711 -45.1029 -114.135 13.9704 -45.6955 -114.507 13.973 -45.7859 -113.843 19.1512 -42.9605 -91.1869 25.9711 -42.9605 -91.1869 12.4711 -43.4021 -91.1978 12.4711 -43.4021 -91.1978 25.9711 -44.0613 -91.2509 25.971 -44.0283 -91.2487 12.4646 -44.9333 -91.4022 12.4735 -44.9329 -91.404 25.9711 -45.7828 -91.6437 25.9711 -46.7614 -92.0212 25.9711 -46.2073 -91.7811 12.4651 -47.5448 -92.4338 12.4766 -47.7772 -92.5802 25.9711 -48.6754 -93.2229 12.4672 -48.6739 -93.2259 25.9711 -49.4533 -93.9509 25.9711 -49.6344 -94.1407 12.473 -50.4502 -95.1809 12.4687 -50.0345 -94.6188 25.9711 -50.5461 -95.3389 25.9711 -50.8978 -95.9443 25.9711 -50.8978 -95.9443 12.4711 -51.1745 -96.5025 25.9711 -51.3027 -96.791 12.4668 -51.4966 -97.3267 25.9711 -51.6358 -97.7849 12.4684 -51.6908 -98.0001 25.9711 -51.8779 -98.9201 25.9711 -51.862 -98.8123 12.4767 -51.9605 -99.965 25.9711 -51.9605 -99.9407 12.4712 -51.9605 -110.41 25.9711 -51.9605 -110.433 12.4713 -51.9002 -111.248 25.9711 -51.8907 -111.325 12.4714 -51.7876 -111.943 25.9711 -51.7432 -112.161 12.4699 -51.5957 -112.748 25.9711 -51.442 -113.223 12.4833 -51.205 -113.803 25.9711 -51.0964 -114.035 12.4711 -50.7903 -114.632 25.9711 -50.6565 -114.866 12.4769 -50.1954 -115.549 25.9711 -50.0367 -115.752 12.4691 -49.6291 -116.231 25.9711 -49.4768 -116.391 12.4711 -49.2027 -116.674 25.9711 -48.8373 -116.999 12.4711 -48.4959 -117.28 25.9711 -48.3218 -117.416 12.4711 -47.8138 -117.769 25.9711 -47.7474 -117.811 12.4726 -46.8603 -118.306 25.9711 -46.7629 -118.352 12.4769 -45.9925 -118.661 25.9711 -45.3603 -118.858 25.9711 -45.5282 -118.82 12.464 -44.7163 -119.014 25.9711 -44.7163 -119.014 12.4711 -44.0798 -119.119 25.9711 -44.0034 -119.129 12.4682 -43.4021 -119.176 25.9711 -43.4021 -119.176 12.4711 10.0395 -115.203 4.0412 10.0395 -112.074 -1.2563 10.0395 -107.524 1.55123 10.0395 -107.185 0.961195 10.0395 -106.939 0.685974 10.0395 -106.542 0.357661 10.0395 -105.946 0.0847226 10.0395 -105.256 -0.0364615 10.0395 -104.692 0.0195697 10.0395 -107.387 -5.01396 10.0395 -107.267 -5.39185 10.0395 -104.314 0.122872 10.0395 -108.728 -6.39224 10.0395 -103.717 0.441401 10.0394 -107.072 -5.76581 10.0395 -108.304 -7.04856 10.0395 -107.837 -7.52283 10.0395 -106.571 -6.31394 10.0395 -107.396 -7.86884 10.0395 -95.2368 3.90779 10.0395 -106.818 -8.18426 10.0395 -105.924 -6.66658 10.0395 -106.209 -8.39832 10.0395 -105.396 -6.7726 10.0395 -98.4422 -1.51671 10.0395 -102.693 2.27719 10.0395 -102.746 1.93751 10.0395 -102.941 1.35596 10.0395 -103.336 0.78513 10.0395 -105.539 -8.52066 10.0395 -104.586 -8.49553 10.0395 -104.79 -6.75387 10.0395 -104.207 -6.55852 10.0395 -103.842 -8.30048 10.0395 -103.408 -8.11281 10.0395 -101.888 -6.7915 10.0395 -102.935 -4.647 10.0395 -103.03 -5.19134 10.0395 -103.21 -5.60668 10.0395 -102.97 -7.86528 10.0395 -103.596 -6.15285 10.0395 -102.315 -7.32869 -24.9605 -115.126 4.05429 -24.9605 -112.005 -1.23061 -24.9605 -107.612 0.63489 -24.9605 -95.3123 3.9222 -24.9605 -98.5104 -1.4886 -24.9605 -102.035 2.61471 -9.96053 -115.203 4.0412 -9.96053 -106.438 7.23666 -9.96052 -106.107 6.61053 -9.96053 -112.074 -1.2563 -9.96031 -105.555 6.26384 -9.96053 -107.691 2.73379 -9.96053 -107.631 1.91639 -9.96053 -107.492 1.49765 -9.96062 -104.733 6.27853 -9.96053 -107.252 1.04507 -9.96053 -104.024 6.96488 -9.96053 -106.939 0.685924 -9.96053 -106.433 0.285616 -9.96053 -105.684 0.0166584 -9.96053 -105.312 -0.0267422 -9.96053 -104.717 0.00462483 -9.96053 -104.007 0.259772 -9.96053 -108.722 -6.40174 -9.96053 -106.408 -4.84933 -9.96052 -108.253 -7.11851 -9.96045 -106.015 -5.50284 -9.96053 -107.541 -7.77167 -9.96053 -95.2368 3.90779 -9.96053 -103.931 7.52456 -9.96054 -106.863 -8.1638 -9.96052 -106.203 -8.40257 -9.96054 -105.472 -8.52607 -9.96053 -98.4422 -1.51671 -9.96053 -102.942 1.35413 -9.96053 -103.229 0.914887 -9.96053 -103.502 0.616626 -9.96053 -105.36 -5.77208 -9.96052 -104.553 -8.48349 -9.96053 -103.894 -8.319 -9.96052 -103.358 -8.08904 -9.96053 -101.999 -6.96169 -9.96053 -103.929 -4.74988 -9.96055 -104.741 -5.71921 -9.96053 -102.851 -7.78283 -9.96053 -104.205 -5.31715 -9.96053 -102.457 -7.45483 -24.7605 -108.728 -6.39227 -24.9604 -108.288 -7.06601 -24.9604 -107.597 -7.7382 -24.789 -106.78 -8.20121 -24.9603 -106.146 -8.41621 -24.9603 -105.499 -8.5208 -24.7674 -104.796 -8.51512 -24.7674 -104.061 -8.37336 -24.9604 -103.31 -8.06747 -24.9606 -102.547 -7.54272 -24.7605 -102.016 -6.98711 24.8396 -108.722 -6.40149 24.8399 -108.343 -6.99777 25.0297 -107.844 -7.52366 24.856 -107.397 -7.86511 24.8438 -106.728 -8.23069 25.0807 -106.087 -8.42715 25.0777 -105.471 -8.52591 24.8501 -104.805 -8.5125 24.8226 -104.193 -8.40628 25.0765 -102.872 -7.79314 24.8369 -102.428 -7.43586 24.8395 -101.888 -6.7915 34.3395 -116.687 17.1711 35.5395 -94.1869 17.9711 35.5395 -94.0448 10.4643 35.5395 -101.614 15.8672 35.5395 -100.613 14.6335 35.5397 -100.642 13.6237 35.5395 -101.728 12.4734 35.5395 -116.187 17.9711 35.5395 -108.684 15.87 35.5395 -116.187 10.4711 35.5393 -113.506 13.8353 34.4992 -91.9096 17.9711 34.1978 -91.6869 17.9711 34.9669 -92.3985 17.9711 35.4772 -93.5135 17.9711 51.2424 -97.7619 17.9711 51.5395 -100.187 17.9711 49.7432 -94.8705 17.9711 47.4827 -92.9759 17.9711 45.0451 -91.8851 17.9711 43.2481 -91.692 17.9711 51.5384 -111.297 17.9711 50.6113 -113.998 17.9711 48.9568 -116.373 17.9711 37.6884 -104.74 17.9711 46.1271 -118.178 17.9711 43.0395 -118.687 17.9711 38.8104 -107.18 17.9711 35.2628 -117.459 17.9711 34.7868 -118.191 17.9712 34.2127 -118.686 17.9699 37.6452 -105.28 17.9711 -47.3675 -111.126 13.9706 39.1387 -102.983 17.9711 40.2739 -104.17 19.1716 39.0989 -105.941 19.168 38.7921 -105.08 19.168 37.8373 -106.207 17.9711 39.2151 -104.373 19.1669 37.8728 -104.183 17.9711 6.53946 -95.6869 12.4711 -6.46343 -95.6869 12.4711 5.66463 -95.1871 12.4713 -24.9605 -97.6301 12.9711 -24.9591 -102.687 12.9711 -12.9606 -102.35 12.9711 -12.9605 -97.5818 12.9711 -26.0932 -95.8717 12.971 -11.9017 -95.932 12.971 -11.2289 -95.687 12.9711 -26.7048 -95.6869 12.9711 -13.2987 -102.687 12.9711 -25.0331 -97.2076 12.9711 35.5391 -112.658 13.2893 35.5336 -98.4207 13.737 35.5391 -97.6843 13.3081 35.5393 -96.7254 14.0947 -43.628 -93.7211 13.9711 -49.6613 -107.869 9.66815 -28.6646 -110.187 9.9711 -46.6646 -110.187 9.9711 -28.6646 -110.187 9.6711 -46.6646 -100.187 9.6711 -28.6646 -100.187 9.9711 -47.3663 -100.188 9.9711 -25.6663 -102.531 9.9711 -28.4305 -100.187 9.67111 -26.6823 -100.77 9.96559 -25.6653 -107.564 9.9711 -26.7147 -109.816 9.47118 -49.1625 -101.401 9.97116 -49.6689 -103.152 9.9711 -48.9424 -109.328 9.97067 -48.1611 -100.416 9.47154 -49.6637 -102.746 9.6714 -47.3393 -110.187 9.67098 -48.5296 -109.725 9.47176 -26.384 -109.216 9.96024 -25.6646 -107.42 9.6711 -26.6145 -100.791 9.47134 -25.6669 -102.672 9.67247 32.9006 -95.6869 13.9711 33.2791 -95.7443 13.971 34.1744 -96.5116 12.5245 34.1313 -113.957 13.9604 34.5299 -115.967 17.3612 34.3395 -114.84 17.1711 34.527 -94.3394 17.3589 34.5562 -94.2299 13.9711 34.1524 -93.3964 13.9711 33.5621 -92.9688 19.1712 33.4111 -92.922 13.9711 31.569 -93.485 13.9711 25.6887 -93.6962 13.9711 34.3406 -95.3119 13.9712 -5.20782 -95.1869 12.4826 -5.91315 -95.3107 12.478 32.561 -91.1869 12.4711 34.4966 -91.9035 10.5023 33.3048 -91.2642 12.2586 34.0026 -91.564 11.4349 -46.3957 -93.0091 9.47109 -48.7641 -94.7459 9.47107 -49.926 -96.4221 9.47113 -50.371 -113.025 9.47098 -49.4513 -114.72 9.4711 -48.1639 -116.175 9.47108 -46.0177 -117.523 9.47105 -43.9394 -118.042 9.4711 34.0147 -118.807 11.4279 33.0691 -119.187 12.4711 -24.7605 -98.4422 -1.51671 -24.7605 -95.2368 3.90779 -24.7605 -115.203 4.0412 -24.7605 -112.074 -1.2563 24.8395 -98.4422 -1.51671 24.8395 -95.2368 3.90779 24.8395 -115.203 4.0412 24.8395 -112.074 -1.2563 32.9981 -91.1869 18.4711 33.8603 -91.4957 18.1623 33.8849 -118.876 18.1596 35.4933 -116.764 17.9711 35.3633 -117.274 10.3552 35.295 -92.9932 9.89331 34.9267 -92.3581 10.0473 34.1024 -118.119 9.53468 34.6664 -93.4905 9.4711 34.6156 -116.906 9.47123 34.8777 -116.149 9.52781 34.6933 -118.297 9.9628 35.0837 -116.478 9.62861 35.2624 -116.175 9.77495 35.2951 -94.2194 9.80818 35.4413 -116.488 10.03 35.5311 -115.809 10.3258 35.4846 -93.5899 10.131 35.0673 -93.6059 9.61647 33.7342 -92.2788 9.4711 -13.3823 -102.707 10.6717 -12.9615 -102.394 10.7833 -12.9405 -102.226 10.6705 -24.4605 -102.707 10.6711 -13.4608 -102.687 10.6813 -12.9605 -97.6378 10.6815 -24.9602 -102.401 10.6838 -24.9805 -102.319 10.6709 -24.7597 -102.63 10.7376 -24.6448 -102.707 19.1711 -12.9405 -97.5187 10.6784 -11.4796 -95.7605 10.2226 -12.3864 -96.2896 12.9711 -12.7239 -96.7594 12.9711 -12.8727 -97.1482 12.9711 -24.9805 -97.5218 10.6688 -24.9605 -97.6868 10.687 -10.9606 -95.7069 10.67 32.8395 -95.7069 10.6711 -25.2616 -96.6416 12.9711 -25.6582 -96.1788 12.9711 -26.165 -95.8594 10.2892 -26.6886 -95.7151 10.676 -26.9605 -95.7069 10.6711 -26.9607 -95.6869 10.6818 34.335 -97.071 10.6768 34.3195 -97.1869 10.6711 34.2987 -96.9312 10.6506 33.7789 -96.0375 10.5246 33.864 -96.0452 13.9734 33.3649 -95.7949 10.6519 32.9938 -95.7138 10.6723 32.9279 -95.6902 10.679 -43.0874 -95.6869 10.6804 -42.9605 -95.7069 10.6711 34.3195 -113.333 10.6671 -43.29 -95.7204 10.6711 -44.0901 -95.8369 10.8848 -44.8064 -96.0927 11.6389 -45.673 -96.6074 10.6332 -46.6204 -97.5687 10.1098 -47.1808 -98.6634 10.649 -47.3881 -99.4222 11.4899 -47.4405 -99.8315 10.6711 33.0119 -114.678 10.6738 32.8395 -114.667 10.6711 33.1846 -114.64 10.0991 32.8393 -114.687 10.6879 34.3166 -113.594 14.0152 -47.4405 -110.399 10.6669 -42.9605 -114.667 10.6711 -43.1048 -114.687 10.686 -47.4105 -110.681 10.6711 -47.154 -111.838 10.6159 -46.5637 -112.872 9.96778 -45.8434 -113.634 13.9031 -43.3747 -114.652 10.9086 -24.4469 -102.673 2.41252 -24.4378 -102.792 1.74407 -24.4432 -103.004 1.228 -24.4405 -103.468 0.647474 -24.4422 -104.005 0.257056 -24.4424 -104.795 -0.009122 -24.4352 -105.391 -0.0231732 -24.4282 -106.03 0.106403 -24.4337 -106.667 0.447034 -24.4342 -106.994 0.742438 -24.4365 -107.285 1.09674 -24.432 -107.492 1.49796 -24.4393 -107.617 1.86068 -24.4234 -107.701 2.64015 -24.9605 -103.551 -0.194429 -24.9605 -106.076 -0.540258 -24.9605 -108.135 1.65537 24.5147 -107.675 2.20555 24.5105 -107.499 1.488 24.5139 -107.128 0.886811 24.514 -106.659 0.440389 24.5134 -106.072 0.125264 24.5173 -105.57 -0.000125376 24.5072 -105.118 -0.035156 24.514 -104.629 0.0326394 24.5124 -104.288 0.136166 24.5142 -103.799 0.380029 24.524 -103.339 0.781642 24.519 -102.922 1.39376 24.5162 -102.731 1.98773 25.0545 -104.818 -0.62629 -16.963 -103.76 -5.02225 -16.8124 -104.155 -5.25601 -16.9514 -104.252 -5.73655 -16.9567 -104.96 -6.01414 -16.8157 -104.66 -5.68625 -16.9608 -105.246 -6.02883 -16.8101 -105.332 -5.77543 -24.9371 -105.35 -6.02347 -16.8057 -105.858 -5.61231 -16.9533 -105.802 -5.91185 -16.9383 -106.477 -5.34932 -16.8097 -106.28 -5.15361 -16.9509 -106.69 -4.64434 -24.9605 -103.824 -5.19131 -24.9605 -104.183 -5.6523 -24.9605 -104.626 -5.92626 -24.9376 -104.989 -6.01848 -24.9605 -105.769 -5.91967 -24.9605 -106.378 -5.48243 -24.9605 -106.662 -4.84086 -16.9589 -103.704 7.2303 -16.8151 -103.987 7.05227 -16.9628 -104.324 6.23755 -16.8113 -104.468 6.43244 -16.9675 -104.95 5.97539 -16.8123 -105.102 6.20142 -16.8083 -105.85 6.39106 -16.9455 -105.707 6.04667 -16.9652 -106.299 6.44294 -16.957 -106.635 7.05064 -24.9605 -106.68 7.14045 -16.8154 -106.408 7.09133 -24.9605 -103.713 7.15675 -16.9449 -103.879 6.70452 -24.9605 -103.952 6.59223 -24.9603 -104.71 6.02549 -24.9149 -105.323 5.97428 -24.9609 -105.883 6.12274 -24.9605 -106.352 6.51555 20.0395 -108.596 -5.55006 24.8438 -108.557 -5.68512 24.8454 -108.113 -6.55454 20.04 -108.148 -6.53097 20.0392 -107.216 -7.46377 24.8397 -106.622 -7.78535 20.0395 -106.347 -7.89315 24.8657 -105.385 -8.10834 20.0391 -105.27 -8.09637 20.0395 -104.222 -7.95559 24.8294 -104.221 -7.95288 24.9351 -103.485 -7.65277 24.8351 -102.765 -7.13943 20.0386 -103.149 -7.4623 20.0395 -102.299 -6.61259 24.8381 -102.144 -6.37673 20.0389 -101.711 -5.4131 20.0395 -102.935 -4.5164 20.0396 -103.002 -5.10495 20.0395 -103.226 -5.63971 20.0395 -103.657 -6.20897 20.0395 -104.206 -6.55699 20.0394 -104.798 -6.76142 20.0394 -107.446 -4.59608 20.0395 -105.428 -6.76945 20.0395 -107.358 -5.11608 20.0395 -106.065 -6.61332 20.0395 -107.187 -5.57495 20.0395 -106.767 -6.14676 -37.9605 -97.2869 28.9211 -37.9605 -97.2869 29.4711 -40.743 -97.7281 29.4686 -40.2818 -97.5575 28.9246 -42.4898 -98.6954 28.9211 -42.8518 -98.967 29.4711 -45.2938 -101.975 29.4711 -44.3582 -100.439 28.9211 -45.5953 -103.026 28.9211 -45.8784 -105.213 29.4711 -45.8368 -104.606 28.9211 40.3253 -97.6058 29.4711 45.8102 -103.578 28.9213 38.5756 -97.2869 29.4711 45.9669 -103.86 29.4711 42.2068 -111.892 29.471 38.7109 -113.055 29.4711 38.0395 -113.087 29.4711 -37.9605 -113.087 29.4711 -45.6543 -107.047 29.4711 -39.9276 -112.874 29.4711 -45.0639 -108.666 29.4711 -41.7161 -112.161 29.4711 -45.6135 -107.371 28.919 -43.657 -110.747 29.4711 -44.0342 -110.327 28.9211 -41.8896 -112.028 28.9215 -39.546 -112.91 28.9211 -37.9605 -113.087 28.9211 38.0395 -113.087 28.9211 39.1144 -113.027 28.9211 40.1438 -112.811 29.4697 41.3657 -112.364 28.9227 43.7688 -110.596 29.4708 43.1372 -111.256 28.9211 45.0788 -108.949 28.9211 45.5285 -107.745 29.462 45.9551 -105.744 28.9211 44.9901 -101.342 28.9211 44.6278 -100.746 29.471 43.1867 -99.1774 28.9211 42.5835 -98.6711 29.4759 40.6374 -97.6598 28.9211 38.0395 -97.2869 28.9211 -46.0068 -105.187 28.7661 -45.6259 -107.674 28.766 -45.4565 -108.119 29.5711 -44.6116 -109.687 28.7661 -44.4529 -109.914 29.5711 -42.8499 -111.572 29.5711 -42.9387 -111.556 28.7667 -40.5504 -112.792 28.7661 -40.8314 -112.685 29.5711 -38.6132 -113.197 28.7661 -38.7537 -113.197 29.5711 38.0397 -95.7893 28.9458 39.9587 -95.6895 27.9711 38.0395 -95.5143 27.9711 38.0395 -95.6491 28.4585 41.7491 -96.2454 27.9711 43.0485 -96.9029 27.9711 46.8395 -101.085 27.9711 47.5802 -103.525 27.9711 47.2677 -104.403 29.5683 47.703 -106.171 27.9711 46.7587 -108.201 29.5698 47.1456 -108.507 27.9711 46.1465 -110.516 27.9711 42.8944 -113.575 27.9711 41.2635 -114.328 27.9711 39.5079 -114.769 27.9712 38.0395 -114.585 28.9446 38.0395 -114.725 28.4585 38.0395 -114.86 27.9711 -37.9605 -114.86 27.9711 -37.9605 -114.725 28.4585 -37.9605 -114.585 28.9446 -39.9883 -114.67 27.9711 -42.6221 -113.723 27.9711 -45.2533 -111.589 27.9712 -47.0511 -108.702 27.9713 -47.6649 -105.456 27.9711 -47.4842 -103.452 27.9711 -44.3834 -98.5711 29.5695 -44.5411 -98.0673 27.9711 -42.5931 -97.1628 29.5209 -42.3391 -96.5158 27.9715 -39.9208 -95.6952 27.9711 -37.9606 -95.7897 28.9475 -37.9605 -95.6491 28.4585 -37.9605 -95.5143 27.9711 -13.1407 -110.875 27.9711 -12.5446 -111.275 27.9711 -13.2192 -110.987 28.7661 -12.4455 -111.387 28.7661 -40.8467 -110.987 28.7661 -42.4982 -109.533 27.9711 -40.8918 -110.875 27.9711 -41.3484 -110.821 28.7661 -42.6103 -109.488 28.7661 -42.4984 -100.867 27.9711 -42.6102 -100.825 28.7661 -41.1341 -99.4986 27.9711 -41.1773 -99.387 28.7661 -15.8973 -99.4986 27.9711 -15.1541 -98.9869 28.7661 -15.2328 -99.0986 27.9711 -15.9704 -99.3869 28.7661 5.61966 -99.4986 27.9711 4.78167 -99.0986 27.9711 5.03574 -98.9869 28.7661 5.6859 -99.3869 28.7661 40.8466 -99.3869 28.7661 41.357 -99.6413 27.9711 41.3686 -99.4949 28.7661 40.9215 -99.4986 27.9711 42.5775 -100.879 27.9711 42.6892 -100.845 28.7661 42.5771 -109.505 27.9711 42.6892 -109.547 28.7661 40.8466 -110.875 27.9711 41.299 -110.791 27.9711 40.8466 -110.987 28.7661 41.3648 -110.882 28.7661 2.86967 -110.875 27.9711 2.13165 -111.275 27.9711 2.24315 -111.387 28.7661 2.97926 -110.987 28.7661 38.047 -114.279 29.5694 -37.9123 -96.1093 29.5711 38.37 -96.1036 29.5704 39.0868 -95.9996 29.4836 37.9688 -96.0556 29.5592 37.6459 -95.994 29.5241 41.4892 -96.6446 29.5706 40.365 -96.239 29.4831 42.5241 -97.0898 29.4459 44.3629 -97.8494 27.9711 43.7265 -97.9188 29.5712 44.6517 -98.7376 29.4872 45.5844 -99.897 29.571 45.6186 -99.1609 27.9711 46.4726 -101.452 29.5692 47.1873 -106.339 29.571 45.7069 -110.419 29.5712 43.9603 -112.244 29.5711 44.3741 -112.52 27.9711 43.2631 -112.825 29.4624 42.121 -113.457 29.5704 40.7797 -114.002 29.543 38.0485 -114.319 29.5588 37.9305 -114.388 29.5198 38.6487 -114.381 29.57 38.0397 -114.434 29.4498 -37.9587 -114.432 29.4576 -38.4846 -114.276 29.5711 -39.779 -114.218 29.571 -38.8253 -114.372 29.5313 -41.6978 -113.642 29.5695 -44.3222 -111.892 29.57 -45.4953 -110.467 29.5704 -46.5067 -108.689 29.5714 -47.1918 -106.043 29.5697 -47.0788 -103.866 29.5708 -46.9095 -101.414 27.9711 -46.4512 -101.395 29.5645 -45.674 -99.3366 27.9715 -40.7983 -96.4724 29.5712 -39.7374 -96.1179 29.4867 -38.0186 -96.0583 29.5602 -37.9615 -96.0093 29.5338 -38.5884 -95.9754 29.503 -36.1085 -95.9479 29.4655 43.6705 -99.3609 29.5709 40.5336 -97.5141 29.5714 45.4785 -102.079 29.571 46.0819 -105.236 29.5712 38.0395 -97.1769 29.5711 45.3488 -108.7 29.5714 43.5018 -111.061 29.5711 41.9067 -112.244 29.5711 39.3762 -113.109 29.5711 38.0394 -113.197 29.5711 -38.3583 -97.1769 29.5711 -40.0402 -97.4167 29.5711 -43.1741 -99.0205 29.5716 -45.6606 -102.534 29.5715 -45.9681 -105.891 29.5711 -38.4051 -97.1769 28.7661 -39.8579 -97.3909 28.7661 -42.1931 -98.3117 28.766 -44.4455 -100.401 28.7658 -45.6055 -102.691 28.7661 38.0395 -97.1769 28.7661 38.0395 -113.197 28.7661 40.0978 -112.963 28.7661 42.2254 -112.047 28.7661 44.1718 -110.435 28.7659 45.9616 -106.921 28.7661 45.9667 -103.935 28.7661 45.342 -101.806 28.7661 43.7217 -99.466 28.7657 41.4231 -97.896 28.7661 39.5602 -97.2931 28.7661 20.022 -105.128 -6.798 21.4606 -104.005 -5.35473 21.5184 -103.879 -3.91756 20.7179 -105.187 -4.52879 21.4981 -106.499 -5.12814 21.5352 -105.316 -5.96431 23.0395 -105.311 -5.9669 23.0395 -104.004 -5.35561 23.0395 -103.879 -3.91751 23.0395 -105.063 -3.09091 21.4654 -105.063 -3.09291 23.0395 -106.37 -3.7023 21.5196 -106.37 -3.70234 23.0395 -106.494 -5.1403 23.0256 -105.017 -8.02472 23.0396 -107.474 -6.80829 23.0284 -108.666 -4.79234 23.0395 -107.57 -2.40454 23.0204 -104.153 -1.19611 22.7045 -104.038 -7.86397 22.6927 -106.23 -7.9017 22.6793 -107.732 -6.99472 22.6823 -108.485 -5.75575 22.6711 -108.499 -3.26972 22.6475 -107.319 -1.67886 23.0245 -105.315 -1.01626 22.7217 -102.863 -1.8553 22.6895 -102.124 -2.82558 23.0398 -102.746 -2.3733 23.025 -101.804 -3.65615 22.6857 -101.675 -4.83138 23.0107 -102.202 -6.36907 23.0279 -103.094 -7.3367 20.0393 -102.504 -6.83315 20.0395 -101.703 -5.14481 20.0395 -101.778 -3.64327 20.0396 -102.497 -2.23465 20.0392 -103.806 -1.27985 20.0394 -105.555 -0.983694 20.0396 -107.449 -1.79358 20.0396 -108.445 -3.18809 20.0395 -108.698 -4.46193 20.0395 -108.489 -5.76019 20.0398 -107.533 -7.2172 20.0395 -106.011 -7.94874 20.0374 -104.211 -7.98779 20.0396 -105.029 -1.69607 20.0312 -107.23 -5.82491 20.0035 -107.239 -3.76199 19.7509 -106.011 -2.54839 20.0263 -102.962 -4.59914 20.0205 -103.559 -6.12603 19.3393 -104.15 -6.5293 19.3341 -105.693 -2.33211 19.3397 -105.26 -2.27836 19.82 -103.747 -2.88192 19.3341 -104.803 -2.30673 19.3398 -104.398 -2.41878 19.3419 -103.925 -2.65614 19.3396 -103.504 -3.03157 19.3399 -103.287 -3.31815 19.338 -103.078 -3.72736 19.3396 -102.967 -4.17377 19.3395 -102.937 -4.65004 19.3414 -102.985 -5.00264 19.3351 -103.154 -5.51227 19.341 -103.441 -5.95459 19.336 -103.786 -6.2945 19.3405 -104.494 -6.67153 19.3345 -104.97 -6.77402 19.3441 -105.478 -6.76345 19.3394 -105.833 -6.68538 19.3411 -106.261 -6.51427 19.3387 -106.705 -6.19385 19.3398 -106.923 -5.96156 19.5466 -107.02 -5.54637 19.3391 -107.073 -5.75449 19.3396 -107.287 -5.35953 19.3395 -107.396 -4.9494 19.339 -107.438 -4.63262 19.3396 -107.419 -4.2647 19.3396 -107.359 -3.93852 19.3397 -107.26 -3.64839 19.3396 -107.092 -3.33833 19.3395 -106.834 -2.99698 19.3396 -106.648 -2.81707 19.3396 -106.474 -2.6824 19.3411 -106.143 -2.48778 -9.96053 -106.137 -2.48283 -9.96053 -106.49 -2.69383 -9.96053 -106.663 -2.83 -9.96053 -106.863 -3.02445 -9.96053 -107.105 -3.34799 -9.96053 -107.268 -3.66862 -9.96053 -107.364 -3.9577 -9.96049 -107.429 -4.30285 -9.96053 -107.437 -4.63114 -9.96053 -107.396 -4.9494 -9.96053 -107.286 -5.3551 -9.96053 -107.101 -5.71516 -9.96053 -106.924 -5.96121 -9.96053 -106.775 -6.12111 -9.96053 -106.481 -6.37726 -9.96053 -106.057 -6.60504 -9.96053 -105.836 -6.68408 -9.96053 -105.658 -6.7291 -9.96053 -105.437 -6.76634 -9.96053 -105.101 -6.77951 -9.96053 -104.768 -6.74106 -9.96053 -104.435 -6.65124 -9.96053 -104.058 -6.48199 -9.96053 -103.634 -6.16268 -9.96054 -103.34 -5.81822 -9.96053 -103.123 -5.43317 -9.96054 -103.007 -5.09182 -9.96053 -102.964 -4.88056 -9.96053 -102.936 -4.62336 -9.96053 -102.95 -4.26793 -9.96053 -103.016 -3.93067 -9.96052 -103.131 -3.61458 -9.96054 -103.286 -3.31818 -9.96053 -103.529 -3.00355 -9.96053 -103.953 -2.6375 -9.96054 -104.493 -2.38439 -9.96054 -104.951 -2.28683 -9.96053 -105.329 -2.28257 -9.96051 -105.689 -2.33291 -9.95793 -105.842 -3.53695 -9.96025 -106.357 -4.68229 -9.96041 -105.782 -5.56211 -9.95742 -104.225 -3.57193 -9.96283 -104.458 -5.50651 -10.8099 -106.291 -4.08925 -10.7776 -104.179 -5.24076 -10.7996 -105.551 -3.40652 -11.1685 -105.787 -3.13818 -11.1584 -105.184 -3.01867 -10.8048 -104.344 -3.61557 -11.1463 -104.483 -3.18384 -11.1584 -103.843 -3.82907 -11.1245 -103.678 -4.70395 -11.1606 -103.959 -5.38442 -11.1636 -104.338 -5.77569 -11.1637 -105.02 -6.03562 -11.165 -105.795 -5.92884 -11.1277 -106.593 -5.13167 -10.8124 -106.029 -5.54177 -11.1398 -106.669 -4.18024 -11.1629 -106.33 -3.54122 -15.6643 -105.784 -3.14236 -15.6539 -106.375 -3.58175 -15.6531 -106.703 -4.39485 -15.9553 -106.557 -5.1553 -15.6235 -105.024 -6.06449 -15.6552 -103.788 -5.1327 -15.6382 -104.417 -3.20741 -15.6502 -105.23 -3.01854 -15.955 -103.695 -4.20844 -15.9626 -105.762 -3.31896 -15.9329 -105.938 -5.84377 -15.8968 -104.264 -5.72043 -47.2872 -97.1366 30.4676 -47.8987 -98.0189 31.4711 -47.8977 -94.9429 30.4956 -48.325 -95.4621 30.4608 -49.0156 -94.7551 31.3597 -48.3968 -96.1747 30.4682 -48.0944 -96.7705 30.4757 -49.3509 -96.9006 31.4672 -47.666 -97.056 30.4744 -48.1781 -95.1672 24.1676 -48.4139 -95.8627 24.1711 -48.3298 -96.4332 24.1711 -47.7258 -97.037 24.1707 -48.2945 -116.38 31.3673 -47.6497 -113.289 30.481 -48.2042 -113.752 30.4734 -48.0668 -112.241 31.4708 -48.4246 -114.308 30.4862 -48.3182 -114.923 30.4697 -49.6206 -114.355 31.5575 -47.8209 -115.517 30.4736 -47.7555 -113.328 24.1695 -48.2186 -113.779 24.1711 -48.4407 -114.367 24.1717 -48.2723 -115.002 24.1711 -48.0837 -115.268 24.1712 -47.5952 -115.607 24.1707 47.2112 -115.661 30.4743 47.3676 -113.203 30.4787 46.6399 -113.41 30.4885 46.1214 -114.067 30.476 46.0965 -112.522 31.4704 45.157 -113.837 31.4711 46.0979 -114.631 30.4641 45.2277 -115.41 31.4709 46.3693 -115.242 30.4639 46.6943 -113.378 24.1711 46.1586 -113.959 24.1678 46.0924 -114.592 24.1712 46.3081 -115.162 24.1713 46.9211 -115.602 24.171 47.0572 -97.135 30.4513 46.7791 -98.1216 31.471 46.6187 -94.8956 30.4767 46.1506 -95.5277 30.4665 45.9864 -94.0192 31.4692 46.09 -96.1335 30.4634 46.3519 -96.7085 30.4793 45.6094 -97.4339 31.4709 45.0363 -95.9636 31.4711 46.8515 -94.7906 24.1713 46.3312 -95.2088 24.1711 46.1504 -95.5384 24.1711 46.0776 -96.0627 24.17 46.2872 -96.615 24.1713 46.68 -96.9823 24.1713 -48.9231 -114.769 26.6716 -47.1181 -116.479 26.6711 -50.4459 -114.833 26.6711 -50.1733 -112.384 26.6705 -45.4859 -117.253 26.6711 -44.0623 -117.626 26.6711 -50.4605 -110.509 26.6711 -42.9605 -117.687 26.6711 -42.9605 -118.987 26.6711 -51.7479 -111.743 26.6711 -50.4605 -99.8268 26.6711 -51.7602 -99.4502 26.6711 -50.2335 -98.2661 26.6712 -49.6455 -96.7624 26.6711 -48.388 -94.9163 26.6715 -50.4708 -95.2309 26.6733 -46.6175 -93.6262 26.6711 -46.728 -92.0069 26.6774 -44.7962 -92.8797 26.6712 -42.9605 -91.3869 26.6711 -42.9605 -92.6869 26.6711 43.0395 -117.687 26.6711 43.0395 -118.987 26.6711 44.5872 -117.552 26.6708 46.8275 -116.706 26.6709 48.7315 -115.123 26.671 49.7135 -116.054 26.671 49.8125 -113.449 26.6711 51.4065 -113.532 26.6771 50.3701 -111.832 26.6711 50.5395 -110.508 26.6711 51.8373 -111.144 26.6711 51.8395 -100.187 26.6711 43.0395 -91.3869 26.6711 50.5395 -100.005 26.6711 43.608 -92.6869 26.6711 51.6852 -97.655 26.6762 50.4078 -98.6763 26.6715 49.8593 -97.0234 26.6711 45.7887 -93.1757 26.671 46.4245 -91.8281 26.6768 47.7192 -92.4943 26.6768 47.5476 -94.1857 26.6711 48.864 -95.4175 26.6713 -42.9605 -119.187 26.8711 -42.9605 -119.187 30.4711 -43.7873 -119.156 30.4736 -43.8888 -119.146 26.8693 -45.1885 -118.912 26.6763 -47.2293 -118.155 26.6826 -47.7976 -117.827 30.4531 -48.8801 -116.957 26.6757 -49.3367 -116.551 30.4676 -49.8375 -116.005 26.8603 -50.5092 -115.13 30.4673 -50.6562 -114.867 26.8767 -51.2599 -113.686 26.8703 -51.3565 -113.469 30.474 -51.7527 -112.122 30.4719 -51.6851 -112.425 26.8645 -51.9602 -110.745 30.4709 -51.9603 -110.842 26.8714 -51.9605 -100.187 26.8711 -51.9605 -99.7609 30.4711 -51.9334 -99.525 26.8711 -51.8069 -98.4681 26.874 -51.7632 -98.2394 30.474 -51.2364 -96.6177 26.6796 -50.9614 -96.0085 30.4809 -49.8084 -94.321 30.472 -49.691 -94.1854 26.8756 -48.2852 -92.9223 26.8745 -48.2138 -92.8528 30.4652 -46.2624 -91.8084 30.4789 -45.2485 -91.4766 26.6799 -44.3606 -91.2783 30.4772 -43.8988 -91.229 26.8684 -42.9605 -91.1869 26.8711 -42.9605 -91.1869 30.4711 43.0395 -119.187 30.4711 43.0395 -119.187 26.8711 43.0395 -91.1869 26.8711 43.0395 -91.1869 30.4711 44.3288 -91.2657 30.4876 44.6057 -91.3079 26.8662 46.3036 -91.7824 30.4716 48.1502 -92.74 30.4667 49.155 -93.5488 26.6798 50.1415 -94.5976 30.4851 50.7972 -95.5541 26.6846 51.4237 -96.8231 30.4948 51.9032 -98.6124 30.4718 51.9764 -99.0942 26.8677 52.0394 -99.7958 30.4712 52.0395 -100.187 26.8711 52.0395 -110.187 26.8711 52.0395 -110.187 30.4711 51.9363 -111.656 26.8692 51.9553 -111.546 30.4869 51.3333 -113.755 30.4638 50.8498 -114.664 26.8727 50.0238 -115.904 30.4573 50.0702 -115.831 26.8619 49.0478 -116.897 26.87 48.786 -117.122 30.4693 47.7848 -117.852 26.6791 47.5561 -117.985 30.4778 46.3433 -118.563 26.6756 45.8669 -118.735 30.4727 44.444 -119.101 26.8823 43.7768 -93.7232 29.9711 43.0395 -93.6869 24.1711 43.0395 -93.6869 29.9711 -43.5096 -93.6869 29.9711 -42.9605 -93.6869 24.1711 -43.3435 -93.7007 24.1711 -44.3825 -93.9439 24.1709 -44.3452 -93.9373 29.9711 -45.1943 -94.639 29.9711 -45.2553 -94.7211 24.1711 -45.6042 -95.4198 24.1711 -45.5855 -95.3598 29.9711 -46.4913 -97.3209 24.1828 -45.7685 -96.4663 29.9711 -45.7642 -96.4275 24.1709 -47.4558 -97.4776 24.1712 -46.5494 -97.3266 29.9711 -47.8413 -97.5972 29.9711 -47.9568 -97.644 29.9711 -48.3825 -97.8657 29.9711 -48.217 -97.7589 24.1711 -48.7813 -98.2209 24.1711 -48.8852 -98.3355 29.9711 -49.2447 -98.8736 24.1709 -49.2541 -98.922 29.9712 -49.4604 -99.7968 24.1711 -49.4604 -99.7021 29.9711 -49.4605 -110.289 29.9711 -49.4605 -110.311 24.1711 -49.4314 -110.831 29.9711 -49.4223 -110.915 24.1711 -49.1074 -111.766 24.1712 -48.7763 -112.158 29.9711 -48.4794 -112.431 24.1711 -48.1475 -112.641 29.9711 -47.7216 -112.841 24.1749 -45.7206 -114.189 29.9711 -45.8364 -113.791 29.9711 -45.7463 -114.02 24.1688 -46.3295 -113.169 29.9711 -46.1918 -113.272 24.1594 -47.5268 -112.878 29.9711 -46.9371 -112.95 24.171 -45.5617 -115.084 24.1719 -45.1147 -115.81 24.1711 -45.577 -115.082 29.971 -45.1077 -115.815 29.9711 -45.0241 -115.908 29.9711 -44.7182 -116.192 24.1711 -44.6867 -116.216 29.9711 -43.8801 -116.626 24.1713 -43.8669 -116.617 29.9711 -42.9605 -116.687 29.9711 -42.9605 -116.687 24.1711 43.0395 -116.687 29.9711 43.2585 -116.683 29.9711 43.1558 -116.687 24.1711 43.7489 -116.65 29.9711 43.7203 -116.654 24.1711 44.1465 -116.533 24.1711 44.3797 -116.442 29.9717 44.7535 -116.227 24.171 44.8447 -116.152 29.9711 45.4072 -115.547 29.9711 45.428 -115.536 24.1712 45.7483 -114.683 24.1711 45.7347 -114.751 29.9711 46.8294 -112.983 24.171 46.4474 -113.167 29.9711 46.3237 -113.269 24.1711 45.878 -113.778 29.9711 45.8771 -113.825 24.1703 46.9572 -112.966 29.9711 47.7895 -112.84 24.1711 48.0077 -112.764 29.9711 48.4392 -112.519 24.1711 49.0105 -111.998 24.1711 48.8679 -112.154 29.9711 49.1838 -111.724 29.9711 49.3508 -111.382 24.1711 49.3823 -111.324 29.9711 49.483 -110.965 29.9711 49.5063 -110.843 29.9711 49.5247 -110.625 29.9711 49.5394 -110.739 24.1711 49.5377 -110.296 29.9711 49.5395 -100.187 29.9711 49.5395 -99.6376 24.1711 49.5358 -99.9679 29.9711 49.5113 -99.5685 29.9711 49.4003 -99.0876 29.9711 49.3425 -98.9487 24.1711 49.148 -98.5984 29.9711 49.0355 -98.4371 24.1711 48.5428 -97.9281 24.1711 48.0227 -97.625 29.9711 47.5615 -97.492 29.9711 47.8374 -97.5507 24.1699 47.4389 -97.469 29.9711 47.0455 -97.4266 24.1711 45.8509 -96.4745 24.1736 46.6242 -97.3218 29.9711 46.4538 -97.2224 24.1737 45.8867 -96.5548 29.9712 45.688 -95.4393 24.1711 45.3402 -94.7225 24.1711 45.4766 -94.9231 29.9712 44.8148 -94.1984 24.1711 44.8445 -94.2215 29.9711 44.4055 -93.9481 24.1711 43.823 -93.7299 24.1711 -42.9605 -117.687 24.1711 43.0395 -117.687 24.1711 -50.4605 -110.547 24.1711 -50.1922 -112.269 24.1708 -49.4691 -113.936 24.1711 -48.7304 -114.988 24.1711 -47.865 -115.883 24.1703 -46.6639 -116.719 24.1711 -45.4867 -117.256 24.1711 -44.0625 -117.621 24.1711 -42.9605 -92.6869 24.1711 -45.08 -92.9367 24.1705 -47.4586 -94.1599 24.1716 -48.9358 -95.6287 24.1712 -49.6925 -96.8559 24.1711 -50.2769 -98.4441 24.1712 -50.4605 -99.8647 24.1711 50.5388 -99.4469 24.1711 50.1154 -97.6544 24.1711 49.3068 -96.0193 24.1703 48.3143 -94.8471 24.1711 47.6523 -94.276 24.1711 46.4497 -93.4735 24.1713 44.8635 -92.9046 24.1711 43.5438 -92.6869 24.1711 44.0136 -117.635 24.1711 45.4324 -117.302 24.1709 47.4055 -116.308 24.1709 48.8582 -114.97 24.1706 49.7477 -113.561 24.1711 50.2223 -112.37 24.1711 50.5393 -110.817 24.1711 -46.9495 -115.62 24.1711 -46.5365 -115.436 24.1711 -46.1309 -114.993 24.17 -46.0347 -114.131 24.1717 -47.0547 -113.239 24.1711 -46.4258 -113.505 24.1859 -47.2488 -97.134 24.1711 -46.7003 -97.0431 24.1718 -46.2547 -96.6714 24.1713 -46.0119 -96.1518 24.1689 -47.4442 -94.7411 24.1705 -46.1059 -95.4142 24.1702 -46.6218 -94.8767 24.1714 47.469 -115.631 24.1711 47.8848 -115.486 24.1711 48.352 -115.046 24.1726 48.4907 -114.286 24.1711 47.3017 -113.222 24.1722 48.0236 -113.474 24.1711 48.3348 -113.833 24.1711 47.3376 -97.166 24.1655 48.0021 -96.914 24.1711 48.3764 -96.4881 24.171 48.4967 -95.9287 24.1711 47.5336 -94.7544 24.1711 48.0586 -94.9912 24.1712 48.3986 -95.4597 24.1711 -43.0253 -98.9314 29.9711 -44.5737 -100.67 29.9711 -40.2559 -97.4791 29.9711 -45.8252 -103.295 29.9711 -38.2355 -97.1869 29.9711 -45.9348 -105.924 29.9711 -45.5089 -107.94 29.9711 -44.0357 -110.539 29.9711 -41.9531 -112.126 29.9711 -39.9517 -112.989 29.9711 -37.9605 -113.187 29.9711 38.7616 -97.1869 29.9711 41.5623 -97.9127 29.9711 44.2084 -99.9939 29.9711 45.5376 -102.336 29.9711 46.0273 -104.439 29.9711 38.7896 -113.187 29.9711 40.7002 -112.749 29.9711 45.8656 -107.047 29.9711 42.3727 -111.95 29.9711 44.3893 -110.162 29.9711 -49.9182 -96.2139 31.4711 -44.9501 -92.3993 31.4711 -42.9605 -92.1869 31.4711 -50.9605 -100.187 31.4711 -43.3694 -97.8744 31.4711 -37.9605 -96.1869 31.4711 -50.9599 -111.025 31.4711 -46.9916 -105.655 31.4711 -46.0992 -109.311 31.4711 -42.2405 -113.156 31.4711 -46.0563 -117.601 31.4713 -43.7982 -118.187 31.4711 -39.8272 -114.036 31.4711 -37.9605 -114.187 31.4711 43.8529 -92.1869 31.4711 38.0395 -96.1869 31.4711 40.5112 -96.4785 31.4711 46.0885 -92.7588 31.4705 48.2716 -93.9627 31.3756 49.5077 -95.4192 31.4646 45.3402 -99.8873 31.4711 48.4008 -97.8803 31.4711 46.6006 -102.333 31.4711 47.0953 -105.187 31.4711 45.3486 -110.626 31.4711 51.0395 -110.187 31.4711 43.0395 -118.187 31.4711 40.0568 -114.001 31.4711 38.0395 -114.187 31.4711 50.97 -111.366 31.4711 45.8377 -117.744 31.4716 47.4325 -116.826 31.5076 38.0395 -97.1869 30.4711 46.0292 -106.153 30.4866 45.002 -109.257 30.4666 40.7802 -112.712 30.4698 39.4238 -113.086 30.4813 38.0395 -113.187 30.4711 -37.9605 -97.1869 30.4711 -37.9605 -113.187 30.4711 -39.9606 -112.968 30.4673 -42.0187 -112.12 30.486 -45.0941 -108.859 30.4625 -45.911 -104.124 30.4761 -41.5576 -98.0185 30.4764 42.5682 -112.996 31.4711 42.0765 -112.104 30.4689 43.287 -111.238 30.4751 46.6958 -107.639 31.4711 45.9526 -103.927 30.4728 45.4087 -101.98 30.4705 43.3771 -97.8651 31.471 43.7553 -99.5162 30.4701 40.3354 -97.4526 30.4646 -39.6932 -97.3456 30.4693 -40.0957 -96.3957 31.4711 -43.4548 -99.3075 30.4702 -45.5308 -100.308 31.4711 -45.2971 -101.849 30.4727 -46.6425 -102.621 31.4711 -45.9264 -106.276 30.4763 -43.8301 -110.647 30.4718 -44.0284 -111.848 31.4711 50.5422 -112.994 31.4711 44.282 -119.112 30.4854 -45.3086 -118.892 30.4666 -50.3692 -113.279 31.4711 50.4472 -97.1043 31.4712 51.0391 -99.3821 31.4711 -50.7799 -98.3458 31.4712 47.6874 -97.0782 30.4735 48.1811 -96.7661 30.485 48.4471 -96.2779 30.4703 48.4937 -95.8628 30.4771 48.3638 -95.3834 30.4725 47.9635 -94.9176 30.4602 47.4066 -94.7352 30.4714 49.3197 -96.8289 31.4707 47.8786 -115.491 30.475 48.3372 -115.041 30.4818 48.5031 -114.291 30.4746 48.3177 -113.806 30.4694 48.0263 -113.484 30.4691 48.9178 -112.912 31.471 47.8599 -112.264 31.4711 48.8483 -115.849 31.3603 49.5736 -114.789 31.503 49.4853 -113.962 31.4709 -47.0649 -115.639 30.473 -46.6053 -115.48 30.4696 -46.1252 -115.004 30.4528 -46.075 -113.987 30.4911 -46.5846 -113.394 30.4698 -47.0528 -113.242 30.4687 -46.5794 -116.562 31.4708 -45.294 -115.68 31.471 -45.0321 -114.001 31.471 -45.7456 -112.702 31.4705 -46.71 -97.0648 30.4846 -46.2599 -96.6752 30.4655 -45.9998 -96.15 30.4973 -46.0853 -95.5028 30.4688 -46.3175 -95.1128 30.4674 -47.0322 -94.6997 30.4837 -47.5428 -93.6261 31.4946 -45.6245 -94.3226 31.4707 -46.2941 -98.0574 31.4697 -44.9403 -95.9751 31.471 36.5394 -112.046 15.2927 35.5395 -112.524 15.4507 36.5395 -113.367 15.115 35.5395 -113.907 14.0375 36.5398 -96.4038 14.0149 35.5394 -96.3988 14.4099 36.5396 -97.1686 15.2555 36.5395 -98.1371 15.2739 35.5395 -98.1293 15.3305 36.5398 -98.9772 14.217 36.5397 -109.885 13.5879 35.5395 -109.695 13.1883 35.5395 -108.587 12.4214 36.5395 -109.262 12.7935 36.5395 -108.549 12.4212 36.5395 -113.187 10.4211 36.5395 -97.1869 10.4211 36.5395 -115.187 12.1503 35.5395 -115.186 12.049 36.5395 -114.608 10.8667 35.5394 -114.599 10.937 35.5395 -113.443 10.4211 36.5395 -113.395 17.9211 35.5395 -113.443 17.9211 36.5393 -114.67 17.3339 35.5396 -115.154 16.8601 36.5395 -115.187 16.0402 36.5395 -95.1881 16.2958 36.5396 -95.849 17.4716 35.5392 -95.1965 16.611 36.5395 -96.8648 17.9211 35.5395 -96.6621 17.921 35.5395 -95.1869 12.4211 36.5395 -101.921 15.9211 35.5395 -108.337 15.9211 35.5394 -109.775 15.1941 36.5395 -108.781 15.836 36.5395 -109.786 15.0155 35.5395 -101.776 12.4214 36.5395 -101.695 12.4219 35.5394 -100.367 13.6869 36.5394 -100.321 13.9696 35.5395 -100.8 15.302 36.5395 -100.922 15.4377 35.5395 -101.828 15.921 35.5394 -98.9569 13.9089 35.5395 -97.9283 13.0252 36.5395 -97.9813 13.0043 36.5395 -97.2312 13.0998 35.5395 -97.0542 13.1424 36.5395 -113.954 13.981 36.5395 -113.147 13.1046 35.5395 -113.166 13.1091 35.5395 -112.589 13.0129 36.5395 -112.506 13.0068 35.5395 -111.865 13.3418 35.5389 -111.486 14.1825 36.54 -111.594 13.6332 35.5395 -96.9643 10.4211 36.5395 -95.8065 10.8579 36.5395 -95.1869 12.3281 35.5402 -95.607 11.0947 -45.5154 -95.1399 29.9711 -44.9324 -94.2432 28.9712 -46.3245 -97.2643 29.971 -46.0129 -97.0373 28.9712 -49.4602 -99.405 28.9711 -48.394 -97.732 28.9711 -48.839 -98.2306 29.9711 -49.4604 -99.7589 29.9711 -49.4604 -110.682 28.9711 -46.6825 -112.995 29.9711 -47.9756 -112.775 28.9711 -48.4588 -112.444 29.9711 -49.1493 -111.699 28.9711 -49.2262 -111.547 29.9711 -46.5639 -113.038 28.9711 -45.8483 -114.004 28.971 -45.8792 -113.915 29.9711 -44.1315 -116.56 29.9709 -45.055 -115.907 28.9711 -43.0933 -116.687 28.9711 -44.0448 -116.572 28.9711 43.0395 -116.687 28.9711 45.3675 -115.603 29.9711 44.7429 -116.252 28.9711 44.4513 -116.43 29.9711 43.8027 -116.648 28.9711 45.609 -115.164 28.9711 46.0399 -113.401 29.9711 49.3238 -111.479 29.9711 49.5394 -110.833 28.9711 49.1916 -111.726 28.9711 48.3694 -112.598 28.9711 48.2794 -112.656 29.9711 46.2494 -113.221 28.9712 49.5395 -110.312 29.9711 49.3625 -98.9367 29.971 49.5393 -99.5868 28.9711 48.0053 -97.6026 28.9711 48.6846 -98.0405 29.9711 49.0475 -98.3688 28.9711 46.3457 -97.2406 28.9711 46.2178 -97.1696 29.9711 43.6762 -93.7133 28.9711 44.8329 -94.1773 28.9711 44.5135 -93.9952 29.9711 45.6524 -95.3003 28.9711 45.42 -94.8184 29.9711 43.0395 -93.6869 28.9711 43.7783 -93.7284 29.9711 -43.1108 -93.6869 28.9711 -43.07 -93.6869 29.9711 44.042 -111.287 29.9709 42.2563 -112.57 29.9711 45.6024 -109.111 29.9711 39.855 -113.523 29.9711 46.2744 -107.366 29.9711 38.0395 -113.687 29.9711 46.588 -104.927 29.9711 46.1922 -102.737 29.9711 45.5481 -101.155 29.9711 43.7872 -98.8826 29.9711 42.0917 -97.7048 29.9711 40.2833 -96.9386 29.9711 38.0395 -96.6869 29.9711 -40.6538 -113.291 29.9711 -38.453 -113.687 29.9711 -42.6332 -112.303 29.9711 -44.1057 -111.09 29.9711 -45.6498 -108.938 29.9711 -46.3494 -106.665 29.9711 -46.4787 -104.349 29.9711 -44.8468 -100.157 29.9711 -45.852 -101.979 29.9711 -38.1712 -96.6869 29.9711 -39.7208 -96.8432 29.9711 -41.2285 -97.3363 29.9711 -42.9981 -98.2702 29.9711 43.7527 -111.523 28.9711 42.3212 -112.533 28.9711 45.2614 -109.714 28.9711 46.1409 -107.823 28.9711 46.5948 -105.378 28.9711 40.3201 -113.395 28.9711 38.0395 -113.687 28.9711 46.2244 -102.818 28.9711 45.1278 -100.35 28.9711 43.3008 -98.4945 28.9711 42.026 -97.6707 28.9711 40.0009 -96.8632 28.9711 38.0395 -96.6869 28.9711 -39.7996 -113.499 28.9711 -38.4167 -113.687 28.9711 -41.8934 -112.779 28.9711 -43.7146 -111.452 28.9711 -45.386 -109.465 28.9711 -46.355 -106.666 28.9711 -42.9018 -98.2289 28.9711 -45.9028 -102.103 28.9711 -46.461 -104.367 28.9711 -38.2016 -96.6869 28.9711 -39.6474 -96.8375 28.9711 -41.2473 -97.3386 28.9711 -44.7634 -100.002 28.9711 48.2026 -95.4632 21.4754 47.6144 -94.9675 21.6605 47.099 -94.9532 21.671 46.8043 -95.0527 21.6716 46.4923 -95.3261 21.4795 46.3333 -95.6304 21.6702 46.2941 -96.095 21.6667 47.2607 -96.589 31.4564 48.1765 -95.9596 31.4697 47.1328 -95.3331 31.4537 47.3311 -95.3603 30.8448 48.1805 -95.4279 30.278 47.5761 -94.949 30.2634 47.0787 -94.9571 30.2714 46.6873 -95.1262 30.2769 46.3955 -95.477 30.2708 46.2866 -95.8477 30.2734 45.3676 -95.8838 31.1094 48.5791 -94.5153 31.1171 45.9527 -94.235 31.444 48.9242 -94.8813 31.4713 47.3653 -93.8042 31.4472 49.1065 -96.9058 31.4732 47.7771 -98.0259 31.4498 45.49 -96.8295 31.4716 49.2209 -96.3543 31.1036 46.3323 -96.2486 30.2741 46.4371 -97.5149 30.9441 46.6437 -96.7232 30.2746 47.1378 -96.934 30.2693 47.6031 -96.9005 30.2718 48.026 -96.6207 30.2714 48.2496 -96.2581 30.2594 46.4481 -96.4806 21.6709 46.7737 -96.8127 21.6664 47.2425 -96.9388 21.4748 47.713 -96.861 21.6559 48.0558 -96.5847 21.6708 48.2472 -96.2499 21.5189 46.6872 -96.3241 30.8461 47.8395 -96.3473 30.8291 48.0269 -113.724 21.4748 47.4407 -113.431 21.6643 46.9299 -113.494 21.6688 46.4954 -113.795 21.4805 46.3024 -114.236 21.6711 47.0974 -113.567 31.4608 48.1034 -113.819 30.2672 47.4244 -113.412 30.2796 46.8773 -113.518 30.2697 46.5032 -113.798 30.2746 46.3073 -114.207 30.2735 45.1952 -113.907 31.4524 49.0555 -113.564 31.1583 47.8885 -112.395 31.4291 45.8836 -112.695 31.4367 48.2176 -116.226 31.4724 49.0729 -114.312 31.4811 47.6955 -115.156 31.4595 45.6077 -115.797 31.4424 47.669 -116.282 31.0377 49.1409 -115.026 31.1639 48.2973 -114.347 30.2843 46.2978 -114.593 30.2693 46.5378 -115.138 30.2864 47.1112 -115.439 30.2694 47.8035 -115.325 30.2689 48.2087 -114.848 30.2729 46.2966 -114.57 21.6774 46.4303 -114.971 21.6678 46.7771 -115.302 21.4742 47.5928 -115.422 21.4789 48.0678 -115.076 21.67 48.2822 -114.653 21.6751 46.6885 -114.982 31.4632 46.8302 -114.43 30.7833 47.978 -114.392 30.8296 48.2762 -114.229 21.4705 -46.2125 -114.273 21.4755 -46.485 -113.731 21.662 -46.8068 -113.517 21.6709 -47.104 -113.442 21.4797 -47.4772 -113.459 21.691 -47.9772 -113.775 21.6596 -48.2252 -114.341 21.4745 -46.1209 -113.016 31.4814 -47.8478 -114.05 31.4626 -46.2133 -114.323 30.2676 -46.3473 -113.879 30.269 -46.7435 -113.549 30.2719 -47.0963 -113.434 30.2699 -47.5334 -113.483 30.2722 -48.0036 -113.786 30.2988 -48.2292 -114.435 30.2761 -45.7443 -112.989 31.2037 -48.932 -113.167 31.407 -47.4916 -112.308 31.4412 -45.7495 -116.067 31.4405 -48.3012 -116.078 31.4711 -45.0889 -114.579 31.4447 -49.2745 -114.937 31.4233 -47.9439 -115.144 30.2665 -47.3137 -115.441 30.268 -47.8576 -116.252 31.0412 -46.8735 -115.385 30.2756 -46.2688 -114.892 30.2816 -48.1383 -114.837 21.6771 -47.8223 -115.254 21.666 -47.1481 -115.447 21.4729 -46.6716 -115.285 21.6714 -46.2886 -114.898 21.5034 -47.6088 -115.024 31.4588 -47.008 -114.83 30.8412 -46.6223 -114.758 31.4627 -47.8102 -114.113 30.8368 -46.886 -113.87 30.9395 -46.3367 -95.4547 21.6711 -46.22 -95.7801 21.4755 -46.5482 -95.1814 21.6736 -46.9353 -94.9584 21.482 -47.6958 -95.0495 21.6715 -48.1543 -95.5225 21.4783 -46.4893 -95.6435 31.4614 -46.3064 -95.4976 30.2762 -46.5398 -95.1847 30.2662 -46.9591 -94.9569 30.2807 -47.7742 -95.0725 30.2684 -48.2064 -95.7616 30.2804 -49.0248 -94.7948 31.4423 -45.5408 -94.6016 31.459 -47.3689 -93.9417 31.1068 -47.3397 -93.9862 31.4711 -46.3472 -97.6558 31.4711 -45.4188 -96.7363 31.4714 -48.4573 -97.6534 31.4488 -49.3666 -96.364 31.4534 -47.4103 -97.8802 31.1796 -45.6065 -97.0422 31.1821 -46.2333 -96.1592 30.2724 -46.207 -95.8828 30.2723 -45.2745 -95.7929 31.144 -48.1821 -96.2005 30.2711 -47.9853 -96.582 30.2694 -47.5286 -96.889 30.2729 -46.9153 -96.9059 30.2806 -46.352 -97.6418 31.171 -46.5625 -96.7048 30.2743 -46.3405 -96.4399 30.2701 -48.2016 -96.1354 21.6692 -48.0105 -96.5482 21.6757 -46.9921 -96.9225 21.6642 -46.3346 -96.4412 21.6698 -46.2226 -96.1089 21.6705 -46.7887 -96.6462 31.4602 -47.806 -96.0329 31.4528 -47.5112 -96.5184 30.8336 -46.8498 -95.4396 30.8421 -47.6716 -96.8351 21.478 -46.6265 -96.7537 21.4907 -43.1317 -117.688 26.279 -43.0338 -117.699 26.1943 -43.0017 -117.773 26.0834 -42.9609 -117.835 26.0325 -42.9765 -117.916 25.9815 -43.7617 -118.088 25.9165 -43.1096 -118.244 25.8834 42.6712 -118.358 25.872 -43.3142 -118.483 25.8704 43.991 -118.672 25.8907 -42.8572 -118.754 25.9081 -43.0347 -118.917 25.9625 -43.297 -119.064 26.0506 -42.8848 -119.144 26.1361 -43.4078 -119.189 26.264 -46.743 -117.767 25.8541 -49.4136 -116.261 25.9444 -49.9605 -113.269 26.0583 -49.0177 -115.561 25.8651 -50.9326 -113.432 25.8726 -50.4732 -102.234 26.1716 -50.6863 -110.437 25.9673 -43.3816 -117.719 26.1507 -46.3343 -117.199 25.9846 -46.4506 -116.862 26.2807 -47.1485 -118.325 26.3882 -48.4781 -115.306 26.1706 -51.6412 -111.04 25.9405 -51.2415 -110.201 25.8582 -44.1746 -119.12 26.057 -50.6355 -100.268 26.0015 -50.9997 -100.086 25.8809 -51.6286 -100.229 25.9329 -51.9003 -99.5849 26.0953 -42.9784 -92.6844 26.2323 -42.9604 -91.2096 26.1732 -42.8568 -91.1849 26.2773 -45.0351 -91.6102 25.9117 -48.1928 -92.892 26.0318 -42.9631 -92.6605 26.1634 -42.9757 -92.6236 26.1098 -43.08 -92.5457 26.034 -42.856 -91.4328 25.9724 -43.1805 -91.1989 26.2008 -42.8152 -91.2338 26.1306 -42.9604 -92.3977 25.9549 -43.0472 -92.2565 25.908 -42.9492 -91.8999 25.87 -42.9544 -91.7294 25.8864 -42.9622 -91.6091 25.9107 -43.3442 -91.3015 26.0566 -50.3363 -98.7829 26.2194 -51.3434 -98.6617 25.8763 -51.1037 -96.7833 25.9742 -49.9142 -96.4667 25.9283 -47.1041 -93.4651 25.9418 -49.2923 -94.227 25.8834 -44.4634 -92.7146 26.0496 -46.8398 -91.9863 26.324 -49.3948 -96.2424 26.2348 -50.5211 -95.107 26.3689 -42.9524 -92.0935 25.8793 42.9408 -92.687 26.2616 43.0662 -92.6772 26.2017 43.1719 -92.6392 26.1294 43.0474 -92.558 26.0426 43.3912 -92.4335 25.9709 43.0535 -92.3058 25.9218 43.0647 -92.0563 25.8756 43.4136 -91.8749 25.8711 43.0335 -91.7299 25.8865 43.0378 -91.5938 25.9141 43.1858 -91.4241 25.9778 43.0176 -91.3247 26.0396 43.0395 -91.2777 26.0807 43.0379 -91.2345 26.13 43.1076 -91.2057 26.1803 43.1109 -91.1845 26.2649 52.0398 -103.402 26.1912 45.4104 -92.6333 25.926 46.7843 -92.9211 25.8608 50.7928 -96.5487 25.859 50.5 -98.1548 25.9623 50.5416 -99.5458 26.1742 51.2092 -99.9825 25.8693 51.634 -98.9974 25.9096 43.6183 -92.7114 26.2124 43.3005 -92.171 25.8913 43.6955 -91.5655 25.882 47.5554 -94.1293 26.2208 49.0853 -93.791 25.9146 49.0911 -95.691 26.1612 49.8277 -96.3482 25.9478 44.9444 -92.9357 26.1972 50.8279 -95.5788 26.2484 51.8768 -99.634 26.0182 50.5459 -109.844 26.1368 50.8115 -99.6171 25.9551 50.9114 -110.427 25.9214 51.6036 -111.838 25.9067 51.9474 -110.887 26.0595 43.0414 -117.689 26.3098 43.0779 -117.691 26.2277 43.0485 -119.18 26.2231 51.2277 -111.464 25.8709 50.3083 -113.067 25.9572 48.7035 -115.29 26.0705 43.0366 -117.705 26.1836 43.1476 -117.812 26.0476 43.0457 -117.974 25.9557 43.0416 -118.862 25.9426 43.0685 -119.032 26.0265 43.0102 -119.102 26.0857 43.6098 -119.155 26.1525 43.362 -118.091 25.9159 43.0778 -118.193 25.8925 42.8888 -118.522 25.8732 51.6597 -113.014 26.2605 50.7058 -114.976 26.2426 49.9445 -115.626 25.906 45.8956 -117.196 26.077 48.7751 -117.081 26.0002 45.552 -118.873 26.2142 43.5592 -117.731 26.1352 45.4837 -118.506 25.8895 43.2804 -119.186 26.3017 43.5238 -119.165 26.3697 42.9417 -119.137 26.4158 -43.199 -119.129 26.427 41.7787 -119.09 26.4682 43.554 -119.015 26.5267 43.0396 -118.944 26.5659 43.1014 -118.817 26.6179 -42.7932 -118.756 26.6335 43.8404 -118.668 26.652 42.8469 -118.549 26.6678 43.0194 -118.433 26.6712 -43.039 -118.321 26.6665 43.0447 -118.326 26.6669 43.0486 -118.193 26.649 42.9901 -118.064 26.6189 -42.9933 -117.954 26.5767 43.0993 -117.927 26.5661 43.0365 -117.835 26.5102 42.9517 -117.796 26.4793 43.043 -117.746 26.4284 43.0774 -117.714 26.3788 52.0086 -110.653 26.4105 50.9044 -111.004 26.6189 49.8237 -113.897 26.5804 50.5849 -113.826 26.6738 47.4977 -117.1 26.6722 49.7176 -116.008 26.5576 44.2922 -117.601 26.3305 51.7344 -111.143 26.6064 51.286 -110.676 26.6734 44.4413 -117.9 26.6098 50.157 -112.695 26.3716 51.4324 -113.34 26.4935 47.6758 -117.808 26.545 47.0725 -116.725 26.5019 45.4375 -118.621 26.627 50.6306 -110.556 26.4747 52.0413 -99.7288 26.31 51.7965 -98.9409 26.5763 51.4058 -100.336 26.6689 50.6664 -99.8368 26.5173 42.8503 -91.3749 26.5364 43.0643 -91.4444 26.5732 42.8375 -92.5262 26.5208 47.3713 -93.516 26.662 49.7515 -96.1881 26.5664 51.1342 -97.4745 26.6651 43.0505 -91.5261 26.6059 42.9898 -91.675 26.6476 43.3479 -91.8508 26.6687 43.0395 -92.0249 26.6683 43.038 -92.2263 26.6396 43.682 -92.3793 26.5953 43.0102 -91.2184 26.3871 43.0794 -92.0971 26.662 45.7542 -91.4995 26.1706 45.9594 -92.0552 26.6524 48.3216 -92.7657 26.2941 45.6024 -92.8649 26.5772 50.1662 -97.7875 26.3647 44.2565 -91.2602 26.2062 43.184 -91.2483 26.4301 43.5903 -91.3081 26.5224 42.7418 -92.6231 26.4345 43.106 -92.6627 26.3739 49.2527 -94.0975 26.6466 51.7105 -97.5039 26.3099 43.0411 -91.1974 26.3392 43.0399 -92.6828 26.3114 -42.9701 -91.2105 26.3701 -42.9451 -91.2465 26.4281 -42.9605 -91.2839 26.4676 41.4801 -91.3043 26.4879 -42.9988 -91.4439 26.5728 -42.9605 -91.5062 26.5986 -42.972 -91.5816 26.6229 -42.9731 -91.7164 26.653 -42.9605 -91.8485 26.6681 41.5192 -91.9526 26.6712 -43.6807 -91.9724 26.6707 -42.9605 -92.0249 26.6683 -42.9231 -92.0973 26.6621 -42.9522 -92.2237 26.6413 -42.7616 -92.3784 26.5959 -42.982 -92.5151 26.5266 -42.9944 -92.5976 26.4625 -42.9607 -92.6637 26.3671 -42.9607 -92.6854 26.3011 -50.7226 -99.7782 26.5763 -50.6468 -110.754 26.5415 -49.5471 -95.8273 26.6265 -44.0196 -92.682 26.4964 -45.1316 -91.8979 26.6428 -51.2779 -98.9031 26.6799 -51.7781 -97.9738 26.2917 -49.0329 -93.948 26.6401 -47.0659 -92.6001 26.6526 -47.1229 -93.9016 26.2336 -47.0294 -93.4593 26.5947 -43.661 -91.1982 26.3417 -51.9176 -99.4923 26.4144 -50.3826 -97.8539 26.5973 -50.8409 -96.5076 26.6343 -45.1245 -91.5232 26.4796 -50.488 -99.7575 26.3996 -51.9165 -110.397 26.0989 -51.8955 -110.905 26.4491 -50.9939 -111.822 26.6652 -50.469 -110.449 26.3683 -42.8801 -118.988 26.5438 -42.9929 -118.104 26.6299 -42.961 -117.862 26.5273 -45.6412 -118.136 26.676 -49.6259 -115.986 26.6151 -51.0221 -113.107 26.6647 -50.2984 -112.398 26.5425 -51.5977 -110.89 26.6302 -43.053 -118.675 26.6507 -42.9465 -118.444 26.6719 -42.9605 -118.575 26.6641 -42.9604 -118.225 26.6549 -44.5273 -117.575 26.4585 -49.4325 -114.251 26.5308 -50.7658 -114.824 26.3155 -51.6655 -112.729 26.2537 -44.1432 -118.879 26.5948 -42.9763 -117.745 26.4267 -43.3022 -117.791 26.4755 -42.7845 -117.71 26.3723 -47.3609 -116.756 26.6102 -42.9681 -119.177 26.3335 11.7662 -108.001 1.41024 11.7909 -106.724 -0.120592 11.7924 -107.564 0.615678 11.7998 -103.887 5.1894 10.0228 -104.873 4.45031 11.7899 -104.694 5.44045 11.7904 -105.304 5.47067 11.7909 -105.809 5.41258 9.63439 -106.449 3.683 10.0116 -105.944 4.33222 11.7908 -106.385 5.22475 11.7943 -106.785 5.01169 11.7857 -107.258 4.65123 11.7916 -107.777 4.00032 11.7821 -108.052 3.3813 9.63887 -106.824 1.8263 9.99954 -107.144 2.8442 11.7902 -108.182 2.7385 11.7918 -108.154 1.99527 10.0315 -106.658 1.12014 23.6575 -104.726 5.45143 23.6397 -105.391 5.46497 23.6385 -105.975 5.37456 23.6436 -106.631 5.10567 23.6347 -107.137 4.75688 23.6413 -108.033 3.41088 23.6389 -108.157 2.90704 23.6565 -108.192 2.23245 23.6365 -108.006 1.41836 23.6394 -107.475 0.498159 23.6204 -106.599 -0.186763 25.0435 -106.182 0.487786 25.0518 -107.297 1.61973 25.0399 -107.278 3.16712 23.6372 -107.696 4.12751 25.0428 -106.62 4.19051 25.0461 -104.994 4.71587 21.8385 -106.102 1.0089 21.724 -104.378 0.948374 21.8305 -103.463 2.40938 10.0395 -104.502 4.08589 19.0395 -104.476 4.07455 10.0606 -104.98 4.21774 19.0395 -104.859 4.19467 10.0393 -105.356 4.21712 19.0395 -105.459 4.20248 10.039 -105.938 4.06837 19.0582 -105.969 4.04375 19.0395 -106.453 3.68787 10.04 -106.652 3.42648 10.0395 -106.864 2.99248 19.0395 -106.811 3.14496 19.0395 -106.92 2.72344 10.0373 -106.943 2.42287 19.0395 -106.93 2.24647 19.0395 -106.709 1.57615 10.0323 -106.551 1.36483 25.0395 -104.378 0.947388 25.0395 -103.463 2.4095 25.0395 -106.102 1.0089 25.0395 -106.911 2.53259 25.0395 -105.996 3.9948 25.0395 -104.272 3.9332 19.0395 -105.217 0.719936 19.0395 -105.624 0.770918 19.0395 -104.352 0.914979 10.0398 -103.791 1.40636 19.0395 -103.897 1.28662 19.0403 -106.235 1.05763 19.0395 -103.662 1.60657 19.05 -103.444 2.19518 19.0395 -103.47 2.8318 19.0301 -103.672 3.36562 19.0396 -104.077 3.83431 19.0395 -104.87 0.745655 10.0407 -106.007 0.921113 10.0394 -105.548 0.752571 10.0397 -105.195 0.719694 10.0394 -104.844 0.750686 10.0378 -104.247 0.972522 10.0394 -103.491 1.98044 10.0395 -103.436 2.51541 10.0377 -103.497 2.95251 10.0438 -103.739 3.46783 10.0388 -104.156 3.89108 21.8311 -105.996 3.99481 20.8435 -105.187 2.47108 21.7356 -104.271 3.93183 21.754 -106.91 2.53235 25.0396 -103.577 0.964836 25.0394 -103.777 4.15317 23.6423 -103.8 5.14646 23.6511 -103.138 4.67008 23.6336 -102.698 4.16045 25.04 -103.204 3.48443 23.6417 -102.386 3.55941 23.6604 -102.17 2.54789 23.6187 -102.312 1.58275 25.0558 -102.976 2.09648 23.6364 -102.636 0.879795 23.641 -103.13 0.276167 23.6378 -103.541 -0.0399788 23.6421 -103.934 -0.257492 25.0415 -104.506 0.36187 23.6409 -104.514 -0.461222 23.6386 -105.069 -0.528417 25.0395 -105.331 0.278813 23.6444 -105.594 -0.511358 23.6385 -106.104 -0.387326 11.7926 -106.104 -0.388445 11.7922 -105.593 -0.508595 11.7867 -105.069 -0.529558 11.7899 -104.439 -0.443126 11.7912 -103.902 -0.242561 11.7892 -103.508 -0.0177733 11.7861 -103.079 0.326276 11.8003 -102.598 0.942175 11.7892 -102.343 1.52014 11.7951 -102.179 2.29932 11.79 -102.25 3.07362 11.7852 -102.77 4.2657 11.7895 -102.415 3.63117 9.9931 -103.876 3.9783 11.797 -103.309 4.81497 9.95886 -105.706 0.54034 10.0082 -104.416 0.626517 10.0182 -103.247 2.99098 9.94381 -103.419 1.56138 11.4418 -105.065 4.24449 12.0541 -106.066 3.51158 10.1896 -106.985 2.76428 9.59716 -105.748 3.81371 10.1301 -106.377 1.14435 11.1504 -106.665 3.54351 9.10431 -105.959 2.2344 12.5522 -104.577 2.76407 12.3371 -106.325 2.13489 11.5399 -103.439 2.55193 12.0222 -104.903 1.12946 11.7824 -106.265 1.29008 11.5706 -103.947 1.36268 10.7838 -104.973 0.62898 9.91137 -104.462 0.842416 8.96079 -104.587 2.48147 10.1295 -104.038 3.86121 9.95281 -103.569 2.26999 -2.07227 -66.5257 12.4081 -1.14027 -65.3106 12.4081 -1.48794 -65.5734 10.8206 -0.464997 -65.0487 10.8206 0.249692 -64.9806 12.4081 1.26737 -65.3618 12.4081 0.756902 -65.0706 10.8206 2.27115 -66.678 12.4081 -2.09199 -67.8462 8.47105 -1.82004 -65.9809 10.0586 -1.93529 -66.1929 8.4711 -0.51688 -65.0079 10.0586 -1.0875 -65.2736 8.4711 0.759588 -65.0418 8.4711 1.13803 -65.2525 10.0586 1.81708 -65.9003 10.0586 1.78236 -65.8505 8.4711 2.07077 -66.3896 8.4711 2.07595 -66.3955 10.0586 2.23006 -67.0049 10.0586 -4.723 -50.1414 13.8266 4.80199 -50.145 13.8242 -4.72303 -50.2298 13.0624 4.80197 -50.2287 13.0621 4.80197 -50.3519 12.5116 -4.72303 -50.3414 12.5503 -4.72299 -50.6907 11.5796 4.80201 -50.6955 11.5812 4.80197 -51.1579 10.8186 -4.72306 -51.251 10.6894 4.80197 -51.4937 10.3904 -4.72305 -51.7934 10.0652 4.80201 -51.9727 9.89447 -4.72306 -52.6742 9.3421 4.80203 -52.9424 9.17393 -4.72303 -53.6396 8.85918 -4.72303 -54.2102 8.67053 4.80198 -54.111 8.69403 -4.72303 -54.7172 8.55511 4.80197 -54.7645 8.54691 -4.72303 -55.2536 8.48653 4.80197 -55.3015 8.48299 -4.72303 -55.6869 8.4711 4.80197 -55.6869 8.4711 -4.72303 -59.6369 14.1082 4.80197 -59.6368 14.202 -4.72302 -59.5871 14.6743 4.80199 -59.5203 15.0036 -4.72307 -59.3016 15.6172 4.80195 -59.2352 15.7543 4.80198 -58.7739 16.4835 -4.72297 -58.7719 16.4943 4.80197 -58.3028 16.9735 -4.72303 -58.3019 16.9723 -4.72303 -57.9119 17.2742 4.80197 -57.9113 17.2736 -4.72303 -57.5574 17.4908 4.80197 -57.591 17.4721 4.80197 -57.2378 17.6426 -4.72303 -57.1302 17.6881 4.80194 -56.5171 17.8837 -4.72315 -56.2747 17.932 4.80199 -55.5972 17.9607 -4.72296 -54.792 17.8807 4.80198 -54.5926 17.8295 -4.72303 -53.9053 17.5375 4.80202 -53.4136 17.2537 -4.72307 -53.3069 17.1745 4.80197 -52.8574 16.767 -4.72303 -52.8579 16.7663 -4.72298 -52.4048 16.2317 4.80194 -52.4372 16.2667 -4.72303 -52.0444 15.5428 4.80203 -51.9385 15.3029 -4.72311 -51.7843 14.7278 4.80197 -51.7335 14.2436 -4.72303 -55.5885 10.0586 4.80197 -55.6869 10.0586 -4.72303 -70.1108 10.0586 -2.15605 -66.9733 10.0586 -1.99194 -68.1261 10.0585 -3.66663 -70.6548 10.0586 -0.806045 -69.2889 10.0587 -1.25297 -71.3439 10.0586 0.92249 -69.2352 10.0585 1.05615 -71.3471 10.0586 3.27728 -70.8499 10.0586 4.80197 -70.1108 10.0586 2.07762 -68.0896 10.0585 -4.72303 -51.7393 13.9117 4.80197 -51.773 13.4535 -4.72304 -51.7841 13.3746 4.80202 -51.9769 12.5786 -4.72312 -52.1483 12.1978 4.80197 -52.4138 11.7919 4.80199 -52.8632 11.2364 -4.72304 -52.809 11.2937 -4.72303 -53.3126 10.848 4.802 -53.5884 10.652 -4.72299 -53.9115 10.4672 4.80199 -54.3981 10.2694 -4.72304 -54.7767 10.1625 4.80197 -54.9404 10.1267 -4.72303 -55.2191 10.0853 4.80197 -55.4145 10.0669 -4.72303 -59.6369 11.9686 -2.164 -66.8818 10.8206 -4.72297 -70.1741 10.8206 -1.64624 -68.7053 10.8207 -1.8367 -71.2331 10.8206 0.824083 -71.3732 10.8204 0.215597 -69.4389 10.8202 2.91579 -70.9574 10.8206 1.59356 -68.7597 10.8206 2.10099 -67.9388 10.8206 4.21062 -70.428 10.8206 4.80197 -70.1108 10.8206 2.16199 -66.3425 10.8206 4.80197 -61.4272 12.4081 -4.72295 -70.1563 12.4081 -2.83681 -70.9574 12.4081 -1.96534 -68.2879 12.4083 -0.593768 -71.4089 12.4081 -0.237125 -69.4098 12.4081 1.86369 -71.2253 12.4081 1.18737 -69.0806 12.4081 1.95358 -68.2791 12.4081 3.68256 -70.6783 12.4081 4.80197 -70.1108 12.4081 4.80197 -61.2241 14.1713 -4.72302 -61.2232 14.3926 4.80197 -61.1688 14.812 4.80197 -60.9357 15.8048 -4.7229 -61.0243 15.5052 -4.72311 -60.6528 16.4733 4.80203 -60.4672 16.8272 -4.72306 -60.0178 17.4718 4.80199 -59.8038 17.7201 4.80197 -59.2475 18.2525 -4.72296 -59.3314 18.1832 -4.72303 -58.8087 18.5849 4.80197 -58.8081 18.5838 4.80197 -58.4557 18.8042 -4.72303 -58.4557 18.8042 -4.72303 -57.9886 19.0507 4.80198 -58.04 19.0237 -4.72297 -57.0081 19.3945 4.80197 -57.0709 19.3841 4.80198 -56.0767 19.5371 -4.72305 -55.99 19.5481 4.80194 -55.1481 19.5258 -4.72301 -54.9983 19.5067 4.80194 -53.9845 19.2886 -4.72306 -53.7313 19.2048 4.802 -53.0902 18.9037 -4.72303 -52.7985 18.7356 4.80198 -52.3401 18.4258 -4.72306 -52.1645 18.2914 4.80197 -51.9012 18.0521 -4.72303 -51.6276 17.775 4.80199 -51.4613 17.5927 -4.72311 -51.0682 17.0847 4.80195 -50.9558 16.9005 -4.72304 -50.5737 16.1491 4.80197 -50.5233 16.0237 -4.72303 -50.2348 15.0335 4.80198 -50.2141 14.9189 -4.72278 -70.192 8.4711 -1.27038 -68.9665 8.4711 -1.53907 -71.2988 8.4711 -0.269501 -69.3842 8.47109 0.810883 -69.2587 8.4711 0.922439 -71.3604 8.4711 1.95288 -68.3906 8.47109 2.96714 -70.9559 8.47105 4.80197 -70.1108 8.4711 2.23645 -67.0097 8.4711 -4.72303 -61.4318 12.4081 -4.72303 -61.2926 12.4762 -4.72303 -61.2244 12.6294 -4.72303 -60.7767 10.8206 -4.72296 -59.7446 11.5463 -4.72302 -60.3654 10.9311 -4.72303 -60.0155 11.1789 4.80197 -61.2244 12.6069 4.80197 -60.7894 10.8206 4.80197 -59.6369 11.9627 4.80203 -60.407 10.9122 4.80197 -61.301 12.4769 4.80201 -59.777 11.4829 4.80197 -60.0703 11.1305 -1.89402 -67.3233 15.481 -1.61065 -68.3106 15.5081 -0.859585 -68.9865 15.5008 -0.566192 -65.2974 15.5081 -1.03513 -65.5382 15.4672 -1.60011 -66.0699 15.5081 -0.981641 -66.6725 14.8044 -0.915836 -67.8125 14.8032 -1.96477 -67.1946 4.61085 -1.68664 -68.2378 4.60385 -1.89661 -67.7108 4.40801 -1.3073 -68.6696 4.60509 -0.85653 -68.986 4.60747 -0.236732 -69.175 4.59387 0.210281 -69.1763 4.41184 0.809494 -69.05 4.61151 1.56369 -68.5146 4.62408 1.93307 -67.8616 4.40802 3.55847 -67.1215 15.5088 3.34076 -68.395 12.4201 2.97084 -69.152 15.3906 2.00923 -70.1071 15.508 0.865918 -70.6124 15.3813 -0.768778 -70.6107 15.509 -2.10987 -69.965 12.4173 -2.27539 -69.8814 15.5069 -3.19053 -68.5848 15.4503 -3.47867 -67.3768 15.3762 -3.41531 -67.7737 12.4081 -2.98652 -69.0395 12.4076 -1.3137 -70.4277 12.4081 -0.1757 -70.7008 12.4081 1.30477 -70.4953 12.4073 2.73965 -69.4425 12.408 3.59869 -66.9788 12.4074 -1.91645 -67.6413 12.4081 -1.68842 -68.2254 12.4081 -1.29324 -68.6847 12.4081 -0.838764 -68.9918 12.4081 -0.26733 -69.1705 12.4081 0.331038 -69.1728 12.4081 0.998355 -68.9587 12.4083 1.6236 -68.4233 12.4083 1.91113 -67.9142 12.4081 0.190997 -65.2028 15.5081 1.50883 -65.7553 15.5093 2.03358 -67.0868 15.497 2.05914 -67.194 12.4081 2.05618 -67.108 4.57831 1.90578 -66.446 12.4081 1.82793 -66.2645 4.6078 1.57352 -65.8898 12.4081 1.17258 -65.5352 12.4081 1.39851 -65.7109 4.60695 0.810277 -65.3375 12.4081 0.43104 -65.2225 4.40925 0.428797 -65.2226 12.4081 -0.0321882 -65.1833 4.60778 -0.0522268 -65.1818 12.4081 -0.476351 -65.2514 4.61104 -0.592142 -65.2841 12.4081 -1.01189 -65.4813 12.4081 -1.55017 -65.9432 12.4081 -1.02818 -65.4788 4.61604 -1.63667 -66.0703 4.41046 -1.89062 -66.636 12.4081 -1.89889 -66.6658 4.61298 -1.96277 -67.1305 12.4081 0.336575 -63.691 12.4081 -1.66464 -64.0954 12.4079 -2.67669 -64.9567 12.4082 -3.20252 -65.8515 12.4081 -3.45954 -66.8229 12.4079 2.37278 -64.5475 12.4143 1.33532 -63.9152 12.4077 0.653439 -63.7358 15.3692 -0.421706 -63.712 12.4086 -3.38849 -66.4139 15.5064 -3.00419 -65.4305 15.4256 -1.97902 -64.286 15.5088 -0.718557 -63.7681 15.508 0.010659 -63.684 15.3407 1.66883 -64.0677 15.5056 3.05783 -65.3957 15.5078 3.11537 -65.47 12.4092 0.919017 -65.3837 4.40937 0.100699 -68.3256 14.8039 1.14739 -68.8835 15.5049 0.869472 -65.4657 15.4961 1.05659 -67.7029 14.7911 0.962565 -66.266 14.911 0.918318 -65.5032 13.8468 -0.0216712 -66.0482 14.8004 0.994972 -66.5645 13.8481 1.9146 -67.0868 13.8481 -0.0216784 -66.0482 13.8481 -1.03274 -65.5386 13.8482 1.06252 -67.7005 13.8481 -0.977222 -66.6706 13.8481 1.11371 -68.8353 13.8481 0.100618 -68.3256 13.8481 -1.92661 -67.2924 13.8481 -0.916048 -67.8093 13.8481 -0.782914 -68.9009 13.8481 -34.3847 2.24153 -3.02872 -33.7766 6.64911 -3.02863 -32.952 9.97597 -3.02869 -31.9812 12.6718 -1.53046 -31.044 14.7822 -3.02863 -29.9223 16.9371 -3.02859 -27.6077 20.4972 -3.02879 -24.218 24.3846 -3.02852 -21.4709 26.7864 -3.02863 -20.6202 27.4536 -1.53057 -17.2837 29.6485 -3.02882 -18.0155 29.2258 -1.53237 -13.5121 31.5509 -3.02874 -9.51302 32.9935 -3.02879 -4.48238 34.0434 -3.02876 -0.112348 34.3225 -3.02873 3.34068 34.1648 -3.02863 6.76544 33.6617 -3.0287 12.6672 31.9655 -3.02885 16.5492 30.1139 -3.02863 19.3427 28.4191 -3.02851 22.7352 25.834 -3.02889 26.3419 22.1809 -3.02865 29.4781 17.8026 -3.02863 31.133 14.8099 -3.02857 32.9705 10.1015 -3.02884 34.0653 6.06757 -3.02886 34.5342 0.829692 -3.02864 34.4075 -3.56226 -3.02859 33.0795 -10.1887 -3.02852 31.3427 -14.7543 -3.02877 28.7267 -19.3523 -3.02874 27.3378 -21.2989 -3.02872 25.1066 -23.9059 -3.02876 23.7863 -25.2271 -1.53175 21.1483 -27.4876 -3.02888 16.8448 -30.3746 -3.02888 12.4621 -32.3796 -3.02889 8.6364 -33.6262 -3.0289 3.46569 -34.5361 -3.0289 33.4978 1.48284 8.97104 33.1859 4.84286 8.97104 32.5036 8.07916 8.97105 31.8472 10.3531 8.97104 30.5548 13.6615 8.97103 29.0371 16.6084 8.97104 27.7179 18.6851 8.97104 26.2091 20.7437 8.97104 23.9972 23.2432 8.97104 21.546 25.5115 8.97104 18.1816 28.0082 8.97104 15.3217 29.6242 8.97104 13.0163 30.7088 8.97104 9.06754 32.1024 8.97104 5.85589 32.8043 8.97104 3.33661 33.1608 8.97104 -0.847394 33.329 8.97104 -5.83222 32.8226 8.97104 -9.88799 31.8196 8.97101 -13.818 30.3373 8.97106 -17.3377 28.4652 8.97104 -19.5152 27.0135 8.97104 -21.4103 25.5583 8.97104 -23.8645 23.2973 8.97104 -26.0817 20.8033 8.97104 -28.475 17.4476 8.97104 -30.4506 13.7147 8.97104 -31.4402 11.2709 8.97104 -32.4005 8.28001 8.97107 -33.0865 4.80571 8.97107 -33.3655 2.45911 8.97108 -33.4605 -0.186335 8.97105 -33.3161 -3.55398 8.97103 -32.8172 -6.72008 8.97103 -32.0687 -9.82814 8.97103 -30.5569 -13.8594 8.97102 -29.0702 -16.786 8.97104 -27.8184 -18.7932 8.97104 -25.7873 -21.5647 8.97103 -23.6552 -23.8684 8.97108 -21.7658 -25.6314 8.97106 -19.9243 -27.0886 8.97108 -18.5828 -28.034 8.9211 -17.1944 -28.9141 8.9711 -14.9155 -30.1741 8.97109 -11.9098 -31.4934 8.9711 -8.76875 -32.5177 8.9711 -5.54474 -33.2282 8.9711 -13.4487 -45.2247 3.07737 -13.5657 -44.9083 4.48131 -9.95988 -44.6664 4.98584 -13.7788 -44.352 5.4344 -9.96049 -43.6608 6.13795 -14.1086 -43.5271 6.24209 -9.96073 -42.2693 6.85561 -14.7183 -42.0852 6.89534 -9.96053 -41.0019 6.97347 -15.2388 -40.9357 6.97059 -9.96053 -40.2126 6.85674 -15.6836 -39.9994 6.80271 -9.96038 -39.3337 6.53378 -16.0815 -39.1945 6.45492 -9.96053 -38.5261 5.97068 -16.4568 -38.4571 5.90791 -9.96053 -37.9957 5.38803 -9.96053 -37.6206 4.79668 -16.8268 -37.7652 5.07374 -17.0498 -37.3549 4.13709 -9.96047 -37.2304 3.73027 -17.1427 -37.1868 3.33089 -9.96053 -43.5951 3.0127 -1.46053 -43.5264 3.52285 -1.46055 -43.3126 4.11161 -9.96057 -43.4413 3.85836 -1.46052 -42.8176 4.74533 -9.9605 -42.8153 4.75287 -1.46053 -42.2848 5.11278 -9.96053 -42.2844 5.11121 -1.46053 -41.676 5.33668 -9.96055 -41.6746 5.34267 -1.46053 -41.0241 5.37144 -9.96053 -40.9885 5.36877 -9.96053 -40.4621 5.26284 -1.46053 -40.4945 5.27285 -9.96055 -39.753 4.92085 -1.46052 -39.7486 4.93205 -1.46053 -39.189 4.31144 -9.96053 -39.2093 4.34129 -1.46054 -38.8662 3.63931 -9.96049 -38.8884 3.72614 1.90619 -42.8423 3.05356 1.92463 -42.6968 3.67536 1.91577 -42.2287 4.26608 1.91404 -41.8294 4.49407 1.91898 -41.3312 4.62731 1.53947 -42.1408 4.85048 1.92151 -40.7907 4.57889 1.53959 -39.6958 4.60966 1.91528 -40.2816 4.36249 1.91266 -39.7717 3.84632 1.91354 -39.5777 3.33865 11.539 -42.8334 3.13535 11.5397 -42.6507 3.77224 11.5398 -42.1718 4.30807 11.5398 -41.8292 4.49321 11.5423 -41.405 4.61481 11.5401 -40.9364 4.60242 11.5404 -40.484 4.47733 11.5408 -40.0832 4.20304 11.5388 -39.6687 3.67656 11.5386 -39.5309 3.01266 -8.16052 -113.377 -4.06129 -6.6244 -112.984 -3.43435 -8.16008 -112.627 -3.28207 -6.65702 -111.615 -3.3794 -6.6535 -110.966 -4.06719 -8.92217 -111.214 -3.69549 -8.86266 -110.952 -4.96358 -8.92468 -111.432 0.77725 -8.91007 -110.715 1.5449 -9.66004 -111.764 1.66754 -9.66047 -110.697 2.37632 -9.65957 -109.014 2.15599 -8.91571 -109.665 1.65593 -9.65634 -108.209 -0.472926 -6.66244 -110.76 1.53312 -6.65733 -109.802 1.6812 -6.65404 -108.935 0.936905 -9.66021 -106.885 3.62415 -8.86409 -105.51 3.78682 -9.65829 -104.87 4.53993 -8.91868 -103.845 2.36588 -9.66052 -103.143 3.01331 -6.66152 -105.787 3.66865 -6.66016 -104.717 3.63711 -6.64457 -103.859 2.79652 -8.91566 -104.297 3.36958 -5.9124 -105.187 2.4665 -14.3409 30.6222 4.46369 11.7059 -32.1227 4.57834 15.3113 -40.9529 4.92224 15.3878 -40.7809 4.34195 11.857 -32.0671 4.2211 30.9298 14.0188 4.22075 -33.7875 -12.4948 5.0596 -34.4542 0.848183 -1.5289 -34.0843 4.99887 -1.52978 -33.1858 9.15514 -1.5289 -30.6697 15.5654 -1.5289 -28.3727 19.4331 -1.5289 -25.2785 23.2805 -1.5289 -22.7887 25.6805 -1.5289 -15.1541 30.7963 -1.53042 -11.1695 32.4705 -1.5289 -7.6375 33.4481 -1.5289 -4.04986 34.0982 -1.5289 1.10608 34.3248 -1.5289 4.32933 34.0453 -1.5289 7.98445 33.4116 -1.53085 12.647 31.9449 -1.53004 17.3053 29.7206 -1.5289 20.1786 27.825 -1.5289 23.0581 25.5481 -1.5289 26.6164 21.854 -1.5289 28.5482 19.2414 -1.53151 30.46 16.1445 -1.5289 32.5512 11.412 -1.53086 33.7375 7.23552 -1.53238 34.1577 4.93018 -1.53104 34.464 2.23833 -1.5289 34.5352 -1.16331 -1.5289 34.1868 -5.25078 -1.5289 33.6949 -7.78676 -1.53146 32.8148 -11.0009 -1.5289 31.1607 -15.1386 -1.5289 29.634 -17.9164 -1.53373 28.7264 -19.3522 -1.5289 26.7161 -22.0971 -1.5289 21.3898 -27.299 -1.5289 17.7792 -29.8148 -1.5289 13.891 -31.7945 -1.5289 10.0649 -33.2198 -1.5289 6.7752 -34.023 -1.5289 4.12664 -34.4533 -1.5289 1.73807 -34.6451 -1.5289 33.3176 -4.03521 -0.43131 35.8281 -4.07817 -0.392094 33.3979 -3.37764 -1.0253 35.9091 -3.34029 -1.02732 -1.6177 -67.1314 -1.9254 -1.53064 -66.6717 -1.92921 -1.37244 -66.3242 -1.92998 -2.29849 -67.7196 -2.5286 -1.14318 -66.0333 -1.92985 -1.7256 -65.7399 -2.5289 -0.808572 -65.7614 -1.92901 -0.488877 -64.9588 -2.52881 -0.092756 -65.5276 -1.90576 1.23599 -65.2207 -2.52889 0.761962 -65.6871 -1.92796 1.339 -66.1557 -1.92829 1.63413 -66.7053 -1.93375 2.0639 -66.1523 -2.5289 -1.59186 -66.9308 7.87214 -1.52322 -66.6496 7.87288 -1.34467 -66.2779 7.86849 -0.994882 -65.8883 7.8738 -0.602748 -65.6647 7.87223 0.0052079 -65.5222 7.87419 0.760896 -65.6925 7.87805 1.34207 -66.1514 7.87997 1.62843 -66.7048 7.8668 1.86405 -65.7264 8.4711 0.394358 -64.9293 8.4711 -1.20473 -65.2136 8.47108 -2.04623 -66.3785 8.4711 9.78684 -102.934 -4.43403 9.79223 -103.002 -3.977 9.78962 -103.138 -3.60473 9.78966 -103.294 -3.31121 9.79703 -103.591 -2.92881 9.79053 -104.065 -2.57412 9.77019 -104.547 -2.36495 10.0391 -103.162 -2.72261 9.79411 -105.164 -2.27176 9.79193 -105.729 -2.34227 9.79596 -106.197 -2.51244 9.78963 -106.65 -2.8115 10.0395 -106.362 -2.17861 9.79517 -107.008 -3.20016 10.0395 -107.727 -4.01522 9.78877 -107.216 -3.55289 9.78944 -107.319 -3.80896 9.79441 -107.412 -4.15601 -9.71033 -102.958 -4.21554 -9.70005 -103.077 -3.7288 -9.7101 -103.264 -3.35866 -9.71053 -103.393 -3.17041 -9.71022 -103.672 -2.85622 -9.95619 -104.008 -2.60691 -9.69588 -104.543 -2.36298 -9.7138 -105.242 -2.27163 -9.71029 -105.994 -2.41852 -9.71048 -106.527 -2.71466 -9.70921 -106.953 -3.12453 -9.71146 -107.216 -3.54878 -9.71043 -107.325 -3.82747 -9.70835 -107.419 -4.20196 -9.96012 -105.842 -1.93539 -9.96052 -102.645 -4.02427 9.73651 -104.32 3.43484 9.31747 -105.273 3.75916 9.73946 -106.265 3.6427 9.29957 -106.251 3.23552 7.72895 -104.04 3.1252 7.72474 -106.143 3.36845 6.98857 -105.187 2.47058 7.743 -105.063 3.76434 9.30204 -109.635 1.63139 9.32329 -110.788 1.52198 9.73932 -110.897 1.96311 9.30664 -111.333 0.834645 7.74211 -110.975 1.39089 6.98887 -110.137 0.420681 7.7317 -110.036 1.72288 6.98869 -112.187 -4.52921 7.71984 -110.978 -4.05646 7.732 -112.686 -3.34294 7.74159 -111.859 -3.31111 7.63375 -113.458 -4.86746 -9.66076 -101.28 -6.01197 -9.96094 -101.952 -1.8738 -9.66052 -101.508 -2.5124 -9.6605 -103.556 -0.842301 -9.96072 -106.078 -0.392767 -9.66038 -106.13 -0.497765 -9.66056 -108.345 -1.98819 -9.96049 -108.464 -2.1516 10.0387 -106.018 -8.45878 10.0383 -108.251 -7.30822 9.73945 -108.12 -7.37107 10.0395 -109.19 -4.88912 9.73947 -109.158 -5.21472 9.73946 -109.051 -3.29038 10.0396 -108.867 -2.74172 9.73936 -107.718 -1.2844 10.0405 -106.454 -0.643532 9.73958 -105.24 -0.468125 10.0386 -103.199 -0.909843 9.73947 -102.991 -1.11256 10.0397 -101.344 -3.20415 9.73946 -101.546 -2.68756 27.3202 -23.6765 -2.52889 28.0241 -22.1162 -3.02895 28.4025 -22.3576 -2.5289 29.4209 -20.9891 -2.5289 30.3734 -19.5738 -2.5289 30.4833 -18.4644 -3.0289 31.2578 -18.1151 -2.5289 32.072 -16.616 -2.5289 32.8636 -13.8614 -3.02896 32.8144 -15.0801 -2.5289 33.4831 -13.5107 -2.5289 34.0767 -11.9115 -2.5289 34.5939 -10.2859 -2.5289 34.8093 -7.57178 -3.02906 35.0336 -8.6376 -2.5289 35.3946 -6.97034 -2.5289 35.7042 -5.11595 -2.53697 35.533 -1.51862 -3.02889 36.0421 -1.00433 -2.53677 35.3347 4.06904 -3.02888 35.9553 2.53078 -2.52998 35.6374 5.17862 -2.5289 35.3257 6.94636 -2.5289 34.2652 9.27662 -3.0289 34.9263 8.69636 -2.5289 34.4401 10.4243 -2.5289 33.1531 12.637 -3.0289 33.8684 12.1258 -2.5289 33.2126 13.7967 -2.5289 32.4743 15.4329 -2.5289 31.7014 15.9138 -3.02892 31.6554 17.0302 -2.5289 29.9554 18.9441 -3.0289 30.7579 18.5848 -2.5289 29.7841 20.0926 -2.5289 28.7362 21.5501 -2.5289 28.0115 21.6939 -3.02897 27.6171 22.9535 -2.5289 24.9086 25.1807 -3.02894 26.4293 24.2993 -2.5289 25.176 25.5843 -2.5289 23.8602 26.8052 -2.5289 21.5791 28.0577 -3.02898 22.4851 27.959 -2.5289 21.0542 29.0429 -2.5289 17.2112 30.92 -3.02864 19.5711 30.054 -2.5289 18.0395 30.99 -2.5289 16.4631 31.8485 -2.5289 14.8458 32.6273 -2.5289 13.1917 33.3245 -2.5289 12.2676 33.1637 -3.02894 11.505 33.9385 -2.5289 7.93642 34.4566 -3.02895 9.78973 34.4676 -2.5289 8.05023 34.9105 -2.5289 6.29081 35.2662 -2.5289 3.57634 35.1507 -3.0289 4.51585 35.5337 -2.5289 2.72976 35.7124 -2.5289 0.936979 35.8019 -2.5289 -0.617297 35.3345 -3.02896 -0.85803 35.8019 -2.5289 -2.65081 35.7124 -2.5289 -6.5338 34.7632 -3.02915 -4.4369 35.5337 -2.5289 -6.21186 35.2662 -2.5289 -7.97128 34.9105 -2.5289 -9.71078 34.4676 -2.5289 -12.5494 33.0371 -3.02893 -11.426 33.9385 -2.5289 -13.1128 33.3245 -2.5289 -14.7669 32.6273 -2.5289 -16.3841 31.8485 -2.5289 -16.95 31.0102 -3.02897 -17.9605 30.99 -2.5289 -19.4922 30.054 -2.5289 -21.0067 28.4364 -3.02895 -20.9753 29.0429 -2.5289 -22.4062 27.959 -2.5289 -23.7812 26.8052 -2.5289 -26.0324 24.0044 -3.02892 -25.0971 25.5843 -2.5289 -26.3504 24.2993 -2.5289 -27.5381 22.9535 -2.5289 -28.6573 21.5501 -2.5289 -30.0763 18.6618 -3.02894 -29.7051 20.0926 -2.5289 -30.679 18.5848 -2.5289 -31.5765 17.0302 -2.5289 -31.9449 15.216 -3.0289 -32.3954 15.4329 -2.5289 -33.1337 13.7967 -2.5289 -33.6718 11.0599 -3.02893 -33.7895 12.1258 -2.5289 -34.3611 10.4243 -2.5289 -34.8473 8.69636 -2.5289 -34.7566 6.84728 -3.0289 -35.2467 6.94636 -2.5289 -35.5584 5.17862 -2.5289 -35.4002 2.44381 -3.02891 -35.7816 3.39754 -2.5289 -35.9158 1.60755 -2.5289 -35.9605 -0.186901 -2.5289 -27.2255 -22.9415 8.9711 -27.2417 -23.676 8.4711 -28.3235 -22.3576 8.4711 -29.342 -20.9891 8.4711 -29.7915 -19.5113 8.97113 -30.2945 -19.5738 8.4711 -31.1788 -18.1151 8.4711 -31.8653 -15.7746 8.9711 -31.9931 -16.616 8.4711 -33.0751 -14.3433 8.46629 -33.5035 -11.9388 8.97112 -34.4932 -10.362 8.48281 -34.6328 -7.85033 8.9711 -34.9546 -8.6376 8.4711 -35.3157 -6.97034 8.4711 -35.5973 -5.28786 8.4711 -35.3971 -3.12378 8.97116 -35.799 -3.59391 8.4711 -35.9201 -1.89233 8.4711 -35.9605 -0.186901 8.4711 -35.3492 2.99732 8.97114 -35.9158 1.60755 8.4711 -35.7816 3.39754 8.4711 -35.5584 5.17862 8.4711 -34.3214 8.98128 8.97118 -35.2467 6.94636 8.4711 -34.8473 8.69636 8.4711 -34.3611 10.4243 8.4711 -33.7895 12.1258 8.4711 -33.1337 13.7967 8.4711 -31.8239 15.6072 8.97117 -32.3954 15.4329 8.4711 -31.5765 17.0302 8.4711 -30.679 18.5848 8.4711 -29.7051 20.0926 8.4711 -28.6573 21.5501 8.4711 -28.5808 20.8767 8.97112 -27.5381 22.9535 8.4711 -25.9839 23.9592 8.9711 -26.3504 24.2993 8.4711 -23.0465 26.8377 8.97106 -25.0971 25.5843 8.4711 -23.7812 26.8052 8.4711 -22.4062 27.959 8.4711 -20.9753 29.0429 8.4711 -17.9198 30.4678 8.9711 -19.4922 30.054 8.4711 -17.9605 30.99 8.4711 -16.3841 31.8485 8.4711 -13.9686 32.9937 8.46564 -12.8702 32.9226 8.9711 -8.87932 34.1849 8.9711 -9.78389 34.4474 8.48228 -7.97128 34.9105 8.4711 -6.21186 35.2662 8.4711 -3.98161 35.1481 8.97117 -4.4369 35.5337 8.4711 -2.65081 35.7124 8.4711 -0.85803 35.8019 8.4711 0.936979 35.8019 8.4711 2.31105 35.2729 8.97114 2.72976 35.7124 8.4711 4.51585 35.5337 8.4711 6.20398 34.7738 8.9711 6.29081 35.2662 8.4711 8.05023 34.9105 8.4711 9.66046 34.0073 8.9711 9.78973 34.4676 8.4711 11.505 33.9385 8.4711 14.5673 32.2311 8.97111 13.1917 33.3245 8.4711 14.8458 32.6273 8.4711 16.4631 31.8485 8.4711 18.0395 30.99 8.4711 19.6735 29.465 8.97117 19.5711 30.054 8.4711 21.0542 29.0429 8.4711 22.4851 27.959 8.4711 23.8602 26.8052 8.4711 25.176 25.5843 8.4711 24.4986 25.5918 8.97112 26.4293 24.2993 8.4711 28.428 21.171 8.97106 27.6171 22.9535 8.4711 28.7362 21.5501 8.4711 29.7841 20.0926 8.4711 30.7579 18.5848 8.4711 31.6554 17.0302 8.4711 30.8467 17.493 8.97111 32.4743 15.4329 8.4711 33.0934 12.866 8.97109 33.6002 12.8821 8.4648 34.4401 10.4243 8.4711 34.4417 8.57298 8.9711 34.9263 8.69636 8.4711 35.3257 6.94636 8.4711 35.6374 5.17862 8.4711 35.3122 4.26683 8.97106 35.8606 3.39754 8.4711 35.9947 1.60755 8.4711 36.0395 -0.186901 8.4711 -33.962 -1.41747 5.7211 -33.9464 -1.79088 4.2211 -33.579 -5.3169 5.7211 -33.4137 -6.37892 4.2211 -32.5745 -9.81098 4.22085 -32.8468 -8.89663 5.72114 -31.8953 -11.8581 4.44873 -31.8561 -11.9631 5.68718 33.5434 0.356686 5.72078 33.3537 3.41887 5.72111 32.8846 6.45 5.72124 32.0854 9.60802 5.71698 29.4224 15.9279 5.72066 28.0536 18.1831 5.7211 26.6406 20.1926 5.72107 24.4814 22.7376 5.72108 22.08 25.0551 5.72109 20.0922 26.6485 5.7211 18.0755 28.0557 5.72109 15.8738 29.3347 5.7211 13.6674 30.4272 5.72108 11.3025 31.363 5.7211 8.95727 32.1151 5.72108 6.48026 32.6881 5.7211 4.04775 33.0829 5.72109 1.51444 33.2806 5.7211 -0.950937 33.3088 5.72109 -3.48426 33.1273 5.7211 -5.92734 32.788 5.7211 -8.40443 32.2315 5.7211 -10.4481 31.6316 5.71633 -16.1514 29.1556 5.72097 -13.3676 30.5222 6.35749 -18.3095 27.841 5.7211 -20.4419 26.3352 5.72103 -22.9687 24.1755 5.72104 -24.6232 22.4847 5.7211 -26.3264 20.4949 5.72104 -28.2448 17.7824 5.72105 -29.4304 15.7436 5.7211 -30.5972 13.3884 5.72105 -31.465 11.2026 5.7211 -32.2694 8.70307 5.72106 -32.8045 6.41038 5.7211 -33.091 4.77528 5.7211 -33.3883 2.15115 5.72108 -33.4605 -0.186901 5.7211 -33.404 -2.27029 5.72096 -33.1651 -4.62622 5.7211 -32.8111 -6.79632 5.72121 -31.9832 -10.0608 5.71437 -29.6663 -15.6729 5.7211 -30.3964 -14.1845 5.7211 -28.4914 -17.7625 5.72105 -27.0437 -19.9036 5.7211 -25.5777 -21.7894 5.72105 -23.8232 -23.6991 5.7211 -22.6288 -24.8527 5.7211 -20.8285 -26.4057 5.72106 -18.7236 -27.9393 5.7211 -17.3253 -28.835 5.7211 -15.8844 -29.6603 5.7211 -13.7671 -30.7199 5.72107 -10.6911 -31.9318 5.72109 -7.49192 -32.8389 5.7211 -4.91127 -33.3191 5.7211 33.5511 -0.534145 -1.02893 33.5626 -0.399483 -1.52879 33.1799 4.71753 -1.52904 33.4106 3.03505 -1.02463 33.4797 1.94973 4.22099 33.423 2.80774 1.4704 33.3073 3.75117 -0.247297 33.0886 5.30667 4.22166 33.3137 3.70341 0.856809 32.7116 7.25835 -1.52892 32.546 7.94773 4.2209 31.8331 10.3978 -1.52906 31.7829 10.5142 4.24129 30.9089 12.8257 -1.5289 30.2219 14.3482 -1.5289 30.4337 13.8887 4.21337 29.3972 15.9721 4.22143 29.0373 16.6081 -1.5289 28.0536 18.1831 4.2211 27.7185 18.6843 -1.5289 26.6407 20.1924 4.22114 26.2096 20.7431 -1.52891 25.0067 22.1489 4.2211 24.5967 22.5989 -1.5289 23.8637 23.3642 4.2211 23.4304 23.7946 -1.5289 22.0802 25.0549 4.22113 21.5465 25.5111 -1.52891 20.0922 26.6485 4.2211 19.5949 27.013 -1.5289 18.7313 27.6136 4.2211 17.478 28.4285 -1.52891 16.6455 28.9195 4.22113 15.3225 29.6238 -1.5289 14.3844 30.0864 4.2211 13.0169 30.7085 -1.5289 12.1276 31.0672 4.22113 10.7088 31.5687 -1.5289 9.7178 31.8846 4.2211 8.26874 32.2973 -1.5289 7.33926 32.5187 4.22112 5.85669 32.8042 -1.5289 4.83551 32.968 4.2211 4.20499 33.0531 -1.5289 3.17887 33.1657 4.2211 1.51444 33.2806 4.2211 1.67036 33.2837 -1.52891 -0.950776 33.3088 4.22111 -1.66784 33.2799 -1.52891 -3.48426 33.1273 4.2211 -4.99247 32.9435 -1.52891 -5.9272 32.788 4.22111 -7.41498 32.4732 -1.5289 -8.40443 32.2315 4.2211 -10.3772 31.6529 4.23931 -9.87512 31.8233 -1.52879 -11.9842 31.0809 3.76179 -12.9818 30.6905 -1.52855 -15.2436 29.6238 -1.5289 -15.446 29.5192 4.2211 -16.7105 28.8249 -1.5289 -16.8985 28.7156 4.2211 -18.3095 27.841 4.2211 -18.7415 27.5653 -1.52892 -19.6754 26.8977 4.2211 -20.8474 26.0044 -1.5289 -20.9929 25.8878 4.2211 -22.127 24.9308 -1.5289 -22.9688 24.1754 4.22121 -23.8648 23.2969 -1.52892 -24.6232 22.4847 4.2211 -26.0819 20.803 -1.52892 -26.3264 20.4949 4.2212 -27.6395 18.6843 -1.5289 -27.7094 18.5815 4.2211 -28.605 17.1839 4.2211 -28.9162 16.6795 -1.52891 -29.4304 15.7436 4.2211 -30.143 14.3482 -1.5289 -30.1833 14.2642 4.2211 -30.83 12.8257 -1.5289 -30.8621 12.7493 4.2211 -31.465 11.2026 4.2211 -31.682 10.6132 -1.52891 -31.9905 9.62799 4.2211 -32.4246 8.07947 -1.5289 -32.4374 8.02927 4.2211 -32.7963 6.45099 -1.5289 -32.8045 6.41038 4.2211 -33.1923 4.11947 -1.5289 -33.2308 3.80935 4.22115 -33.4189 1.48293 -1.5289 -33.4194 1.47259 4.2211 -33.4645 -0.952872 -1.52884 -33.4605 -0.186901 4.2211 -33.404 -2.27038 4.22134 -33.2993 -3.4692 -1.5289 -33.1651 -4.62622 4.2211 -33.0982 -5.10046 -1.5289 -32.8111 -6.79626 4.2209 -32.6553 -7.53132 -1.52893 -32.284 -8.98724 4.2211 -32.0191 -9.90774 -1.5289 -31.253 -12.1786 -1.52882 -31.7479 -10.76 4.23119 -30.2467 -14.5048 -1.5289 -30.513 -13.9356 3.8803 -29.7052 -15.5972 4.22344 -29.5079 -15.973 -1.5289 -28.4915 -17.7623 4.22118 -28.2212 -18.1937 -1.52893 -27.0437 -19.9036 4.2211 -26.873 -20.1361 -1.5289 -25.5778 -21.7892 4.22119 -25.268 -22.1512 -1.52893 -23.8232 -23.6991 4.2211 -23.6559 -23.8677 -1.5289 -22.6288 -24.8527 4.2211 -22.4659 -25.0014 -1.5289 -21.3786 -25.9457 4.2211 -20.0758 -26.9754 4.2211 -20.4902 -26.6714 -1.52893 -18.7236 -27.9393 4.2211 -18.5828 -28.034 -1.5289 -17.3253 -28.835 4.2211 -17.1946 -28.9139 -1.5289 -15.8844 -29.6603 4.2211 -15.7648 -29.7246 -1.5289 -14.4043 -30.4132 4.2211 -12.8887 -31.0918 4.2211 -13.4296 -30.8703 -1.52893 -11.3413 -31.6945 4.2211 -11.2615 -31.7232 -1.5289 -9.76602 -32.2197 4.2211 -9.7011 -32.2395 -1.5289 -8.1666 -32.6663 4.2211 -8.11724 -32.6787 -1.5289 -6.54703 -33.033 4.2211 -6.51375 -33.0397 -1.5289 -4.91127 -33.3191 4.2211 -4.51066 -33.3717 -1.52894 27.3203 -23.6765 8.4711 28.4025 -22.3576 8.4711 29.4209 -20.9891 8.4711 30.3734 -19.5738 8.4711 31.2578 -18.1151 8.4711 32.072 -16.616 8.4711 32.8144 -15.0801 8.4711 33.4831 -13.5107 8.4711 34.0767 -11.9115 8.4711 34.5939 -10.2859 8.4711 35.0336 -8.6376 8.4711 35.3946 -6.97034 8.4711 35.6763 -5.28786 8.4711 35.8254 -4.10252 0.735614 35.8779 -3.59391 8.4711 35.9174 -3.23858 1.47026 35.9991 -1.89233 8.4711 36.0488 -0.171594 1.47111 36.0525 -0.546162 -1.02892 35.9198 2.97471 -1.02708 35.8315 3.68065 -0.38476 35.9253 2.73387 1.47175 35.8567 3.4642 1.12373 35.8137 3.83196 0.447381 33.8358 12.2136 4.5605 33.7349 12.5126 5.98285 33.1624 13.9181 3.52287 32.8831 14.5532 3.93386 32.9368 14.4338 6.16975 32.7547 14.8373 5.58999 32.7011 14.9523 4.65943 -12.3781 33.6037 5.11945 -12.5588 33.5355 4.12893 -15.0691 32.4886 4.46512 9.29867 -111.415 -3.50299 9.30646 -112.131 -3.2789 8.23937 -112.502 -3.27885 -9.10035 -111.902 -5.77816 -9.66037 -110.739 -6.10849 -9.66053 -113.028 -6.28918 -3.68455 -33.9823 4.2211 -2.02212 -34.1243 4.2211 -2.78913 -33.5861 4.22014 -6.30477 -33.5993 4.2211 -10.2096 -32.6268 4.2211 -13.3327 -31.4469 4.2211 -14.8501 -30.7532 4.2211 -29.7093 -16.6602 4.22107 -28.0716 -19.3285 4.2211 -17.9652 -29.0593 4.2211 -21.3054 -26.664 4.2211 -23.0805 -25.1162 4.2211 -25.5704 -22.5905 4.2211 -30.8949 -14.4267 5.71678 -29.3205 -17.333 5.7211 -27.9047 -19.5714 5.7211 -25.2936 -22.9029 5.7211 -23.0805 -25.1162 5.7211 -20.3751 -27.4088 5.7211 -16.9336 -29.6581 5.7211 -14.0962 -31.1158 5.7211 -10.2132 -32.6385 5.7211 -6.01492 -33.653 5.7211 -3.68455 -33.9823 5.7211 -2.02212 -34.1243 5.7211 -2.75281 -33.5906 5.72156 -4.96053 -53.1869 -2.5289 -4.96053 -53.1869 -2.97891 -4.59177 -51.1879 -2.5289 -4.38642 -50.798 -3.0289 -3.61954 -49.7651 -2.5289 -4.21807 -50.4316 8.9711 -4.90497 -52.3883 8.9711 -4.96053 -53.1869 8.4711 -4.96053 -53.1869 8.9211 -23.011 -27.6333 8.9711 -18.6544 -33.6017 8.9711 -15.2836 -39.6443 8.9711 -13.4567 -43.8099 8.9711 35.4713 -2.95835 8.97107 33.5396 -0.197936 8.97104 34.3986 -9.30909 8.97108 32.6066 -8.14896 8.97108 -12.0698 -47.6153 8.9711 32.0641 -15.6203 8.97106 -10.5695 -53.1483 8.9711 1.53949 -46.3162 8.9711 -5.01053 -53.1869 8.9711 28.3278 -21.7438 8.97108 24.3924 -23.205 8.97107 23.2423 -27.4618 8.9711 18.9165 -33.2994 8.9711 11.1799 -31.8047 8.9711 15.907 -38.5913 8.9711 14.0975 -42.4912 8.9711 12.538 -46.4976 8.9711 11.6688 -49.2295 8.9711 10.5423 -53.6386 8.9711 5.08947 -53.1869 8.9711 -9.16053 -66.2014 8.9711 -5.01053 -70.1869 8.9711 -9.42335 -60.1186 8.9711 9.43515 -60.825 8.9711 5.08947 -70.1869 8.9711 9.23947 -66.2014 8.9711 -3.7799 -73.4219 8.9711 9.23947 -105.187 8.9711 1.95231 -74.895 8.9711 -7.66093 -105.544 8.96971 -9.66056 -112.673 2.14625 -9.66056 -110.718 3.84273 -9.66054 -114.269 -0.261446 -9.66102 -115.118 -3.02187 -9.66053 -114.588 -3.2764 -9.66055 -107.832 5.18328 -9.65927 -111.949 -2.40091 -9.66059 -109.279 -4.17609 -9.6605 -108.234 -7.3707 -9.66058 -105.969 -8.4853 -9.66055 -98.5819 -4.1838 -9.66053 -94.9428 -2.88543 -9.66053 -103.58 6.43433 -9.66053 -103.437 8.4711 -9.66053 -92.1115 -2.52894 -9.66053 -66.2014 8.4711 -9.66053 -66.2014 -2.5289 -7.66053 -118.687 -4.5289 7.73947 -118.687 -4.5289 7.73947 -118.673 -3.9183 -7.66053 -118.671 -3.8665 7.73947 -118.632 -3.3089 -7.66053 -118.622 -3.2057 7.75707 -118.524 -2.41222 -7.65735 -118.485 -2.17867 -7.66053 -118.282 -1.2487 9.23947 -118.16 -0.7948 -7.6608 -118.002 -0.268479 9.23971 -117.863 0.12669 -7.66053 -117.659 0.637299 9.23947 -117.463 1.08859 -7.66053 -117.391 1.24309 9.23947 -117.169 1.6908 -7.66053 -117.093 1.8349 9.23986 -116.691 2.54287 -7.65615 -116.571 2.73542 9.23947 -116.113 3.3996 -7.66053 -116.03 3.513 9.23947 -115.707 3.9319 -7.66053 -115.623 4.0354 9.23947 -115.274 4.44339 -7.66053 -115.19 4.53709 9.23947 -114.816 4.93289 9.23947 -114.335 5.399 -7.6609 -114.467 5.28118 9.23947 -113.831 5.84059 -7.66053 -113.751 5.90669 9.23947 -113.306 6.2567 -7.66053 -113.229 6.31439 9.24 -112.523 6.80887 -7.66369 -112.372 6.90475 9.23947 -111.616 7.34189 -7.66053 -111.551 7.377 9.23291 -110.759 7.77193 -7.66349 -110.612 7.83729 9.23947 -109.784 8.1644 -7.66053 -109.735 8.1819 9.23947 -109.148 8.3768 -7.66053 -109.106 8.3898 9.23298 -108.228 8.62813 -7.6658 -108.088 8.65962 9.23947 -107.19 8.8217 -7.66053 -107.168 8.825 9.23947 -106.525 8.9046 -7.66053 -106.51 8.9061 9.23947 -105.857 8.9545 -9.16053 -103.029 8.9711 -9.66051 -113.794 -3.27889 -8.85102 -112.065 -3.27398 -9.65998 -110.146 -4.02957 8.23947 -113.452 -4.04389 8.23923 -112.788 -5.77753 9.3045 -110.875 -4.4748 -35.9201 -1.89233 -2.5289 -35.799 -3.59391 -2.5289 -35.5973 -5.28786 -2.5289 -35.3157 -6.97034 -2.5289 -34.9546 -8.6376 -2.5289 -34.515 -10.2859 -2.5289 -33.9978 -11.9115 -2.5289 -33.4041 -13.5107 -2.5289 -32.7354 -15.0801 -2.5289 -32.9553 -14.5868 3.65594 -33.0751 -14.314 6.50274 -31.9931 -16.616 -2.5289 -32.6664 -15.2332 4.28077 -32.6767 -15.2106 5.63117 -31.1788 -18.1151 -2.5289 -30.2945 -19.5738 -2.5289 -29.342 -20.9891 -2.5289 -28.3235 -22.3576 -2.5289 -27.2416 -23.6761 -2.5289 31.9904 11.5813 4.23919 33.1471 7.57916 4.2211 33.883 3.40636 4.2211 34.0399 -0.978517 4.2211 33.5324 -1.15066 4.2213 33.3751 -3.50182 4.2211 33.8073 -4.20738 4.2211 32.9909 -6.27241 4.22062 33.2463 -7.55063 4.2211 32.5163 -8.40308 4.2211 32.0694 -10.0018 4.2211 32.3421 -10.8157 4.2211 31.5439 -11.5764 4.2211 30.8788 -14.5666 4.2211 30.5694 -14.0007 4.22115 29.5093 -16.1174 4.2211 29.1624 -17.7327 4.2211 28.684 -17.5577 4.2211 28.252 -19.1619 4.2211 27.7883 -18.9553 4.2211 26.3788 -21.7294 4.2211 26.258 -21.0554 4.22117 24.7021 -22.8585 4.2211 22.8749 -25.4136 4.2211 22.8831 -24.7038 4.22119 21.0718 -26.2616 4.2211 20.0648 -27.6639 4.2211 19.7543 -27.2715 4.2211 18.6709 -28.6276 4.2211 17.6153 -28.7176 4.2212 15.5249 -29.893 4.2211 16.6855 -29.8428 4.22115 24.2265 23.7085 4.2211 21.9086 25.8819 4.2211 26.6387 21.0338 4.2211 19.0145 28.0257 4.2211 29.3834 17.0281 4.22105 16.3116 29.6971 4.2211 12.4068 31.4944 4.2211 8.43761 32.7875 4.2211 4.21043 33.566 4.2211 0.679932 33.8206 4.2211 -1.86051 33.76 4.2211 -5.44491 33.3952 4.2211 -9.31352 32.5071 4.22157 24.2713 -27.0523 8.4711 24.2713 -27.0523 -2.5289 22.4678 -29.2502 8.4711 22.4678 -29.2502 -2.5289 20.7704 -31.5311 8.4711 20.7704 -31.5311 -2.5289 19.1829 -33.8898 8.4711 19.1829 -33.8898 -2.5289 17.709 -36.3211 -2.5289 17.0107 -37.5619 4.32447 16.3519 -38.8195 -2.5289 15.9067 -39.702 3.53295 17.709 -36.3211 8.4711 17.0834 -37.4343 5.0736 16.9528 -37.6772 5.72558 15.1147 -41.3794 -2.5289 16.3519 -38.8195 8.4711 14.0001 -43.995 -2.5289 15.1147 -41.3794 8.4711 15.3453 -40.8779 5.3878 15.4528 -40.6472 5.80348 14.0001 -43.995 8.4711 13.0107 -46.6604 8.4711 13.0107 -46.6604 -2.5289 12.1487 -49.3698 8.4711 12.1487 -49.3698 -2.5289 11.416 -52.1169 8.4711 11.416 -52.1169 -2.5289 10.8143 -54.8956 8.4711 10.8143 -54.8956 -2.5289 10.3448 -57.6998 8.4711 10.3448 -57.6998 -2.5289 10.0088 -60.523 8.4711 10.0088 -60.523 -2.5289 9.80684 -63.359 8.4711 9.80684 -63.359 -2.5289 9.73947 -66.2014 8.4711 9.73947 -66.2014 -2.5289 10.3167 -32.0715 4.2211 11.6577 -31.6029 4.22104 8.5986 -33.1113 4.22108 8.24414 -32.6754 4.22082 5.30145 -33.28 4.22124 4.73706 -33.8702 4.2211 2.89308 -33.5857 4.21805 2.10107 -34.1243 4.2211 5.77973 -33.2021 -1.52889 8.98753 -32.4794 -1.52892 11.3405 -31.7232 -1.5289 12.8737 -31.131 -1.5289 13.4458 -30.8864 3.63381 14.376 -30.4642 -1.5289 14.0685 -30.6026 4.22018 16.6503 -29.29 -1.52892 18.6618 -28.034 -1.5289 20.0052 -27.0871 -1.5289 22.0155 -25.4842 -1.52893 23.7348 -23.8677 -1.5289 24.8678 -22.677 -1.5289 26.5331 -20.7049 -1.52893 27.898 -18.7921 -1.5289 28.777 -17.4033 -1.5289 29.5869 -15.973 -1.5289 30.7285 -13.6431 -1.52893 31.901 -10.566 -1.52893 32.5363 -8.32362 -1.5289 32.9083 -6.65779 -1.52896 33.3783 -3.4692 -1.5289 33.2925 -4.22925 0.45684 33.412 -3.31965 1.46705 33.5482 -0.210588 1.4711 4.49144 -50.6732 -2.52785 5.03947 -53.1869 -2.5289 1.53947 -58.2781 -2.52885 1.29766 -59.0135 -2.5289 5.03947 -70.1869 -2.5289 -0.215387 -59.6753 -2.5289 2.29384 -67.7617 -2.52871 4.61213 -72.3494 -2.52894 -1.51046 -58.5249 -2.5289 3.16527 -74.1279 -2.5289 1.2535 -75.0956 -2.5289 -4.96049 -70.7308 -2.5289 -0.890133 -69.2898 -2.52889 -1.02333 -75.1013 -2.5289 -4.43453 -72.5077 -2.5289 -2.97247 -74.2265 -2.5289 -1.51053 -46.6935 -2.5289 -2.15784 -48.4403 -2.5289 2.51287 -48.7279 -2.5289 1.53947 -46.9836 -2.52867 9.73947 -93.1955 2.84846 9.73947 -95.3656 3.63509 9.73947 -99.912 6.93674 9.73347 -93.0673 1.04889 9.73844 -93.8412 0.793962 9.73947 -92.3935 2.13943 9.73848 -99.7701 5.58687 9.73947 -92.8502 -2.52919 9.73947 -102.746 7.87529 9.73947 -103.906 8.2874 9.73908 -98.8979 3.2271 9.73416 -102.343 6.23579 9.71418 -100.396 3.98128 9.72408 -100.82 5.4521 9.73947 -104.097 8.22949 9.73394 -95.5748 -1.55235 9.73946 -96.1213 -3.22657 9.73947 -97.5788 -0.780106 9.73868 -96.3749 -0.227136 9.73947 -97.7551 -0.685699 9.73947 -102.522 3.48248 9.73947 -105.566 8.4711 9.7387 -103.837 2.44044 9.73947 -97.8945 -3.9257 9.71853 -109.086 7.23841 9.7395 -108.693 8.04599 9.7354 -107.939 4.35588 9.73953 -108.515 5.85186 9.73947 -99.5564 -4.78614 9.73947 -108.936 3.07919 9.73948 -111.876 6.65733 9.73945 -105.932 1.10813 9.73947 -109.03 2.90289 9.73938 -101.149 -4.68172 9.74094 -101.533 -6.22747 9.73948 -113.544 5.43682 9.73948 -115.685 3.23146 9.73267 -111.149 -5.33863 9.73947 -111.734 -6.02821 9.73947 -117.28 0.320031 9.73948 -115.136 -10.1636 9.73947 -118.187 -6.02891 5.75946 -33.2061 8.9711 6.79174 -33.0079 5.72117 8.19625 -32.6786 8.9711 9.92137 -32.2064 5.71623 15.2387 -30.0397 5.71772 12.8592 -31.1453 6.50628 15.2406 -30.0502 8.97109 17.6103 -28.7206 5.72105 18.783 -27.9849 8.9711 20.3485 -26.8412 5.72105 22.021 -25.4794 8.97106 22.8854 -24.7015 5.72105 25.1935 -22.3269 5.72106 26.5319 -20.7062 8.97104 27.2534 -19.7393 5.72106 27.9001 -18.7889 8.97109 28.684 -17.5577 5.7211 29.851 -15.4895 5.72107 29.6962 -15.8228 8.97103 31.2158 -12.4722 5.72107 31.3531 -12.1176 8.97104 32.0694 -10.0018 5.7211 32.6891 -7.72949 5.72109 33.1699 -5.14909 5.7211 33.1772 -5.10053 8.97107 33.3751 -3.50182 5.7211 33.3783 -3.4692 8.9211 33.4983 -1.8464 5.7211 33.4991 -1.83003 8.9211 14.2807 -31.0602 4.30378 14.4212 -30.9952 4.97631 17.3102 -29.4964 5.72114 14.2887 -31.0564 5.62059 20.0648 -27.6639 5.7211 22.5591 -25.6958 5.7211 25.6841 -22.5314 5.7211 27.7751 -19.8634 5.7211 29.1624 -17.7327 5.7211 30.6971 -14.9501 5.7211 32.0606 -11.6169 5.7211 33.0135 -8.5864 5.7211 33.6901 -5.04821 5.7211 33.8906 -3.36553 5.7211 34.0455 -0.679174 5.7211 33.8704 3.40498 5.7211 33.1542 7.58069 5.7211 31.9776 11.5519 5.68651 30.8374 14.2161 5.06536 30.9368 14.0034 5.72088 29.7025 16.4472 5.72119 27.9294 19.2761 5.7211 25.8543 21.9547 5.7211 23.5225 24.414 5.7211 20.9579 26.6287 5.7211 17.4172 29.0681 5.7211 13.696 30.9604 5.7211 9.66413 32.4506 5.7211 5.59187 33.3665 5.7211 3.2181 33.6642 5.7211 -0.167995 33.8336 5.7211 -4.24416 33.5518 5.7211 -11.6899 31.726 4.28823 -8.28476 32.8046 5.72118 -11.6811 31.731 5.61846 2.10107 -34.1243 5.7211 4.44509 -33.9096 5.7211 8.41059 -33.1655 5.72118 11.6613 -32.1388 5.03509 11.7949 -32.0898 5.62889 -15.6609 29.971 4.2211 -14.0915 30.5157 5.7219 -16.584 29.482 5.72076 -17.7363 28.8074 4.2211 -18.5694 28.2685 5.7211 -20.5192 26.9053 4.2211 -21.4763 26.1739 5.7211 -23.6784 24.2116 4.2211 -24.5143 23.3452 5.7211 -27.0327 20.4266 4.2211 -27.2863 20.0891 5.7211 -29.3895 16.8597 4.2211 -29.5376 16.6014 5.7211 -30.9325 13.8625 4.2211 -31.0543 13.5907 5.7211 -31.9332 11.3781 4.2211 -31.9332 11.3781 5.7211 -32.8944 8.36761 4.2211 -32.9979 7.95885 5.7211 -33.5851 4.85181 4.2211 -33.5851 4.85181 5.7211 -33.8798 2.34116 4.2211 -33.8727 2.34072 5.7211 -35.3622 -3.19146 -3.02906 -34.4564 -1.17526 -3.0288 -34.5532 -8.34711 -3.02899 -33.3027 -12.4013 -3.0289 -31.6713 -16.239 -3.0289 -29.504 -19.8866 -3.0289 -27.4277 -22.7132 -3.02892 -23.0056 -27.6404 -3.0289 -20.2833 -31.2422 -3.0289 -16.9831 -36.3584 -3.0289 -13.1794 -32.09 -3.02889 -8.14972 -33.7284 -3.0289 -13.8917 -42.7074 -3.0289 -5.03007 -34.3125 -3.0289 -3.34948 -34.5202 -3.02827 -1.51053 -35.514 -3.0289 -11.9182 -48.0918 -3.0289 -4.89782 -52.2983 -3.0289 1.5395 -46.3359 -3.0289 -10.4636 -53.6375 -3.0289 -5.01053 -53.1869 -3.0289 -9.77093 -57.6289 -3.0289 23.8924 -26.7261 -3.0289 -9.43207 -60.4757 -3.0289 21.3422 -29.8719 -3.0289 18.1208 -34.6159 -3.0289 15.3636 -39.6421 -3.0289 13.5356 -43.8099 -3.0289 12.1487 -47.6156 -3.0289 10.93 -51.9995 -3.0289 5.08947 -53.1869 -3.0289 -9.16139 -64.7476 -3.0289 -4.52412 -72.3345 -3.0289 9.8581 -57.2716 -3.0289 9.23947 -66.2014 -3.0289 5.08947 -70.1869 -3.0289 9.3074 -63.3353 -3.0289 -9.16053 -91.4642 -3.0289 9.23947 -91.4642 -3.0289 2.849 -33.6015 5.7211 -9.72789 -63.359 8.4711 -9.72789 -63.359 -2.5289 -9.92983 -60.523 8.4711 -9.92983 -60.523 -2.5289 -10.2659 -57.6998 8.4711 -10.2659 -57.6998 -2.5289 -10.7353 -54.8956 8.4711 -10.7353 -54.8956 -2.5289 -11.3371 -52.1169 8.4711 -11.3371 -52.1169 -2.5289 -12.0698 -49.3698 8.4711 -12.0698 -49.3698 -2.5289 -12.9318 -46.6604 -2.5289 -13.9212 -43.995 -2.5289 -13.965 -43.8591 -0.0982405 -13.5937 -44.8351 1.2757 -14.5437 -42.4923 -0.826254 -15.0357 -41.3794 -2.5289 -12.9318 -46.6604 8.4711 -14.9723 -41.5182 -1.02133 -16.273 -38.8195 -2.5289 -15.5288 -40.3208 -0.968766 -13.9212 -43.995 8.4711 -16.0534 -39.2505 -0.5392 -16.5773 -38.2327 0.212188 -17.63 -36.3211 -2.5289 -15.0357 -41.3794 8.4711 -16.93 -37.5745 1.24015 -17.087 -37.2743 2.05728 -19.104 -33.8898 -2.5289 -16.273 -38.8195 8.4711 -17.63 -36.3211 8.4711 -19.104 -33.8898 8.4711 -20.6914 -31.5311 8.4711 -20.6914 -31.5311 -2.5289 -22.3888 -29.2502 8.4711 -22.3888 -29.2502 -2.5289 -24.1924 -27.0523 8.4711 -24.1924 -27.0523 -2.5289 -9.16053 -101.623 -6.9922 9.23947 -101.623 -6.9922 -9.16053 -101.063 -6.5022 9.23947 -101.063 -6.5022 -9.16053 -100.48 -6.0405 9.23947 -100.48 -6.0405 9.23947 -99.8741 -5.6082 -9.16053 -99.8741 -5.6082 9.23947 -99.248 -5.2066 -9.16053 -99.248 -5.2066 9.23947 -98.6027 -4.83641 -9.16053 -98.6027 -4.83641 9.23947 -97.9399 -4.4987 -9.16053 -97.9399 -4.4987 -9.16053 -97.2611 -4.19431 9.23947 -97.2611 -4.19431 9.23947 -96.5681 -3.9239 -9.16053 -96.5681 -3.9239 9.23947 -95.8625 -3.6882 -9.16053 -95.8625 -3.6882 -9.16053 -95.1461 -3.48781 9.23947 -95.1461 -3.48781 -9.16053 -94.4206 -3.3231 9.23947 -94.4206 -3.3231 9.23947 -93.6879 -3.1947 -9.16053 -93.6879 -3.1947 9.23947 -92.9497 -3.10271 -9.16053 -92.9497 -3.10271 -9.16053 -92.2079 -3.04741 9.23947 -92.2079 -3.04741 -9.1749 -114.519 -10.5349 -9.16053 -113.964 -10.463 9.23947 -113.964 -10.463 9.24007 -114.578 -10.5369 -9.16067 -115.219 -10.4945 -9.16091 -115.785 -10.3816 9.23975 -115.458 -10.4599 9.23824 -116.116 -10.2683 -9.15883 -116.514 -10.0941 9.2478 -116.644 -10.021 -9.15837 -117.1 -9.72313 -9.16101 -117.679 -9.198 9.24032 -117.374 -9.5107 -9.16235 -118.236 -8.39497 9.22886 -118.071 -8.67967 9.24044 -118.419 -7.97803 -9.16402 -118.555 -7.56915 9.24371 -118.639 -7.20712 -9.15971 -118.665 -6.95671 7.73948 -118.687 -6.62293 -9.16045 -102.299 -7.64698 -9.16053 -102.529 -7.84356 9.23931 -102.353 -7.69921 -9.16094 -103.08 -8.23078 9.23992 -102.958 -8.15817 -9.15735 -103.816 -8.55479 9.24132 -103.672 -8.50293 9.23938 -104.246 -8.67718 -9.16055 -104.307 -8.68831 -9.65422 -118.489 -6.26024 -9.66058 -117.853 -8.23399 -9.66055 -115.216 -10.1783 -9.65692 -103.065 -7.65743 9.73955 -118.203 -3.02577 9.29748 -118.472 -2.48001 9.73947 -117.22 -8.98906 9.73948 -118.08 -7.61133 9.40925 -118.531 -6.20859 9.7554 -103.373 -7.91684 9.73945 -105.999 -8.49114 10.0397 -101.397 -6.04443 10.0393 -103.197 -6.3137 10.0391 -103.713 -8.00455 10.0394 -107.088 -6.28105 -9.96002 -101.192 -5.77014 -9.67062 -104.2 -8.15872 -9.95987 -103.392 -7.8639 -9.9605 -109.298 -4.51404 -9.96017 -108.13 -7.31082 -9.95978 -106.071 -8.46742 7.70686 -111.869 -5.78083 7.73608 -111.155 -5.25722 9.30595 -111.904 -5.77822 9.73937 -110.782 -3.78941 9.73947 -111.936 -3.02895 7.71863 -111.446 -0.0157676 7.70996 -109.887 -0.902997 7.70183 -108.79 0.681173 9.27356 -111.086 -0.529408 9.73687 -109.638 -0.831173 9.30337 -108.782 0.331459 9.73947 -111.579 -0.340566 9.73939 -108.543 0.75744 7.72112 -106.391 1.8901 7.72967 -105.16 1.18467 7.75449 -104.09 1.73608 9.73685 -106.476 2.11463 9.31271 -105.803 1.35886 9.29649 -104.956 1.21653 9.73422 -104.327 1.42753 -9.71024 -102.954 -4.8093 -9.71041 -102.934 -4.52599 -9.71233 -103.029 -5.1905 -9.95541 -103.317 -5.79488 -9.70969 -103.76 -6.2779 -9.71073 -104.116 -6.50885 -9.7178 -104.477 -6.67021 -9.96045 -104.252 -6.94622 -9.71258 -105.032 -6.77997 -9.71156 -105.488 -6.76012 -9.70941 -106.092 -6.60351 -9.96045 -107.118 -6.3641 -9.70494 -106.703 -6.2013 -9.71043 -107.012 -5.84597 -9.71183 -107.201 -5.53031 -9.71216 -107.377 -5.06872 -9.96055 -107.717 -4.00695 -9.70977 -107.436 -4.62444 9.7902 -107.437 -4.62392 9.79657 -107.365 -5.1154 9.78967 -107.162 -5.61858 9.78947 -106.945 -5.93135 9.79695 -106.703 -6.19779 9.78015 -106.246 -6.52302 9.78926 -105.736 -6.71376 9.79077 -105.186 -6.79126 9.78939 -104.646 -6.7135 9.7807 -104.311 -6.60673 9.77803 -103.757 -6.27877 9.78984 -103.288 -5.75037 9.78685 -103.031 -5.18929 9.7897 -102.953 -4.8093 10.0395 -105.334 -7.09134 9.53947 -97.6966 -0.717593 9.53947 -95.2777 3.65894 9.53947 -102.585 3.46315 9.53947 -103.97 8.26822 9.53947 -108.983 2.99085 9.5395 -113.37 5.34161 9.53036 -94.3493 1.67584 9.40745 -92.6559 2.3688 9.6827 -94.1734 2.33348 9.75577 -93.415 1.52757 9.73944 -99.9103 2.93896 9.73727 -108.453 3.36784 9.72967 -108.979 4.05592 9.52312 -108.954 5.19411 9.7297 -110.256 6.68794 9.71468 -110.144 4.16048 9.73365 -110.961 4.95765 9.74109 -108.727 6.00624 9.72612 -102.495 4.83269 9.72407 -102.038 3.86185 9.53946 -102.613 7.79736 9.53947 -99.9121 6.93665 9.54252 -102.249 6.25582 9.67555 -101.65 6.969 9.73321 -95.8105 -2.45332 9.728 -94.6671 -2.53725 9.73039 -95.3733 1.50782 9.73527 -93.7533 -0.768864 9.6976 -94.6667 -1.2215 9.53439 -93.8739 0.418658 9.53215 -95.7729 -0.483936 9.53674 -96.3986 0.883483 9.7414 -93.7595 -0.0196161 9.74078 -95.5262 -0.53345 9.73812 -96.0289 1.15217 5.03947 -70.4294 -2.97894 4.76586 -71.9034 -3.0289 3.9542 -73.3191 -3.0289 1.51074 -75.1161 -3.0289 -1.10461 -75.071 -3.0289 -3.20993 -74.101 -3.0289 -5.00599 -70.6181 -3.0289 -4.96052 -70.4577 -2.9789 5.03947 -53.1869 -2.97891 4.15983 -50.2769 -3.02886 4.94499 -52.076 -3.0289 -4.96053 -70.1869 8.9211 -4.96051 -70.6097 8.4711 -4.73376 -71.8095 8.9711 -4.41912 -72.6079 8.47106 -3.12931 -74.0718 8.9711 -2.77264 -74.379 8.4711 -2.40252 -74.5549 8.9711 -1.3105 -75.0221 8.47112 -0.645369 -75.1288 8.9711 0.568231 -75.174 8.47115 2.69328 -74.5237 8.4711 3.65879 -73.6493 8.9711 4.46241 -72.6004 8.4711 4.74579 -71.9993 8.9711 5.03941 -70.5709 8.4711 5.03947 -70.1869 8.9211 5.03942 -52.6677 8.4711 5.03947 -53.1869 8.9211 4.83911 -51.6325 8.9711 4.62911 -51.1192 8.47136 3.74239 -49.8014 8.4711 3.87274 -49.9229 8.9711 -0.655107 -69.3507 8.4711 1.53944 -58.4434 8.47106 -1.43816 -58.4579 8.47108 -1.98733 -48.0917 8.4711 -4.34871 -50.6006 8.47111 1.53948 -47.4801 8.47091 -1.61298 -67.2279 7.87309 -1.52927 -67.7327 7.88445 -1.26389 -68.2084 7.86502 -0.894149 -68.5571 7.88119 -2.08168 -68.2627 8.4709 -0.497024 -68.7487 7.87247 -0.178357 -68.8265 7.87041 0.401688 -68.8106 7.8757 0.814312 -69.3477 8.4711 1.0103 -68.5244 7.87568 1.42787 -68.1054 7.86263 1.69169 -67.3368 7.8675 2.23581 -68.079 8.47085 1.67597 -67.4505 -1.91321 1.42183 -68.1064 -1.91998 0.976751 -68.5539 -1.9327 0.442812 -68.7928 -1.91762 -0.0725679 -68.8413 -1.92486 -0.477634 -68.7552 -1.92883 -0.789022 -68.6192 -1.92597 -1.27707 -68.2121 -1.92971 -1.55798 -67.623 -1.93302 0.749974 -69.3939 -2.52889 -1.65913 -34.6451 -1.5289 -3.34768 -34.5202 -1.5289 -6.91038 -34.0068 -1.5289 -9.97998 -33.1999 -1.5289 -13.1746 -32.0784 -1.5289 -16.2273 -30.6113 -1.5289 -16.9706 -30.2094 -3.02888 -17.7004 -29.7765 -1.5289 -19.1325 -28.8696 -3.02887 -19.8332 -28.396 -1.5289 -22.5142 -26.3117 -1.5289 -21.0644 -27.4916 -3.02876 -23.6537 -25.2776 -3.02873 -24.9413 -23.9912 -1.5289 -27.1567 -21.4251 -3.02877 -26.67 -22.0716 -1.53019 -29.5157 -17.9853 -3.02877 -28.9883 -18.846 -1.53176 -30.3877 -16.4485 -1.5289 -30.3879 -16.4486 -3.02863 -31.4434 -14.3198 -3.02859 -31.5646 -14.0463 -1.5289 -32.9583 -10.2583 -3.02887 -32.913 -10.4924 -1.5308 -33.8215 -6.90664 -3.02872 -33.9679 -6.07476 -1.5289 -34.2947 -3.5664 -3.02862 -34.3864 -2.5898 -1.5289 -2.45306 -33.7492 -1.52941 -1.82106 -34.3583 -1.5289 1.90002 -34.3583 -1.5289 2.41622 -33.8332 -1.5291 3.11613 -33.5515 -1.5289 -33.5844 -13.05 6.11871 -31.0166 -12.7852 6.53707 -30.5405 -13.8699 6.1156 -33.1933 -14.031 3.49529 -30.7054 -13.4907 3.58901 -33.5032 -13.2653 3.69468 -31.1114 -12.5363 3.5374 -30.793 -14.5188 4.39405 30.4678 13.8142 5.81311 33.2845 13.6399 6.47851 31.1096 12.3735 6.54646 30.696 13.3164 3.67156 31.1697 12.1899 3.52174 33.5611 12.9401 3.61237 13.7511 -30.7518 3.84855 15.4981 -40.5523 4.05447 12.8056 -34.0489 4.05279 15.4315 -36.9927 3.48249 13.9875 -36.0893 3.75635 16.7292 -38.0964 3.80358 12.7055 -31.2045 3.47455 12.068 -31.4532 3.74563 11.9848 -31.4862 6.13728 16.3299 -38.8367 6.43108 13.7333 -30.7616 6.11816 15.8635 -39.793 6.36612 16.0523 -36.7592 6.23563 14.3003 -34.5052 6.48773 -13.7299 33.0764 6.46676 -14.7296 32.6489 6.10962 -12.8316 33.4357 6.12453 -12.1991 31.0058 6.33241 -14.5486 32.7256 3.7565 -12.8622 30.7299 3.43664 -13.9533 30.2464 4.1316 -13.5938 33.134 3.45208 8.23947 -117.661 -3.27888 8.23083 -118.172 -3.04442 8.23978 -118.169 -5.78245 9.3066 -117.907 -5.77898 9.24218 -118.329 -1.44439 9.30647 -117.65 -3.27889 -6.64297 -104.516 1.3354 -6.65484 -105.726 1.30523 -6.67191 -106.456 2.217 -8.89988 -104.7 1.26745 -8.88048 -106.491 2.46461 -9.66053 -103.401 1.55319 -9.65733 -104.438 0.54875 -8.91086 -105.806 1.35031 -9.65754 -107.035 1.3059 -6.65926 -109.003 -0.18768 -5.90989 -110.137 0.420659 -6.67046 -110.518 -0.883765 -6.65744 -111.464 0.606239 -8.90707 -108.846 0.0841816 -8.91997 -109.631 -0.761914 -8.88918 -110.83 -0.693303 -9.6579 -110.631 -1.67235 -9.6602 -112.209 0.14717 -5.90997 -112.187 -4.52892 -6.66216 -111.051 -5.17978 -6.65416 -111.972 -5.77579 -6.66012 -113.057 -5.4792 -6.65875 -113.434 -4.71628 -8.1611 -112.586 -5.77673 -8.16055 -113.286 -5.15242 -8.16053 -113.437 -4.62395 -8.16053 -113.178 2.30603 -8.16048 -110.742 4.47599 -8.16053 -114.028 5.01736 -8.16056 -116.103 2.63899 -8.16053 -114.488 0.394528 -8.16055 -111.746 6.75137 -8.16053 -117.487 -0.284021 -8.16053 -107.255 5.79501 -8.16036 -107.512 8.36119 -8.16063 -118.132 -2.86653 -8.16043 -115.522 -2.26931 -8.16053 -114.985 -3.12555 -8.1596 -104.023 6.71682 -8.16053 -117.676 -5.7789 -8.16052 -105.044 6.00118 -8.16053 -114.53 -3.27881 -9.16077 -117.914 -5.77915 -9.16156 -114.765 -0.207731 -9.16985 -113.496 1.97267 -9.17515 -111.061 4.23943 -9.15149 -107.752 5.69063 -9.14238 -104.009 6.85408 -9.15865 -104.893 6.03455 -9.16984 -115.457 -2.22503 -9.66051 -105.006 5.48913 -9.20244 -103.906 8.36269 -8.15186 -103.854 8.5339 -7.66051 -103.022 8.9711 -7.65987 -118.687 -6.54401 -8.1455 -118.208 -5.89084 1.48542 -58.6057 -2.5289 1.3103 -58.9939 8.43148 0.960743 -59.3957 8.4711 0.907397 -59.435 -2.5289 0.235489 -59.6811 8.4711 0.308392 -59.6649 -2.4962 -0.300273 -59.6598 8.4711 -0.831512 -59.4188 8.47109 -0.818994 -59.4412 -2.5289 -1.17419 -59.0723 8.40279 -1.28081 -58.9106 -2.48483 -1.34181 -58.7811 8.4711 -1.42276 -58.5314 -2.48096 -1.46053 -58.2599 -2.47891 -1.46053 -58.2294 8.47097 -1.46053 -43.3078 1.83527 -1.46054 -43.5244 2.38329 -1.46053 -43.5927 2.98925 -1.46053 -42.8143 1.16399 -1.46053 -42.1202 0.756709 -1.46053 -46.063 -2.97891 -1.46053 -35.514 -2.97891 -1.46053 -38.7825 2.85104 -1.46053 -38.8727 2.31904 -1.46053 -39.0032 1.97384 -1.46054 -39.2724 1.50413 -1.46053 -39.934 0.91567 -1.46053 -40.4919 0.667297 -1.46053 -41.4073 0.557412 1.53948 -39.844 1.41167 1.53947 -41.4337 0.847215 1.53948 -43.3479 2.65884 -1.46057 -35.3341 8.92106 -1.50096 -35.0874 -2.90392 -1.54588 -34.9246 8.9711 -1.65377 -34.6457 -3.02849 -1.81223 -34.3715 8.91129 -2.12206 -34.0248 8.97101 -2.83798 -33.5841 8.97104 2.79597 -33.5985 8.97017 1.88391 -34.3804 8.92782 1.53965 -35.2524 -3.02888 1.53967 -35.2179 8.9711 11.5412 -39.597 2.48815 11.5389 -39.8646 1.96928 11.5386 -40.2216 1.62855 11.545 -40.6188 1.41491 11.5392 -41.0757 1.32077 11.5396 -41.4444 1.33879 12.5299 -41.1867 2.97081 11.5409 -41.8751 1.4626 11.5383 -42.4352 1.85933 11.5416 -42.8017 2.56324 1.91209 -39.5322 3.01269 1.91265 -39.5988 2.46182 1.9209 -39.8678 1.97219 1.91384 -40.1974 1.64333 1.90978 -40.7224 1.37509 1.91987 -41.381 1.32453 1.91292 -41.8975 1.46933 1.91521 -42.4339 1.86913 1.9172 -42.7724 2.46651 1.53947 -39.1356 2.61346 -9.96049 -38.78 2.84308 -9.96053 -38.863 2.36392 -9.96053 -39.0027 1.96785 -9.96058 -39.2882 1.49208 -9.96053 -39.6785 1.1019 -9.96049 -40.1952 0.768446 -9.96048 -41.3112 0.552003 -9.96053 -42.1207 0.755556 -9.96057 -42.8023 1.16747 -9.96053 -43.2905 1.8035 -9.96055 -43.513 2.33369 -9.96048 -37.2397 2.23222 -9.96053 -37.5006 1.40981 -9.96053 -37.8213 0.798469 -9.96052 -38.4399 0.0250526 -9.96053 -39.2512 -0.535878 -9.96043 -40.0854 -0.89953 -9.96053 -41.0905 -1.0375 -9.96076 -42.3665 -0.88296 -9.96017 -43.8795 -0.0492069 -9.96053 -44.7661 1.15006 -9.96053 -45.1194 2.19068 -9.96063 -45.1961 3.37957 -1.75162 -47.6568 8.96661 -1.46056 -46.2338 8.9711 -1.46053 -46.4307 8.45811 2.06877 -48.2439 8.97108 2.24177 -48.3635 -3.03056 -1.46053 -46.2519 -2.47894 -1.50918 -46.6582 -3.0289 -2.13413 -48.3209 -3.0289 0.190599 -33.6866 8.4711 -1.47941 -33.6525 8.4711 -3.14564 -33.5351 8.4711 -5.26391 -32.7983 8.97104 -4.80396 -33.3349 8.4711 -6.45023 -33.0523 8.4711 -8.08036 -32.688 8.4711 -11.0346 -31.2975 8.97112 -9.69032 -32.2428 8.4711 -11.2761 -31.718 8.4711 -12.8337 -31.1147 8.4711 -14.3593 -30.4346 8.4711 -14.6103 -29.7708 8.97112 -15.8492 -29.6793 8.4711 -17.0407 -28.4228 8.9711 -17.2995 -28.8507 8.4711 -18.7067 -27.9508 8.4711 -19.7562 -26.6215 8.97104 -20.0673 -26.9818 8.4711 -21.3779 -25.9463 8.4711 -22.6353 -24.8467 8.4711 -23.8789 -22.9803 8.97104 -23.8363 -23.6858 8.4711 -24.9779 -22.4665 8.4711 -26.0574 -21.1917 8.4711 -27.5728 -18.2993 8.97112 -27.072 -19.8648 8.4711 -28.0191 -18.489 8.4711 -28.8965 -17.0676 8.4711 -30.1864 -13.5759 8.97121 -31.5229 -11.4379 8.47507 -32.046 -8.03011 8.97116 -32.1672 -9.40545 8.4711 -32.5867 -7.78862 8.4711 -32.925 -6.15289 8.4711 -32.8565 -3.16109 8.97116 -33.1814 -4.50233 8.4711 -33.3552 -2.84104 8.4711 -33.446 -1.17315 8.4711 -33.4535 0.497189 8.4711 -32.9505 1.20081 8.97112 -33.3778 2.16583 8.4711 -33.219 3.82862 8.4711 -32.6443 4.43781 8.9711 -32.9775 5.48142 8.4711 -32.6539 7.12014 8.4711 -31.8245 8.58674 8.97118 -32.249 8.74068 8.4711 -31.7639 10.339 8.4711 -31.1997 11.9112 8.4711 -30.5578 13.4533 8.4711 -29.428 14.8098 8.97118 -29.8399 14.9615 8.4711 -29.0476 16.432 8.4711 -28.1831 17.8613 8.4711 -27.2484 19.2456 8.4711 -26.2458 20.5816 8.4711 -26.3859 19.6164 8.97114 -25.1779 21.866 8.4711 -24.0473 23.0956 8.4711 -23.5399 22.9322 8.97108 -22.8569 24.2673 8.4711 -21.6095 25.3782 8.4711 -20.3082 26.4255 8.4711 -20.6603 25.5306 8.9711 -18.9564 27.4067 8.4711 -17.4719 28.3715 8.49732 -14.0539 30.2225 8.46695 -16.2264 28.6068 8.97103 -9.9174 31.299 8.97112 -10.3283 31.675 8.46885 -8.37327 32.2396 8.4711 -5.41557 32.3866 8.97111 -6.74648 32.6186 8.4711 -5.10283 32.9161 8.4711 -3.44639 33.1312 8.4711 -0.460878 32.8354 8.97111 -1.78128 33.2636 8.4711 -0.11165 33.3128 8.4711 -1.74051 -34.6684 -1.5289 -2.14323 -34.6703 -3.0289 -5.79847 -34.1959 -1.5289 -9.15843 -33.4525 -1.5289 -8.12073 -33.7362 -3.0289 -12.4256 -32.3711 -3.0289 -12.4231 -32.3642 -1.5289 -15.5686 -30.9698 -1.5289 -16.335 -30.5777 -3.0289 -18.6797 -29.1786 -1.5289 -19.8554 -28.3847 -3.0289 -23.7976 -25.2001 -3.0289 -22.2004 -26.5978 -1.5289 -25.2554 -23.6622 -1.5289 -26.8364 -21.8188 -3.0289 -28.7613 -19.2305 -3.0289 -27.8983 -20.4652 -1.5289 -29.7603 -17.5715 -1.5289 -31.0515 -15.1629 -1.5289 -30.9184 -15.4361 -3.0289 -32.7091 -11.1264 -1.5289 -32.57 -11.5345 -3.0289 -33.5606 -8.01553 -3.0289 -33.5606 -8.01553 -1.5289 -33.909 -6.33097 -1.5289 -34.0582 -5.48256 -3.0289 -34.4108 -2.21382 -3.0289 -34.2668 -3.92924 -1.5289 -34.4689 -0.495386 -1.5289 -34.4095 2.23925 -3.0289 -34.2457 3.95357 -1.5289 -33.4743 8.18573 -3.0289 -33.1815 9.22115 -1.5289 -31.8244 13.0758 -3.0289 -31.8176 13.073 -1.5289 -29.5169 17.693 -3.0289 -29.9456 16.9453 -1.5289 -28.063 19.8257 -1.5289 -26.0925 22.38 -3.0289 -25.8086 22.7046 -1.5289 -23.5403 24.9973 -3.0289 -22.7978 25.6855 -1.5289 -20.4529 27.6328 -3.0289 -19.3606 28.375 -1.5289 -15.9769 30.3811 -3.0289 -14.8867 30.9476 -1.5289 -12.8555 31.8232 -3.0289 -8.84017 33.1792 -3.0289 -10.081 32.824 -1.5289 -6.94905 33.5979 -1.5289 -3.76666 34.1301 -3.0289 -3.33815 34.1749 -1.5289 -0.116159 34.3127 -3.0289 -0.116159 34.3127 -1.5289 0.543471 33.2888 -0.381506 0.542445 33.309 1.08632 17.6828 -21.0004 11.6566 16.7323 -21.2393 11.9711 18.4266 -20.9246 11.6657 18.986 -20.766 11.6728 19.5342 -20.4729 11.6688 19.6317 -20.8376 11.9711 19.8517 -20.241 11.6708 21.265 -18.7526 11.9711 20.3032 -19.7904 11.6745 20.6151 -19.3015 11.6707 20.7837 -18.9415 11.6654 20.9217 -18.4827 11.6715 21.0083 -17.8231 11.6633 20.8918 -16.9283 11.9704 20.5009 -16.045 11.679 19.9798 -15.4415 11.6726 19.6292 -15.156 11.6739 18.9314 -14.7741 11.6782 20.0697 -14.9873 11.9711 18.2589 -14.6162 11.6714 18.4654 -20.9166 0.271197 19.0676 -20.7318 0.270164 19.5579 -20.4575 0.271555 19.882 -20.2153 0.272001 20.3042 -19.7814 0.279267 20.6156 -19.3019 0.270798 20.7827 -18.9408 0.265192 20.9229 -18.483 0.268487 21.0098 -17.6777 0.257414 20.8348 -16.7639 0.269686 20.4409 -15.954 0.265038 19.9509 -15.4149 0.26996 19.5873 -15.1275 0.271977 18.9221 -14.7769 0.289745 18.2591 -14.615 0.268812 17.7629 -14.5823 0.271277 20.115 -15.0296 -0.0289001 21.2085 -16.8133 -0.0288999 21.1969 -18.8257 -0.0288973 20.1596 -20.4327 -0.0288986 -18.5157 -21.4276 11.971 -16.14 -20.8211 11.6723 -15.9218 -21.1069 11.9711 -15.471 -20.3771 11.6723 -14.9665 -19.8315 11.6447 -14.5494 -19.0774 11.6834 -14.3813 -18.3483 11.671 -14.1265 -19.21 11.9711 -14.3533 -17.7675 11.6628 -14.5224 -16.8979 11.6723 -14.9381 -16.0846 11.667 -14.5392 -16.0801 11.9711 -15.3769 -15.5994 11.6723 -15.756 -15.2946 11.6704 -16.1652 -15.0605 11.6732 -15.8162 -14.8817 11.9711 -16.732 -14.84 11.6839 -16.9307 -21.0949 0.261595 -16.0398 -20.7698 0.273037 -15.4167 -20.3296 0.27213 -14.9117 -19.7538 0.272279 -14.5158 -18.9839 0.293826 -14.3766 -18.3092 0.270166 -14.3596 -17.6795 0.277032 -14.5527 -16.8159 0.253036 -14.9268 -16.1128 0.269453 -15.2892 -15.6842 0.270753 -15.724 -15.3109 0.258238 -16.2011 -15.0434 0.271229 -16.813 -14.819 0.272279 -16.3715 -14.6088 -0.028899 -14.3715 -16.2206 -0.0288865 -14.1217 -18.8446 -0.0289001 -14.968 -20.3601 -0.0289001 -17.3977 14.2235 11.6717 -16.7525 14.3541 11.6726 -16.2325 14.5726 11.6716 -15.7407 14.889 11.6721 -15.7107 14.4545 11.9711 -15.3004 15.3056 11.6748 -14.8524 15.9593 11.6739 -14.5219 15.889 11.9711 -14.5225 16.9811 11.6801 -14.2056 18.0835 11.9711 -14.5394 17.8036 11.672 -14.6757 18.4444 11.6704 -15.1136 19.2868 11.6806 -15.754 19.953 11.6776 -16.6753 20.4554 11.6752 -16.4132 20.8984 11.9711 -17.4011 14.2202 0.27064 -16.6835 14.3773 0.267529 -16.1912 14.5948 0.271856 -15.6842 14.9349 0.272743 -15.2536 15.3615 0.271158 -14.8059 16.056 0.283492 -14.5123 17.0814 0.281982 -14.5445 17.843 0.269934 -14.7085 18.5368 0.269231 -15.1619 19.3531 0.290084 -15.6634 19.8715 0.275986 -16.4141 20.3506 0.292266 -17.6552 20.6293 0.271775 -18.6834 20.8754 -0.0288092 -15.453 20.2641 -0.0288994 -14.0429 17.2586 -0.0288993 -15.4773 14.6319 -0.0288974 -18.2088 13.8264 -0.0289001 17.8553 14.3664 11.6737 17.8386 13.8868 11.9711 18.8933 14.6059 11.6818 19.5664 15.0141 11.6736 20.0166 15.4136 11.673 20.4796 16.0773 11.673 20.6351 15.611 11.9711 20.7581 16.8381 11.6706 20.8446 17.5606 11.6736 20.7756 18.2112 11.6751 20.526 18.9738 11.6779 20.1451 19.5621 11.6685 21.0819 18.5242 11.9709 19.8605 19.8704 11.6711 19.4606 20.2077 11.6684 19.5473 20.5953 11.9711 18.7141 20.5939 11.6661 17.9141 20.765 11.6714 17.8639 14.361 0.26669 18.9831 14.6448 0.265863 19.5984 15.0386 0.271211 20.0687 15.4742 0.283167 20.5284 16.1798 0.266232 20.7791 16.9322 0.266177 20.8416 17.5578 0.268078 20.7584 18.3147 0.28985 20.453 19.1114 0.268817 20.0723 19.6478 0.271841 19.6451 20.0674 0.272009 18.9864 20.4847 0.263848 18.2647 20.7138 0.270297 17.5698 20.7741 0.279931 16.9752 20.7078 -0.0282331 19.0508 20.8619 -0.0289004 20.9243 18.9608 -0.0288578 20.9071 16.0616 -0.0288924 15.1072 -29.6273 4.92155 8.31874 -13.5856 5.4778 15.0781 -29.6385 5.34059 14.9613 -29.6911 5.87239 8.16596 -13.6788 6.02789 7.93365 -13.8157 6.46611 14.6893 -29.8003 6.40273 14.2536 -29.9639 6.9146 7.4911 -14.0645 6.98353 13.7109 -30.206 7.27155 6.92536 -14.353 7.32155 13.1781 -30.4387 7.44362 6.29542 -14.6441 7.47654 12.6988 -30.6354 7.4714 5.71654 -14.8789 7.43377 12.2908 -30.7988 7.41353 11.834 -30.9988 7.24792 5.08451 -15.1074 7.21753 11.4207 -31.1609 6.98559 4.60102 -15.2632 6.87541 11.1047 -31.3042 6.67369 4.31262 -15.3463 6.5697 3.99766 -15.4319 6.09011 10.8167 -31.4252 6.2624 10.627 -31.5054 5.82562 3.81015 -15.4786 5.53503 10.5323 -31.5455 5.45455 3.74419 -15.4949 5.06277 15.6616 -29.819 5.10355 14.6358 -30.347 7.49051 12.4068 -31.325 8.00219 10.7262 -31.9376 6.78981 -29.397 -15.2481 4.80686 -13.3467 -8.48887 5.34743 -29.4111 -15.2161 5.40948 -13.4414 -8.3314 5.97373 -29.5176 -14.9891 6.14651 -13.6099 -8.04702 6.52831 -29.6567 -14.6402 6.67048 -13.7883 -7.72718 6.89103 -29.8351 -14.2152 7.06403 -13.96 -7.40569 7.15026 -30.0272 -13.7659 7.30918 -14.1717 -6.97775 7.35349 -30.2094 -13.3204 7.44299 -14.3388 -6.6164 7.44656 -14.5624 -6.09666 7.47341 -30.4334 -12.7861 7.47014 -14.7441 -5.619 7.36996 -30.6399 -12.315 7.3786 -14.8457 -5.33474 7.25885 -30.7644 -11.9994 7.25452 -14.9402 -5.05404 7.10453 -30.9066 -11.613 7.02377 -15.0249 -4.78415 6.90403 -31.0601 -11.2943 6.71946 -15.1267 -4.43815 6.55441 -31.1588 -11.0615 6.42564 -31.2544 -10.815 5.95129 -15.223 -4.07608 5.93679 -15.2668 -3.89896 5.19149 -31.3276 -10.6589 5.3468 -29.6277 -15.7475 6.08693 -30.7298 -13.6616 8.34749 -31.6214 -11.1557 7.20894 -15.0222 29.2537 4.9711 -8.28154 13.1856 5.05597 -14.9896 29.247 5.38513 -8.22048 13.2244 5.59823 -14.8448 29.3278 5.93791 -8.07481 13.3121 6.04192 -7.93591 13.3946 6.33011 -14.6847 29.3968 6.278 -7.66324 13.553 6.73305 -14.4208 29.5084 6.67077 -7.32907 13.7333 7.0378 -14.0629 29.656 7.0031 -6.95959 13.9247 7.27177 -13.6382 29.8438 7.27804 -6.51043 14.1367 7.42406 -13.1228 30.0498 7.43513 -6.2134 14.269 7.46634 -5.82063 14.4327 7.46694 -12.5734 30.2761 7.47527 -12.0157 30.5153 7.35807 -5.33498 14.6183 7.35181 -4.96793 14.7461 7.19008 -11.586 30.6931 7.15412 -4.55091 14.8797 6.90014 -11.1011 30.8974 6.76511 -4.19236 14.9844 6.52576 -10.8027 31.0237 6.36865 -3.86784 15.0711 5.97621 -10.5408 31.1317 5.82768 -3.73094 15.1048 5.52944 -3.67277 15.1194 5.14515 -10.4098 31.1844 5.16255 -15.4386 29.5321 6.12901 -13.6721 30.388 8.02386 -11.1405 31.3937 7.37626 -10.2612 31.693 5.74821 0.75358 15.5469 0.171097 1.31551 15.7987 -0.0288999 1.92884 15.4523 0.177881 3.0906 15.2647 0.171097 4.23923 14.9959 0.167548 5.36387 14.6362 -0.0288936 6.45291 14.2014 0.166029 7.5095 13.6789 0.171097 8.19137 13.2893 0.171097 8.21499 13.5593 -0.0289001 9.17793 12.6444 0.178706 10.1089 11.9238 0.171097 10.7204 11.6785 -0.0289005 10.7 11.4069 0.171097 11.2647 10.8611 0.171097 12.5621 9.73098 -0.0289001 12.1073 9.9408 0.171011 12.7859 9.06466 0.171097 13.2312 8.4178 0.171097 14.5822 6.49282 -0.0289 14.1652 6.84406 0.164507 15.0922 4.46563 0.173195 15.3786 3.38704 0.171097 15.5377 2.618 0.171097 15.7157 1.38127 0.171102 15.8918 1.93324 -0.0289001 15.7826 0.276779 0.171097 15.7745 -0.970478 0.177153 15.9032 -2.29516 -0.0289001 15.6181 -2.53456 0.170996 15.4102 -3.6223 0.171097 14.7048 -6.6368 -0.0289004 15.0945 -4.82894 0.179146 14.5568 -6.30651 0.170877 14.0872 -7.30892 0.171097 13.7148 -8.00029 0.171097 13.3083 -8.67224 0.171097 12.5523 -10.1308 -0.0289003 12.5984 -9.69885 0.171073 11.8954 -10.5551 0.171097 11.3639 -11.1332 0.171097 10.4651 -11.9983 0.171096 9.60593 -12.6987 0.171097 9.96254 -12.7541 -0.0289021 8.84347 -13.2486 0.191387 6.65087 -14.5412 -0.0288875 5.81943 -14.8682 0.156455 3.99472 -15.4322 0.171097 2.68698 -15.7155 0.179617 2.27838 -16.1312 -0.0289054 1.67835 -15.8514 0.171097 0.503706 -15.933 0.172463 13.4146 8.13027 5.15038 13.4581 8.05967 5.6475 29.5148 14.8004 5.64998 13.5557 7.89986 6.11148 29.6107 14.5627 6.23052 13.6979 7.6567 6.54482 29.7141 14.3191 6.6074 13.9445 7.21227 7.02081 29.876 13.9279 6.99437 30.0418 13.5385 7.24441 14.1871 6.73494 7.3043 30.2561 13.0294 7.42598 14.4068 6.27117 7.44391 30.4603 12.5402 7.47692 14.6464 5.70615 7.46702 30.6114 12.1662 7.43485 14.897 5.04542 7.31023 30.8029 11.7236 7.30702 15.1184 4.36499 6.87542 31.0032 11.2169 7.00533 31.1833 10.8149 6.6013 15.2275 3.9836 6.43535 31.2724 10.6022 6.27469 15.2887 3.75285 6.03999 31.3367 10.4474 5.95995 31.4013 10.3002 5.42183 15.3382 3.56129 5.43304 31.4135 10.2633 5.03205 15.3463 3.52311 5.03086 29.6661 15.4469 5.11696 29.9385 14.924 6.74586 30.5797 13.6025 7.94924 31.5357 11.2288 7.57282 31.9362 10.0522 5.54892 1.62474 -16.8911 11.9711 0.505071 -15.9363 10.9655 1.67835 -15.8514 10.9711 2.77194 -15.6999 10.9656 3.99472 -15.4322 10.9711 4.87661 -16.2507 11.9711 5.87633 -14.8446 10.9666 8.83483 -14.5092 11.9711 8.04068 -13.7588 10.9662 8.97038 -13.16 10.9711 9.97129 -12.4165 10.9706 10.8042 -11.684 10.9711 12.2961 -11.6596 11.9711 11.3639 -11.1332 10.9711 12.1985 -10.2049 10.9673 14.1103 -9.29861 11.9711 12.8688 -9.32309 10.9711 13.3083 -8.67224 10.9711 13.7148 -8.00029 10.9711 15.2374 -7.27285 11.9711 14.2947 -6.8946 10.9751 14.8919 -5.44118 10.9699 15.2199 -4.3842 10.9711 15.509 -3.16977 10.9777 15.729 -1.61535 10.9706 16.4768 -3.64642 11.9711 16.8087 0.439978 11.9711 15.7862 -0.50853 10.9711 15.7666 0.74042 10.9706 15.6582 1.84199 10.9711 16.3518 3.75124 11.9711 15.5377 2.618 10.9711 15.3047 3.70942 10.9707 14.6957 5.61791 10.9746 15.2201 6.97437 11.9711 13.8187 7.45234 10.9695 13.3199 10.0793 11.9711 13.2312 8.4178 10.9711 12.7859 9.06466 10.9711 12.0179 10.0464 10.9707 11.2647 10.8611 10.9711 10.7 11.4069 10.9711 10.6105 12.8511 11.9711 10.1089 11.9238 10.9711 9.17943 12.6475 10.9696 7.50902 14.8595 11.9711 8.19137 13.2893 10.9711 7.5095 13.6789 10.9711 6.80906 14.034 10.9711 5.72666 14.5036 10.9678 4.23867 14.9995 10.9655 3.0906 15.2647 10.9711 2.79718 16.3783 11.9711 1.92898 15.4556 10.9715 0.75358 15.5469 10.9711 0.18157 -31.6866 10.9711 -2.56435 -30.6025 11.9711 -3.17107 -31.548 10.9722 -6.33316 -30.0255 11.9711 -6.06278 -31.0902 10.9711 -9.30266 -30.2959 10.9712 -10.0835 -28.9836 11.9711 -13.6865 -28.567 10.9712 -14.4966 -27.0366 11.9711 -17.7791 -26.1931 10.9722 -18.2527 -24.6215 11.9711 -20.0993 -24.4084 10.9711 -22.5614 -22.1649 10.9693 -22.0639 -21.2567 11.9711 -25.0746 -19.2157 10.9712 -25.01 -17.6023 11.9711 -26.344 -17.3963 10.9711 -28.0377 -14.5223 10.9712 -27.3222 -13.7667 11.9711 -29.2308 -11.8273 10.9711 -28.8282 -10.0311 11.9711 -29.7747 -10.3538 10.9711 -29.6427 -7.3068 11.9711 -30.4938 -7.96712 10.9712 -31.2474 -4.05531 10.9712 -30.3723 -2.80395 11.9711 -31.4753 0.623071 10.9663 -30.3792 2.53927 11.9711 -31.1242 4.46579 10.9781 -30.4964 7.58322 10.9712 -29.4888 7.56816 11.9711 -29.8652 9.71062 10.9711 -28.6745 12.8261 10.9712 -27.9208 12.0586 11.9711 -26.8367 16.2593 10.974 -26.0398 15.6541 11.9711 -24.4473 18.0112 11.9711 -25.6193 18.0855 10.9711 -22.1413 20.7884 11.9712 -23.5927 20.6784 10.9658 -18.8399 23.8066 11.9711 -20.1878 23.9934 10.9728 -16.3542 26.7403 10.9712 -14.6825 26.5596 11.9711 -13.7558 28.1317 10.9711 -10.7367 29.4393 10.9774 -9.10122 28.9787 11.9711 -6.97701 30.5309 10.9712 -3.13747 30.1778 11.9711 -3.88316 31.0769 10.9712 -0.749424 31.3122 10.9712 -0.102631 31.3128 -2.5289 2.14933 31.7526 -3.0289 2.12409 31.2531 -2.522 5.23789 30.8902 -2.53551 5.90982 31.2999 -3.02892 8.31479 30.216 -2.5283 9.81551 30.2962 -3.0289 11.3076 29.2384 -2.52173 13.7383 28.757 -3.0289 13.5786 28.255 -2.5289 14.9795 27.5447 -2.5289 17.0111 26.3571 -2.53301 17.6786 26.5478 -3.02892 19.4749 24.6139 -2.52831 20.8884 24.1054 -3.0289 21.9483 22.4636 -2.52764 24.1735 20.0704 -2.52595 25.0681 19.8756 -3.02886 26.0004 17.6638 -2.52101 28.0142 15.3694 -3.0289 27.5805 15.1202 -2.52198 28.965 12.3082 -2.53549 29.6745 11.9642 -3.02892 29.8536 9.98003 -2.5289 30.5046 7.85594 -2.5355 31.1544 7.4117 -3.02892 31.1795 4.64444 -2.53256 31.4987 1.52633 -2.53303 32.0228 1.98424 -3.02892 31.5329 -0.830151 -2.5289 31.4027 -3.18139 -2.53303 31.877 -3.68794 -3.02892 30.9996 -8.39354 -3.02892 30.953 -6.30235 -2.52906 30.4003 -8.5815 -2.5289 29.9441 -10.0844 -2.5289 29.181 -12.1696 -2.5355 29.4308 -12.9159 -3.02892 28.135 -14.4309 -2.5289 26.845 -17.7685 -3.02892 27.0607 -16.3941 -2.52176 25.6982 -18.4593 -2.5289 23.3053 -22.2001 -3.02892 24.3401 -20.2443 -2.52404 22.6883 -22.0794 -2.5289 21.09 -23.6324 -2.52829 18.6258 -26.3491 -3.02893 18.6441 -25.617 -2.52173 15.9176 -27.4069 -2.52786 13.1206 -28.8488 -2.52503 12.7761 -29.5892 -3.02891 10.3368 -29.9657 -2.5355 7.07725 -31.4626 -3.02888 7.94996 -30.6775 -2.5289 5.78355 -31.1679 -2.53179 3.31722 -31.5159 -2.5289 1.60364 -32.1693 -3.02889 1.08131 -31.6787 -2.52374 -1.47674 31.3017 -0.0289001 3.23192 31.1761 -0.0289001 7.87042 30.3501 -0.0289001 11.5478 29.1452 -0.0289001 14.2847 27.9145 -0.0289001 16.3433 26.7656 -0.0289001 19.1181 24.9097 -0.0289001 22.6453 21.7859 -0.0288995 25.1543 18.8409 -0.0289 26.9238 16.246 -0.0289001 28.7974 12.7288 -0.0289001 30.1032 9.2359 -0.0289001 30.7178 6.96097 -0.0289001 31.2964 3.87347 -0.0289001 31.5471 0.0941331 -0.0289001 31.4617 -2.39917 -0.0289001 31.1047 -5.51956 -0.0289001 30.4003 -8.5815 -0.0289001 29.365 -11.7561 -0.0289001 27.7131 -15.2528 -0.0289001 26.5771 -17.1576 -0.0289001 24.6522 -19.8858 -0.0288994 22.6883 -22.0794 -0.0289001 20.8925 -23.8082 -0.0289002 18.4355 -25.7681 -0.0289001 15.9168 -27.3996 -0.0289001 13.8347 -28.5055 -0.0289001 11.5547 -29.5162 -0.0289001 9.45996 -30.2453 -0.0289001 7.05407 -30.9051 -0.0289001 3.12506 -31.5606 -0.0289001 0.317529 -28.1885 11.7077 0.476031 -22.1943 11.9707 1.21896 -28.0082 11.9698 2.20112 -27.4013 11.7108 2.92325 -26.3605 11.9707 2.68951 -26.8001 11.7189 3.14776 -25.551 11.7094 3.45561 -24.829 11.9711 3.02015 -24.2195 11.7187 2.61498 -23.4654 11.7259 2.18382 -22.5751 11.9711 2.1092 -22.8957 11.7285 1.2666 -22.3855 11.7264 1.61925 -27.812 5.97153 2.1863 -27.4063 5.97524 2.69654 -26.8015 5.96887 3.15779 -25.5597 5.96704 2.97952 -24.1071 5.97813 2.57773 -23.4167 5.96966 2.16922 -22.9495 5.97107 1.56866 -22.5394 5.96817 0.791247 -22.2351 5.97514 -0.0920325 -22.192 5.96606 0.807645 -28.1362 5.96994 0.152468 -25.1865 4.16872 -0.602923 -31.6862 8.9711 -4.32369 -31.4086 8.9711 -7.5956 -30.7476 8.9711 -10.4241 -29.9248 8.9711 -14.0855 -28.3525 8.9711 -17.4381 -26.4236 8.9711 -20.0993 -24.4084 8.9711 -22.29 -22.4406 8.9711 -24.4994 -19.9377 8.9711 -25.8352 -18.1679 8.9711 -27.169 -16.0598 8.9711 -28.5545 -13.4615 8.9711 -29.7747 -10.3538 8.9711 -30.4244 -8.23447 8.9711 -30.957 -5.79671 8.9711 -31.3703 -2.88083 8.9711 -31.4431 1.10359 8.9711 -31.0636 4.95407 8.9711 -30.1513 8.83136 8.9711 -29.3347 11.1889 8.9711 -28.1668 13.8926 8.9711 -26.1516 17.3301 8.9711 -23.82 20.4178 8.9711 -20.4826 23.7437 8.9711 -17.2906 26.1281 8.9711 -14.5833 27.7235 8.9711 -11.0607 29.3193 8.9711 -7.87101 30.3037 8.9711 -4.99393 30.9338 8.9711 -0.29871 31.3363 8.9711 3.78905 -15.4836 4.50025 3.98185 -15.4359 3.88848 4.33777 -15.3392 3.34076 4.66724 -15.2422 3.0083 5.22488 -15.0593 2.65851 5.89193 -14.8098 2.47471 6.38161 -14.6038 2.48406 6.79975 -14.4141 2.57263 7.15646 -14.2378 2.73826 7.54214 -14.0362 3.0047 7.84313 -13.8682 3.3483 8.08809 -13.7253 3.74619 8.30137 -13.5973 4.34369 8.36539 -13.5561 4.9941 15.3447 3.53041 4.7603 15.3321 3.5811 4.41747 15.3086 3.67548 4.10112 15.2624 3.85325 3.7017 15.164 4.20869 3.22803 15.0435 4.60403 2.88006 14.9092 5.00598 2.6614 14.7566 5.42513 2.52035 14.5286 5.98881 2.46486 14.3157 6.46642 2.54427 14.0491 7.0194 2.77624 13.7145 7.62827 3.35057 13.5171 7.96287 3.97872 13.4486 8.07494 4.38637 13.4256 8.1121 4.61044 13.4124 8.13353 4.87315 -1.27067 33.3 -1.52878 -1.53214 33.2837 0.494366 -3.44639 33.1312 -1.5289 -0.602335 33.3054 0.809482 -5.10283 32.9161 -1.5289 -6.74648 32.6186 -1.5289 -8.37327 32.2396 -1.5289 -10.3536 31.6644 3.63564 -10.655 31.5705 -1.52873 -12.4675 30.8973 1.86905 -13.986 30.2468 -1.52887 -16.1146 29.1609 -1.5289 -14.589 29.9585 2.52105 -17.5574 28.3192 -1.5289 -18.9564 27.4067 -1.5289 -20.3082 26.4255 -1.5289 -21.6095 25.3782 -1.5289 -22.8569 24.2673 -1.5289 -24.0473 23.0956 -1.5289 -25.1779 21.866 -1.5289 -26.2458 20.5816 -1.5289 -27.2484 19.2456 -1.5289 -28.1831 17.8613 -1.5289 -29.0476 16.432 -1.5289 -29.8399 14.9615 -1.5289 -30.5578 13.4533 -1.5289 -31.1997 11.9112 -1.5289 -31.7639 10.339 -1.5289 -32.249 8.74068 -1.5289 -32.6539 7.12014 -1.5289 -32.9775 5.48142 -1.5289 -33.2236 3.79351 -1.52896 -33.4651 -0.368115 -1.5289 -33.4471 -0.979068 -0.42198 -33.4586 -0.527024 1.12132 -33.4003 -2.28827 0.520175 -33.1814 -4.50233 -1.5289 -32.925 -6.15289 -1.5289 -32.5867 -7.78862 -1.5289 -32.1672 -9.40545 -1.5289 -31.8711 -10.3809 4.957 -31.4362 -11.6891 -1.52884 -30.0276 -14.9845 -1.52879 -28.8965 -17.0676 -1.5289 -28.0191 -18.489 -1.5289 -27.072 -19.8648 -1.5289 -26.0574 -21.1917 -1.5289 -24.9779 -22.4665 -1.5289 -23.8363 -23.6858 -1.5289 -22.6353 -24.8467 -1.5289 -21.3779 -25.9463 -1.5289 -20.0673 -26.9818 -1.5289 -18.7067 -27.9508 -1.5289 -17.2995 -28.8507 -1.5289 -15.8492 -29.6793 -1.5289 -14.3593 -30.4346 -1.5289 -12.8337 -31.1147 -1.5289 -11.2761 -31.718 -1.5289 -9.69032 -32.2428 -1.5289 -8.08036 -32.688 -1.5289 -6.45023 -33.0523 -1.5289 -4.80396 -33.3349 -1.5289 -2.47019 -33.5958 -1.52795 -1.52535 -33.6504 0.0092996 -0.494141 -33.6828 1.28284 1.06975 -33.6792 -1.5289 2.9717 -33.5583 1.27071 5.10424 -33.3027 -1.52912 1.86023 -33.6374 8.4711 3.52534 -33.5051 8.4711 5.18177 -33.2899 8.4711 6.82543 -32.9924 8.4711 6.82543 -32.9924 -1.5289 8.45221 -32.6134 -1.5289 10.0581 -32.1537 -1.5289 12.3907 -31.3408 -1.52886 8.52638 -32.595 8.48783 11.6404 -31.6227 2.23211 14.7106 -30.3035 -1.5289 12.2957 -31.3823 8.46006 16.1935 -29.5347 -1.5289 15.2354 -30.0413 3.29522 17.6363 -28.6931 -1.5289 15.9 -29.701 8.47923 19.0354 -27.7805 -1.5289 17.6363 -28.6931 8.4711 19.0354 -27.7805 8.4711 20.3872 -26.7993 8.4711 20.3872 -26.7993 -1.5289 21.6884 -25.752 8.4711 21.6884 -25.752 -1.5289 22.9358 -24.6411 -1.5289 22.9358 -24.6411 8.4711 24.1263 -23.4694 8.4711 24.1263 -23.4694 -1.5289 25.2569 -22.2398 8.4711 25.2569 -22.2398 -1.5289 26.3248 -20.9555 8.4711 26.3248 -20.9555 -1.5289 27.3273 -19.6194 8.4711 27.3273 -19.6194 -1.5289 28.2621 -18.2351 8.4711 28.2621 -18.2351 -1.5289 29.1266 -16.8059 8.4711 29.1266 -16.8059 -1.5289 29.9188 -15.3353 -1.5289 29.9188 -15.3353 8.4711 30.6368 -13.8271 8.4711 30.6368 -13.8271 -1.5289 31.2786 -12.285 8.4711 31.2786 -12.285 -1.5289 31.8428 -10.7128 8.4711 31.8428 -10.7128 -1.5289 32.328 -9.11449 8.4711 32.328 -9.11449 -1.5289 32.7328 -7.49395 8.4711 32.7328 -7.49395 -1.5289 33.0564 -5.85523 8.4711 33.0564 -5.85523 -1.5289 33.4567 -2.53963 -1.5289 33.2979 -4.20243 8.4711 33.2979 -4.20243 -1.5289 33.5318 -1.03297 -0.176741 33.5464 0.0812698 -1.52885 33.4567 -2.53963 8.4711 33.4342 2.46723 -1.5289 33.5163 0.98954 -0.541295 33.5325 -0.870998 8.4711 33.5249 0.799339 8.4711 33.4342 2.46723 8.4711 33.2604 4.12852 8.4711 33.2604 4.12852 -1.5289 33.004 5.77908 8.4711 33.004 5.77908 -1.5289 32.6656 7.41481 -1.5289 32.6656 7.41481 8.4711 32.2461 9.03164 -1.5289 31.7466 10.6255 -1.5289 31.8864 10.1979 3.95386 31.1682 12.1926 -1.5289 31.6035 11.0438 2.59373 32.1772 9.28977 8.50544 30.1046 14.6127 -1.52879 28.9755 16.6938 -1.5289 30.0054 14.8137 8.4827 28.9755 16.6938 8.4711 28.0981 18.1152 -1.5289 28.0981 18.1152 8.4711 27.1509 19.491 8.4711 27.1509 19.491 -1.5289 26.1363 20.8179 -1.5289 26.1363 20.8179 8.4711 25.0569 22.0927 8.4711 25.0569 22.0927 -1.5289 23.9152 23.312 -1.5289 23.9152 23.312 8.4711 22.7142 24.4729 8.4711 22.7142 24.4729 -1.5289 21.4569 25.5725 -1.5289 21.4569 25.5725 8.4711 20.1462 26.608 8.4711 20.1462 26.608 -1.5289 18.7856 27.5769 8.4711 18.7856 27.5769 -1.5289 17.3784 28.4769 8.4711 17.3784 28.4769 -1.5289 15.9281 29.3055 8.4711 15.9281 29.3055 -1.5289 14.4383 30.0608 -1.5289 14.4383 30.0608 8.4711 12.9127 30.7409 -1.5289 12.9127 30.7409 8.4711 11.355 31.3442 8.4711 11.355 31.3442 -1.5289 9.76926 31.869 -1.5289 9.76926 31.869 8.4711 8.15931 32.3141 -1.5289 8.15931 32.3141 8.4711 6.52918 32.6785 8.4711 6.52918 32.6785 -1.5289 4.8829 32.9611 8.4711 4.8829 32.9611 -1.5289 3.0612 33.1781 -1.52891 3.22459 33.1613 8.4711 1.64624 33.2767 -0.245633 1.55836 33.2786 8.4711 0.39538 -33.6844 -0.643279 2.48904 -33.5997 1.09933 -0.424745 15.5592 0.172469 -0.42611 15.5625 10.9655 -1.9201 15.4452 0.173517 -2.05727 15.4274 10.9707 -3.31218 15.2062 0.171707 -3.68562 15.1164 4.64518 -3.87305 15.0712 3.94963 -4.12765 15.002 3.51317 -3.15094 15.2366 10.9711 -4.45054 14.9102 3.12299 -5.00247 14.7399 0.170102 -4.8693 14.779 2.80997 -5.47209 14.5717 2.54104 -6.9329 13.952 0.173211 -4.26306 14.9696 10.9651 -6.13661 14.3031 2.46486 -6.61401 14.0893 2.5443 -6.92976 13.9377 2.66095 -7.31519 13.7411 2.88911 -7.83551 13.4532 3.42917 -6.16057 14.3069 10.9642 -8.23367 13.2152 0.171097 -8.14323 13.2707 4.08069 -8.23378 13.2152 4.43916 -8.27611 13.1887 4.77436 -8.89143 12.7862 0.171097 -7.9497 13.3923 10.9699 -8.89143 12.7862 10.9711 -9.78522 12.1289 0.174829 -9.893 12.0422 10.9707 -10.7252 11.3102 0.171097 -10.7252 11.3102 10.9711 -11.2849 10.7593 0.171097 -11.2849 10.7593 10.9711 -12.072 9.88615 0.169368 -12.0765 9.88607 10.9683 -12.7899 8.94928 0.171097 -12.7899 8.94928 10.9711 -13.4054 8.02507 10.966 -13.4766 7.90746 0.168442 -14.0083 6.93512 10.9711 -14.5071 5.86752 0.169264 -14.504 5.86635 10.9762 -14.9129 4.76186 10.9711 -14.9129 4.76186 0.171097 -15.2301 3.69177 10.9658 -15.2622 3.56281 0.168448 -15.5515 2.08961 10.9726 -15.5482 2.08895 0.172267 -15.7006 0.527409 0.16947 -15.6975 0.521543 10.9652 -15.7037 -0.650589 10.9711 -15.7037 -0.650589 0.171097 -15.661 -1.43474 10.9711 -15.661 -1.43474 0.171097 -15.5793 -2.2158 10.9711 -15.5169 -2.67629 0.168609 -15.2997 -3.76084 0.171097 -15.2589 -3.93229 4.50735 -15.2155 -4.10498 3.95591 -15.1316 -4.41973 3.41717 -15.012 -4.82625 2.99826 -15.4328 -3.14225 10.9604 -14.9089 -5.1484 2.77998 -14.9152 -5.17469 0.167601 -15.0045 -4.86796 10.9687 -14.7846 -5.50941 2.60603 -14.5948 -6.01109 2.4835 -14.1068 -7.12375 0.170178 -14.3978 -6.4832 2.47719 -14.1874 -6.94568 2.57035 -14.0112 -7.3037 2.73822 -13.8766 -7.56364 2.90872 -14.4438 -6.38853 10.965 -13.7504 -7.79617 3.11945 -13.5916 -8.07831 3.46356 -13.471 -8.28208 3.8538 -13.9435 -7.43538 10.9711 -12.7536 -9.37482 0.173421 -13.3792 -8.43286 4.29397 -13.3336 -8.50704 4.81252 -13.3313 -8.5193 10.9672 -12.7069 -9.43846 10.9711 -12.2299 -10.0623 10.9711 -12.2299 -10.0623 0.171097 -11.4617 -10.9564 10.9755 -11.4594 -10.954 0.170065 -10.6211 -11.7807 0.171097 -10.3322 -12.0437 10.9761 -9.78137 -12.5057 0.165006 -9.09995 -13.0217 10.9715 -8.11242 -13.6632 0.171097 -8.11242 -13.6632 10.9711 -7.43055 -14.0527 0.171097 -7.43055 -14.0527 10.9711 -6.37541 -14.5782 0.166372 -6.37385 -14.5752 10.9735 -5.28052 -15.0112 10.9711 -5.28052 -15.0112 0.171097 -4.53498 -15.258 10.9711 -4.53498 -15.258 0.171097 -3.77806 -15.4673 0.171097 -3.77806 -15.4673 10.9711 -2.62539 -15.7162 10.9682 -2.62546 -15.7127 0.172504 -1.45801 -15.8656 0.171097 -1.45801 -15.8656 10.9711 -0.674631 -15.9207 0.171097 -0.674631 -15.9207 10.9711 24.0266 24.6288 -3.0289 21.4318 26.8882 -3.0289 26.932 21.4583 -3.0289 17.9127 29.3625 -3.0289 28.9356 18.6615 -3.0289 13.9524 31.394 -3.0289 30.6879 15.7002 -3.0289 11.6928 32.2854 -3.0289 32.4187 11.7624 -3.0289 9.08982 33.115 -3.0289 33.6606 7.64547 -3.0289 34.3659 3.40405 -3.0289 3.93843 34.1448 -3.0289 34.5493 -0.183706 -3.0289 -2.73487 31.7508 -3.02888 34.2915 -4.53886 -3.0289 -8.33345 30.7287 -3.02892 33.5173 -8.54938 -3.0289 32.314 -12.4549 -3.0289 -12.8468 29.1358 -3.02892 -17.0743 26.8871 -3.02891 29.7291 -17.8616 -3.0289 27.1094 -21.5754 -3.0289 -20.1389 24.6609 -3.0289 25.0132 -24.0293 -3.0289 -23.3784 21.6872 -3.02889 21.7947 -26.9756 -3.0289 -26.8636 17.1946 -3.02889 18.1795 -29.5732 -3.0289 -29.5297 12.1758 -3.02887 13.5927 -31.9365 -3.0289 9.68348 -33.3218 -3.0289 -31.0484 7.47773 -3.0289 6.18707 -34.1488 -3.0289 -31.7601 3.58024 -3.0289 2.77367 -34.5848 -3.0289 -31.9698 -0.629685 -3.0289 -3.52781 -32.0262 -3.02887 -31.6773 -4.65079 -3.02892 -30.9091 -8.35832 -3.0289 -9.192 -30.8494 -3.0289 -29.964 -11.3668 -3.0289 -13.4184 -29.2517 -3.02892 -27.8348 -16.0196 -3.02892 -17.6003 -26.9211 -3.02892 -25.3044 -19.7387 -3.0289 -22.0531 -23.418 -3.02889 24.4665 22.0462 8.97116 21.6567 24.7592 8.9711 21.8393 22.5634 8.9711 19.4645 24.622 8.9711 19.1045 26.7721 8.97112 24.4743 19.7321 8.9711 26.7463 19.1973 8.9711 16.1887 26.8876 8.9711 26.7781 16.4822 8.9711 28.0493 17.2792 8.9711 15.388 29.0606 8.97116 28.634 13.0865 8.9711 30.2653 13.2021 8.97121 12.7425 28.6479 8.9711 11.8202 30.6486 8.9711 9.0071 30.0358 8.9711 8.01194 31.8614 8.97104 30.2929 8.67624 8.9711 31.9981 8.12666 8.97114 6.14173 30.7164 8.9711 31.2759 4.06898 8.9711 3.91145 32.6038 8.97112 3.67757 31.1113 8.9711 32.8079 3.88871 8.97108 31.5258 0.740459 8.9711 33.0598 -1.01343 8.97107 31.4999 -2.20501 8.9711 30.8478 -6.87109 8.9711 32.5531 -5.95307 8.97108 31.4023 -10.5323 8.97104 29.507 -11.3893 8.9711 29.908 -14.24 8.9711 27.8447 -15.0085 8.9711 28.6925 -16.5578 8.9711 26.2305 -17.7039 8.9711 26.3327 -20.2273 8.97109 23.8988 -20.7918 8.9711 21.0997 -23.6236 8.9711 22.062 -24.8108 8.97108 18.0768 -26.042 8.9711 17.4591 -28.2415 8.97112 14.6622 -28.0973 8.9711 13.7756 -30.2168 8.97114 11.8126 -29.4137 8.9711 9.45996 -30.2453 8.9711 10.6917 -31.4267 8.9711 5.92746 -32.7251 8.97113 6.61769 -31.018 8.9711 0.00597893 -33.2079 8.97108 2.53689 -31.6003 8.9711 1.46768 31.2807 10.9711 3.95182 31.0782 10.9712 6.14173 30.7164 10.9711 8.56833 30.1458 10.9712 11.5466 29.1457 10.9712 14.4087 27.8548 10.9712 17.8576 25.8197 10.9722 20.9023 23.4256 10.974 23.1266 21.2559 10.9746 25.6667 18.1727 10.9712 27.2479 15.686 10.9711 28.4263 13.488 10.9711 29.9393 9.80437 10.9712 30.7178 6.96097 10.9711 31.3263 3.68088 10.9712 31.5258 0.740459 10.9711 31.4747 -2.56671 10.9663 30.9315 -6.39204 10.9747 30.1559 -9.45048 10.9684 29.0892 -12.3908 10.9747 27.7137 -15.2518 10.9712 26.0901 -17.9122 10.9675 23.6655 -21.0592 10.9679 20.2385 -24.3907 10.9772 16.5646 -27.0272 10.9759 13.8347 -28.5055 10.9711 11.5792 -29.5067 10.9675 8.59325 -30.5127 10.9684 5.55404 -31.2097 10.9781 2.54284 -31.5931 10.9709 20.1746 -23.1521 11.9711 24.3274 -18.7211 11.9711 27.6127 -13.3136 11.9711 15.6626 -26.4245 11.9711 14.7859 -19.6722 11.9711 10.7009 -28.7823 11.9711 2.02733 -30.6461 11.9711 6.54537 -30.0095 11.9711 29.6193 -7.8095 11.9711 30.4946 -2.33135 11.9711 -2.95091 -24.116 11.9711 30.3956 3.21593 11.9711 -2.07177 -16.829 11.9711 29.5351 7.6092 11.9711 -5.32647 -16.081 11.9711 28.0443 12.0116 11.9711 25.4966 16.6554 11.9711 22.6057 20.3561 11.9711 -8.08891 -14.8585 11.9711 -10.9429 -12.8815 11.9711 -13.0789 -10.6234 11.9711 -20.813 -19.4287 11.9711 19.0005 23.7629 11.9711 -21.0396 -17.1528 11.9711 -14.4885 -8.55044 11.9711 -15.3967 -6.70212 11.9711 14.5755 26.6628 11.9711 10.1625 28.6098 11.9711 6.55644 29.6175 11.9711 -16.2622 -4.19091 11.9711 2.18391 30.276 11.9711 -16.6786 -1.41903 11.9711 -12.5626 10.8844 11.9711 -10.7208 12.6672 11.9711 -14.0311 8.92526 11.9711 -8.73881 14.1075 11.9711 -5.56258 15.6587 11.9711 -1.75158 16.4897 11.9711 -16.6277 1.97361 11.9711 -15.4917 6.18079 11.9711 -1.13006 -22.4293 5.96995 -2.18897 -23.2939 5.97334 -2.53611 -23.8484 5.96782 -2.70485 -24.2643 5.97169 -2.83596 -24.8479 5.97487 -2.80433 -25.8926 5.97404 -2.2534 -27.0068 5.96686 -1.60735 -27.6221 5.96847 -0.948564 -27.9937 5.96987 -0.174426 -28.1809 5.9738 -0.234252 -22.2062 11.7171 -1.33221 -22.5323 11.7465 -2.29597 -23.433 11.7313 -2.62979 -24.0518 11.7224 -2.77736 -24.5321 11.7224 -2.85987 -25.4071 11.701 -2.15464 -27.1404 11.9699 -1.46873 -27.722 11.7232 -0.602089 -28.1111 11.7432 -1.56363 -22.2869 11.9711 -2.68397 -26.2167 11.9706 -0.297136 -28.4767 11.9711 15.9357 20.6622 -0.0289 14.098 18.6364 -0.0288993 15.9277 14.4738 -0.0288989 14.5212 15.8634 -0.0288975 18.5221 14.0426 -0.0289001 -5.43534 30.8428 -0.0289001 -9.20012 29.9537 -0.0289001 -13.59 28.2396 -0.0289001 -17.6737 25.8913 -0.0289001 -4.8125 15.135 -0.0289 18.1273 -14.2672 -0.0288996 -20.8113 23.4364 -0.0288998 -9.31249 12.796 -0.0289024 -23.5613 20.7137 -0.0289004 -20.8732 19.1156 -0.0289048 -12.5073 9.75453 -0.0289002 -25.6193 18.0855 -0.0289001 -14.0356 6.88362 -0.0286875 -26.8486 16.2401 -0.0289002 17.8422 -21.4664 -0.0289165 -20.569 15.202 -0.0288996 -28.3509 13.4805 -0.0289001 -29.5703 10.587 -0.0289001 2.48512 -23.1773 -0.0289002 3.15037 -24.7493 -0.0288998 -30.3214 8.2077 -0.0289001 3.06054 -25.9713 -0.0289001 -2.52773 -15.9484 -0.0288996 -15.5015 3.60896 -0.0289002 -2.12029 -23.1969 -0.0289001 2.47158 -27.1756 -0.0288977 -31.0254 5.1472 -0.0289001 -11.2902 -11.4768 -0.0288997 -13.3652 -8.47759 -0.0286305 -8.77576 -13.2395 -0.02867 -14.8046 -6.10236 -0.0288999 -5.93121 -15.0321 -0.0289002 -31.4744 0.653989 -0.0289001 -15.9287 0.408116 -0.0289001 -2.77246 -24.3635 -0.0288999 -31.3615 -2.68258 -0.0289001 -1.58613 -31.67 -0.0289001 -6.06742 -31.1092 -0.0289001 -2.22186 -27.1962 -0.0289013 -31.0745 -5.16067 -0.0289001 -15.7934 -2.32087 -0.0289002 -30.2629 -8.86136 -0.0289001 -9.729 -30.1433 -0.0289001 -2.82402 -25.6593 -0.0289 -29.2308 -11.8273 -0.0289001 -12.7911 -28.9692 -0.0289001 -28.2841 -13.9853 -0.0289001 -16.4447 -27.0589 -0.0289001 -26.4718 -17.2452 -0.0289004 -24.4994 -19.9377 -0.0289001 -19.4931 -24.9073 -0.0289 -22.29 -22.4406 -0.0289004 -1.38873 -31.6545 -2.5289 -3.61164 -31.4836 -2.5283 -6.06278 -31.0902 -2.5289 -8.22585 -30.5924 -2.53548 -11.8978 -29.3644 -2.53443 -14.9006 -27.9186 -2.5289 -16.8212 -26.8051 -2.53549 -18.8669 -25.3821 -2.5289 -20.6997 -23.9041 -2.53303 -22.9713 -21.7171 -2.52905 -24.4994 -19.9377 -2.5289 -25.8427 -18.1572 -2.52831 -27.4984 -15.4995 -2.53549 -28.8902 -12.6723 -2.52831 -29.9864 -9.74006 -2.53549 -30.6388 -7.33478 -2.5289 -31.1163 -4.89129 -2.53618 -31.3615 -2.68258 -2.5289 -31.4821 0.287883 -2.51747 -31.2334 3.58888 -2.5289 -30.8749 5.92402 -2.53258 -30.3214 8.2077 -2.5289 -29.4236 11.0273 -2.52676 -27.7639 14.6382 -2.53551 -26.1488 17.3343 -2.53248 -24.6766 19.3417 -2.5289 -23.2401 21.0469 -2.52813 -21.4899 22.8073 -2.5289 -20.317 23.8519 -2.5289 -17.9935 25.6712 -2.53441 -15.1502 27.4088 -2.5289 -13.1743 28.4175 -2.53547 -10.8676 29.3645 -2.5289 -8.76044 30.0682 -2.53552 -5.70353 30.7943 -2.53246 -2.5868 31.2124 -2.52172 31.4097 10.2741 4.71687 31.3863 10.3312 4.3593 31.2994 10.5067 3.82669 31.2199 10.7297 3.46179 31.1197 10.9661 3.16973 30.9688 11.3251 2.86291 30.8446 11.6261 2.68768 30.6723 12.0032 2.54159 30.4522 12.5709 2.46307 30.9566 12.7227 1.87124 30.234 13.0785 2.53 30.0051 13.6202 2.72957 29.7507 14.231 3.22721 29.6307 14.5154 3.62884 29.5397 14.713 4.04142 29.9483 14.9205 2.97054 29.5037 14.8183 4.41772 29.4871 14.8577 4.66167 29.4795 14.8759 4.99706 -10.4498 31.171 4.46934 -10.6817 31.0596 3.77031 -11.0928 30.9041 3.18216 -11.4645 30.7412 2.86856 -11.8608 30.5805 2.63816 -12.5585 30.2773 2.45987 -13.2262 30.0076 2.53006 -13.5549 29.8685 2.63949 -13.9519 29.7036 2.85331 -14.3251 29.5456 3.17533 -14.6542 29.4141 3.59594 -14.89 29.3095 4.12669 -14.9637 29.2782 4.41494 -15.4874 29.5 4.11666 -15.0125 29.2579 4.72217 -31.3306 -10.6516 4.62806 -31.268 -10.7946 4.05316 -31.1331 -11.1282 3.41568 -30.9438 -11.5721 2.95462 -31.5958 -11.2378 2.55441 -30.7354 -12.0293 2.66843 -30.5362 -12.5636 2.49857 -30.7277 -13.4439 1.91469 -30.2536 -13.1719 2.4783 -30.0283 -13.7548 2.62386 -29.8384 -14.1991 2.87156 -29.7293 -14.4657 3.09133 -29.6121 -14.75 3.40593 -29.5093 -14.9911 3.81912 -29.4448 -15.1444 4.2098 -29.7793 -15.465 3.33889 10.4847 -31.5649 4.92371 10.549 -31.5373 4.39488 10.7625 -31.4472 3.77618 10.249 -32.0915 4.41446 11.0862 -31.2965 3.283 11.4284 -31.1743 2.95278 11.9741 -30.9485 2.62598 12.6208 -30.6759 2.47096 13.8786 -30.6992 2.02068 13.1595 -30.4363 2.50084 13.606 -30.2552 2.62401 14.1876 -30.0163 2.963 14.5238 -29.8697 3.31739 14.704 -29.7971 3.56319 14.8774 -29.7229 3.89012 15.0346 -29.6646 4.33074 -2.1066 -23.1969 -2.52889 -2.70103 -26.1965 -2.53093 -2.0771 -27.1967 -2.5289 3.13471 -25.6829 -2.52788 3.052 -24.3059 -2.51846 2.38576 -23.1766 -2.5289 2.15124 -23.6776 -3.0289 2.23936 -26.6768 -3.02895 -1.86151 -23.6957 -3.0289 -2.36033 -24.7755 -3.02891 -1.92639 -26.6948 -3.02894 2.51719 -27.1753 -2.53006 2.70713 -25.065 -3.02891 -2.80371 -24.3889 -2.51702 17.0297 14.4217 0.257811 16.425 14.606 0.2707 16.0609 14.7845 0.271179 15.5418 15.1388 0.270146 14.9047 15.886 0.273067 14.6343 16.4609 0.270794 14.5138 16.863 0.271247 14.4249 17.6022 0.316821 14.6076 18.6404 0.276178 14.9887 19.3801 0.26848 15.5155 19.9769 0.268911 15.9559 20.2954 0.270796 16.3497 20.5053 0.278263 17.2442 20.7516 11.6696 16.4838 20.5634 11.6726 15.9553 20.2964 11.6726 15.4565 19.9245 11.6612 14.9956 19.3856 11.6719 14.7526 18.9576 11.6711 14.5339 18.3953 11.6755 14.4303 17.4428 11.6733 14.5228 16.8245 11.6728 14.7731 16.1184 11.6625 15.1434 15.562 11.6698 15.7024 15.0046 11.6725 16.3884 14.6213 11.667 17.0166 14.4192 11.6745 16.9115 21.0728 11.9711 14.5159 19.3931 11.9711 14.1185 17.1758 11.9711 14.9497 15.1769 11.9711 -18.1273 14.2327 0.275577 -18.8313 14.3974 0.270837 -19.5704 14.7949 0.275827 -20.0006 15.1656 0.274881 -20.3145 15.5318 0.270556 -20.5603 15.9368 0.267554 -20.7524 16.3807 0.280099 -20.8962 16.9888 0.271206 -21.2431 17.2669 -0.0288993 -20.9084 17.8037 0.260336 -20.7088 18.5644 0.272639 -20.3663 19.2154 0.272056 -20.0746 19.5763 0.271469 -19.6417 19.9837 0.281346 -18.7456 20.4565 0.269799 -17.5793 20.6149 11.6607 -18.6222 20.497 11.6783 -19.5771 20.0313 11.6754 -20.075 19.5768 11.6734 -20.4072 19.1524 11.6703 -20.9206 17.6898 11.6797 -20.8931 16.9984 11.6715 -20.78 16.4592 11.6755 -20.5612 15.936 11.6661 -20.2696 15.4681 11.6721 -19.6786 14.8739 11.6575 -18.9188 14.4317 11.6703 -18.1251 14.2293 11.6777 -19.7783 20.3526 11.9711 -20.7105 18.5709 11.9696 -21.2568 17.0445 11.9711 -20.5156 15.2713 11.9711 -18.6213 13.9149 11.9711 -17.8452 -21.1389 0.269493 -17.1853 -21.5487 -0.0288839 -18.5255 -20.9983 0.269167 -19.1809 -20.7115 0.271085 -20.087 -20.5331 -0.0288854 -19.8321 -20.2005 0.268339 -20.2458 -19.6913 0.269915 -20.5317 -19.1415 0.260928 -20.758 -18.2891 0.273864 -21.0966 -18.3456 -0.0288974 -20.7373 -17.5613 0.269791 -20.658 -17.1327 0.270688 -20.742 -16.27 -0.0289005 -20.4623 -16.5901 0.267264 -20.1488 -16.0554 0.272422 -19.6553 -15.5108 0.26066 -19.1199 -15.1482 0.2693 -18.6455 -14.5093 -0.0289 -18.4711 -14.8581 0.261732 -17.5964 -14.7386 0.278844 -17.5911 -14.7343 11.6735 -18.4642 -14.8633 11.6735 -19.0845 -15.1287 11.671 -19.6855 -15.5265 11.6769 -20.2439 -16.1983 11.6745 -20.566 -16.8326 11.6717 -20.7327 -17.5066 11.6595 -20.7478 -18.3922 11.6843 -20.5335 -19.1278 11.6645 -20.2962 -19.6161 11.6711 -19.8911 -20.1401 11.6766 -19.2541 -20.6672 11.6687 -18.344 -21.0628 11.6843 -17.1309 -21.1346 11.6806 -17.3901 -14.4043 11.9711 -19.637 -15.0019 11.9711 17.7772 -21.0021 0.261235 17.0399 -20.8964 0.27117 16.5395 -20.7346 0.270261 15.9558 -20.4113 0.269482 15.5716 -20.0852 0.274582 15.3143 -19.8079 0.271436 15.6017 -20.5417 -0.0288998 15.0044 -19.3614 0.272118 14.3851 -18.8096 -0.0289001 14.7722 -18.8375 0.269089 14.6619 -18.4333 0.272019 14.586 -17.7965 0.26557 14.3637 -16.7697 -0.0288982 14.6556 -17.1669 0.271566 14.814 -16.6017 0.270455 15.0982 -16.0587 0.276048 15.3386 -15.731 0.270624 15.8474 -15.2357 0.265572 15.9499 -14.6931 -0.028901 16.5654 -14.8236 0.270718 17.2189 -14.6309 0.263082 17.803 -14.5821 11.67 17.191 -14.6328 11.6753 16.5206 -14.8462 11.6706 15.8434 -15.2307 11.6838 15.2203 -15.8758 11.6551 14.8092 -16.6033 11.6733 14.6563 -17.1671 11.6665 14.5814 -17.7946 11.6583 14.6626 -18.4332 11.6685 14.7591 -18.7991 11.671 14.9713 -19.3012 11.6702 15.2895 -19.7772 11.6725 15.5711 -20.0857 11.6714 16.1031 -20.5113 11.6727 16.8921 -20.861 11.6722 17.9603 -14.1919 11.9711 15.6728 -14.8731 11.9711 14.2203 -17.4503 11.9711 33.5187 1.0311 1.11421 33.53 -0.0123567 -0.526282 33.5383 0.0637072 1.02283 -0.383382 33.3187 -0.566459 -33.3814 2.17484 -0.531459 -33.4256 1.32843 0.530754 -33.4444 0.546937 -0.384887 -33.4244 -0.01245 0.746746 -33.3561 -0.720055 0.182139 -33.3927 -2.44286 -1.52803 -0.428841 -33.6705 -0.710885 0.184288 -33.6846 -0.647045 1.79897 -33.6495 -0.365718 1.11384 -33.6695 1.11923 1.86069 -33.5939 0.0799348 3.53671 34.163 -1.5289 6.7229 33.6595 -1.5289 9.38274 33.034 -1.5289 11.6928 32.2854 -1.5289 14.23 31.2702 -1.5289 17.9061 29.3514 -1.5289 20.7464 27.4079 -1.5289 23.4056 25.2248 -1.5289 25.8037 22.7577 -1.5289 27.4581 20.7753 -1.5289 28.9356 18.6615 -1.5289 30.6994 15.7061 -1.5289 32.4119 11.7596 -1.5289 33.6732 7.64833 -1.5289 34.3586 3.40325 -1.5289 34.5479 0.120203 -1.5289 34.3432 -4.11097 -1.5289 33.5244 -8.5513 -1.5289 32.4691 -11.9874 -1.5289 31.196 -15.018 -1.5289 29.1336 -18.7921 -1.5289 25.8879 -23.078 -1.5289 22.8782 -26.0581 -1.5289 20.9946 -27.5937 -1.5289 18.1728 -29.5623 -1.5289 15.1485 -31.2025 -1.5289 12.6522 -32.3092 -1.5289 9.39131 -33.4054 -1.5289 6.18588 -34.1415 -1.5289 2.77422 -34.5921 -1.5289 -29.8368 -11.0622 2.38633 -29.9898 -10.6775 2.6837 -30.0977 -10.4168 2.95525 -30.2742 -10.0568 3.49816 -30.5448 -14.9081 5.18972 -28.0664 -15.2426 4.8486 -28.1263 -15.0969 3.99783 -30.163 -14.8821 4.23898 -28.2788 -14.7783 3.30579 -30.3758 -14.3105 3.41062 -28.3885 -14.4869 2.91572 -28.6227 -13.9318 2.40547 -30.7938 -13.423 2.99798 -28.9536 -13.1818 2.06494 -29.2039 -12.5595 1.96828 -29.5329 -11.7574 2.0544 -31.4704 -11.7977 3.65073 -31.5029 -12.6056 3.38389 -17.1567 -10.6293 5.35911 -17.1529 -10.6501 4.71353 -17.207 -10.5126 4.00604 -17.3471 -10.1968 3.30707 -17.4635 -9.90298 2.9166 -17.6426 -9.50235 2.52332 -17.9116 -8.84012 2.15063 -18.1756 -8.21533 1.97992 -18.595 -7.27413 2.03256 -18.8913 -6.48798 2.37242 -19.109 -5.94274 2.82403 -19.2786 -5.59621 3.28037 -19.3942 -5.29048 3.901 -17.7891 -5.45838 3.96951 -17.3869 -6.46789 2.96141 -16.8296 -7.78249 2.77801 -16.2999 -9.03159 3.70642 -16.1739 -9.36107 4.76332 -19.8845 -8.78859 6.6814 -20.5875 -7.11212 4.31029 -20.592 -7.3587 6.02007 -30.2509 -14.5806 5.80547 -21.8728 -11.286 5.06268 -30.1808 -14.7473 4.73068 -21.8946 -11.2329 4.54145 -30.2479 -14.5888 4.15041 -21.9762 -11.0397 4.02932 -22.1153 -10.7082 3.62802 -30.4091 -14.2025 3.63666 -30.6307 -13.6759 3.29466 -22.2852 -10.3011 3.3454 -22.6175 -9.51257 3.21304 -30.9379 -12.8766 3.22697 -22.8464 -8.9655 3.39092 -31.3141 -12.049 3.67837 -23.0139 -8.56619 3.66887 -31.475 -11.6686 4.23856 -17.5498 -6.08121 6.02069 -16.9333 -7.55058 6.6814 -17.6366 -5.87421 4.31029 -20.1533 -8.41465 3.26211 -17.107 -7.13658 3.26079 -16.4906 -8.60595 3.92149 -16.4038 -8.81295 5.63179 -23.1066 -8.34509 6.00443 -23.2222 -8.06953 5.322 -23.2025 -8.11643 4.42985 -22.7497 -9.19606 6.65298 -22.9367 -8.75007 6.42045 -22.549 -9.6742 6.72666 -22.3491 -10.1509 6.64707 -22.1816 -10.5499 6.43874 -22.0563 -10.8487 6.16637 -21.929 -11.1511 5.68314 -31.5299 -11.5305 4.81974 -31.5126 -11.5724 5.38508 -31.4348 -11.7647 5.89653 -31.7182 -12.1459 6.20279 -31.481 -12.6434 6.5831 -30.8822 -13.0861 6.74137 -30.6326 -13.6697 6.63039 -30.4592 -14.0921 6.40675 -19.4514 -10.0898 5.63179 -19.4499 -9.84733 3.92145 -20.8894 -8.96679 4.97107 -17.2356 -6.812 7.13813 -16.6372 -8.24903 6.9757 -17.2252 -10.4687 6.08256 -16.2144 -9.24302 5.80441 -17.4413 -9.9835 6.95474 -17.7222 -9.32331 7.54979 -18.093 -8.42265 7.9278 -18.3386 -7.8164 7.97253 -18.5527 -7.30275 7.90982 -18.7939 -6.69422 7.6899 -19.1032 -6.02184 7.20231 -19.3281 -5.52121 6.53247 -17.7862 -5.48931 5.94976 -19.4025 -5.28305 5.99695 -19.4547 -5.1394 5.42462 -19.4603 -5.12483 4.66392 -30.3323 -9.79859 4.13843 -30.399 -9.71275 4.69666 -30.3919 -9.72507 5.43785 -30.3254 -9.87932 6.0318 -30.2244 -10.1841 6.66926 -29.9538 -10.7531 7.33629 -29.7535 -11.2687 7.67612 -29.4788 -11.8867 7.91373 -29.2595 -12.4339 7.97319 -29.0209 -12.9911 7.92463 -28.7345 -13.689 7.67882 -28.2315 -14.8741 6.45758 -28.1294 -15.1387 5.82809 -30.4511 -14.4494 6.39041 -28.3998 -14.465 7.07119 -31.6043 -11.36 4.49034 -31.6173 -11.3448 5.36037 -30.7608 -13.3856 6.95524 -28.7217 -13.1393 3.85277 -29.4718 -12.1989 3.37437 -28.3145 -12.9637 4.93578 -29.5675 -11.4003 4.02978 -30.6687 -13.2377 3.17447 -30.9193 -11.5475 3.89947 -28.9944 -14.2231 4.37584 -31.8192 -13.6297 4.66088 -30.7307 -14.3818 3.98446 -30.3733 -14.7223 5.34723 -28.8869 -12.1852 6.14269 -28.6213 -11.8378 4.86354 -29.6434 -12.7722 6.7351 -29.8005 -11.068 5.08627 -31.8757 -12.2023 4.51279 -31.5816 -11.8358 5.76062 -30.2706 -11.425 6.18114 -28.8989 -13.7575 6.05917 -31.5119 -13.1132 6.31358 -30.3399 -13.702 6.56964 -10.8138 29.6901 2.39741 -11.6244 31.6748 4.1813 -10.3863 29.87 2.73964 -10.1013 29.989 3.06801 -9.78886 30.1168 3.57063 -14.5901 30.4308 4.35574 -14.7606 30.0065 5.27617 -14.9234 27.9594 5.74336 -15.008 27.9299 5.10342 -14.9886 27.935 4.55983 -13.9686 30.3315 3.32043 -14.8116 28.0116 3.83852 -14.5483 28.1183 3.30709 -14.1342 28.3162 2.76478 -13.5263 28.5505 2.30901 -13.0888 28.7434 2.11046 -12.9273 30.7106 2.96356 -12.4539 29.0141 1.9716 -12.0055 31.1425 3.2523 -11.6003 29.3478 2.03712 -10.2744 17.0664 5.97711 -10.4011 17.013 5.38285 -10.4207 16.9891 4.77606 -10.2812 17.0579 3.99336 -9.97704 17.1936 3.3182 -9.47698 17.3763 2.70898 -8.75138 17.6892 2.20641 -7.96714 18.0327 1.9847 -7.2327 18.3286 1.99378 -6.45926 18.6743 2.26126 -6.08698 18.8241 2.50108 -5.64906 18.99 2.88838 -5.32602 19.1428 3.35656 -5.12737 19.2258 3.75168 -5.24088 17.6574 4.09501 -5.88292 17.3889 3.17334 -7.42228 16.7374 2.73416 -9.0243 16.0536 4.0077 -8.73941 20.7401 4.97471 -6.92821 20.5379 4.31047 -7.09588 20.3606 6.02071 -8.60354 19.837 6.68026 -10.9623 21.7397 5.55466 -14.5441 30.0213 4.96811 -11.0613 21.7248 4.88477 -10.9592 21.7675 4.37334 -14.1717 30.1775 3.84292 -10.7336 21.8742 3.89582 -13.7794 30.3443 3.48494 -10.3183 22.0364 3.4991 -9.89707 22.2129 3.28107 -13.3225 30.5354 3.26469 -9.40102 22.4213 3.21725 -12.8585 30.7313 3.21807 -9.04132 22.5722 3.27213 -12.3609 30.9429 3.32085 -8.70269 22.7142 3.40865 -11.7953 31.1775 3.69827 -8.25587 22.8878 3.75593 -5.85483 17.4023 6.02069 -7.32421 16.7859 6.6814 -5.64783 17.4892 4.31029 -6.9102 16.9596 3.26079 -8.37957 16.3432 3.92149 -8.58657 16.2563 5.63179 -7.82091 23.0841 5.13994 -7.92259 23.0355 4.33722 -8.52794 22.7875 6.43547 -9.0089 22.5858 6.66305 -9.5751 22.3482 6.72999 -10.1015 22.1274 6.57115 -10.6015 21.9173 6.20984 -8.02099 23.0002 5.83551 -11.3214 31.3758 4.68953 -11.3184 31.3824 5.25569 -11.5763 31.2703 5.97095 -12.026 31.0797 6.43563 -12.4516 30.9014 6.65161 -12.8496 30.7342 6.72257 -13.3642 30.5162 6.66821 -14.4063 30.0889 5.69947 -9.85669 19.2865 5.61182 -9.6176 19.2943 3.92149 -8.15024 19.9156 3.26077 -9.01086 19.718 3.62156 -6.53118 17.1088 7.15609 -7.88356 16.551 7.02571 -9.95288 17.1979 6.66133 -8.93748 16.0779 6.02672 -9.42477 17.4344 7.30342 -8.92111 17.6329 7.64302 -8.53914 17.7962 7.81787 -8.13819 17.9646 7.92824 -7.59804 18.1915 7.98094 -6.99227 18.4401 7.88637 -6.45293 18.6735 7.67815 -5.83679 18.9371 7.24034 -5.45201 19.0922 6.78278 -5.09772 19.2418 6.14326 -4.89875 19.3167 5.24981 -5.10204 17.7034 5.6434 -4.92173 19.3253 4.47507 -9.46869 30.2499 4.7472 -9.52731 30.2314 5.56975 -9.73355 30.1354 6.2754 -10.2081 29.9353 7.02783 -10.6525 29.7565 7.4292 -11.0376 29.5938 7.67633 -11.5835 29.3832 7.88911 -12.3258 29.0589 7.98233 -13.5267 28.5578 7.63238 -13.972 28.3595 7.31897 -14.5367 28.1232 6.67319 -9.59176 30.1998 4.1031 -11.0978 31.5383 5.09811 -11.416 31.3394 6.12533 -12.1059 31.0921 6.7467 -13.01 30.6711 6.9586 -13.9172 30.7322 6.46973 -13.1093 28.7377 7.8284 -14.2733 30.5449 6.14026 -14.1216 29.0969 4.18766 -13.2491 28.3257 5.60893 -11.5964 28.4548 4.72078 -12.1914 28.4443 3.89361 -12.2556 29.9006 3.11444 -13.5944 30.4168 3.46272 -12.8841 31.5543 3.91677 -11.8278 31.7473 4.92211 -14.0582 31.0952 4.33288 -11.166 29.1251 5.78303 -12.6683 29.3352 6.69511 -11.9551 30.212 6.67651 -11.071 30.6947 3.98573 -11.0536 30.3551 5.81916 -13.1851 31.6523 5.52095 -14.3121 30.6889 5.52385 -13.2378 30.7366 6.57164 -11.9857 31.4243 6.0126 -13.8585 29.5057 6.20666 29.9524 10.5316 2.47388 30.2598 9.87969 3.1581 30.6386 14.5473 5.13765 28.183 14.8028 5.60383 30.2283 14.4735 4.1939 28.1761 14.8757 4.80601 30.4016 14.0431 3.52245 28.2244 14.6863 3.87019 28.3605 14.3727 3.26538 28.4502 14.1598 2.97272 28.5786 13.8659 2.66034 28.8166 13.3256 2.2684 29.0136 12.814 2.07184 30.7513 13.2896 3.05204 31.7304 11.9462 3.58148 31.0706 12.4444 3.00706 29.2854 12.1673 1.95954 29.5355 11.5814 2.02113 29.6977 11.1923 2.13098 17.2381 10.2384 5.54925 17.2376 10.2779 4.71715 17.3158 10.0985 3.86096 17.4344 9.79059 3.26536 17.5457 9.49097 2.87502 17.7954 8.89485 2.35746 18.075 8.2618 2.08112 18.221 7.91947 2.00292 18.4253 7.34499 1.96198 18.7516 6.64957 2.11572 18.9794 6.10477 2.37583 19.1646 5.6672 2.73273 19.3513 5.20995 3.28193 17.7857 5.33233 3.67568 17.3721 6.30065 2.82808 16.7027 7.90809 2.97361 16.2973 8.87556 4.14008 16.2538 8.98339 5.27521 20.7526 6.77541 4.3116 20.5813 6.94604 6.02068 20.9684 8.59293 4.97103 20.0508 8.45 6.68043 21.9611 10.8599 5.41249 21.9544 10.9061 4.84283 30.2776 14.3275 4.4661 22.0073 10.78 4.25778 30.409 14.0268 3.85445 30.5288 13.7317 3.56053 22.172 10.3841 3.66911 22.3521 9.95844 3.37315 30.6606 13.4177 3.36241 30.8391 12.992 3.23098 22.5296 9.53487 3.23482 31.1221 12.3225 3.26472 22.7448 9.02176 3.23109 23.0358 8.32821 3.55059 31.4669 11.4955 3.89663 23.1922 7.95558 3.98071 31.5617 11.2695 4.31065 17.6287 5.7074 6.02069 17.0123 7.17677 6.6814 17.7155 5.5004 4.31029 17.186 6.76277 3.26079 16.5696 8.23214 3.92149 16.4827 8.43914 5.63179 23.183 7.97744 5.99243 23.2816 7.74244 5.50976 23.0941 8.18934 6.25365 23.2993 7.70008 4.58337 22.9301 8.58019 6.55204 22.6115 9.33968 6.74462 22.269 10.084 6.4965 22.107 10.5421 6.09315 31.6194 11.144 4.91545 31.5771 11.2332 5.51081 31.488 11.4455 5.98205 31.3173 11.8518 6.41973 31.1131 12.3465 6.67105 30.5938 13.5703 6.50755 30.6921 14.388 5.74766 19.4782 9.69517 5.63238 19.6069 9.5061 3.9228 20.1431 8.00327 3.2608 17.3415 9.98259 6.32389 17.4626 9.7297 6.77015 17.599 9.3974 7.17335 16.4684 8.4546 6.52434 17.8707 8.75354 7.66334 18.2249 7.89718 7.95549 17.0299 7.11197 7.18726 18.5532 7.07589 7.94212 17.5711 5.84199 6.82854 18.8208 6.46782 7.75408 19.0561 5.92077 7.43556 19.3386 5.26905 6.75924 19.4773 4.92116 6.03987 17.918 5.00589 5.69175 19.5409 4.75508 5.32732 19.5432 4.75649 4.63947 17.9239 5.00216 4.42189 19.4791 4.86689 4.05061 30.4208 9.48863 3.96317 30.47 9.35047 4.56878 30.4815 9.33648 5.31756 30.4021 9.52454 6.0894 30.2481 9.83926 6.73869 29.9892 10.4724 7.42073 29.7371 11.0892 7.76843 29.4235 11.8282 7.97065 29.0782 12.6528 7.91881 28.814 13.3134 7.67171 28.5867 13.863 7.2918 28.4195 14.2376 6.87355 28.2791 14.5566 6.36321 30.8021 14.0934 6.18923 31.6748 11.0759 4.19312 31.7096 11.0378 5.59505 31.424 11.9101 6.69497 31.209 13.1661 6.71598 28.4911 12.7447 4.33171 29.1268 13.7727 5.81857 29.7253 12.0402 3.21461 28.4819 11.8568 4.88984 30.4072 11.0231 3.77351 31.4984 12.7657 3.62224 31.8172 11.4752 4.90487 30.7446 13.6266 3.59965 31.5829 13.7064 4.70984 29.5141 13.6612 3.70405 30.5438 14.1098 5.82554 30.1804 14.3038 4.69836 30.0336 12.6376 6.85512 29.4455 10.8099 5.16891 28.9742 11.9981 6.28486 31.2316 11.1752 4.16129 30.4431 10.8674 5.93802 32.0108 12.2959 5.37733 31.6194 13.1338 6.05953 31.2389 11.8968 6.39333 10.8246 -30.1077 2.44816 10.4239 -30.2632 2.78112 9.9234 -30.5053 3.47145 14.7323 -30.762 5.34376 15.024 -28.3267 5.63879 15.0954 -28.3083 4.91544 14.807 -30.3625 4.52534 15.0318 -28.3264 4.36174 14.9166 -28.3757 3.91587 14.1903 -30.6446 3.42797 14.5449 -28.5536 3.15398 14.0613 -28.7365 2.63264 13.6045 -28.9377 2.30339 12.9315 -29.2121 2.03903 13.1872 -31.026 2.97997 12.4309 -29.4193 1.97253 11.5966 -31.7452 3.73583 11.9954 -29.608 1.9871 11.2726 -29.9008 2.18706 10.4289 -17.4141 5.70746 10.5046 -17.3778 5.10359 10.4842 -17.3694 4.64338 10.3821 -17.4265 4.06426 10.1699 -17.5166 3.53708 9.83498 -17.6569 2.99206 9.13679 -17.9342 2.37529 8.47281 -18.2253 2.07374 7.94637 -18.4508 1.97717 7.4832 -18.6408 1.97673 6.83559 -18.9142 2.12328 6.24142 -19.1766 2.44426 5.84233 -19.3287 2.78011 5.47144 -19.4934 3.24191 5.57162 -17.9253 3.60425 6.60082 -17.4912 2.84008 8.24984 -16.7862 2.9907 9.10306 -16.4463 4.21921 7.1753 -20.7355 6.02072 7.00853 -20.9155 4.31067 8.68352 -20.2133 6.68028 11.0545 -22.1315 5.5553 11.1363 -22.1002 4.93073 14.6134 -30.4015 4.86 11.0825 -22.1231 4.53923 14.5335 -30.4379 4.4039 10.9196 -22.1912 4.08649 14.2844 -30.5398 3.89756 13.9583 -30.6764 3.56061 10.5443 -22.3485 3.61406 10.1301 -22.5045 3.34499 13.5537 -30.8474 3.3165 9.68179 -22.7104 3.22384 13.0981 -31.0371 3.22006 12.7086 -31.2005 3.24588 9.20861 -22.909 3.24151 12.4709 -31.6907 3.37142 8.78173 -23.0879 3.4086 11.8602 -31.5424 3.69895 8.38734 -23.2534 3.70957 5.93378 -17.7761 6.02069 7.40315 -17.1597 6.6814 5.72678 -17.863 4.31029 8.22721 -20.2846 3.26078 6.98915 -17.3334 3.26079 8.45852 -16.717 3.92149 8.66552 -16.6301 5.63179 8.28724 -23.2954 6.11568 7.99375 -23.4185 5.56921 7.8955 -23.4597 4.96764 8.01775 -23.4064 4.27212 8.57388 -23.1752 6.39261 8.849 -23.0598 6.56871 9.40869 -22.8466 6.74235 10.0414 -22.5596 6.63137 10.6243 -22.3156 6.27484 11.4734 -31.7172 4.35193 11.3823 -31.7572 4.90746 11.4179 -31.7423 5.34216 11.5677 -31.6791 5.79312 11.8849 -31.5506 6.25247 12.316 -31.3653 6.56361 13.0859 -31.4675 6.74766 13.8966 -30.7032 6.43766 14.2999 -30.5353 6.02585 9.93646 -19.663 5.60579 9.69659 -19.6683 3.92149 8.81933 -21.1158 4.9711 9.04517 -20.0995 3.60331 9.19675 -16.3987 5.47578 10.206 -17.4787 6.31472 9.82989 -17.6691 6.95822 9.35355 -17.8608 7.40936 8.84134 -18.0637 7.73535 7.89218 -18.4713 7.98683 8.08153 -16.8645 7.02798 6.33821 -17.6054 6.99369 7.04706 -18.8041 7.88255 6.4375 -19.0857 7.62968 5.81137 -19.3544 7.13338 5.18741 -18.0887 4.62968 5.33033 -18.0226 5.95963 5.07625 -19.6483 5.84202 4.96925 -19.7098 5.04903 5.00958 -19.6798 4.44183 5.18222 -19.5956 3.798 9.67232 -30.5776 4.10338 9.56023 -30.6189 4.67107 9.58454 -30.6125 5.45368 9.77071 -30.5389 6.14633 5.40344 -19.513 6.59446 10.0655 -30.39 6.73078 10.5868 -30.2154 7.31348 11.2447 -29.9096 7.74673 12.1391 -29.5374 7.97586 12.8848 -29.2298 7.91414 14.2467 -28.6533 7.13346 14.7358 -28.4468 6.46402 13.7169 -31.2432 6.62477 13.6144 -28.9698 7.64873 11.1762 -31.9134 5.02612 11.8432 -31.6671 6.45715 14.4561 -30.4739 6.20001 13.3256 -29.792 3.32172 14.1819 -29.1988 5.43625 11.972 -28.9776 4.00101 12.2291 -30.126 3.23681 12.8241 -28.516 4.81074 11.3593 -29.732 3.91292 12.792 -31.2899 3.3837 11.783 -31.4444 3.70263 13.6233 -31.5061 3.77097 14.1992 -29.7191 4.09619 14.5603 -30.6224 5.25399 12.8461 -29.2372 6.4163 11.3281 -29.2559 5.7106 10.8757 -30.5908 4.76964 11.3128 -30.5462 6.13049 11.1281 -31.2354 5.22093 12.0382 -32.1311 4.865 13.5996 -32.0897 5.13458 12.1883 -31.7244 6.19327 13.5423 -31.3072 6.32062 12.4466 -30.524 6.79845 13.5984 -30.3205 6.59878 -24.3799 -106.051 0.970605 -24.3869 -103.455 2.47295 -24.3911 -104.32 0.969932 -24.3859 -106.919 2.46775 -24.3757 -106.052 3.97263 -24.3991 -104.317 3.9705 -20.8726 -106.053 0.970956 -20.8623 -106.919 2.4715 -20.8472 -103.455 2.47147 -19.8713 -105.187 2.47124 -20.8764 -104.321 0.971054 -20.9096 -103.615 1.55769 -20.9088 -104.581 0.766797 -20.9105 -105.369 0.662968 -20.9043 -106.773 1.57655 -20.9105 -106.758 3.37326 -20.865 -106.054 3.971 -20.8827 -105.275 4.26244 -20.8754 -104.321 3.9713 -20.9035 -103.72 3.53334 -24.4148 -103.379 0.814781 -24.411 -102.774 2.32571 -24.4194 -105.127 4.97647 -23.7888 -108.193 2.71066 -24.413 -107.488 1.61244 -23.7861 -108.096 1.65636 -23.7876 -107.572 0.631038 -23.7954 -107.076 0.137755 -24.4102 -106.418 0.385423 -23.7959 -106.565 -0.206068 -23.7908 -105.992 -0.420457 -23.7969 -105.433 -0.52263 -24.4126 -105.1 0.0357959 -23.7968 -104.757 -0.509665 -23.8018 -103.869 -0.237555 -23.7926 -103.216 0.205167 -23.8092 -102.709 0.754885 -23.7979 -102.398 1.36202 -23.7969 -102.246 1.84975 -23.7945 -102.182 2.44479 -23.7884 -102.263 3.17199 -23.7859 -102.61 4.04513 -24.4124 -103.088 3.70639 -23.7944 -103.045 4.57799 -23.8003 -103.648 5.06315 -23.7971 -104.45 5.3836 -23.8029 -105.05 5.47338 -23.7939 -105.841 5.41063 -23.7908 -106.68 5.083 -23.793 -107.383 4.533 -24.4173 -107.35 3.68239 -23.7955 -107.758 4.02172 -23.8014 -108.009 3.50393 -10.6585 -108.182 2.75843 -10.6592 -108.056 3.35757 -10.6584 -107.872 3.81712 -10.6607 -106.82 4.99856 -10.6532 -106.085 5.33657 -10.6618 -105.556 5.45218 -10.6673 -104.995 5.46976 -10.6599 -103.581 5.02137 -10.6575 -103.076 4.60608 -10.643 -102.493 3.82232 -10.66 -102.194 2.815 -10.6551 -102.478 1.16953 -10.6364 -102.98 0.418417 -10.6665 -103.897 -0.255523 -10.6607 -104.829 -0.519629 -10.6586 -105.585 -0.509984 -10.6564 -106.557 -0.217297 -10.6477 -107.453 0.484788 -10.6612 -107.982 1.35916 -10.6585 -108.152 2.03325 -8.29117 -104.787 1.91698 -10.668 -102.235 1.86798 -8.35122 -105.758 2.00441 -8.29837 -105.675 2.97986 -10.6554 -107.471 4.43197 -10.6593 -104.33 5.35242 -8.27814 -104.678 2.91754 -14.4875 -104.875 8.93145 -9.84395 -105.448 8.51986 -8.65986 -106.039 8.12431 -8.66775 -105.607 6.48869 -14.1775 -106.515 8.54063 -13.7657 -104.879 9.11446 -13.6749 -106.669 8.24043 -13.7417 -106.322 6.69358 -13.1252 -106.803 7.0203 -12.9092 -105.179 8.86347 -12.6545 -106.563 8.42093 -11.7182 -106.104 8.85117 -11.5673 -106.418 6.37818 -11.3172 -106.173 8.65543 -11.0786 -106.67 6.64992 -10.4552 -106.52 8.32904 -14.0548 -106.257 6.32304 -13.906 -103.927 6.39409 -13.6863 -103.905 7.84213 -13.2898 -103.993 6.83061 -12.8069 -104.266 6.33967 -12.6771 -103.823 8.03908 -12.5619 -106.477 6.45824 -12.4735 -104.643 5.88067 -12.077 -105.781 6.33056 -11.9707 -104.096 8.44686 -11.499 -104.643 5.86939 -11.1565 -104.889 6.11425 -11.0109 -103.921 8.12253 -10.5137 -103.852 7.94371 -14.7161 -104.417 6.99333 -14.7941 -104.736 8.20194 -14.6937 -105.878 6.96462 -14.5397 -105.868 8.13799 -10.3648 -105.116 8.98469 -8.66094 -104.432 8.22042 -8.66042 -104.377 6.80185 -9.63945 -104.248 7.94639 -10.0401 -104.295 8.46206 -10.0471 -104.283 6.72988 -14.4745 -103.862 6.581 -10.8115 -106.008 6.56174 -10.8024 -103.927 6.72736 -10.5875 -106.615 6.51863 -10.2679 -105.701 6.3635 -9.96136 -106.418 7.53083 -13.4254 -105.481 8.80075 -13.2252 -103.773 8.04894 -12.9654 -106.493 7.96735 -12.3863 -103.613 7.28704 -10.9249 -105.603 8.84837 -10.4843 -104.279 6.04947 -9.95655 -105.521 6.27746 -14.1927 -103.717 7.74078 -12.8592 -105.599 6.20877 -12.2706 -104.704 9.13241 -12.3205 -106.466 8.38138 -12.2325 -106.437 6.89572 -11.9839 -104.619 6.19764 -11.6652 -103.733 7.04807 -11.4226 -104.469 8.76226 -11.4183 -106.439 7.08377 -14.4256 -106.291 6.95491 -14.3357 -105.374 6.18094 -13.931 -106.087 8.24312 -13.6458 -104.794 6.0715 -13.3307 -106.141 6.64611 -11.9252 -106.273 8.09422 -13.9105 -104.827 8.25879 -13.9105 -106.042 7.73199 -13.9105 -105.547 6.6834 -13.9105 -104.332 7.2102 -11.4006 -41.1855 4.93412 -13.0458 -41.1738 4.98192 -11.4005 -41.7571 3.95861 -13.0605 -40.0508 1.34507 -13.0386 -39.4854 1.9898 -12.3354 -40.6167 1.9836 -13.0468 -41.1827 0.970257 -12.3376 -41.7571 1.98363 -13.0534 -42.9613 1.92259 -12.349 -42.3272 2.97102 5.83639 -41.1671 0.963623 5.83633 -41.6034 1.01274 5.84892 -42.0482 1.15881 6.03884 -42.5276 1.47485 6.0148 -42.9643 2.03452 5.84201 -43.145 2.54398 5.83882 -43.1897 2.99471 5.83398 -43.141 3.41412 5.84102 -42.9563 3.91107 6.03633 -42.5809 4.42251 5.8416 -42.0302 4.79195 5.84072 -41.5662 4.93728 -13.0602 -41.1076 6.52731 -13.0617 -42.51 6.22435 -12.9335 -44.1385 4.88299 -13.0608 -44.5442 3.9912 -9.96057 -44.616 3.81175 -13.06 -44.6976 2.78406 -13.0556 -44.3994 1.5241 -12.9857 -43.5149 0.326919 -13.0551 -42.0802 -0.469302 -9.9603 -42.7333 -0.192562 -9.9606 -43.8411 0.662141 -9.96045 -44.6465 2.18955 -9.96808 -43.7981 5.35531 -9.96041 -42.7538 6.16146 -9.96032 -41.1296 6.49793 -9.96053 -41.5345 1.00068 -9.96053 -41.8243 1.07268 -9.96052 -42.1348 1.20522 -9.96051 -42.5254 1.47758 -9.96052 -42.8774 1.89469 -9.96053 -43.1162 2.42678 -9.96053 -43.1897 2.94716 -9.96051 -43.1391 3.43859 -9.9605 -42.952 3.91388 -9.96053 -42.7 4.2901 -9.96055 -42.2464 4.68127 -9.96052 -41.7289 4.90036 -9.96053 -41.2262 4.9753 -13.0601 -39.2062 2.73216 -13.0605 -42.1919 4.70547 5.83121 -40.9854 4.97376 -9.96052 -40.6216 4.89797 6.03921 -40.4337 4.82655 -9.96054 -40.0312 4.61185 5.82721 -39.9793 4.57357 -9.96051 -39.601 4.19963 6.03737 -39.5493 4.12808 -9.96053 -39.2757 3.6073 5.83198 -39.2202 3.39814 -9.96055 -39.1817 2.90606 6.01841 -39.1874 2.88868 -9.96053 -39.2357 2.52641 5.83553 -39.2263 2.56112 -9.96049 -39.3423 2.18541 5.85478 -39.3917 2.06533 5.85123 -39.8091 1.50348 -9.96052 -39.728 1.58485 -9.96055 -40.3367 1.14889 6.03862 -40.4482 1.0995 -9.96055 -40.9817 0.965446 -9.96021 -38.1522 4.79696 -9.96059 -39.515 6.09621 -9.95995 -37.6377 3.01249 -9.96052 -37.9207 1.69108 -9.96042 -38.6022 0.563926 -9.96002 -39.9684 -0.338528 -9.96011 -41.4364 -0.543926 -13.0596 -37.6776 3.14524 -13.0583 -38.4267 0.768222 -13.0603 -40.6436 -0.498399 -13.0593 -39.5563 -0.158781 -12.9484 -37.8138 1.99156 -12.9463 -37.8667 4.11896 -13.0568 -38.4403 5.1965 -13.0588 -39.5434 6.08496 -13.0578 -39.4669 3.96232 -13.0493 -42.9008 3.95942 -12.3365 -41.7609 3.9588 -12.3589 -40.6176 3.97456 -12.3482 -40.0466 2.97103 -11.4005 -39.4814 3.95504 -11.4005 -40.0466 2.9711 -11.4005 -40.6167 3.95861 -11.4005 -39.4826 1.98813 -11.4005 -40.6167 1.98358 -11.4004 -42.8754 3.95553 -11.4005 -41.7571 1.98358 -11.4005 -42.3272 2.97109 -11.4006 -41.1859 1.00652 -11.4005 -42.893 1.98569</float_array>
                    <technique_common>
                        <accessor count="6917" source="#shape0-lib-positions-array" stride="3">
                            <param name="X" type="float"/>
                            <param name="Y" type="float"/>
                            <param name="Z" type="float"/>
                        </accessor>
                    </technique_common>
                </source>
                <source id="shape0-lib-normals" name="normal">
                    <float_array id="shape0-lib-normals-array" count="41784">0.00539267 0.999045 -0.0433679 -0.00104116 0.994067 -0.108762 0.000373723 0.838847 -0.544368 0.00142436 0.831055 -0.556189 -0.00158578 0.593389 -0.804914 0.00213383 0.541131 -0.840936 -0.00254172 0.275236 -0.961373 0.00240215 0.154325 -0.988017 -0.000541104 0.0444634 -0.999011 0.00053371 -0.13038 -0.991464 0.000359452 -0.134449 -0.99092 -0.000852844 -0.37727 -0.926103 0.00415464 -0.467043 -0.884225 -0.00426626 -0.671888 -0.74064 0.0044849 -0.827723 -0.56112 -0.00134416 -0.892496 -0.451054 -0.000958193 -0.979792 -0.200018 0.000819347 -0.970583 -0.240767 0.00401523 0.996574 -0.0826123 -0.00585726 0.94122 -0.337744 0.00652109 0.822783 -0.568319 -0.0065393 0.618777 -0.78554 0.00176551 0.513386 -0.858156 0.000984623 0.206955 -0.97835 -0.000665076 0.180839 -0.983512 0.000893393 -0.134068 -0.990972 -0.00495521 -0.237469 -0.971383 0.00717495 -0.469839 -0.882723 -0.00735913 -0.781721 -0.623585 0.0121968 -0.904891 -0.425468 -0.0089824 -0.993403 -0.114326 -0.580631 -0.740785 -0.337795 -0.480744 -0.500763 -0.719807 0.720605 -0.357168 -0.594273 0.863691 -0.00692624 -0.503973 0.73336 0.133887 -0.666526 0.681047 0.123778 -0.721702 0.688902 0.364223 -0.626702 -0.065528 0.656113 -0.751812 0.136015 0.771561 -0.621445 0.781714 0.571356 -0.249952 0.598906 0.796476 -0.08329 0.324512 0.944895 -0.0431912 0.00102218 -0.99684 -0.0794307 -0.00179799 -0.991736 -0.128287 0.00145534 -0.901479 -0.43282 -0.000434487 -0.888474 -0.458926 0.000470027 -0.745441 -0.666571 -0.000552056 -0.735271 -0.677774 -0.00189626 -0.520121 -0.85409 0.00199787 -0.45932 -0.888269 -0.00139057 -0.295325 -0.955396 0.00215369 -0.185312 -0.982677 -0.00223492 -0.0759646 -0.997108 0.00205356 0.153931 -0.988079 -0.000325161 0.199845 -0.979827 0.000366979 0.400481 -0.916305 -0.000904501 0.422193 -0.906505 0.00123664 0.624199 -0.781264 -0.00165611 0.67194 -0.740604 0.00122194 0.777337 -0.629083 -0.00302903 0.8668 -0.498647 0.000710098 0.896022 -0.444009 0.000173022 0.990031 -0.140848 -0.000738668 0.991821 -0.127632 0.00513675 -0.96819 -0.250164 0.00614363 -0.966898 -0.255088 0.00108413 -0.823319 -0.567578 -0.00824112 -0.848876 -0.528528 0.00146315 -0.662026 -0.749479 -0.000526124 -0.670498 -0.741911 -0.00137557 -0.462703 -0.886512 0.0022667 -0.441475 -0.897271 -0.00205362 -0.272089 -0.96227 0.00484748 -0.223019 -0.974802 -0.0044793 -0.0322441 -0.99947 0.00720536 0.0660591 -0.99779 -0.00929514 0.187182 -0.982281 0.0085326 0.418939 -0.907974 -0.00513795 0.489515 -0.87198 0.00365815 0.650465 -0.759527 -0.000807529 0.671588 -0.740925 -0.00335513 0.804398 -0.594081 0.0133372 0.878415 -0.477712 -0.00357848 0.913972 -0.405761 0.000450175 0.995883 -0.0906529 -0.00013361 0.995653 -0.09314 0.00499491 0.997334 -0.0727972 0.00146066 -0.0493418 -0.998781 0.85908 -0.0788951 -0.505725 0.00278407 0.845134 -0.534547 -0.00313462 0.701618 -0.712547 0.00535846 0.538857 -0.84238 -0.0019469 0.340983 -0.940067 0.00198131 0.239809 -0.970818 -0.00145885 0.0601803 -0.998186 -0.00117587 -0.155397 -0.987851 0.00109192 -0.281989 -0.959417 -0.0029469 -0.439901 -0.898041 0.00156714 -0.512797 -0.858509 0.00201886 -0.746548 -0.665329 -0.00304614 -0.800252 -0.599656 0.00237975 -0.92693 -0.375228 -0.917305 0.398046 -0.0105495 -0.00361319 0.896905 -0.442208 -0.856918 0.457976 -0.236537 -0.896367 0.366544 -0.249344 -0.846317 0.341987 -0.408403 -0.870603 0.273587 -0.408902 -0.818802 0.216298 -0.53177 -0.873379 0.0671519 -0.482389 -0.849844 0.0217981 -0.526584 -0.858768 -0.06668 -0.508007 -0.852703 -0.0793914 -0.516328 -0.8517 -0.22426 -0.473619 -0.889183 -0.228492 -0.396414 -0.867282 -0.403433 -0.291656 -0.864986 -0.405206 -0.295985 -0.00345503 -0.96317 -0.26887 -0.85044 -0.510353 -0.127639 -0.838521 -0.524585 -0.147284 0.00336575 0.658462 -0.752607 0.998874 -0.0234332 0.0412492 0.00304875 -0.145923 -0.989291 0.926463 -0.241418 -0.288763 0.00175767 0.925694 -0.378268 -0.00138605 0.903601 -0.428372 -0.00133678 0.70496 -0.709246 -0.00370497 0.340481 -0.940244 0.00145453 0.267224 -0.963633 -0.00166115 -0.067727 -0.997702 -0.00267246 -0.392073 -0.91993 0.00258881 -0.530593 -0.847623 -0.00210447 -0.648394 -0.761302 0.002811 -0.753025 -0.657986 0.00666649 -0.960074 -0.279666 -0.00228397 0.993357 -0.115052 -0.852522 0.520717 -0.0453907 -0.878539 0.472905 -0.0673077 -0.83777 0.502162 -0.214419 -0.900467 0.355608 -0.250406 -0.825099 0.367384 -0.429233 -0.857302 0.267272 -0.439999 -0.863834 0.105983 -0.492502 -0.804443 0.215148 -0.5537 -0.837448 -0.02664 -0.545868 -0.873448 -0.0709323 -0.481723 -0.862174 -0.187079 -0.470805 -0.881836 -0.203008 -0.425621 -0.818961 -0.371183 -0.437638 -0.00390766 -0.904227 -0.427034 -0.934375 -0.333714 -0.124814 -0.884114 -0.414963 -0.21482 0.704432 -0.709681 -0.0113248 0.750069 -0.648771 -0.128425 0.705574 -0.643887 -0.295931 0.666781 -0.657636 -0.350598 0.696457 -0.599632 -0.394193 0.701649 -0.540931 -0.46377 0.666027 -0.487262 -0.564786 0.577401 -0.471585 -0.666495 0.728595 -0.229891 -0.645213 0.688843 -0.0415585 -0.723718 0.630916 0.0270494 -0.77538 0.676913 0.0659231 -0.733105 0.73696 0.254568 -0.626167 0.663259 0.414137 -0.62336 0.592157 0.496134 -0.634982 0.739519 0.492351 -0.459024 0.801274 0.538902 -0.259894 0.715168 0.690974 -0.105304 0.000148732 -0.999887 -0.015008 0.000479246 -0.990073 -0.140552 -0.00079805 -0.983606 -0.18033 0.00123136 -0.9259 -0.377767 -0.000432576 -0.903581 -0.428418 0.000154217 -0.852023 -0.523504 0.000249499 -0.803015 -0.595959 -0.000256525 -0.835052 -0.550171 0.000414245 -0.72366 -0.690157 -0.00028398 -0.756804 -0.653642 -0.00107826 -0.624149 -0.781304 0.00069361 -0.585951 -0.810346 6.20308e-06 -0.358984 -0.933344 -0.000571415 -0.348288 -0.937387 0.000394594 -0.115601 -0.993296 -0.000156919 -0.0973008 -0.995255 0.000191191 0.0635225 -0.99798 -0.000739562 0.0878771 -0.996131 0.000773726 0.360698 -0.932682 -0.000220287 0.379827 -0.925057 -0.000159489 0.564435 -0.825477 0.000361538 0.578164 -0.815921 -0.000443968 0.733219 -0.679993 0.000466492 0.747649 -0.664094 -0.000429368 0.891622 -0.452779 -0.0004451 0.891482 -0.453057 0.00133423 0.979801 -0.199968 -0.000677982 0.989537 -0.144277 0.000471893 0.999916 -0.0129896 -0.739149 0.649839 -0.177108 -0.775546 0.549169 -0.311354 -0.684481 0.515734 -0.515271 -0.591885 0.518807 -0.616856 -0.687084 0.402075 -0.605187 -0.747817 0.252243 -0.61412 -0.730185 0.136918 -0.66939 -0.613365 0.00119761 -0.789799 -0.45475 -0.097964 -0.885215 -0.561193 -0.134878 -0.816621 -0.783678 -0.265259 -0.561682 -0.797937 -0.37585 -0.471204 -0.731923 -0.537747 -0.41847 -0.660742 -0.6868 -0.302863 -0.555617 -0.734252 -0.390081 -0.787228 -0.61323 -0.0649705 0.000950333 0.969277 -0.245969 -0.000180839 0.963354 -0.268232 -0.000359602 0.881204 -0.472736 0.000304986 0.874429 -0.485154 -6.26473e-05 0.690968 -0.722885 0.000364816 0.698483 -0.715627 -5.97678e-05 0.566932 -0.823764 0.000236389 0.557637 -0.830085 -0.000299045 0.405854 -0.913938 0.000347477 0.387862 -0.921718 -0.00037286 0.205377 -0.978683 0.000213116 0.1886 -0.982054 0.000125021 0.00520924 -0.999986 -6.41107e-05 -0.00129795 -0.999999 -6.41962e-05 -0.16188 -0.986811 1.61641e-05 -0.16408 -0.986447 0.000986169 -0.403623 -0.914925 -0.00101874 -0.438323 -0.898817 -5.20385e-05 -0.650802 -0.759248 0.000127358 -0.654624 -0.755955 -0.000103475 -0.761333 -0.648362 0.000677524 -0.778038 -0.628217 -0.00121777 -0.909 -0.416795 0.000252655 -0.920077 -0.391737 0.00120289 -0.991734 -0.128308 -0.00269038 -0.999034 -0.0438559 -0.340223 -0.495758 -0.799044 0.305591 0.205571 -0.929707 -0.186977 0.964651 -0.185709 -0.11707 0.919559 -0.375109 -0.0970193 -0.802309 -0.588971 0.0844182 -0.567436 -0.819079 -0.0124498 -0.0378753 -0.999205 0.135401 0.314962 -0.939396 -0.122403 0.916179 -0.381619 -0.261335 0.703958 -0.660415 -0.182302 -0.780037 -0.598588 -0.590935 -0.318071 -0.741369 -0.565002 -0.467431 -0.679913 -0.72685 -0.0968477 -0.679933 -0.480461 0.437539 -0.760077 -0.665236 0.314398 -0.677211 -0.0864579 0.983031 0.161789 0.0523144 0.925502 0.375113 -0.0455315 0.768427 0.638315 0.0637976 0.573556 0.816678 -0.0547409 0.366632 0.928754 0 1.17351e-05 -1 -5.76943e-05 1.86465e-05 -1 0 0 -1 4.30155e-05 -2.64998e-05 -1 0 0 -1 -0.000199921 9.68974e-05 -1 3.34696e-05 -2.38033e-05 -1 0.000116845 2.06289e-05 -1 0 0 -1 2.06991e-05 1.36575e-05 -1 0 0 -1 0 0 -1 0 0 -1 0 0 -1 0 0 -1 0.000193555 0.000131249 -1 -0.000405481 -2.94938e-05 -1 -0.000155229 -0.000105261 -1 0.000162956 2.55667e-05 -1 -0.000341281 -5.14247e-05 -1 0.000115534 -0.00011393 -1 6.63966e-05 -7.64356e-05 -1 -0.774171 0.632976 -0.000882635 0.331762 -0.16529 -0.92877 0.00954029 -0.00859489 -0.999918 0 0 -1 3.16614e-07 -1.74144e-05 -1 4.54799e-08 -7.18583e-06 -1 1.51515e-07 9.2409e-08 -1 4.61383e-07 6.63091e-06 -1 9.09549e-08 4.08809e-06 -1 3.64222e-07 1.43445e-05 -1 2.4004e-08 -3.3002e-05 -1 0 0 -1 0 0 -1 -3.93645e-08 5.41204e-05 -1 -1.00391e-08 6.16611e-05 -1 -6.44641e-09 -3.81093e-07 -1 -1.62751e-06 3.68398e-06 -1 0 0 -1 0 0 -1 0 0 -1 0 0 -1 -5.43056e-06 3.76621e-06 -1 6.57936e-06 1.45645e-06 -1 -0.000127718 -3.06923e-05 -1 -4.03539e-05 9.28023e-05 -1 0.00010288 0.000148922 -1 -0.000298409 -0.000475259 -1 0.00633153 0.000264517 -0.99998 0.00638535 0.000856195 -0.999979 0.00520314 -0.0114697 -0.999921 0.000134625 -0.0133716 -0.999911 0.000211558 5.58055e-05 -1 -4.13544e-05 -0.00015142 -1 -1.24539e-05 -1.04242e-05 -1 -2.63536e-06 1.65951e-06 -1 -2.85785e-06 6.69387e-07 -1 -1.27601e-06 -8.49441e-06 -1 0 0 -1 0 0 -1 0.0589269 0.0191392 -0.998079 0.109261 0.19208 -0.975278 0 0 -1 -0.00136175 0.0077188 -0.999969 0.0274187 -0.0107265 -0.999567 7.20874e-06 9.58238e-07 -1 0.000387145 -0.000184938 -1 -7.26103e-06 2.86421e-06 -1 -0.000157729 -0.000116267 -1 0 0 -1 -0.000152156 0.000227657 -1 4.16279e-05 -1.64206e-05 -1 -0.000131948 -2.6605e-05 -1 -0.000249506 0.000108819 -1 -0.000146056 -0.00011207 -1 -0.000219098 7.71706e-06 -1 0 0 -1 0 0 -1 0 0 -1 0 0 -1 0 0 -1 0 0 -1 1 0 0 1 5.19994e-07 -9.54139e-07 1 8.95866e-07 -1.14658e-06 1 5.43085e-07 3.20892e-07 1 3.36776e-06 -1.83725e-06 1 3.32082e-05 -4.12592e-05 1 3.76294e-05 -5.78884e-05 1 -6.28144e-05 -2.43857e-05 1 7.52088e-05 0.000118139 0.999957 -0.00801417 -0.00476846 1 1.64864e-06 7.51587e-07 0.999658 0.0179574 -0.0190315 1 -0.000118174 -5.4505e-05 0.999935 -0.0111308 -0.00242162 0.999502 -0.0255679 -0.0184779 0.955813 0.26246 0.132427 0.9402 0.133799 0.313244 1 -4.24186e-07 1.2798e-06 1 1.92096e-06 3.4184e-06 1 0 0 1 -9.124e-08 -1.63083e-06 1 0 0 1 -1.2081e-05 -7.84052e-05 1 2.65458e-05 -0.000300049 0.999999 0.000523556 -0.000890053 1 3.57478e-05 4.39511e-05 0.987371 0.0012746 0.158417 0.99998 0.004616 -0.00428339 0.996919 0.0758222 -0.0201034 0.96934 -0.187278 0.159084 1 6.51513e-05 -1.67778e-05 4.76836e-08 0 -1 -1.54348e-10 7.38818e-08 -1 -4.76836e-08 0 -1 0.0636843 -0.0790089 -0.994838 9.16661e-05 -5.57483e-06 -1 0 0 -1 1.68636e-07 1.05811e-07 -1 0 0 -1 1.14216e-06 -6.95472e-07 -1 -3.24152e-13 7.38833e-08 -1 0.0389619 -0.99924 -0.00111331 0.0858003 -0.996308 0.00304057 0.191711 -0.981435 -0.00558958 0.250601 -0.96808 0.00438177 0.359627 -0.933094 0.0020275 0.396219 -0.91815 -0.0034474 0.442608 -0.896714 0.00139696 0.533974 -0.845501 -0.000437004 0.548216 -0.836331 -0.00318953 0.674685 -0.738106 0 0.724321 -0.689463 0 0.739658 -0.672981 -0.00132613 0.82545 -0.564465 -0.00334501 0.846402 -0.532542 0.00166044 0.91343 -0.406987 -0.00262691 0.905761 -0.42379 -5.57528e-05 0.935085 -0.354423 0.00111624 0.961812 -0.273712 -0.00029662 0.98853 -0.151001 -0.0026164 0.992956 -0.118467 0.0019119 0.998969 0.045258 0.00361796 0.98609 0.166175 -0.00356525 0.980344 0.197291 0.00158956 0.944894 0.327367 -0.00234929 0.948647 0.316337 -0.000463182 0.897329 0.44135 0.00316078 0.88017 0.474656 -0.00175229 0.824241 0.566238 -0.000878244 0.819733 0.572746 0.000655411 0.733534 0.679647 0.00288051 0.695761 0.71826 -0.00432571 0.653683 0.756767 0.00152749 0.563261 0.826273 -0.00319118 0.544029 0.839066 0.000593342 0.447049 0.894507 0.00213314 0.40534 0.914158 -0.00393432 0.268917 0.963163 -0.000533354 0.157719 0.987483 -0.00162403 0.181682 0.983357 0.00039691 0.0442662 0.999019 -0.00115415 0.0246811 0.999695 0 -1 0.000412501 -0.000905994 -0.998817 -0.0186075 0.0449211 -0.999992 -0.00279197 -0.00290938 -1 3.25368e-05 -0.000406956 -1 0 0 -1 0 0 -1 -0.000173367 0.000271343 -0.999998 -0.00164666 0.00062358 -1 -0.000171894 0.000280026 -1 -4.14849e-05 -0.000228137 -1 -1.11937e-06 1.7487e-06 -1 0 0 -1 0 0 -1 3.69576e-06 -1.81385e-05 -1 2.43001e-05 -6.83463e-05 -1 0 0 -1 0.000202784 -0.000262681 -1 4.48238e-05 1.38764e-05 -1 -5.85523e-05 0.000193827 -1 0.000305589 -0.000327847 -1 -3.74043e-06 -9.95786e-06 -1 -4.17976e-05 -6.4899e-05 -0.999981 -0.00593157 -0.00182552 -1 0 0 -1 0 0 0 -1 0 0 -1 0 0 -1 0 0 1 0 1.02987e-07 1 1.46102e-06 3.55426e-05 1.72637e-05 -1 0 0 -1 0 0 -1 0 0 -1 -4.00038e-06 -1.9224e-06 -1 2.65584e-05 8.95613e-06 -1 -7.41909e-06 5.87591e-06 -1 -1.02934e-05 6.62043e-06 -1 -0.000288501 0.000185555 -1 0.00028254 8.01774e-05 -1 0.000238475 0.000104764 -1 0.000340447 -0.000115069 -1 5.71572e-05 -6.06146e-06 -1 -0.000277371 -0.00184987 -0.999998 0.00358944 0.00114384 -0.999993 9.82376e-07 1.20964e-06 -1 0 0 -1 0 0 -1 0 0 -1 -4.50487e-06 2.1648e-06 -1 0.000152666 -4.09066e-05 -1 7.90851e-06 -2.08153e-06 -1 0.000160733 -3.23656e-05 -1 6.20171e-05 -7.59899e-05 -1 7.14222e-06 -2.052e-06 -1 -0.000263981 -0.00011066 -1 -1.88291e-06 0 -1 -0.000190821 9.38368e-06 -1 0.000147808 -5.70502e-05 -1 2.74391e-05 9.60958e-07 -1 -6.05011e-05 -3.29122e-06 -1 0 -1 0 8.84932e-08 -1 8.96318e-07 0 -1 0 3.0733e-11 -1 1.01725e-06 0.405949 0.14941 0.9016 -0.00583998 0.0124988 0.999905 3.42683e-05 0.00171281 0.999999 1.77039e-05 0.000401175 1 0.000212254 0.000162303 1 0.000453253 -0.000604581 1 1.08646e-05 3.06634e-06 1 1.14283e-05 8.86146e-08 1 1.14407e-05 8.639e-08 1 0.00880737 0.0115305 0.999895 1.15383e-05 -2.52074e-06 1 1.01754e-05 -6.07095e-06 1 0.000515145 -0.00177692 0.999998 0.000403467 0.000391802 1 0.0753804 -0.997154 0.00160098 0.0367636 -0.999324 0 0.0325236 -0.999471 -0.000519423 0.223562 -0.142421 0.964228 -0.00199449 0.00429022 0.999989 -0.000325913 0.000193622 1 -8.18617e-05 -1.22007e-05 1 9.20917e-06 -4.60749e-05 1 0.000288981 -0.00010517 1 -3.46255e-05 1.26014e-05 1 -9.57694e-06 7.97677e-06 1 1.75445e-05 1.06105e-05 1 2.22031e-06 1.3428e-06 1 -1.79661e-07 -1.12993e-06 1 -1.38834e-13 -4.7906e-07 1 2.84871e-07 -3.21429e-06 1 0.0322604 -0.056634 0.997874 0 0 1 0 0 1 1.987e-07 4.43331e-06 1 3.23692e-06 6.1407e-07 1 -0.000163667 -5.60637e-05 1 0.0134888 0.00651297 0.999888 0.000235893 -0.000114467 1 0.0013034 -0.000492795 0.999999 -0.000287639 -0.000534928 1 -3.13708e-05 -0.00018289 1 -1.37732e-08 -9.92757e-07 1 -2.63317e-07 4.20209e-06 1 -4.68224e-07 -1 1.80602e-08 2.80445e-10 -1 -3.33265e-06 -2.95786e-06 -1 6.74805e-05 0 -1 7.62947e-06 8.82504e-06 -1 -2.27007e-05 1.12123e-05 -1 5.21118e-08 0 -1 0 -2.89804e-07 -1 5.09306e-06 0 -1 0 0 -1 0 -0.224574 -0.0323333 0.97392 0.000537366 0.010264 0.999947 0.00386922 0.0146413 0.999885 -0.000866492 -0.00100684 0.999999 0.00015636 3.04418e-05 1 0.000151326 2.82306e-05 1 0.000424206 7.59793e-05 1 -0.000291118 0.000171593 1 0 0 1 3.87035e-06 -3.56181e-06 1 0 0 1 0 0 1 -1.43329e-06 8.94391e-08 1 4.93726e-05 -2.14727e-05 1 -0.00104573 0.00109641 0.999999 0.000600251 0.00055477 1 0.000783633 0.00033437 1 0.00467248 -0.000537986 0.999989 -0.0414287 0.0727535 0.996489 0.985995 0.166721 -0.00418558 0.670286 0.741774 0.0221003 1 -4.7879e-06 -1.31465e-05 1 -3.29155e-06 -1.09454e-05 -0.0246809 0.999695 0 -0.0246809 0.999695 0 -0.0810509 0.99671 -3.58288e-05 -0.080322 0.996769 0 -0.167175 0.985927 -0.000248556 -0.172978 0.984926 0.000137535 -0.285066 0.958508 -0.000790283 -0.271449 0.962453 0.000137379 -0.359929 0.932978 0.00182251 -0.438617 0.898672 -0.00201542 -0.482077 0.876128 0.00119685 -0.572305 0.82004 -0.000965512 -0.584375 0.811484 0.000244559 -0.681042 0.732244 0.000237613 -0.691406 0.722466 -0.000886546 -0.754442 0.656366 0.000888234 -0.786854 0.617138 -0.00146214 -0.815196 0.579184 0.000990345 -0.862663 0.505779 0 -0.864668 0.502344 -0.000260616 -0.902153 0.431416 -0.000650602 -0.895982 0.444091 0 -0.931407 0.363978 0.00106766 -0.948176 0.317743 -0.00100713 -0.976613 0.215005 -0.000553903 -0.960826 0.277152 0.000500817 -0.979934 0.199323 0.000432041 -0.996209 0.0869871 -0.000484721 -0.996893 0.0787623 0.000141252 0 1 0 0 1 0 0 1 0 0 1 0 -0.996955 -0.0779833 -0.000255682 -0.997423 -0.071739 0.000123651 -0.984771 -0.173856 -0.00043682 -0.987127 -0.159936 0.00021822 -0.962084 -0.272751 -0.00134836 -0.972721 -0.231979 0.000540599 -0.93774 -0.347334 0.00155797 -0.920094 -0.391696 -0.000657342 -0.894361 -0.447345 0.000507769 -0.883878 -0.467718 -0.000630448 -0.838974 -0.54417 0.00114403 -0.819236 -0.573456 -0.00101161 -0.769415 -0.638749 0.000555202 -0.752249 -0.658879 -0.000677471 -0.72021 -0.693757 9.73644e-05 -0.689352 -0.724426 -0.00117126 -0.651133 -0.758964 0.000696716 -0.628428 -0.777868 -0.000270259 -0.582454 -0.812863 0.000675341 -0.566454 -0.824094 -0.000220206 -0.481773 -0.876296 -0.000482395 -0.490839 -0.87125 0.000298458 -0.354256 -0.935148 -0.00118315 -0.378667 -0.925533 0.000430621 -0.297478 -0.954728 0.000998918 -0.232622 -0.972567 0 -0.235441 -0.971889 0.000179222 -0.159023 -0.987275 -0.000216043 -0.163484 -0.986546 0 -0.0782184 -0.996936 0 -0.0831142 -0.99654 0.000219416 -0.024888 -0.99969 0 -0.024888 -0.99969 0 -1 1.09073e-06 -5.63179e-07 -1 -7.30461e-07 8.48974e-07 -1 0 0 -1 0 0 -1 7.61727e-08 -1.9899e-06 -1 -1.50389e-05 4.95232e-06 -1 1.9244e-07 3.2662e-06 -1 -1.8933e-06 1.48888e-06 -1 1.81912e-07 3.15778e-06 -1 0 0 -1 -1.59965e-06 -6.8502e-06 -1 8.91733e-07 -1.10543e-06 -1 -5.81322e-07 1.28175e-06 -1 0 0 -1 -1.98897e-05 -8.35991e-07 -1 0 0 -1 -9.23426e-05 4.54182e-06 -1 0 0 -1 1.74891e-06 4.28743e-06 -1 1.31109e-05 1.11452e-05 -1 7.26054e-05 2.03995e-06 -1 -1.59825e-06 -1.23539e-06 -1 -4.74264e-05 1.01866e-05 -1 -2.77093e-06 -3.94351e-06 -1 -7.56789e-06 -4.52571e-07 -1 1.87349e-05 5.94998e-06 -1 5.51284e-06 1.2672e-05 -1 4.60085e-05 4.54155e-06 -1 0 0 -1 0 0 -1 3.43794e-05 3.39363e-06 -1 0 0 -1 -0.000111728 1.14987e-05 -1 -1.5537e-05 2.91357e-05 -1 -0.000163401 0.000238786 -1 -6.18251e-05 -2.98409e-05 -1 8.61231e-05 -0.000171925 -1 -6.23197e-05 3.02018e-05 -1 1.35309e-05 -7.49838e-07 -1 0.00016594 8.45221e-07 -1 -6.09971e-06 1.97948e-05 -1 0 0 -1 0 0 -1 0 0 -1 0 0 -1 0 0 -1 0 0 -1 0 0 -1 -2.54845e-05 9.99063e-06 -1 2.49285e-05 3.34009e-06 -1 -4.42588e-05 2.10541e-05 -1 9.68036e-06 1.21739e-05 -1 4.71933e-05 -6.57459e-06 -1 -2.59858e-06 7.2245e-06 -1 5.37995e-06 -7.72215e-06 -1 0 0 -1 0 0 -1 0 0 -1 0 0 -1 1.03717e-06 1.29213e-06 -1 -5.92619e-07 -1.25997e-06 -1 7.97216e-06 -3.37763e-06 -1 1.61925e-05 -6.86039e-06 -1 -4.99907e-05 -1.4629e-05 -1 -1.12294e-05 9.1448e-06 -1 3.77845e-05 1.94114e-05 -1 -3.79207e-05 -3.22244e-05 -1 -8.44152e-06 -4.33675e-06 -1 0 0 -1 0 0 -1 3.64243e-05 4.06508e-05 -1 0 0 -1 4.0413e-05 5.13161e-05 -1 -3.54649e-05 -3.13277e-05 -1 -3.91282e-06 -3.18013e-08 -1 9.83278e-06 7.99156e-08 -1 3.99291e-07 3.01794e-06 -1 0 0 -1 -1.10177e-06 2.39703e-06 -1 0.000772864 -0.000309191 -1 4.92759e-07 -1.9665e-06 -0.999998 -0.00161324 -0.000922303 -0.999998 -0.0017895 -0.000941665 -1 5.39262e-07 3.18461e-07 -0.999998 0.000343747 -0.00191589 -1 1.04422e-06 -7.83947e-08 -1 -0.000337566 -0.000337466 -1 -0.000165972 -9.42762e-05 -1 7.12923e-07 3.65842e-07 -1 6.55386e-05 -7.53422e-07 -1 1.88835e-06 -2.40245e-06 -1 1.27107e-06 2.89866e-06 -1 0 0 -1 -5.41866e-06 3.67397e-06 -1 0 0 -1 0 0 -1 -2.08441e-05 -3.74653e-05 -1 -5.5715e-05 -1.75919e-05 -1 3.63739e-06 6.53018e-06 -1 -0.000115533 2.61012e-05 -1 -5.26934e-05 4.12738e-05 -1 5.45577e-05 1.11188e-06 -1 -4.5622e-05 -5.82035e-05 -1 -2.64687e-06 4.85654e-06 -1 -5.25121e-06 -1.36376e-05 -1 0 0 -1 0 0 -1 1.35462e-05 -9.01852e-05 -1 2.48847e-06 -7.90677e-05 -1 -4.42132e-06 -1.0087e-06 -1 -1.92343e-06 1.13686e-06 -1 2.21166e-06 -4.44443e-06 -1 -2.44376e-06 6.69365e-06 -1 -1.52964e-05 -7.63802e-05 -1 2.90877e-06 -7.44928e-05 -1 -9.85668e-06 -7.01969e-05 -1 1.00178e-05 -5.79762e-05 -1 3.95189e-05 -4.73062e-05 -1 -1.19453e-05 1.99371e-05 -1 -2.33657e-05 1.56998e-05 -1 -0.00022729 -9.50563e-05 -1 0 0 -1 5.22645e-07 -1.35015e-05 -1 -5.52721e-07 7.89758e-06 -1 -6.05886e-07 -1.53185e-05 -1 1.44429e-07 -2.25782e-07 1 -2.08435e-07 -2.1976e-06 1 8.74288e-08 4.65651e-08 1 -5.26559e-07 1.44425e-06 1 0 0 1 -2.37812e-05 2.62521e-06 1 0 0 1 -1.52804e-05 1.26741e-07 1 0 0 1 -0.000408245 -4.21098e-05 1 2.0596e-05 -5.85617e-06 1 0 0 1 5.24284e-05 -0.000173862 1 0 0 1 -2.97099e-05 -0.0001824 1 0.000374931 -9.25214e-06 1 3.98058e-06 -4.37235e-06 1 -5.5322e-06 6.79474e-05 1 -4.5688e-06 7.60084e-06 1 -0.000115758 -6.973e-06 1 2.96583e-05 7.41981e-05 1 0 0 1 0 0 1 4.78292e-05 1.1166e-05 1 4.96814e-06 1.47184e-06 1 0 0 1 -7.61253e-08 -3.84726e-08 1 -7.91465e-08 -1.61572e-08 1 -6.27824e-08 2.29685e-07 1 2.82907e-05 1.59384e-06 1 -4.49071e-06 -5.41321e-06 1 0 0 1 -8.0155e-07 -1.45755e-06 1 -3.70606e-05 -5.69555e-06 1 5.18539e-06 4.66349e-07 1 -1.61413e-06 2.40165e-07 1 3.32287e-06 -3.7257e-06 1 6.65164e-06 -9.89693e-07 1 4.87159e-07 -1.35495e-06 1 -2.67803e-05 -4.23189e-06 1 -5.66363e-05 8.56721e-05 1 3.09906e-06 -1.71168e-06 1 -1.25647e-05 -2.39184e-05 1 -6.6287e-07 -1.59343e-06 1 -1.20929e-07 -5.54482e-08 1 -2.38208e-07 1.00065e-06 1 -1.20998e-07 -3.58462e-08 1 -5.83956e-08 -1.40373e-07 1 -5.37925e-06 -2.87494e-05 1 -2.54036e-05 -2.23681e-05 1 0.000103806 -3.07114e-05 1 1.52714e-05 -2.35365e-06 1 0 0 1 -6.97053e-06 2.00052e-05 1 1.01424e-05 -1.72124e-05 1 -8.29845e-07 -9.68468e-07 1 8.27778e-07 1.62962e-06 1 0 0 1 -3.58685e-07 -8.5078e-07 1 3.108e-05 -2.99774e-06 1 -1.59982e-05 9.26292e-06 1 7.41706e-06 1.08539e-05 1 -7.85638e-06 5.87698e-06 1 8.90288e-07 1.09827e-05 1 0 0 1 0 0 1 -2.56084e-05 -1.32962e-05 1 2.88329e-06 2.35769e-06 1 0 0 1 -3.69409e-08 -6.38373e-07 1 -5.18737e-08 -3.82322e-07 1 -6.56428e-08 -1.61137e-07 1 -7.1846e-08 -7.91978e-08 1 0 0 1 0 0 1 0 0 3.43159e-05 -0.836926 -0.547316 -2.17166e-06 -0.836585 -0.547836 -0.000882302 -0.697628 -0.716459 0.000909412 -0.675973 -0.736926 -0.000570252 -0.492816 -0.870133 -3.86004e-05 -0.500972 -0.865463 -0.000344408 -0.321337 -0.946965 0.000465518 -0.339869 -0.940473 -5.7954e-05 -0.159593 -0.987183 0.000271148 -0.166724 -0.986004 -0.000366057 0.00817435 -0.999967 0.00137601 0.0462897 -0.998927 -0.00100156 0.18932 -0.981915 0.000840805 0.242067 -0.970259 -0.000838903 0.377068 -0.926185 -5.32764e-05 0.394157 -0.919043 0.000431265 0.516678 -0.85618 -0.00172458 0.566987 -0.823725 0.000653423 0.640479 -0.767975 -0.000289902 0.722652 -0.691212 0.000347894 0.732719 -0.680531 -0.000393493 -0.83952 -0.543328 9.12363e-06 -0.844004 -0.536337 0.000412764 -0.725135 -0.688607 -0.000390104 -0.712479 -0.701693 -0.000348101 -0.617641 -0.78646 0.000152189 -0.607158 -0.794581 0.000183104 -0.479617 -0.877478 0.000153808 -0.479116 -0.877752 -0.000948086 -0.331486 -0.94346 0.000538884 -0.29317 -0.95606 -0.000432723 -0.179634 -0.983733 0.000372695 -0.158168 -0.987412 -0.000468359 0.0263668 -0.999652 -0.000851771 0.0198554 -0.999803 0.00140445 0.170986 -0.985273 -0.000897969 0.253548 -0.967322 0.0011519 0.332513 -0.943098 -0.000583396 0.397187 -0.917738 0.000116864 0.492252 -0.870453 0.000827199 0.507566 -0.861612 -0.000340897 0.626415 -0.77949 -0.000766427 0.633484 -0.773756 0.000803061 0.741505 -0.670947 -0.000638732 0.782817 -0.622251 0 0.799645 -0.600473 0.656535 -0.754289 0.00331139 0.778016 -0.628239 0.00263638 0 0 1 0 0 1 0 0 1 0 0 1 0 0 1 0 0 1 0.968868 -0.247561 0.00297586 0 0 1 0 0 1 0 0 1 0 0 1 0 0 1 0 0 1 0 0 1 0 0 1 0 0 1 0 0 1 0 0 1 0 0 1 0 0 1 0.304301 0.952566 0.00433781 0 0 1 0.0979362 0.995191 0.00198098 0 0 1 0 0 1 0 0 1 0 0 1 0 0 1 0 0 1 0 0 1 0 0 1 0 0 1 0 0 1 0 0 1 0 0 1 0 0 1 0 0 1 0 0 1 0 0 1 0 0 1 0 0 1 0 0 1 0 0 1 0 0 1 0 0 1 0 0 1 -3.9004e-07 1.82615e-07 1 0 0 1 0 0 1 -0.000396097 0.00294072 0.999996 0 0 1 0 0 1 0 0 1 0 0 1 0 0 1 7.29119e-06 -2.40148e-06 1 0 0 1 0 0 1 0 0 1 0 0 1 1.64134e-07 -3.85568e-07 1 1.0306e-06 -7.46775e-07 1 0 0 1 0 0 1 1 2.62342e-05 -2.65704e-05 1 1.24197e-05 2.8731e-06 0.075246 0.997155 -0.00450425 0 1 0 1 -9.8346e-05 2.40486e-06 1 -8.9751e-05 -3.22359e-06 1 -0.000156076 -5.21959e-05 1 0.000148068 0.000141818 1 5.9151e-05 -0.000208813 0.999989 0.000848831 -0.00457094 0.999996 0.00276317 0.000110202 0.999868 0.00194403 0.01616 1 0.000182491 -0.000344793 1 6.39624e-05 0.000229419 1 -7.32286e-05 1.21734e-05 0.999956 -0.00173389 -0.00920126 0.999996 -0.00281422 -0.000373212 1 0 0 0.999996 -0.00172527 -0.00227882 1 -3.72033e-05 -0.000129215 1 1.08207e-06 7.49498e-06 0.999981 -0.000411895 0.00608499 1 -0.000130924 -0.000165564 0.999999 0.00109321 0.000671897 1 -7.25322e-05 0.00022618 1 0.00019777 -0.000112279 1 5.69043e-05 0 1 0 0 1 5.16224e-07 -2.02248e-06 1 -2.87126e-06 -2.61704e-05 -3.79179e-07 1.52428e-05 -1 0 0 -1 6.05754e-07 3.69843e-06 -1 5.34085e-06 -1.65018e-05 -1 -1.45937e-07 -7.56654e-08 -1 2.36944e-07 -7.57483e-07 -1 -5.59038e-07 3.39721e-07 -1 1.01269e-06 -3.23745e-06 -1 0 0 -1 0 0 -1 -2.77088e-06 5.01664e-07 -1 -1.79019e-06 3.20639e-06 -1 1.85916e-07 -5.74431e-07 -1 0 0 -1 -6.56035e-07 -1.07274e-06 -1 -1.63466e-07 5.61041e-08 -1 2.69139e-07 6.15657e-07 -1 2.61555e-06 4.1971e-07 -1 6.40476e-06 1.30417e-06 -1 -6.16816e-07 -8.9709e-08 -1 -2.59914e-08 1.57766e-07 -1 1.31837e-06 3.45405e-07 -1 -7.04918e-06 3.61862e-06 -1 -2.09953e-06 1.8212e-06 -1 0 0 -1 1.3958e-05 4.18741e-05 -1 -5.99105e-06 -3.63993e-05 -1 -2.67248e-05 -0.000167747 -1 0.000141753 0.00263478 -0.999997 0 0 -1 0 0 -1 3.59832e-05 -6.94692e-06 -1 0.0579235 0.593205 -0.802965 -0.156342 0.769051 -0.619772 0.0583707 0.937348 -0.34347 0.000897559 0.000155172 1 -0.0016987 -0.000329742 0.999999 0.0886891 -0.54606 0.833038 -0.137069 -0.720144 0.68015 0.122089 -0.991159 0.0519527 0.0936478 -0.995201 0.028358 -0.168654 -0.765328 -0.621152 0.164407 -0.513996 -0.84189 0.00017566 0.000196025 -1 -0.0031208 -0.000396168 -0.999995 0.988665 -0.149693 0.0115302 0.961169 -0.275934 -0.00386526 0.363781 -0.931388 -0.0134138 0.335146 -0.942165 -0.00121941 0.0994765 -0.995033 -0.00383698 1.00402e-07 1 2.32925e-06 0 1 0 0.810842 0.585232 -0.0061667 0.87239 0.488571 0.0153225 0.94599 0.324082 -0.0085587 0.990281 0.138813 0.00867934 0.126479 -0.643121 -0.755247 0.102676 0.724085 -0.682025 0.194534 0.657876 -0.727568 0.52493 0.525126 -0.669844 0.644027 0.229506 -0.729764 0.593276 -0.355621 -0.722189 0.702142 0.145456 -0.697022 0.725633 -0.0580088 -0.685633 0.683146 -0.226338 -0.694321 0.514687 -0.542894 -0.663599 -0.00434504 -0.012076 0.999918 -9.53462e-07 -0.000432881 1 -7.72493e-06 -1 6.02977e-05 -1.6141e-05 -1 -1.47885e-06 0.1727 -0.984847 0.0158228 0.271799 -0.962059 -0.0238283 0.564386 -0.825507 0.00262318 0.556719 -0.8307 -0.00154685 -0.496045 -0.868219 0.0116335 -0.427891 -0.902888 -0.0412725 -1 -7.2336e-05 0.000452919 -1 -0.000276106 6.84967e-06 -1.63575e-05 -1 4.48958e-06 1 -1.86018e-05 -1.21138e-06 1 -0.000213314 -0.000401928 5.73777e-05 -3.80143e-06 1 -3.2715e-07 2.16745e-08 1 3.03699e-09 -7.54386e-07 1 -2.72442e-08 6.76745e-06 1 -1.00027e-07 4.41903e-06 1 -1.35806e-07 1.17378e-05 1 1.46792e-06 5.09533e-05 1 1.05548e-06 7.08782e-06 1 2.47955e-06 3.88125e-05 1 2.68171e-06 6.30418e-05 1 8.92627e-07 0.000162747 1 7.99966e-07 -0.000384318 1 -8.62436e-07 -0.000250597 1 0.706117 -0.707955 0.0141163 0.162683 -0.98661 0.0115784 0.342198 -0.939608 -0.00605483 0.980101 -0.198477 0.00309503 0.986163 -0.165729 0.00404962 -0.102873 -0.994628 0.011496 -0.289292 -0.957192 0.00972385 -0.985542 -0.169427 0.000592088 -0.992765 -0.120036 0.00297787 0.0559773 0.69135 0.720349 -0.0719208 0.540239 0.838432 0.0882465 -0.287344 0.953754 -0.189922 -0.733949 0.652111 0.0833332 -0.961255 0.262764 0.204275 0.895078 0.396368 -0.0739817 0.502384 0.861474 0.140388 -0.314293 0.938888 -0.107065 -0.630561 0.76872 0.229406 -0.966002 -0.119216 0.176969 0.984202 0.00537169 0.518362 0.855136 -0.00653287 0.57081 0.821073 0.00389255 0.794374 0.607428 -0.00120438 0.793359 0.608753 -0.000956788 0.939296 0.3431 -0.0021295 0.932712 0.360622 0.000988591 0.160348 0.987059 0.00194189 0.593336 0.80492 0.00747785 0.495262 0.868738 -0.00307783 0.829506 0.558373 -0.0118312 0.280127 0.959963 -0.000824083 0.239941 0.970784 0.00276834 0.514777 0.857314 -0.00424159 0.483876 0.875136 0.000963915 0.77122 0.636563 0.00271591 0.817629 0.575671 -0.00922473 0.950379 0.310919 0.0104608 0.983628 0.180111 -0.0059456 0.990106 -0.140299 0.00248873 0.784254 -0.620436 -0.00220529 0.824804 -0.565228 -0.0147229 0.522237 -0.852744 0.00979907 0.172069 -0.985085 -1.941e-05 0.222547 -0.974836 -0.0129644 0.973648 -0.228055 -0.00116606 0.976957 -0.213433 0.00105598 0.846201 -0.532859 -0.0024559 0.858767 -0.512365 0.00111442 0.627579 -0.778542 0.00403425 0.589847 -0.807498 -0.00527343 0.992451 -0.122643 -0.000440233 0.925609 -0.378482 -0.000476352 0.92927 -0.3694 0.00121586 0.708693 -0.705482 -0.00705764 0.66755 -0.744548 0.00508146 0.314175 -0.949354 -0.00459833 0.286128 -0.958191 0.000150275 0.999837 0.000456805 0.0180537 0 0.999999 0.00124565 2.00186e-05 1 0 -0.999997 -0.000185692 -0.00241623 -0.999997 -0.000473526 0.00227443 -4.18422e-07 -1 2.51053e-05 3.75315e-05 -0.999997 -0.00225189 -0.275912 -0.936754 -0.215327 -0.00445285 -0.00569635 -0.999974 -0.901521 0.390845 0.185745 0 0 -1 -0.00927771 0.0106079 -0.999901 -0.299553 0.696532 -0.652005 0 0 -1 -7.05664e-05 5.41797e-05 -1 0.904 -0.261468 -0.338259 0 0 -1 0 0 -1 -7.59713e-07 -5.3313e-08 -1 0.483102 0.0568912 -0.873714 0.000224704 9.6226e-05 -1 0.112048 -0.95913 0.259838 0.498169 -0.737763 -0.455558 0.712391 -0.700141 0.0479679 0.918412 -0.279913 -0.279588 0.276694 0.73327 -0.621093 0.389099 0.850153 -0.354741 0.826285 0.471177 0.308617 -0.186726 0.982412 0 -0.315922 -0.948784 -0.00161208 -0.842961 -0.48556 0.231621 0.480724 0.876871 0.00163656 0.00472465 0.999965 -0.00690599 -0.0863603 0.996247 0.00575492 -0.446365 0.894842 -0.0039556 -0.530494 0.847668 0.00594994 -0.896259 0.443106 0.0193928 -0.809532 0.587062 -0.00403728 -0.801304 0.598257 0 -0.965647 0.259398 -0.015461 -0.984401 -0.175739 0.00843366 -0.0370936 -0.999312 0.000695426 -0.149914 -0.988699 -0.000250081 -0.952199 -0.305325 0.00970526 -0.999239 -0.0389942 0.000572512 -0.895536 -0.442229 -0.0494788 -0.198947 0.979999 0.00476562 -0.336922 0.941532 -0.000598828 -0.999518 0.0308946 -0.00310798 -0.707107 0.000219161 0.707107 -0.707183 -0.000165895 0.70703 -0.707107 0 0.707107 -0.707107 0 0.707107 -0.707035 -0.000147988 0.707178 -0.707107 0.000250096 0.707107 -0.980723 0.19539 -0.00212966 -0.959615 -0.280782 -0.0173353 -0.899871 -0.435962 0.0130449 -0.830059 -0.557676 0 -0.833835 -0.552012 -0.00135168 -0.572795 -0.819687 -0.00434901 -0.099118 -0.995057 -0.00607918 -0.9897 0.142516 0.0135425 -0.98628 -0.164687 0.0114333 0.0427276 -0.999087 0 0.0506934 -0.998714 -0.000507444 0.237809 -0.97131 -0.00196918 0.216603 -0.97626 0.000782066 0.459051 -0.888404 0.00320451 0.480785 -0.876834 -0.00285468 0.449891 0.893043 0.00843506 0.313262 0.949663 -0.002806 0.149673 0.988735 -0.000478725 0.180622 0.983549 0.00252268 0 0.707098 -0.707115 1.85491e-05 0.706263 -0.707949 -0.642391 0.135827 -0.754245 -0.872416 0.48867 -0.00962269 -0.202607 0.692433 -0.69245 0.329028 0.926702 0.181561 0.375591 0.321014 -0.869414 -0.709599 -0.000317602 -0.704606 -0.707328 -0.000130706 -0.706886 0.712694 0.000779457 -0.701475 0.727709 -0.000324139 -0.685886 -0.215807 -0.346737 -0.912798 -0.6274 -0.21974 -0.74705 -0.835218 -0.542399 -0.0906286 0.833325 -0.29346 -0.468456 0.198419 -0.692881 -0.693214 -3.68492e-08 -0.706937 -0.707277 -3.45762e-05 -0.708509 -0.705702 3.68511e-05 -0.852871 0.522122 0 -0.90715 0.420808 0.00418827 -0.766998 -0.641636 -0.639548 -0.76875 0.00156268 -0.442485 -0.896763 0.00477834 -0.0243225 -0.999695 0.00421137 -0.999969 0.00381765 0.00691634 0.00103551 -0.0255821 0.999672 0 0.939693 -0.342018 0.302369 0.801833 -0.515399 1.93355e-06 0.939689 -0.342031 -4.12277e-06 0.939694 -0.342018 6.37903e-06 0.939689 -0.342031 -1.93596e-05 0.93969 -0.342028 -4.32562e-05 0.939689 -0.342031 -4.31895e-09 0.939693 -0.342018 -1.4936e-08 0.939693 -0.342018 2.01838e-08 0.939693 -0.342018 -0.0550181 0.93827 -0.3415 -0.0522207 0.938086 -0.342445 -0.00446729 0.180947 -0.983483 -0.160603 0.927424 -0.337773 -0.255293 0.898686 -0.356637 -0.264734 0.897926 -0.351631 -0.417439 0.849656 -0.322226 -0.533852 0.769139 -0.351322 -0.550498 0.75067 -0.365305 -0.654394 0.681709 -0.327173 -0.741429 0.582874 -0.332477 -0.768352 0.532609 -0.354914 -0.812117 0.475093 -0.338751 -0.847889 0.407194 -0.339525 -0.867211 0.348529 -0.355629 -0.892067 0.298396 -0.339376 -0.919632 0.199729 -0.338208 -0.924207 0.146991 -0.352469 -0.937889 0.0835403 -0.336726 -0.939677 -3.63885e-06 -0.342064 -0.939676 -3.15861e-06 -0.342066 -0.940066 -0.0735853 -0.332958 -0.925085 -0.162669 -0.343156 -0.911079 -0.204516 -0.357923 -0.904131 -0.260595 -0.33858 -0.869348 -0.365086 -0.333086 -0.827518 -0.44034 -0.348302 -0.822761 -0.446548 -0.351652 -0.772959 -0.538088 -0.336148 -0.704086 -0.617792 -0.350136 -0.649884 -0.68295 -0.333511 -0.701249 -0.620251 -0.351481 -0.59226 -0.7331 -0.334352 -0.530508 -0.773111 -0.347649 -0.495838 -0.789618 -0.361454 -0.452009 -0.82485 -0.339574 -0.337741 -0.882552 -0.32716 -0.226512 -0.906692 -0.355813 -0.214917 -0.911421 -0.350887 -0.150888 -0.928322 -0.339781 -0.0505997 -0.93848 -0.341605 -0.0719095 -0.937195 -0.341312 -0.023316 -0.936545 -0.34977 -0.000797946 -0.939859 -0.341562 -0.0341819 -0.938813 -0.342728 0.0004023 -0.939687 -0.342036 0 -0.939684 -0.342044 0 -0.939684 -0.342045 0 -0.939684 -0.342044 -4.29042e-08 -0.939684 -0.342044 1.63099e-08 -0.939684 -0.342043 -2.20405e-08 -0.939684 -0.342044 1.38706e-06 0.83719 -0.546912 0 0.837192 -0.54691 0 0.860926 -0.508731 0 0.860926 -0.508731 3.02511e-08 0.882952 -0.469464 0 0.882952 -0.469464 -3.14226e-08 -0.882619 -0.470089 0 -0.882619 -0.470089 0 -0.861022 -0.508568 0 -0.837906 -0.545814 0 -0.861022 -0.508568 -3.26071e-07 -0.837907 -0.545813 0 0.837195 -0.546905 0 0.860926 -0.508731 0 0.837195 -0.546905 0 0.882952 -0.469464 0 0.860926 -0.508731 1.82622e-06 0.882954 -0.46946 0 -0.882619 -0.470089 0 -0.882619 -0.470089 0 -0.861022 -0.508568 0 -0.861022 -0.508568 7.1927e-07 -0.837907 -0.545813 0 -0.837906 -0.545815 0.000396803 0.70359 -0.710606 0 0.707107 -0.707107 1.4775e-06 0.707085 -0.707129 0.655163 0.0802667 -0.751212 0.708928 0.119142 -0.695144 0.714746 0.238885 -0.657322 0.553788 0.287128 -0.781586 0.595015 0.342013 -0.727314 0.616831 0.418968 -0.666322 0.504241 0.509069 -0.69756 0.390594 0.466064 -0.793865 0.380916 0.578816 -0.721023 0.267148 0.596986 -0.756465 0.266585 0.596551 -0.757007 0.198394 0.713425 -0.67206 0.104236 0.7171 -0.689131 0.074138 0.689834 -0.720161 0.0438649 0.711919 -0.70089 0.70638 1.29587e-05 -0.707833 0.707384 -7.28656e-05 -0.70683 0.0338144 -0.706702 -0.706702 0.104791 -0.636079 -0.764476 0.130582 -0.67475 -0.726402 0.305248 -0.712057 -0.632296 0.348273 -0.550511 -0.758712 0.346758 -0.54352 -0.764425 0.518724 -0.54615 -0.657758 0.555794 -0.490623 -0.671105 0.540149 -0.37822 -0.75179 0.537787 -0.374687 -0.755245 0.64329 -0.282205 -0.711715 0.607668 -0.208561 -0.766317 0.668776 -0.195307 -0.717352 0.764129 -0.117821 -0.634212 1.64776e-05 -0.706819 -0.707394 -1.61964e-05 -0.707107 -0.707107 -2.13549e-05 -0.707375 -0.706838 0.996807 -0.0798553 0 0.94926 -0.314456 0.00485366 0.838113 -0.545491 -0.00224501 0.83698 -0.547228 -0.00253989 0.652798 -0.757528 0.00239059 0.596552 -0.802568 -0.00317196 0.501684 -0.86505 0.000858816 0.37078 -0.928718 -0.00231475 0.333704 -0.94267 0.00376591 0.995747 0.0921092 0.00174222 0.992829 0.11954 -0.000223196 0.953257 0.302155 -0.00203847 0.909271 0.416158 0.00629746 0.864879 0.501977 -0.00182352 0.726354 0.687321 -0.000176622 0.722605 0.691261 0.000320655 0.564561 0.825391 -0.00134629 0.594329 0.804222 0.000458491 0.493681 0.869641 0.00160294 0.39378 0.919204 -0.00101323 0.338722 0.940873 0.00501659 0.101285 0.99483 -0.00737784 -0.34028 -0.829948 -0.442036 -0.347466 -0.827501 -0.441034 -0.340702 -0.809546 -0.478078 -0.342703 -0.808882 -0.477772 -0.0481175 -0.842439 -0.536638 -0.338043 -0.78858 -0.513682 -0.556328 0.69136 -0.460999 -0.340671 0.787112 -0.514197 -0.342929 0.808668 -0.47797 -0.340096 0.809606 -0.478406 -0.344624 0.82876 -0.440899 -0.338544 0.830814 -0.441742 -0.394321 -0.389001 -0.83258 -0.606951 0.161099 -0.77824 -0.551702 0.157867 -0.818965 0.343537 0.824042 -0.450485 0.342933 0.808667 -0.477969 0.340099 0.809606 -0.478405 0.130226 0.834028 -0.536133 0.340675 0.787115 -0.51419 0.1906 0.675409 -0.712386 0.461499 0.175403 -0.869628 0.479013 0.170864 -0.861018 0.46716 -0.41507 -0.780691 0.479294 -0.414184 -0.773776 0.592811 -0.679812 -0.431777 0.510017 -0.717119 -0.474999 0.338017 -0.788591 -0.513681 0.346688 -0.807546 -0.477154 0.342704 -0.808881 -0.477771 0.347468 -0.827499 -0.441035 0.340227 -0.829965 -0.442045 0.513928 -0.260272 -0.817396 0.513453 -0.26039 -0.817657 0.2123 -0.000465559 -0.977205 0.364506 -0.0567287 -0.929471 0.714893 -0.271766 -0.644261 0.739972 -0.116668 -0.662443 0.781922 -0.303189 -0.544679 0.818455 -0.000350843 -0.574571 0.992688 -0.114442 -0.0383886 0.987193 -0.159408 -0.0061768 0.929999 -0.113522 -0.349591 0.998311 -1.73151e-05 -0.0580887 0.957229 -0.000537094 -0.289332 0.861826 0.000604762 -0.507204 0.633495 4.22954e-05 -0.773747 0.644188 0.000197074 -0.764867 0.439412 -0.000162625 -0.898285 0.341085 0.000828538 -0.940032 0.772093 0.0901238 -0.629087 0.393354 0.253158 -0.883846 0.776684 -0.00405962 -0.629878 0.986871 0.000645409 -0.16151 0.369412 0.284186 -0.884745 0.415106 0.434504 -0.799308 -0.244988 -0.969371 0.0173411 0.982119 0.00382745 0.188224 -4.5481e-05 -0.435817 0.900036 0.162265 -0.00166989 0.986746 -0.535586 0.000359477 0.84448 0.119381 -0.126337 -0.984778 -0.740887 -0.666471 -0.0830798 -0.00516478 -0.999653 -0.025849 0.250134 0.968196 0.00542172 0.000481335 -0.65269 0.757625 -0.147981 -0.946972 0.28521 -0.675715 -0.00055411 0.737163 -4.16038e-05 -0.913004 0.407951 1.82994e-05 -0.512087 0.858934 -0.576696 -0.816875 0.0116953 -0.263914 -0.964543 0.00263813 -0.03003 -0.471599 0.881302 -0.517657 0.026674 0.855172 -0.967615 -0.252314 -0.00768235 -0.804848 -0.593192 0.0185485 -0.503268 -0.864067 0.0105041 -0.45741 -0.889255 0.00171538 -0.212812 -0.977048 0.00938172 -0.335604 -0.941784 0.0203284 -0.0222063 -0.331147 0.943318 -2.22194e-05 -0.429457 0.903087 -7.42038e-05 -0.471629 0.881797 0 -0.423141 0.906064 -0.346785 -0.000231431 0.937944 -0.951278 0.000720533 0.308334 -0.767968 0 0.640488 0.0142348 -0.347531 0.937561 0.162581 -0.986615 0.0125609 0.146544 -0.98916 0.00940377 0.494477 -0.868989 0.0187064 0.643101 -0.765738 -0.00819647 0.707529 -0.706484 0.0168071 0.832607 -0.553849 -0.00409592 0.893966 -0.447679 0.0202298 0.96271 -0.27045 -0.00675468 0.0626481 0.99447 0.0842923 -0.051229 0.998682 0.00324244 -0.892222 0.450294 0.0342903 -0.990936 0.133994 0.00957315 0.999982 -2.4344e-06 0.00604231 0.999982 -6.02983e-06 0.00605394 0 0.238132 0.971233 -1.33627e-05 0.844745 0.53517 0.976321 0.215708 0.0163649 0.994416 0.105527 0.00125684 0.670439 0.741667 0.0209927 0.200399 0.979679 0.00833375 0.163566 -0.924183 0.345156 5.83408e-05 0.596366 0.802712 0.137678 0.990433 0.0093949 0.00159272 -0.984501 0.175371 -0.00186716 -0.954682 0.297623 0.000672224 -0.924813 0.380422 -0.0011618 -0.836819 0.547478 -0.000285611 -0.737463 0.675388 0.00137216 -0.780976 0.62456 0.000346018 -0.58857 0.808446 -0.000249558 -0.577227 0.816584 -0.000233003 -0.338337 0.941025 0.000817063 -0.319327 0.947644 -0.000665163 -0.0526008 0.998615 0.000373909 -0.0235689 0.999722 -0.00038197 0.115964 0.993253 0.00132845 0.198535 0.980093 -0.00225029 0.337983 0.94115 0.00221189 0.471828 0.881688 -0.00127484 0.62042 0.784268 0.000351736 0.670068 0.7423 -0.000298222 0.753688 0.657233 0.000497936 0.772409 0.635126 -0.000349715 0.883296 0.468816 5.728e-05 0.889342 0.457242 -0.000334111 0.949548 0.313623 5.74199e-05 0.944814 0.327608 -0.00113849 0.997273 0.0737868 0.000504622 0.99433 0.106336 -0.758236 -0.643568 0.104399 -0.569002 -0.75842 0.31786 -0.351747 -0.823778 0.444593 -0.661845 -0.586941 0.466327 -0.773115 -0.371687 0.513948 -0.741434 -0.214094 0.635956 -0.562358 -0.112187 0.819248 -0.68425 -0.0254399 0.728804 -0.770765 0.118297 0.626041 -0.742261 0.321219 0.588105 -0.628008 0.47304 0.617932 -0.684292 0.489098 0.540858 -0.720502 0.537948 0.437595 -0.692998 0.637991 0.33574 -0.687752 0.645871 0.331433 -0.729446 0.650666 0.211049 -0.719276 0.689085 0.0883432 -0.556171 0.828736 -0.0622172 -0.000431797 0.999486 0.032062 0.000574812 0.977205 0.212298 -0.000678661 0.971112 0.238625 0.00064315 0.866721 0.498793 -0.000614126 0.851543 0.524285 0.000522468 0.746152 0.665776 -0.00103314 0.689397 0.724383 0.00077058 0.636926 0.770925 -0.00119545 0.472625 0.881263 0.00107304 0.416533 0.90912 -0.000611234 0.242387 0.970179 0.00128071 0.172892 0.98494 -0.000823157 0.0773586 0.997003 0.000848557 -0.0990033 0.995087 -0.000293267 -0.137194 0.990544 0.000283625 -0.263517 0.964655 -0.000360263 -0.290867 0.956764 0.0010803 -0.470539 0.882378 -2.74404e-05 -0.445797 0.895134 -0.000527398 -0.657905 0.753101 4.18721e-05 -0.670031 0.742333 -3.07673e-05 -0.821906 0.569624 -0.00040262 -0.82627 0.563274 0.000395526 -0.948127 0.31789 -0.000110582 -0.952125 0.305709 0.000457361 -0.98832 0.152392 -0.000248463 -0.993048 0.117711 0.000399006 -0.999999 -0.001659 0.668948 0.742824 0.026854 0.604551 0.79576 -0.0358482 0.733824 0.660696 0.158058 0.637457 0.650408 0.413059 0.624625 0.663419 0.411969 0.747711 0.457695 0.481086 0.72887 0.324189 0.603034 0.526476 0.202216 0.825791 0.591312 0.222993 0.774999 0.713988 0.0700419 0.696646 0.754962 -0.100304 0.648053 0.729952 -0.195623 0.654907 0.638113 -0.345109 0.688267 0.6355 -0.34433 0.691069 0.747611 -0.445952 0.492143 0.723536 -0.567565 0.392895 0.643082 -0.672895 0.365593 0.704093 -0.675147 0.220067 0.663663 -0.742378 0.0917932 0.642012 -0.763854 0.0659382 -0.833176 -0.548373 0.0714441 -0.900906 -0.415936 0.123964 -0.799862 -0.50019 0.331709 -0.911133 -0.263949 0.316491 -0.00499952 -0.36475 0.931092 -0.816864 -0.205168 0.53911 -0.893145 -0.0664651 0.444831 -0.861378 -0.0135212 0.507784 -0.839639 0.100921 0.533686 -0.00201879 0.205763 0.9786 -0.878647 0.134734 0.458068 -0.804345 0.36987 0.465 -0.907017 0.313671 0.280946 -0.849232 0.500773 0.167427 -0.881874 0.455453 0.121907 -0.00462278 -0.996796 0.0798578 0.00367065 -0.979395 0.201921 -0.00531788 -0.823457 0.567354 -0.000299831 -0.789164 0.614183 0.00444206 -0.525874 0.850551 0.000357031 -0.246418 0.969163 -0.000359294 -0.0513379 0.998681 0.000851744 -0.0138183 0.999904 5.1366e-05 0.240333 0.97069 0.00163304 0.583175 0.812345 -0.00485866 0.640402 0.768024 -0.00380364 0.957243 0.28926 0.968577 -0.00214215 0.248704 0.974458 0.00129085 0.224565 0.00453434 0.914251 0.405124 0.00362725 0.999964 -0.00761448 -0.87747 -0.476984 0.0503349 -0.85491 -0.518569 0.0146687 -0.00186552 -0.948977 0.315341 -0.840094 -0.521087 0.150701 -0.916151 -0.319553 0.241979 -0.845901 -0.369509 0.384597 -0.862312 -0.172125 0.476225 -0.8402 -0.204103 0.5024 -0.814159 0.0308857 0.57982 -0.910073 0.0972013 0.402889 -0.00430386 0.556815 0.830625 -0.816685 0.339874 0.46638 -0.899777 0.345793 0.266135 -0.83792 0.472502 0.273189 -0.851903 0.521515 0.0477828 -0.00506594 0.998675 0.0512078 0.0013457 -0.99952 0.0309513 0.000698407 -0.999102 0.0423701 -0.0030463 -0.723925 0.689872 0.007704 -0.598626 0.800991 -0.00578709 -0.386183 0.922404 0.00375906 -0.0830323 0.99654 -0.00453005 0.093549 0.995604 0.00357108 0.255997 0.966671 0.00270048 0.642164 0.766563 0.000498361 0.874695 0.484674 -0.00164248 0.884923 0.465735 0.00294932 -0.920685 0.390296 0.912104 0.0334336 0.408593 0.000471747 0.985969 0.166929 -0.00287675 0.982684 0.185267 0.00419141 0.909666 0.41532 -0.00432258 0.890722 0.454528 -0.00220919 0.745068 0.666984 0.00916075 0.707209 0.706945 -0.00672968 0.517908 0.85541 0.00524739 0.443239 0.896388 -0.00725422 0.252773 0.967498 0.00685482 0.185388 0.982642 -0.000715142 -0.133089 0.991104 -0.00053418 -0.132351 0.991203 0.00665287 -0.417808 0.908511 -0.000450018 -0.377744 0.92591 -0.00822527 -0.580909 0.813927 0.0090391 -0.706798 0.707358 -0.00601903 -0.775627 0.631163 0.00733626 -0.898084 0.439763 -0.00532324 -0.921895 0.387404 0.00347005 -0.998779 0.0492836 -0.00162175 -0.997626 0.0688481 1 7.32905e-05 8.29721e-05 1 0.000184352 -0.000136762 1 0.000294414 -0.000218412 1 -0.000158559 0.000188822 1 0 0 1 0.000225352 0.000201197 1 0 0 1 0 0 1 0.000112829 0.000345763 1 2.97376e-05 2.27789e-06 1 2.13431e-05 -7.42027e-05 1 0.000148934 -0.00051779 1 -0.000264866 0.000111398 1 0.000641297 0.000154262 1 -7.8162e-05 0.000224946 1 -5.89007e-05 0.000227935 1 0.000373547 0.000356141 1 0.000495245 -0.000457425 1 0.000217839 0.000164928 1 7.83742e-06 7.47221e-06 1 -6.65776e-05 -1.84678e-05 1 5.05784e-05 0.000351731 1 -0.000239882 -0.00082616 1 -0.000454205 -0.000193966 1 0.000356605 -0.000584451 1 0.000401517 8.19913e-05 1 0.000849051 -9.57351e-06 1 -0.000229753 2.59059e-06 1 -0.000359443 -5.99599e-05 1 0.000392823 3.70209e-05 1 8.23936e-05 -0.000328886 1 0.000218316 -0.000264433 1 4.42134e-05 0.000146876 1 -0.000137951 -0.000306741 1 0 0 1 0.00034906 -4.56465e-05 1 -2.70521e-05 7.71991e-05 1 -1.90249e-05 0.000531875 1 -0.000279178 9.28359e-05 1 0.000312009 0.000198853 1 -5.248e-05 -0.000213836 1 0.000476993 -0.00039425 0.00127745 0.994071 0.108726 -0.00120916 0.985941 0.167092 0.000290361 0.952587 0.304267 -0.00109858 0.936949 0.349465 0.00135983 0.886942 0.461879 -0.0020385 0.806321 0.591475 0.00317749 0.738552 0.674189 -0.00308969 0.553677 0.832726 0.00209167 0.478218 0.878239 -0.00180578 0.237873 0.971295 0.00031024 0.197094 0.980385 -0.000355514 -0.0127459 0.999919 0.000731124 -0.0308914 0.999523 0.000478501 -0.317365 0.948303 -0.000127256 -0.32654 0.945183 -0.000100516 -0.535413 0.84459 0.00127759 -0.553164 0.833071 -0.00151177 -0.797459 0.603372 0.000589748 -0.817073 0.576534 -0.000161659 -0.917442 0.397869 -0.000748745 -0.922149 0.386835 0.00128668 -0.985142 0.171738 -0.00148411 -0.993654 0.112474 0.812769 0.571296 0.114142 0.751066 0.587515 0.301207 -0.330978 0.713691 0.617332 0.692141 0.404946 0.597461 0.905743 0.0891182 0.414353 0.895269 0.0746107 0.439233 0.888413 -0.0333532 0.457832 0.134177 -0.390858 0.910619 0.922931 -0.130019 0.362346 0.804099 -0.462706 0.373267 -0.230425 -0.880613 0.414035 0.00673909 -0.943725 0.330662 -0.00263474 -0.899148 0.437636 0.00207023 -0.648853 0.760911 -0.00327299 -0.600015 0.799982 0.00320584 -0.131503 0.991311 -0.000834928 -0.0851389 0.996369 -0.00604954 0.380031 0.924954 0.000742856 0.29631 0.955092 0.00609109 0.735646 0.677338 -0.00691515 0.857406 0.514593 0.00377159 0.949833 0.312734 -0.00242141 0.998774 0.0494541 0.00219921 -0.996232 0.0867042 -0.00323886 -0.986379 0.164457 0.00353503 -0.790386 0.612599 -0.0107864 -0.695821 0.718134 0.00786795 -0.342249 0.939577 -0.0102891 -0.0178716 0.999787 0.00740193 0.245675 0.969324 -0.00722762 0.531839 0.846815 0.00932234 0.78221 0.622945 -0.00597307 0.883525 0.468345 0.00363645 0.00393518 -0.999986 0.000374488 -0.0018242 -0.999998 0.000616193 0.000246157 -1 -0.00261882 0.00971911 -0.999949 -0.992694 0.120612 0.00326561 -0.995 0.0998638 0.0015225 -0.964105 0.26552 0.00104542 -0.964392 0.264476 0.000948859 -0.890397 0.455184 -0.00128394 -0.883795 0.467873 0.000504418 -0.761545 0.648111 0.0014407 -0.655743 0.754983 0.0012813 -0.71101 0.703168 -0.00441597 -0.491614 0.870813 0.000399823 -0.509072 0.860722 -0.00189898 -0.340919 0.940092 0.000999499 -0.33475 0.942306 0.00164344 -0.123832 0.992303 0.000430969 -0.144435 0.989513 -0.00131686 -0.0409256 0.999162 -0.000923324 -1 1.808e-10 -4.48784e-07 -1 -3.65219e-06 3.99078e-06 -0.0438644 -0.999037 0.000335299 -0.0371853 -0.999308 0 -0.184589 -0.982815 0.00155956 -0.17374 -0.984791 -0.000282959 -0.396254 -0.91814 0.0015597 -0.399442 -0.916756 0.00216613 -0.581014 -0.813884 0.00391989 -0.559891 -0.828567 -0.000124864 -0.715365 -0.698737 -0.00445098 -0.777269 -0.629157 0.00362827 -0.868967 -0.494865 -0.00216787 -0.899132 -0.437657 0.00435555 -0.980919 -0.194415 0.000538101 -0.976305 -0.21639 -0.0019831 -0.994415 -0.105528 -0.0013338 0 -1 0 0 -1 0 0.95415 -0.299321 -0.00215958 0.944202 -0.329364 0.00144199 0.763974 -0.645234 0.00419843 0.698351 -0.715722 -0.00692548 0.33011 -0.943911 0.00774931 0.303768 -0.952736 0.00438419 0.0753813 -0.997154 -0.00115503 1 -2.36258e-07 -1.70458e-09 1 0 4.48788e-07 0.0447199 0.999 -0.000333519 0.148521 0.988909 0.000784386 0.213246 0.976998 -0.0013089 0.426346 0.904559 0.00160774 0.505388 0.862891 -0.00136513 0.656769 0.754086 0.00287993 0.77641 0.630215 -0.00414674 0.918738 0.394808 0.00693014 0.957396 0.288777 -0.00115928 0.996728 0.0807977 -0.00210081 0 1 0 0 1 0 -0.983246 0.182283 0.000655903 -0.984069 0.177788 0.000365528 -0.933958 0.357382 0.000518284 -0.922453 0.3861 0.0025698 -0.81217 0.58342 -0.000762013 -0.762516 0.646946 0.0055697 -0.593683 0.804695 -0.00250303 -0.519446 0.854498 0.00306732 -0.351653 0.93613 0.00113051 -0.375447 0.926844 0.000151575 -0.159805 0.987148 0.00140695 -0.0407714 0.999169 5.25993e-07 -0.10192 0.994792 -0.00104941 -1 6.08089e-06 -1.67184e-06 -1 3.07586e-06 -1.4046e-08 -0.985985 0.16683 -0.000761831 -0.992474 0.122441 -0.00170264 -0.633967 0.773339 0.00575496 0.335669 0.941759 -0.0203982 -0.353471 0.935445 -0.00110781 0 1 0 2.03707e-06 1 -2.64855e-06 0.740214 0.67236 -0.00394944 0.815278 0.579069 0.00125198 1 9.93891e-06 -1.99798e-06 0.0417961 0.999126 0 0.0301451 0.999546 0.000278656 0.195104 0.980781 0.0016162 0.265133 0.964211 -0.00086351 0.420968 0.907067 0.00381264 0.543925 0.839129 -0.00285144 0.713642 0.700502 0.00348592 0.759255 0.650792 -0.00114552 0.853736 0.520694 0.0036206 0.927339 0.374209 -0.00316394 0.957617 0.288036 0.00206777 0.999978 0.00572487 0.00323492 0.985725 0.168365 -0.000442891 0 1 0 0 1 0 -0.115773 0.993276 0 -0.504306 0.858601 0.0920857 -0.679711 0.728208 -0.0877875 -0.710862 0.577122 0.402002 -0.984373 0.150494 0.0914414 -0.965034 0.174251 0.195822 0.904608 0.388966 0.174327 -0.00598582 -0.00822003 0.999948 4.08769e-05 3.77867e-05 1 1.50421e-06 2.27172e-06 1 0.0107578 -0.00355934 0.999936 -3.41651e-05 -3.7836e-05 1 0.401549 -0.901747 0.160032 0.0019368 -0.00572665 0.999982 6.45338e-05 6.74417e-07 1 -4.04205e-05 0.000216618 1 -5.81363e-09 1.20915e-07 1 -0.154365 0.972539 0.174184 -0.00169219 0.00490949 0.999987 -1.41517e-05 2.41714e-05 1 3.59889e-06 -3.59535e-06 1 0 1.20718e-07 1 2.49209e-08 0 1 -1.93925e-06 0 1 -8.4331e-05 -2.48632e-05 1 1.93797e-06 -4.89315e-07 1 -3.00434e-05 -1.2058e-05 1 0 0 1 0 0 1 -0.992615 -0.121291 -0.00208626 -0.931427 -0.339679 0.130619 -0.820556 -0.554544 0.138454 -0.588763 -0.808235 -0.0107292 -0.367927 -0.923504 -0.108489 -0.107765 -0.994176 0 0 -1 0 0 -1 0 0.0480249 -0.998846 0 0.0558766 -0.998391 -0.00961117 0.167593 -0.983141 0.0731237 0.627034 -0.756139 0.187301 0.773977 -0.476343 0.417202 0.933143 -0.106116 0.343488 0.967989 0.0647444 -0.242497 0.935002 0.34298 -0.0901994 0.706128 0.695451 0.133156 0.42147 0.894111 0.151421 0.179324 0.983776 0.00521206 0.140741 0.980494 -0.137197 0 1 0 0 1 0 0.75512 0.629097 -0.184476 0.498722 0.837782 -0.222256 2.28616e-05 2.08085e-05 -1 -7.81815e-05 -9.86333e-05 -1 -1.16887e-05 -4.05129e-05 -1 8.71256e-05 8.15463e-05 -1 0.943107 -0.25784 -0.209921 0 0 -1 0.760833 -0.640317 -0.105484 0.528122 -0.845115 -0.0828661 0.00215194 -0.00488843 -0.999986 0.279497 -0.948261 -0.150606 0 0 -1 1.331e-06 -1.94693e-06 -1 0 0 -1 -0.455247 0.883695 -0.108784 -0.00239853 0.00771309 -0.999967 -7.64996e-06 2.46005e-05 -1 -0.856661 0.409618 -0.313599 1.34545e-05 -1.82295e-05 -1 -1.30795e-06 1.40752e-06 -1 0 0 -1 0 0 -1 -0.98361 -0.0792943 -0.16194 0 0 -1 -0.110709 -0.993796 -0.0106771 -0.346831 -0.920618 -0.179362 0.00320183 0.00101322 -0.999994 -0.859942 -0.45964 -0.22188 -0.000181865 1.84563e-05 -1 0.00016021 -7.27232e-05 -1 -0.612269 -0.771987 -0.170768 -3.11561e-06 3.35278e-06 -1 0.984937 0.150813 0.0845828 0.971428 0.223038 -0.0811313 0.891319 0.449289 0.0607459 0.872307 0.487767 -0.0341196 0.744576 0.666244 0.0415364 0.717301 0.693654 -0.0657511 0.459018 0.88742 0.0422929 0.482464 0.875163 -0.0363118 0.204665 0.978181 0.0356984 0.239143 0.969922 -0.0454129 0.0714147 0.968213 0.239717 0.0876352 0.960108 0.265544 0.0900379 0.957147 0.27525 0.176014 0.939424 0.294112 0.286479 0.922607 0.258314 0.306945 0.910495 0.277101 0.407546 0.868258 0.282904 0.435503 0.860649 0.263857 0.5232 0.802203 0.287634 0.564506 0.783902 0.258515 0.697734 0.668113 0.258443 0.816248 0.517983 0.255797 0.929455 0.250366 0.270979 0.904004 0.274436 0.327813 0.975408 0.045269 0.215709 0.952239 -0.0391664 0.302832 0.935789 -0.215533 0.279006 0.93672 -0.223472 0.269472 0.863762 -0.42957 0.263409 0.727303 -0.643397 0.238894 0.587358 -0.758493 0.282309 0.561113 -0.786847 0.256952 0.483878 -0.82401 0.294735 0.354917 -0.887771 0.293081 0.404695 -0.876616 0.26032 0.235019 -0.934904 0.265935 0.0269284 -0.957701 0.286504 0.0534005 -0.96343 0.262585 0.0629811 -0.959032 0.276207 0.0596572 -0.961998 0.266458 0 -0.963715 0.266934 0 -0.96094 0.276756 0 -0.963715 0.266934 0 -0.958045 0.286617 0 -0.96094 0.276756 -2.24624e-07 -0.958036 0.286648 -0.0410004 -0.957191 0.28654 -0.0748634 -0.967768 0.240458 -0.0899237 -0.959811 0.265852 -0.092181 -0.956849 0.275578 -0.275143 -0.915212 0.294421 -0.328805 -0.914318 0.236455 -0.521386 -0.78217 0.341124 -0.61515 -0.758666 0.214515 -0.824994 -0.513631 0.23573 -0.959104 -0.1814 0.217289 -0.952657 0.0493463 0.300018 -0.960149 0.0865919 0.265737 -0.92573 0.23585 0.295633 -0.928352 0.261693 0.263966 -0.83551 0.496921 0.234504 -0.717725 0.640681 0.272762 -0.559211 0.793615 0.239702 -0.122008 0.95214 0.280255 -0.0732357 0.967831 0.240705 -0.0909698 0.957055 0.275266 -0.0886167 0.960024 0.265521 0 0.963816 0.26657 0 0.963816 0.26657 -1.18108e-07 0.961036 0.276425 0 0.96104 0.276408 0.549117 0.818372 0.169523 0.458074 0.886336 0.067655 0 0.990222 0.139502 0 0.990222 0.139502 0.611261 0.731965 0.300978 0.312769 0.942829 0.115102 0.724786 0.686127 0.0625719 0.990253 2.0861e-05 0.139278 0.990205 -1.1306e-05 0.139623 0.701575 -0.699433 0.136332 0.701743 -0.699349 0.135895 2.88857e-07 -0.990274 0.13913 2.687e-06 -0.990285 0.139055 0.508591 -0.844965 0.165435 0.438543 -0.894931 0.0823314 3.77487e-07 -0.990277 0.139111 -7.4834e-07 -0.990273 0.139139 -0.416439 -0.872479 0.255654 -0.517113 -0.840601 0.161195 -1.99781e-07 -0.990274 0.13913 0 -0.990273 0.139138 -0.306438 -0.935349 0.176688 -0.201163 -0.972465 0.117663 4.90092e-07 2.36921e-06 1 -0.705301 -0.695286 0.138303 -0.709029 -0.69326 0.129107 -0.990204 5.0796e-05 0.139626 -0.990283 -1.7363e-06 0.139064 -0.703178 0.697893 0.135961 -0.70224 0.698388 0.138249 -0.18192 0.975092 0.126888 -0.197128 0.970791 0.136765 0 0.990222 0.139502 6.86197e-09 0.990222 0.139502 -0.468048 0.863621 0.187324 -0.469088 0.863281 0.186285 6.15391e-06 0.990231 0.139437 2.05904e-06 0.99022 0.139511 -0.00127728 -0.00160974 0.999998 0.0343307 0.490704 0.87065 0.0249784 0.590829 0.80641 0.000710053 0.993723 -0.111863 0.000553227 0.931642 0.363376 0.0615324 0.355057 0.932817 0.0770512 0.409648 0.908984 0.349173 0.613393 0.708398 0.649039 0.703861 0.288665 0.432252 0.405891 0.80524 0.733426 0.611442 0.297027 0.828774 0.47298 0.299037 -0.000376911 -0.000581976 1 0.865335 -0.410251 0.287906 0.690993 -0.661096 0.292372 0.402781 -0.611426 0.68112 0.000177229 -0.000542857 1 0.0379666 -0.143158 0.988971 0.169793 -0.932861 0.317713 -0.0441066 -0.254799 0.965988 -0.059255 -0.413028 0.908789 -0.0273386 -0.855781 0.516615 3.01266e-05 -0.837071 0.547095 -6.68839e-05 -0.780062 0.625702 2.88677e-05 -0.492751 0.870171 -6.78352e-05 -0.380839 0.924641 1.14308e-05 -0.253489 0.967338 2.25139e-05 -0.0016006 0.999999 -0.00582802 0.950378 0.311041 -0.0149659 -0.335402 0.941956 -0.1412 -0.947743 0.286086 -0.73338 -0.603608 0.312748 -0.832533 -0.473859 0.286961 -0.918998 -0.237733 0.314525 -0.757213 0.553837 0.346256 -0.585667 0.754702 0.295667 -0.0797539 0.135429 0.987572 -0.348693 0.883824 0.311878 -0.309072 0.91102 0.272979 -0.282633 0.91459 0.289214 -0.0633978 0.406895 0.911272 -0.0210237 0.16735 0.985673 -0.0772694 0.540968 0.837486 -0.0322478 0.275184 0.960851 2.53896e-07 0.956404 0.292046 3.28739e-05 0.805579 0.592489 -4.0808e-05 0.671826 0.740709 -5.80999e-06 0.474121 0.88046 1.1046e-05 0.495315 0.868713 -7.10187e-06 0.2095 0.977809 4.37664e-06 0.227944 0.973674 -0.000121823 -0.000221445 1 -6.11683e-05 -4.89828e-06 1 0.000143067 0.00070924 1 2.43792e-05 -0.000227114 1 0.0018438 -9.73765e-05 0.999998 0.00168418 0.000155854 0.999999 0.00153668 0.00133643 0.999998 0.00212663 0.000496444 0.999998 7.84667e-05 0.000780239 1 8.80424e-06 0.000626358 1 -1.67287e-05 0.00063422 1 0.00121506 -0.000218609 0.999999 0.0010944 0.000122558 0.999999 -1.02063e-05 -0.000107538 1 -2.9299e-05 -4.19686e-05 1 2.50762e-05 -2.09058e-05 1 2.50456e-05 -0.000569754 1 0.000125025 -0.000954958 1 6.33042e-05 -0.000919649 1 3.41803e-05 -1.42785e-05 1 0 0 1 1.34225e-05 -8.61747e-05 1 0.000148193 2.20174e-05 1 -0.00126419 0.00133888 0.999998 -0.0014059 0.000957534 0.999999 -0.00553242 0.0022875 0.999982 -0.00376952 0.00351134 0.999987 -0.000408776 -6.59577e-05 1 -3.51316e-13 -3.53614e-06 1 -6.72087e-05 -2.02988e-05 1 -7.0465e-06 -8.07046e-05 1 -0.00106915 -0.000428161 0.999999 -0.00109159 -0.000247205 0.999999 -5.83337e-05 0.000616272 1 -0.00101291 -0.000770942 0.999999 -0.000625757 -0.00112138 0.999999 -0.000501701 -0.00105233 0.999999 0.000215787 0.000111098 1 -0.000272648 -0.000707737 1 -0.000427845 -0.000414891 1 -0.000567602 -0.000749418 1 0.145759 -0.989319 0.00130699 0.141167 -0.989952 -0.0082081 0.366285 -0.928981 0.0531942 0.444083 -0.86784 -0.22281 0.668947 -0.721177 0.18004 0.782212 -0.55358 -0.285821 0.882322 -0.446897 0.14762 0.982558 -0.15799 0.0980782 0.987819 -0.0904715 -0.126603 0 -1 0 0 -1 0 -0.0655909 0.997847 -1.08787e-05 -0.112538 0.990522 0.0787458 -0.321146 0.939717 -0.117459 -0.394652 0.916263 0.0686478 -0.636371 0.768378 0.0680235 -0.595387 0.802504 -0.0387519 -0.775674 0.606813 -0.173516 -0.847563 0.431722 0.308631 -0.940327 0.199 -0.276013 -0.989534 0.00169634 0.144291 -0.969436 -0.185289 -0.160816 -0.957355 -0.280992 0.06719 -0.831723 -0.553255 -0.0463289 -0.821971 -0.569101 0.0220723 -0.562559 -0.823634 0.0717967 -0.501615 -0.851987 -0.150005 -0.306031 -0.945593 0.110445 -0.0762036 -0.997092 0 -0.133167 -0.985044 -0.109342 9.93501e-08 1 1.64778e-11 9.95319e-08 1 1.73608e-08 0.000150582 0.000147233 1 0.000152421 -2.81449e-06 1 -7.45344e-06 5.44113e-06 1 1.60903e-06 4.72263e-07 1 7.51955e-05 0.000203661 1 1.0177e-05 9.56248e-06 1 1.52804e-05 1.94089e-05 1 8.59284e-05 -0.000116514 1 -7.57718e-06 -1.32866e-11 1 0.000142161 -2.25629e-05 1 -4.54698e-05 1.22528e-05 1 6.5518e-05 9.42422e-05 1 -8.80381e-06 -2.4553e-06 1 6.49759e-06 -8.25311e-06 1 -4.80268e-07 8.75709e-06 1 -2.2059e-07 -4.36257e-06 1 0 0 1 0 0 1 0 0 1 -7.89665e-06 9.04212e-06 1 -5.17489e-05 3.80293e-05 1 -0.000127852 5.84082e-05 1 -4.47727e-05 4.462e-05 1 -0.000103639 0.000163264 1 -4.23987e-06 3.73864e-06 1 3.55267e-07 -4.08221e-06 1 2.78781e-07 2.20175e-07 1 -8.55112e-05 -6.7535e-05 1 -8.74048e-06 -8.83331e-06 1 -2.59562e-06 -7.8244e-06 1 -1.12835e-05 5.59237e-05 1 0.000294575 0.000112481 1 -3.27503e-05 0.00027164 1 0.000241041 0.000228185 1 0 0 1 -1.29834e-07 2.93068e-06 1 0 0 1 -7.56655e-08 -7.68116e-07 1 1.08493e-07 1.37806e-07 1 5.03692e-08 -6.3978e-08 1 9.86605e-06 1.0312e-05 -1 0 0 -1 0 0 -1 7.55782e-08 -6.01999e-08 -1 0 0 -1 0 0 -1 0 0 -1 6.371e-05 0.000152989 -1 -3.94573e-07 3.93368e-07 -1 -0.000208859 -0.000151706 -1 -1.05022e-06 8.36528e-07 -1 -0.000175308 5.64276e-05 -1 -3.4645e-05 0.000209761 -1 -1.13642e-05 2.19166e-05 -1 1.55302e-06 -2.9951e-06 -1 -1.4985e-06 4.40141e-07 -1 -4.85058e-05 -5.91318e-05 -1 -3.73687e-05 1.83538e-06 -1 -2.84738e-05 -1.00848e-05 -1 -6.5876e-06 -1.07319e-05 -1 -1.5641e-05 -5.23123e-06 -1 -3.03061e-06 -2.22924e-06 -1 -5.95923e-07 -3.77866e-06 -1 0 0 -1 0 0 -1 0 0 -1 0 0 -1 -6.74243e-06 2.30148e-06 -1 8.51282e-06 6.15776e-06 -1 1.77307e-07 5.412e-07 -1 2.68526e-07 5.30667e-07 -1 3.47164e-07 4.8209e-07 -1 3.99676e-07 3.94e-07 -1 1.63917e-05 -9.02899e-06 -1 8.72199e-06 4.5435e-06 -1 9.43236e-06 1.92809e-05 -1 -2.7353e-06 -3.73095e-06 -1 0 0 -1 1.11634e-06 -5.72664e-11 -1 6.38382e-05 -4.49687e-05 -1 2.5788e-06 -2.24805e-06 -1 -6.38293e-05 -1.07825e-06 -1 -1.20954e-06 6.48317e-06 -1 2.51978e-05 6.21844e-06 -1 4.20446e-06 -9.68617e-06 -1 -1.32243e-05 -1.57991e-05 -1 -2.78471e-06 2.76943e-06 -1 -0.575371 -0.345806 -0.741193 0.850281 -0.526189 0.0121004 0.849611 -0.326492 -0.414203 0.84946 0.251527 -0.463844 0.845574 0.530385 -0.0607988 0.841882 0.293683 0.452753 0.846994 -0.183765 0.498831 0.00307267 -0.421493 0.906826 0.0008937 -0.423657 0.905822 0.000962916 -0.996243 0.0865937 5.70459e-05 -0.996157 0.0875813 6.16471e-05 -0.571534 -0.820578 0.00107097 -0.572437 -0.819948 0.00113191 0.423714 -0.905795 4.45206e-05 0.422639 -0.906298 5.23127e-05 0.99592 -0.0902441 -0.00398665 0.996295 -0.0859118 0.00456387 0.572757 0.819713 -0.000659308 0.577291 0.816538 0.999978 0.00117627 -0.00656376 0.999977 0.00250634 -0.00637378 0.999985 -0.00465328 0.00276695 1 1.6996e-05 2.43241e-05 0.999852 0.0171144 0.00200381 0.999986 0.00225416 -0.00481962 0.999987 -0.0050271 0.000433493 0.99999 -0.00334352 -0.00311287 0.999903 0.0120221 -0.00705336 0.999975 0.00704686 -0.000612515 0.999953 0.00770747 -0.00585818 0.999983 0.0042535 0.00390998 0.999972 -0.003198 0.00683652 0.999959 0.0046995 0.00779588 1 -9.29365e-05 -0.00013312 0.999922 -0.00381492 0.0118862 0.484793 0.294181 -0.823671 0.784009 -0.271899 -0.558033 0.632072 -0.404648 -0.660867 0.66124 -0.640243 -0.39096 0.690781 -0.623993 -0.365314 0.799598 -0.547153 0.24752 0.515968 -0.684134 0.515497 0.781116 -0.323597 0.533987 0.716284 0.441948 0.540018 0.554243 0.671082 0.492406 0.561647 0.670092 0.485313 0.666974 0.736691 -0.111497 0.00913752 0.48546 -0.874211 -0.0288495 0.560196 -0.827857 0.0309995 0.734913 -0.677452 -0.0249792 0.903121 -0.428658 0.0277162 0.94741 -0.318821 -0.0165376 0.998601 0.0502169 0.00905399 0.994236 0.106833 -0.0238344 0.890561 0.454239 0.00961977 0.931656 0.363215 0.0230858 0.795894 0.604996 -0.0338029 0.588952 0.807461 0.0286015 0.46018 0.887365 -0.00827791 0.16693 0.985934 -0.0015126 0.152899 0.988241 0.036051 -0.319899 0.946766 -0.0207803 -0.393104 0.919259 0.0013301 -0.813633 0.581377 0.0139219 -0.802786 0.596105 -0.0140986 -0.980781 0.194601 0.0232779 -0.993189 0.114166 -0.00696846 -0.987274 -0.158878 0.00181167 -0.982707 -0.185159 0.00217737 -0.854399 -0.519613 -0.016681 -0.83592 -0.548598 0.0332032 -0.516807 -0.855458 -0.0197097 -0.433099 -0.901131 0.00911133 -0.103419 -0.994596 -0.0182131 -0.0217014 -0.999599 0.0344956 0.172899 -0.984335 -0.999246 -0.036364 -0.0135962 -0.999989 -0.00467186 0.00101979 -0.99936 -0.0143074 0.032777 -1 5.3404e-06 4.3906e-06 -0.999977 -0.00664952 -0.00111122 -1 1.66732e-05 -0.000276852 -0.999966 -0.0068306 -0.00463724 -1 -0.00021547 -0.000448263 -0.999981 -0.00282166 -0.00551117 -0.999926 -0.00847128 -0.00875257 -1 -0.00014062 -0.000668235 -0.999899 -0.0014559 -0.0141325 -0.999985 0.00115322 0.005415 -0.99996 0.00789735 0.00408904 -0.999947 0.0065075 -0.00799028 -0.999834 0.0063851 -0.0170727 -0.999942 0.0107571 0.000548566 -0.999888 0.013595 -0.00631951 -0.999946 0.0104002 -0.000274935 -0.401215 -0.915934 -0.00958592 0.173713 -0.674035 0.717983 -0.965807 0.0663841 0.250621 0.858003 0.420247 0.295336 0.236883 -0.314157 0.919343 0.384443 -0.118541 0.915506 0.617754 0.0562387 0.784358 0.676454 0.0870986 0.731317 0.501837 0.224167 0.835409 0.247895 0.43349 0.866392 0.10449 0.661684 0.742466 0.212519 0.780064 0.588503 0.40428 0.815279 0.414583 0.394811 0.816611 0.421035 0.139941 0.960849 0.239135 0.0305958 0.997537 0.063116 0.0449312 0.989973 -0.133921 0.152262 0.937452 -0.313049 0.217418 0.908721 -0.356309 0.00847238 0.839175 -0.543796 -0.0578199 0.700608 -0.7112 0.0264506 0.542279 -0.839782 0.209459 0.374685 -0.903182 0.450466 0.182318 -0.87398 0.0584068 0.392971 -0.917694 -0.0398079 -0.0215596 -0.998975 0.0610573 -0.214831 -0.974741 0.223868 -0.361356 -0.905155 0.538579 -0.494674 -0.682078 0.726539 -0.496699 -0.474795 0.718641 -0.506134 -0.476847 0.620745 -0.635908 -0.458582 0.574101 -0.71935 -0.39108 0.711445 -0.678969 -0.181235 0.821232 -0.566038 -0.0719584 0.552164 -0.798645 -0.239334 0.227647 -0.972559 0.0480184 0.128865 -0.975289 0.17946 0.0849537 -0.942765 0.322455 0.108524 -0.874461 0.472801 0.204937 -0.780057 0.591196 0.517876 -0.594613 0.615012 0.429694 -0.588568 0.6848 0.39589 -0.562539 0.725824 0.279065 -0.487952 0.827058 -5.02386e-05 -0.512927 0.858432 3.94224e-05 -0.507156 0.861854 -2.88074e-05 -0.61953 0.784973 3.15765e-05 -0.612562 0.790423 1.63942e-05 -0.69699 0.717081 3.89692e-05 -0.695004 0.719006 0.000151241 -0.800173 0.599769 0.000221263 -0.796998 0.603982 -5.57379e-05 -0.891047 0.453911 0.000226848 -0.87966 0.475604 5.01124e-05 -0.946183 0.323633 -3.97385e-05 -0.949134 0.314872 5.38974e-05 -0.983485 0.180992 7.62895e-05 -0.983102 0.183061 -2.99988e-05 -0.999702 0.0243947 0.000254939 -0.998765 0.0496852 -3.73527e-05 -0.992153 -0.125031 0 -0.991719 -0.12843 0 -0.966141 -0.258016 -5.73569e-05 -0.965112 -0.261838 -8.5639e-05 -0.888635 -0.458616 0.000200652 -0.87886 -0.477081 -7.38408e-06 -0.811645 -0.584151 1.8291e-05 -0.809917 -0.586544 1.46469e-05 -0.730277 -0.683151 7.1189e-05 -0.733816 -0.679349 -0.000299937 -0.656557 -0.754277 0.000604275 -0.584865 -0.81113 -0.000558851 -0.473482 -0.880803 0.000296457 -0.371543 -0.928416 -1.2101e-05 -0.336024 -0.941853 -2.13885e-05 -0.245268 -0.969455 0.000173816 -0.214464 -0.976732 -0.000134812 -0.166054 -0.986117 4.38869e-05 -0.0392103 -0.999231 0.00028048 -0.0208179 -0.999783 -0.000327453 0.114726 -0.993397 -0.00014437 0.259785 -0.965666 0.000348268 0.210276 -0.977642 -0.000183402 0.410024 -0.912075 0.000132373 0.38257 -0.923926 0.00034858 0.542302 -0.840184 -0.000458748 0.601076 -0.799192 0.000453259 0.701355 -0.712813 -0.00040004 0.761428 -0.648249 -0.000400663 0.871072 -0.491154 0.000352747 0.839155 -0.543892 0.000135959 0.946692 -0.322141 0.000250005 0.949081 -0.315032 -0.000129108 0.980184 -0.198089 0.000144362 0.990942 -0.134287 -5.8025e-05 0.99405 -0.108926 9.88179e-05 0.998004 0.0631488 0.000470775 0.999239 0.0389943 -3.12208e-05 0.981417 0.191886 0.000394773 0.970511 0.241056 -0.000365694 0.939966 0.341269 0.000204332 0.885739 0.464184 4.01325e-05 0.890557 0.454872 -0.000111541 0.791133 0.611644 3.57887e-05 0.798415 0.602108 -0.000149016 0.653385 0.757026 0.000128788 0.665008 0.746837 -0.000306981 0.42479 0.905292 0.000135946 0.44834 0.893863 0.000270946 0.266805 0.963751 -0.000385674 0.208392 0.978045 -0.000170462 0.0112646 0.999937 0.000365343 0.0620177 0.998075 -4.39081e-05 -0.138508 0.990361 0.000149568 -0.12319 0.992383 -6.44819e-05 -0.317524 0.94825 9.13164e-05 -0.326736 0.945116 -0.999998 0.00170565 0.00125779 -1 0.000223969 -7.43008e-05 -0.999998 0.00191228 -0.000980091 -1 0.000178038 -0.000138148 -0.999997 0.00185129 -0.00138763 -1 0.000263771 0.000103953 -0.999997 0.00168168 -0.00172525 -1 0.0002604 3.28157e-05 -1 0.000251311 6.81817e-05 -0.999997 0.00151748 -0.00191572 -0.999997 0.0012712 -0.00210487 -1 0.000217492 0.000114895 -0.999997 0.000780529 -0.0022419 -1 6.74125e-05 0.00022293 -1 8.65087e-05 5.83855e-05 -1 8.07772e-05 7.47816e-05 -0.999998 0.000256519 -0.00217518 -0.999998 0.000267717 -0.00217976 -1 7.46202e-05 8.57265e-05 -0.999997 -5.79313e-05 -0.00245864 -0.999996 -0.00057338 -0.00274969 -1 5.04699e-05 0.000106448 -1 5.08554e-05 0.000106346 -0.999995 -0.00136122 -0.00292734 -1 2.71939e-05 0.000107488 -1 1.79346e-05 0.000106505 -0.999998 -0.00179117 -0.000904811 -1 1.83975e-05 0.000106638 -0.999994 -0.00229464 -0.00265601 -0.999998 0.000206875 -0.00191535 -0.999994 -0.00274687 -0.00210245 -0.999998 0.00052543 -0.00199558 -0.999995 -0.00289389 -0.00155841 -0.999998 0.000908862 -0.0019879 -0.999995 -0.00287298 -0.00102196 -0.999997 0.00135365 -0.00180578 -0.999996 -0.00272802 -0.000533381 -0.999997 -0.0024899 -9.71661e-05 -0.999998 0.00165452 -0.00142797 -0.999998 -0.00221284 0.000242478 -0.999996 0.000388343 0.00274841 -0.999998 0.00177805 -0.000985216 -0.999999 0.00167276 -0.000315483 -0.999998 0.00175754 -0.000612025 -0.119838 -0.672215 0.730593 0.209912 -0.891987 0.40037 -0.196564 -0.964962 -0.173815 0.223637 -0.815744 -0.533431 -0.0359534 0.0418499 -0.998477 -0.256215 0.159942 -0.953296 0.287802 0.950754 -0.115055 -0.14349 0.984802 0.0978526 -0.0745014 0.169946 0.982633 0.160295 0.0212926 0.986839 0.645303 -0.158917 0.747215 0.779427 0.110166 0.616732 0.754654 0.138148 0.641414 0.509704 0.61528 0.601359 0.778587 0.610577 0.144908 0.852286 0.51876 0.0670637 0.56019 0.754612 -0.341685 0.557618 0.594238 -0.579607 0.75394 0.234017 -0.613848 0.86974 0.063254 -0.48944 0.705613 -0.0978285 -0.701812 0.306037 -0.665591 -0.680683 0.757584 -0.651374 -0.0421691 0.836445 -0.539077 -0.0987751 0.652382 -0.65956 0.373334 0.769276 -0.438887 0.46432 0.694306 -0.424175 0.58139 -0.00102475 -0.597166 0.802117 -0.00129836 -0.595828 0.803111 0.00459122 -0.883363 0.468667 -0.0107362 -0.927137 0.37457 0.0113682 -0.996801 -0.0791164 -0.00648168 -0.982415 -0.186596 -0.00232684 -0.743757 -0.668446 0.00857398 -0.706463 -0.707698 -0.0104119 -0.231414 -0.9728 0.00654887 -0.136452 -0.990625 -0.00420189 0.411163 -0.911552 0.00569279 0.356406 -0.934314 0.00313164 0.718444 -0.695578 -0.00552841 0.778339 -0.627819 0.0137369 0.923773 -0.382694 -0.0142923 0.994405 -0.104664 0.015493 0.982563 0.185284 -0.0217902 0.807897 0.58892 0.00684356 0.709637 0.704534 -0.00169646 0.229526 0.973301 -0.00231779 0.226095 0.974102 -0.00101037 -0.218068 0.975933 0.00204664 -0.194503 0.9809 -0.665165 0.690087 -0.285194 -0.892642 0.180931 0.41286 -0.803431 0.145798 0.57727 -0.511249 -0.175049 0.841417 -0.45954 -0.535559 0.708519 -0.835922 -0.509166 0.204901 -0.820038 -0.526414 0.224556 -0.703487 0.067278 -0.707517 -0.999651 0.00839725 -0.025064 -0.998541 0.025025 -0.0478521 -0.999988 0.00163991 -0.00464351 0.1861 -0.6252 0.757953 0.412924 -0.618506 0.668538 0.494808 -0.456705 0.739315 0.756372 -0.0857382 0.648498 0.74579 -0.0682729 0.662674 0.571684 0.299712 0.763773 0.431455 0.64446 0.631282 0.450439 0.587296 0.672449 0.159452 0.69117 0.704883 0.0184766 0.745251 0.666528 0.27026 -0.962721 -0.0113362 0.502118 -0.864758 0.00841324 0.772553 -0.634843 -0.0117206 0.947028 -0.321074 0.00705451 0.994927 -0.100303 -0.00768234 0.989285 0.145929 0.0045341 0.89176 0.452417 -0.00908692 0.706924 0.707197 0.0114447 0.554586 0.832122 -0.00274021 0.199345 0.979929 0.00107424 0.207971 0.978134 0.00166744 0.0676059 -0.670827 0.738526 0.42848 -0.524513 0.735725 0.654985 -0.456807 0.601932 0.652553 -0.24216 0.718006 0.662178 0.0946967 0.743339 0.684544 0.390411 0.615612 0.532059 0.450386 0.716984 0.111381 0.68463 0.720331 0.125863 -0.992039 0.00412221 0.0778805 -0.996963 -0.00044079 0.6978 -0.716292 0.00148652 0.641522 -0.767082 -0.00593534 0.935515 -0.353286 -0.000620183 0.92962 -0.368519 0.00108764 0.985316 0.170692 -0.00410229 0.966551 0.256447 0.00382828 0.816238 0.577715 -0.00128906 0.76655 0.64215 -0.00667256 0.56943 0.821995 0.0086295 0.159853 0.987105 -0.00839551 0.0204808 0.999784 0.0033974 0.199529 -0.669399 0.715607 0.109374 -0.748324 0.654254 0.548488 -0.446313 0.707082 0.598096 -0.426941 0.678235 0.712211 -0.0444111 0.700559 0.743229 0.033342 0.668206 0.613525 0.272507 0.741166 0.321584 0.661842 0.677162 0.42635 0.679439 0.597151 0.247699 -0.968837 0.000325315 0.272892 -0.962041 -0.00255164 0.735451 -0.677572 0.00288129 0.785022 -0.619439 -0.00594574 0.994569 -0.104 0.00408807 0.999136 -0.0415499 -0.00113577 0.935228 0.354043 0.00140122 0.913738 0.406288 -0.0037181 0.583485 0.81211 0.00466624 0.446225 0.894839 -0.0121055 0.0533054 0.998554 0.00695586 0.145981 -0.693552 0.705461 0.0448526 -0.780312 0.62378 0.550823 -0.419615 0.721468 0.699546 -0.341205 0.627865 0.683275 -0.072063 0.726597 0.638102 0.310155 0.70472 0.688099 0.26809 0.674275 0.382516 0.585496 0.714756 0.363343 0.618101 0.697089 0.199454 -0.979866 -0.00895925 0.626436 -0.779407 0.0101507 0.803654 -0.595054 -0.00708302 0.876711 -0.481018 0.000789503 0.990506 -0.137468 0.000203659 0.995026 -0.0995735 -0.00306888 0.934948 0.354779 0.00215749 0.910026 0.414539 -0.00319637 0.682991 0.730417 0.00381597 0.517187 0.855811 -0.0102528 0.269124 0.963078 0.00725242 -0.00206344 -0.00192239 -0.999996 -0.000740301 -0.00679966 -0.999977 0.000405075 -0.00187385 -0.999998 0.000338783 -0.000284637 -1 -0.000488994 -0.000192468 -1 -0.00456466 -0.00395876 -0.999982 -0.0031797 -0.00663776 -0.999973 -0.000863088 -0.00329492 -0.999994 -0.000295252 0.000283366 -1 -0.000212905 -0.00386459 -0.999993 -0.00233711 0 -0.999997 -7.19406e-07 -2.48327e-06 -1 -2.37045e-05 5.07886e-11 -1 1.59672e-05 5.51163e-05 -1 -0.00265813 0.00350277 -0.99999 -0.00518242 0.00196689 -0.999985 -0.00550134 -0.0015375 -0.999984 -0.00101142 0.000882105 -0.999999 -0.00105516 0.00117169 -0.999999 -0.00213304 0.00376016 -0.999991 -0.0014962 0.00380363 -0.999992 -0.00049191 0.00602642 -0.999982 -0.00403441 0.00488431 -0.99998 -6.23432e-05 0 -1 0 0 -1 0 0 -1 -0.000163901 0 -1 0.00162341 -0.00192728 -0.999997 0.00109154 -0.00285035 -0.999995 0.00418109 -0.00365599 -0.999985 0.00140372 -0.00597742 -0.999981 4.02865e-05 5.27428e-05 -1 1.40768e-05 2.50943e-05 -1 0.00378106 -0.000118204 -0.999993 0.00372053 -0.00128255 -0.999992 0.00129401 -0.00276157 -0.999995 -6.63806e-07 -1.35638e-06 -1 8.51866e-08 1.74065e-07 -1 1.46719e-06 -4.26275e-12 -1 0 0 -1 0 0 -1 0.000286935 0.00203557 -0.999998 0.00177044 0.000774181 -0.999998 0.00317417 0.000627738 -0.999995 0.000830426 0.00385708 -0.999992 0.00306353 0.000766129 -0.999995 0.00489047 0.00604784 -0.99997 0.00176031 0.00341835 -0.999993 0.00185357 0.00315415 -0.999993 0.00718074 0.00458589 -0.999964 0.00709866 0.00342326 -0.999969 0.00424655 0.0029113 -0.999987 0.00384276 0.00393032 -0.999985 -0.0375209 -0.999296 0 -0.0441855 -0.999022 -0.00153192 -0.171201 -0.985234 0.00208425 -0.177367 -0.984145 -0.000426279 -0.347776 -0.937558 -0.00607195 -0.393404 -0.919133 0.0206767 -0.587177 -0.809257 -0.0180902 -0.638092 -0.76994 0.00555511 -0.705897 -0.708255 -0.00920949 -0.771194 -0.63651 0.0107174 -0.811809 -0.583844 -0.00961649 -0.890782 -0.454418 0.00347368 -0.89034 -0.455286 0.0030328 -0.947609 -0.319374 -0.00617282 -0.959378 -0.282067 0.00569728 -0.988828 -0.149007 0.00403765 -0.985212 -0.17129 -0.00409059 -0.999155 0.0408268 -0.00482312 -0.99169 0.128589 0.00386305 -0.992902 0.118934 0.000341422 -0.955806 0.293913 -0.00707785 -0.94099 0.33815 0.0138862 -0.875409 0.483177 -0.0141014 -0.825622 0.564155 0.00885019 -0.801208 0.598375 -0.00360356 -0.67732 0.735667 0.00561518 -0.668367 0.743831 -0.00109977 -0.471917 0.881565 0.0117577 -0.507363 0.861707 -0.0065812 -0.337397 0.94133 -0.00783981 -0.268469 0.963208 0.0124657 -0.179179 0.983771 -0.00948623 -0.0651198 0.997877 0 -0.0448014 0.998965 0.0079164 0 -1 0 0 -1 0 -1 -2.29217e-05 1.86344e-05 -1 -2.07648e-05 1.19948e-05 0.0610388 0.998135 0 0.0770099 0.997014 -0.0057181 0.253152 0.967393 0.00809681 0.274708 0.961523 -0.0028269 0.460378 0.887714 0.00398196 0.457513 0.889185 0.00564078 0.591924 0.805854 -0.0150448 0.681795 0.731124 0.0247626 0.773433 0.633347 -0.0259424 0.866177 0.499169 0.0238264 0.920855 0.389298 -0.0217578 0.96591 0.258695 0.00978125 0.980284 0.197489 -0.0064816 0.993432 0.114319 0.00490568 0.99832 0.0576053 -0.0062215 0 1 0 0 1 0 0.998086 -0.0618396 0 0.997537 -0.0700753 -0.00310764 0.962574 -0.270999 0.00320038 0.962295 -0.271997 0.00257083 0.896652 -0.44265 -0.00875095 0.853828 -0.520289 0.0166559 0.831504 -0.555519 -0.000682421 0.721685 -0.692205 -0.00490212 0.70137 -0.712769 0.00631271 0.603786 -0.797123 -0.00607411 0.574315 -0.818614 0.00584687 0.44267 -0.896672 -0.00481766 0.405827 -0.9139 0.00955638 0.271489 -0.962395 -0.00949108 0.231462 -0.972816 0.00743472 0.0600216 -0.998197 -0.000349681 0.0609118 -0.998143 0 1 1.32156e-05 3.671e-05 1 0 0 -0.0547974 -0.998497 0.00072488 -0.0491101 -0.998793 0 0 -1 0 0 -1 0 0.0361355 -0.999341 0.00342084 0.227801 -0.973668 0.00884894 0.287055 -0.957914 -0.000767316 0.637044 -0.770821 -0.00323034 0.665047 -0.746793 0.00356831 0.89467 -0.446724 0.00174486 0.878863 -0.477068 -0.00249701 0.987624 -0.156841 -0.000322118 0.986606 -0.163114 -0.00148276 0.160379 -0.987055 0.000637713 0.74043 -0.672099 0.00676413 0.775577 -0.631242 -0.0036573 0.346603 -0.938005 0.00369834 0.205 -0.97874 -0.00655253 0.375535 -0.926807 0.00151186 0.461865 -0.886945 -0.00315137 0.63348 -0.77375 0.00382737 0.682789 -0.730612 -0.00220566 0.815436 -0.578839 0.00317037 0.846479 -0.532413 -0.00306058 0.973754 -0.227574 0.00371938 0.966756 -0.255701 -0.000558373 1 -5.04453e-06 1.93761e-08 1 -6.89331e-06 3.4011e-06 0.998008 0.0630911 0.000653374 0.998566 0.053543 -0.000205659 0.961295 0.275509 -0.00246851 0.937768 0.347209 0.00614478 0.805067 0.593155 -0.00583038 0.727018 0.686601 0.00494627 0.66956 0.742758 -0.000633824 0.534933 0.844894 8.47615e-05 0.476558 0.879131 0.00466883 0.356292 0.934355 -0.00607424 0.137719 0.99047 0.0016265 0.985291 0.170867 0.00251649 0.987314 0.158779 0.000245349 0.96013 0.279526 0.0038774 0.859095 0.51177 -0.00686256 0.783809 0.620957 0.00748722 0.396298 0.918095 -0.00699409 0.235805 0.971728 0.0118342 0.851363 0.524573 0.00201525 0.842254 0.53908 -0.000531633 0.694457 0.719533 0.00133581 0.743676 0.66854 -0.000296413 0.673996 0.738735 -0.000684805 0.459796 0.888024 0.00108228 0.439943 0.898022 -0.00238666 0.0657412 0.997837 0 0.0765128 0.997067 -0.00171592 0 1 0 0 1 0 -0.0182519 0.999833 -0.000366075 -0.0589743 0.998259 -0.0003465 -0.0672464 0.997736 0.000502646 -0.271878 0.962332 0.000724672 -0.313076 0.949725 -0.00235319 -0.450814 0.892609 0.00408471 -0.528915 0.848671 -0.00257814 -0.715409 0.698702 0.00228106 -0.732453 0.680816 -0.00133356 -0.936122 0.35167 0.00190439 -0.924779 0.380496 -0.00259626 -0.988931 0.14837 -0.00105619 -0.989336 0.14565 -0.000622314 -0.367704 0.929928 0.00524952 -0.491701 0.870751 -0.00479331 -0.731393 0.681946 0.00362914 -0.779648 0.626199 -0.00497103 -0.147373 0.989081 0.000215685 -0.188865 0.981985 -0.00589199 -0.443085 0.896467 0.00480388 -0.578365 0.815732 -0.00866184 -0.673972 0.738749 0.00325708 -0.805567 0.592492 -0.00390311 -0.875377 0.48343 0.00333274 -0.895658 0.444743 0.000465855 -0.959557 0.281503 0.00242746 -0.962916 0.269798 0.00115486 -0.982242 0.187603 -0.00223674 -0.996449 0.0840952 -0.00417507 -0.999218 0.0393928 -0.00330399 -1 0.000183009 2.4569e-05 -1 6.52885e-06 -0.000299754 -0.999856 -0.0168865 -0.00159222 -0.99812 -0.0611503 -0.00411163 -0.974383 -0.224887 -0.00204581 -0.961493 -0.274814 0.00299775 -0.857419 -0.514614 0.00231809 -0.888739 -0.458409 -0.00212683 -0.769263 -0.638926 -0.00284888 -0.718459 -0.695557 0.00409761 -0.531663 -0.846949 -0.00340162 -0.47179 -0.881703 0.00378305 -0.277042 -0.960851 -0.00345272 -0.154858 -0.987931 0.00327531 -0.184346 -0.982861 0.00117839 -0.177756 -0.984063 0.00485687 -0.778565 -0.627552 -0.0038902 -0.720841 -0.693038 0.00929801 -0.326178 -0.945285 -0.00662453 -0.987839 -0.155431 0.00393793 -0.969756 -0.243694 -0.0136553 -0.899647 -0.436576 0.00606908 -0.706255 -0.707957 0.00078891 -0.742866 -0.669416 -0.00566957 -0.521647 -0.853157 0.0027903 -0.564481 -0.825446 -0.000405183 -0.350834 -0.936437 -0.00106664 -0.346423 -0.938077 -0.00166679 0 -1 0 0 -1 0 -0.988077 -0.153961 0.000382615 -0.988466 -0.151427 0.00228999 -0.917351 -0.397916 -0.0114373 -0.885065 -0.463864 0.038601 -0.818335 -0.574598 -0.0128827 -0.718769 -0.695229 0.00532597 -0.687223 -0.725731 0.0322447 -0.571449 -0.820261 -0.0248706 -0.414833 -0.909816 0.0122004 -0.428784 -0.903406 0.00110327 -0.248485 -0.968634 -0.00186881 -0.253396 -0.967362 0.00111763 -0.0593999 -0.998232 -0.00194182 -0.0550078 -0.998486 0 -1 2.14257e-06 9.12277e-06 -1 -2.14257e-06 -9.12274e-06 -0.104465 0.994529 0 -0.117018 0.993086 -0.00932777 -0.379169 0.925066 0.0219797 -0.457053 0.888713 -0.0359311 -0.588684 0.807958 0.0256023 -0.704284 0.708326 -0.0475217 -0.826318 0.562825 0.0206781 -0.851188 0.524848 -0.00360499 -0.938457 0.345296 -0.0082873 -0.93132 0.36418 0.00390855 -0.99175 0.128171 -0.00193532 -0.989563 0.143931 0.00694188 8.81967e-08 1 -2.26252e-09 8.81313e-08 1 0 0.994886 0.098639 0.0217238 0.97303 0.229822 -0.0198526 0.948963 0.314888 0.0177271 0.896206 0.443184 -0.0200585 0.849748 0.526655 0.0237194 0.763007 0.646069 -0.0203708 0.683148 0.730097 0.0163612 0.653187 0.757197 4.60558e-06 0.555053 0.831787 -0.00679945 0.497783 0.866838 0.0283397 0.337525 0.941039 -0.0228775 0.162786 0.986652 -0.00417597 0.218649 0.975487 0.0248521 1 -2.90539e-06 -7.44097e-05 1 4.32813e-05 -0.000274157 0.0871096 -0.996199 0 0.0534555 -0.99835 0.0209537 0.228243 -0.973399 -0.0199904 0.352869 -0.935313 0.025943 0.449799 -0.892304 -0.0383975 0.63921 -0.768621 0.0251301 0.677359 -0.735574 -0.0107576 0.839983 -0.542532 0.00931721 0.845474 -0.534013 0.00204131 0.928992 -0.370023 -0.00748487 0.945307 -0.32587 0.0142499 0.979696 -0.199936 -0.0148968 0.991791 -0.126916 0.0155718 0.000898056 0.0017171 -0.999998 -1.60927e-05 0.00139168 -0.999999 0.000100362 -0.000122188 -1 0.000129703 0.000840031 -1 0.000554653 0.000833486 -1 0.000770329 0.00054089 -1 0.000746575 0.000164433 -1 0.000124865 -0.000997736 -1 8.21447e-05 -8.15523e-06 -1 0.000189329 0.000365259 -1 0 0 -1 0.000145725 -9.5807e-05 -1 0 0 -1 0 0 -1 0.000882794 -8.76428e-05 -1 -0.000493045 0.000839811 -1 0 0 -1 -0.00293553 -0.000567554 -0.999996 0.0107393 0.0104601 -0.999888 0.00259065 -0.00482155 -0.999985 0.000358176 0.000164361 -1 0.000363779 -1.10519e-05 -1 5.77409e-05 0.000163021 -1 0.00361045 0.00155957 -0.999992 0.000835906 0.01115 -0.999938 -0.00473036 0.0018212 -0.999987 -0.00835732 -0.00437943 -0.999955 0 0 -1 1.35402e-05 0.000227547 -1 0.0201148 -0.00829916 -0.999763 -0.044994 -0.0682824 -0.996651 -0.0002489 0 -1 -0.0151347 0.0132305 -0.999798 -0.0630822 -0.0500851 -0.996751 4.28294e-08 -1.81403e-07 -1 -1.90724e-06 -4.08639e-12 -1 -8.82496e-06 0.000101839 -1 -0.000325399 -8.92449e-05 -1 -0.000146497 0.000340678 -1 -8.69846e-05 -5.80651e-05 -1 4.37117e-05 2.9179e-05 -1 -0.000743039 -8.62053e-05 -1 1.2411e-05 -2.19653e-05 -1 0.000312216 -0.000804259 -1 -2.4667e-05 9.75847e-05 -1 0.000682207 -0.00057759 -1 -0.000219348 -4.90705e-05 -1 0.0134378 -0.00826353 -0.999876 0.00695273 -0.0345152 -0.99938 -0.00214148 -0.00433663 -0.999988 0.0196657 -0.0249593 -0.999495 -0.0127297 0.0130492 -0.999834 0.00987485 -0.0213967 -0.999722 0.00298809 0.00182284 -0.999994 0.00195614 -0.00547382 -0.999983 0.00136322 0.00178277 -0.999997 0.00179414 0.00202843 -0.999996 0.00704863 -0.000897909 -0.999975 0.00181627 0.00400408 -0.99999 -0.000270324 9.40321e-05 -1 -0.000248404 -9.838e-05 -1 -0.000297579 -0.000291445 -1 0.000118947 -0.000332352 -1 0.000235148 -0.000251884 -1 0 0 -1 0.00029667 -0.000112059 -1 0 0 -1 0 0 -1 0 0 -1 0 0 -1 0 0 -1 -0.000130044 1.56916e-05 -1 -0.000126868 2.10017e-05 -1 0.000107158 0.000168735 -1 2.58384e-05 0.000168535 -1 -9.49936e-05 0.000121328 -1 -0.000302117 0.000302698 -1 0.000186318 -0.000208708 -1 0.000314809 -5.82869e-05 -1 0.000194622 0.000320198 -1 0.000584915 -0.00107419 -0.999999 -0.0108864 -0.00429423 -0.999932 -0.000160432 0.000353554 -1 -0.000900111 0.000784984 -0.999999 -0.00587436 0.0062307 -0.999963 0.00130731 0.00451262 -0.999989 -0.00546311 0.00939248 -0.999941 -0.000101671 -0.000294182 -1 0.00211941 -0.00105532 -0.999997 0.000743358 -0.00377566 -0.999993 -0.00383925 -0.00134748 -0.999992 -0.00170916 -0.000643725 -0.999998 -0.000307575 0.000551818 -1 -5.32084e-06 2.76467e-05 -1 -3.71651e-05 -2.57804e-05 -1 -0.00011789 9.36663e-06 -1 0 0 -1 -4.66872e-06 -5.86095e-06 -1 4.20753e-06 -1.67589e-06 -1 6.47565e-06 5.71057e-06 -1 -5.65354e-06 -4.98559e-06 -1 -9.32508e-06 2.73567e-06 -1 -0.00498749 -0.00534939 -0.999973 -0.00735778 -0.00599949 -0.999955 -0.00704777 -0.00503672 -0.999963 -0.00591283 -0.0044774 -0.999973 -0.0113527 -0.00895224 -0.999896 -0.00912126 -0.00389502 -0.999951 -0.00414615 -0.0170328 -0.999846 -3.78448e-06 -1.71788e-07 -1 -9.51171e-06 3.35102e-07 -1 0 0 -1 1.89503e-05 -9.55732e-06 -1 0 0 -1 0.000327243 0.00200966 -0.999998 0.00860672 -0.000464837 -0.999963 -7.01068e-05 0.000154216 -1 -6.94344e-06 -2.19954e-05 -1 0.00226737 0.00117504 -0.999997 -4.12078e-06 1.59059e-06 -1 0.000146905 0.000291546 -1 -7.75187e-05 -7.51856e-05 -1 -2.52528e-06 -1.53058e-05 -1 -2.24961e-05 9.87425e-06 -1 0 0 -1 -3.83054e-06 2.28741e-06 -1 0 0 -1 0.000148307 -5.58912e-06 -1 9.31431e-05 0.00011884 -1 0 0 -1 0.000137357 7.95627e-05 -1 8.05744e-05 -0.000462923 -1 -0.000706508 -0.000147868 -1 -0.00098384 0.00040255 -0.999999 -0.000217387 -2.86739e-05 -1 -0.000301866 0.000102796 -1 0.000279252 -4.13689e-05 -1 -0.00106141 -0.000291136 -0.999999 -0.000338421 -0.000392309 -1 -0.000940715 -9.52512e-05 -1 -0.000537208 -3.97049e-05 -1 8.38775e-05 -0.00015042 -1 -0.000772656 0.000326617 -1 -5.15363e-08 2.2639e-06 -1 -3.25817e-06 -4.77774e-06 -1 3.57854e-06 6.30349e-06 -1 -8.67059e-07 3.11672e-06 -1 -2.44342e-06 2.32019e-06 -1 0 0 -1 6.15457e-07 1.1367e-06 -1 0 0 -1 0 0 -1 -6.03709e-06 -6.41986e-06 -1 -3.78109e-08 -2.16145e-06 -1 1.35427e-06 2.67085e-06 -1 2.32534e-06 3.50401e-06 -1 1.92066e-06 -1.80171e-07 -1 -2.84144e-06 2.29518e-06 -1 3.71341e-06 -2.99953e-06 -1 0.000102844 5.07847e-05 -1 -3.25107e-06 4.54343e-06 -1 1.06734e-06 -5.48033e-06 -1 -5.13833e-07 4.11321e-06 -1 -6.88548e-07 -3.40007e-07 -1 -7.04938e-07 -3.77987e-08 -1 3.12886e-05 -6.30013e-05 -1 -1.34304e-05 3.73618e-06 -1 -2.13632e-05 1.06553e-05 -1 1.82782e-06 -4.26191e-06 -1 6.5969e-07 -1.53819e-06 -1 -5.31418e-05 9.6109e-05 -1 8.35234e-05 -7.14138e-05 -1 0 0 -1 3.24752e-06 -2.63664e-06 -1 1.03447e-05 -7.37969e-06 -1 2.00129e-05 -4.41972e-06 -1 -1.44843e-05 3.19877e-06 -1 -1.92874e-05 2.75534e-05 -1 0 0 -1 0 0 -1 -5.68934e-06 6.95379e-06 -1 1.23953e-05 2.6554e-05 -1 2.4e-07 4.88108e-06 -1 1.87503e-06 4.01681e-06 -1 5.7844e-05 -4.57504e-05 -1 3.71906e-05 -1.87085e-05 -1 2.34089e-05 2.51807e-05 -1 -5.88073e-05 6.53018e-05 -1 -2.02521e-05 3.04446e-05 -1 6.85601e-07 3.65536e-06 -1 9.51283e-07 3.29929e-06 -1 1.58403e-05 -2.06747e-05 -1 1.10883e-06 1.30819e-05 -1 -7.49618e-05 -2.80752e-05 -1 0 0 -1 2.14752e-06 1.31569e-07 -1 2.14798e-06 3.62772e-08 -1 -1.71305e-06 1.41506e-06 -1 1.95074e-06 -5.4082e-06 -1 -7.36362e-06 -2.50405e-06 -1 2.42879e-06 1.52737e-06 -1 0 0 -1 0 0 -1 0 0 -1 0 0 -1 0 0 -1 -1.51124e-06 -1.12098e-06 -1 -1.10569e-06 -6.62612e-07 -1 -5.37858e-05 -3.42942e-05 -1 0 0 -1 -1.48038e-06 5.8362e-08 -1 -7.68229e-06 -1.43779e-06 -1 4.36296e-06 5.2369e-06 -1 5.4669e-05 6.50351e-05 -1 0 0 -1 0 0 -1 -1.4868e-05 -1.78462e-05 -1 0 0 -1 0.00344131 -0.00756876 -0.999965 -6.26372e-05 1.94255e-05 -1 -1.05877e-05 -2.57215e-05 -1 -2.08033e-06 -6.59278e-06 -1 2.74702e-06 1.61604e-06 -1 2.07657e-05 1.22162e-05 -1 0.0566687 0.0410922 0.997547 0.0109705 -0.0040568 0.999932 0.00469385 -0.00186862 0.999987 -0.000453066 -5.13808e-05 1 -0.000325308 0.00309442 0.999995 3.02681e-05 -5.00562e-05 1 3.07436e-05 -4.34168e-05 1 -0.000453211 -0.000323631 1 -0.000501776 0.000452632 1 0.000905535 0.00092988 0.999999 -2.95119e-06 4.16774e-06 1 1.52869e-05 9.14572e-06 1 -6.33127e-05 -1.14944e-06 1 -7.57574e-06 -5.15643e-06 1 -7.97308e-06 -4.74071e-06 1 0 0 1 -1.19938e-06 1.75911e-07 1 1.14853e-05 -9.19671e-06 1 0.00010595 3.87697e-05 1 -0.0274222 0.0610824 0.997756 4.54069e-05 -0.000105341 1 0.00012609 -0.000159515 1 -0.000247871 -0.000198511 1 -0.000441915 0.000191834 1 -1.88688e-05 -5.37867e-06 1 -0.0635381 -0.031559 0.99748 -4.54039e-06 -5.26846e-05 1 -0.000312222 0.000279842 1 9.71845e-05 0.000117336 1 -6.50661e-05 2.05228e-05 1 5.80554e-06 -1.41823e-06 1 -8.22245e-06 1.20001e-05 1 -2.19707e-08 -2.74634e-08 1 0 -4.7684e-07 1 5.88052e-06 -9.02333e-06 1 1.60467e-05 -0.00100459 1 0.00119587 0.000369185 0.999999 1.01739e-06 -5.23661e-06 1 8.45139e-06 -7.05654e-05 1 0.0410298 -0.0043279 0.999149 3.93478e-05 -9.7524e-05 1 8.98217e-06 5.96543e-05 1 -3.39067e-05 6.43601e-05 1 0.000641001 0.00423182 0.999991 -7.44825e-05 9.74271e-05 1 -1.51803e-05 6.99345e-06 1 -0.000253332 0.000569761 1 -2.32424e-05 -3.70229e-05 1 -3.85302e-07 -6.68046e-08 1 -1.36669e-06 1.40915e-06 1 0.000244078 -0.000308154 1 0.000145419 0.000426974 1 -0.000327434 -0.000533589 1 -3.56583e-05 -0.000130101 1 -1.63455e-06 -1.28934e-06 1 7.59886e-06 1.44511e-05 1 -2.23799e-07 -1.76533e-07 1 9.96219e-06 -1.61714e-05 1 0 0 1 9.02475e-05 8.56061e-06 1 5.72063e-06 8.86758e-07 1 -5.93562e-06 -7.41952e-06 1 0 0 1 -0.000202891 0.000239592 1 1.57419e-06 -3.32866e-06 1 3.90828e-05 -0.00013326 1 -5.7772e-05 -4.73507e-06 1 -0.0197874 -0.00487982 0.999792 -6.27781e-05 -0.000104834 1 -0.0325114 0.0353139 0.998847 -0.11386 -0.979796 -0.164426 -0.241634 -0.932464 0.268557 -0.464418 -0.770842 -0.436026 -0.607222 -0.772046 0.187688 -0.810884 -0.54411 -0.215433 -0.862776 -0.489677 0.125831 -0.961535 -0.268716 -0.0569339 -0.970338 -0.225939 0.0859992 -0.99306 -0.0348684 -0.112319 -0.976897 0.0605644 0.204949 -0.9213 0.306403 -0.239423 -0.856775 0.406139 0.317785 -0.732458 0.633069 -0.250457 -0.656547 0.740313 0.144512 -0.578833 0.809913 -0.094837 -0.430731 0.902218 0.0217596 -0.424645 0.90536 0.000860409 -0.266011 0.963537 -0.0289033 -0.222819 0.971215 0.0842212 -0.0717385 0.991602 -0.107602 -9.90868e-08 -1 5.4492e-08 0 -1 1.52588e-05 0.109025 0.993222 -0.0402859 0.0990951 0.995078 0 0.380494 0.924212 -0.0325092 0.395715 0.917505 0.0399202 0.604663 0.793578 0.0679408 0.628592 0.772422 -0.090756 0.799593 0.564059 -0.206128 0.855009 0.484798 0.184204 0.92764 0.300125 -0.222281 0.970533 0.20498 0.126681 0.998099 -0.0415983 -0.0454715 0.987712 -0.00707636 0.156126 0.933313 -0.252245 -0.255536 0.866952 -0.413279 0.278557 0.791906 -0.574148 -0.207942 0.739427 -0.658521 0.139994 0.556937 -0.819016 -0.137966 0.450432 -0.858948 0.243555 0.336147 -0.932829 -0.12975 0.142377 -0.984448 0.102916 0.0911667 -0.994573 -0.0501371 0 1 1.52588e-05 -9.94057e-08 1 0 0 0.707107 0.707107 0 0.707107 0.707107 -0.0574146 0.714305 0.697475 -0.0649574 0.705613 0.705613 -0.176833 0.663568 0.726917 -0.272612 0.680773 0.679875 -0.297745 0.635899 0.712026 -0.488077 0.572733 0.658603 -0.412003 0.570857 0.710195 -0.492969 0.430075 0.756318 -0.68606 0.30942 0.658468 -0.63725 0.206084 0.742591 -0.729615 0.11885 0.673451 -0.66925 -0.0184572 0.742808 -0.7279 -0.126205 0.673968 -0.663432 -0.184474 0.72514 -0.661647 -0.340919 0.667831 -0.556312 -0.373154 0.742478 -0.539235 -0.523445 0.65972 -0.329194 -0.543498 0.772166 -0.316173 -0.65352 0.687711 -0.0795662 -0.704865 0.704865 -0.0836059 -0.708729 0.700509 0.0694265 -0.709814 0.700959 0.0639307 -0.70566 0.70566 0.308761 -0.683575 0.661356 0.239014 -0.654839 0.716979 0.369122 -0.546814 0.751494 0.559402 -0.496747 0.66356 0.546532 -0.395396 0.738218 0.676726 -0.325291 0.660475 0.649279 -0.174089 0.740358 0.737281 -0.0848546 0.670236 0.681038 -0.00484213 0.732232 0.724905 0.176957 0.665731 0.646108 0.204281 0.7354 0.555414 0.396354 0.73104 0.571992 0.466761 0.674507 0.429029 0.534824 0.72794 0.421188 0.575981 0.700604 0.267512 0.633261 0.726235 0.247842 0.679777 0.690273 0.0740798 0.687905 0.722011 0.0572728 0.705946 0.705946 0 -0.707107 0.707107 0 -0.707107 0.707107 0 -0.707107 0.707107 -1.24249e-07 -0.707101 0.707112 0.703029 -0.0352978 0.710285 0.706493 -0.0416574 0.706493 0.678862 -0.178444 0.712253 0.690418 -0.201623 0.694745 0.613634 -0.318254 0.722612 0.62614 -0.383553 0.678849 0.527839 -0.457605 0.715531 0.508571 -0.510048 0.693691 0.440734 -0.528849 0.725308 0.411959 -0.580352 0.702482 0.332593 -0.606397 0.722263 0.297009 -0.673399 0.676993 0.171333 -0.696779 0.696523 0.103825 -0.656508 0.74714 0.0343651 -0.706689 0.706689 -0.0248016 -0.717195 0.696431 -0.126912 -0.712172 0.690437 -0.172649 -0.665305 0.726334 -0.297908 -0.687779 0.661975 -0.352266 -0.583425 0.731795 -0.47517 -0.580852 0.660927 -0.541466 -0.446729 0.712213 -0.534635 -0.419002 0.733896 -0.587998 -0.350775 0.728846 -0.639001 -0.328779 0.6954 -0.677391 -0.198037 0.708465 -0.66858 -0.175215 0.722703 -0.717887 -0.107716 0.687776 0.707001 2.38375e-05 0.707212 0.707107 3.5044e-06 0.707107 -0.707058 -2.46797e-05 0.707156 -0.707144 -3.99443e-05 0.70707 0.0352318 0.720844 0.692202 0.184346 0.682736 0.707028 0.173031 0.675694 0.716588 0.332509 0.637658 0.69486 0.352115 0.580661 0.734063 0.504054 0.546951 0.668412 0.504575 0.472384 0.722674 0.624238 0.350742 0.698074 0.608482 0.353669 0.7104 0.670703 0.174273 0.720962 0.675793 0.171906 0.716765 0.721468 0.0826403 0.687499 -0.704377 0.0899942 0.704098 -0.690935 0.0677259 0.719738 -0.677991 0.241519 0.69426 -0.637986 0.257894 0.725579 -0.586502 0.404424 0.701752 -0.572412 0.408476 0.710979 -0.486111 0.531196 0.693921 -0.470939 0.53008 0.705147 -0.342335 0.630416 0.696693 -0.282881 0.611943 0.738583 -0.196248 0.706284 0.680184 -0.075241 0.705102 0.705102 -0.0408155 0.674807 0.736865 0 0.707107 0.707107 1.7089e-07 0.707099 0.707114 0 -0.70711 -0.707103 0 -0.70711 -0.707103 -0.949034 -0.163853 -0.269235 -0.728229 -0.248345 -0.638754 -0.504066 -0.212387 -0.837143 -0.633124 -0.327598 -0.701308 -0.598726 -0.420858 -0.681473 -0.54047 -0.400089 -0.740149 -0.0255676 -0.706879 -0.706872 -0.0310936 -0.732568 -0.679983 0.048738 -0.70627 -0.706263 0.0751942 -0.577828 -0.812687 0.523177 -0.564085 -0.638822 0.635193 -0.612756 -0.470171 0.615384 -0.4049 -0.676283 0.633062 -0.42345 -0.648014 0.71085 -0.129953 -0.691234 0.825916 -0.0573124 -0.560873 -0.706499 -3.16467e-05 -0.707714 -0.68753 -0.000689015 -0.726156 0.703564 -0.000141216 -0.710632 0.707103 0 -0.70711 -0.0296401 0.706786 -0.706806 -0.0303571 0.704872 -0.708684 -0.341465 0.397518 -0.851693 -0.415255 0.461475 -0.783967 -0.653827 0.123153 -0.746555 -0.769588 0.0939065 -0.631598 -0.761183 0.031103 -0.647791 0.706576 0.0386078 -0.706583 0.690127 0.0435114 -0.722379 0.0929382 0.704036 -0.704056 0.0308397 0.435494 -0.899663 0 0.707097 -0.707117 0 0.707097 -0.707117 -0.0895361 0.995944 -0.00891081 -0.354659 0.934972 0.00663903 -0.534214 0.845336 -0.00466073 -0.75113 0.660129 0.00582898 -0.878191 0.478272 -0.00610615 -0.977634 0.210278 0.0039552 -0.993736 0.111746 -0.00163306 -0.978818 -0.204728 0.00168286 -0.965165 -0.261632 -0.0021605 -0.809368 -0.587297 0.00264564 -0.758342 -0.651845 -0.00384281 -0.411077 -0.91159 0.00444675 -0.311325 -0.950297 -0.00337634 0.0529128 -0.998591 0.00411542 -0.0896838 0.727906 0.679787 -0.10941 0.73497 0.669215 -0.377729 0.570773 0.729068 -0.556326 0.486514 0.673651 -0.602103 0.34962 0.717801 -0.711315 0.0685831 0.69952 -0.722139 0.0992381 0.684592 -0.64881 -0.168825 0.741987 -0.582259 -0.483094 0.653907 -0.58467 -0.45515 0.671565 -0.196304 -0.644805 0.738709 -0.330316 0.94387 0.000451282 -0.247459 0.968883 -0.00548881 -0.685153 0.7284 -7.27253e-05 -0.700408 0.713739 -0.00225295 -0.976427 0.215834 -0.00247275 -0.98376 0.179476 0.00206364 -0.945582 -0.32538 0.00165272 -0.933962 -0.357372 -0.000977573 -0.756274 -0.654255 0.000801771 -0.74113 -0.671362 -0.000807603 -0.392413 -0.919788 -0.0013751 -0.328946 -0.944328 0.0062775 -0.163614 0.637106 0.75321 -0.373964 0.642288 0.669042 -0.485841 0.484138 0.727715 -0.638643 0.344394 0.688134 -0.647646 0.150329 0.746965 -0.703426 -0.0475317 0.709178 -0.650183 -0.241049 0.720526 -0.637236 -0.344686 0.68929 -0.513343 -0.464281 0.721749 -0.378623 -0.617576 0.68938 -0.259654 -0.633659 0.728736 -0.326668 0.945134 -0.00312546 -0.40685 0.913493 0.00195857 -0.73726 0.675606 0.00186201 -0.703865 0.710329 -0.00270943 -0.99384 0.110816 0.00109088 -0.998743 0.0495572 -0.00749756 -0.848204 -0.529629 0.00663922 -0.758717 -0.651375 -0.007659 -0.388852 -0.921278 0.00645638 -0.308168 -0.951332 -0.000302226 -0.222455 0.659252 0.718262 0.0386396 0.742743 0.668461 -0.419412 0.611092 0.671312 -0.474267 0.504101 0.721771 -0.731148 0.11402 0.672623 -0.684671 0.00634159 0.728825 -0.643158 -0.352899 0.679567 -0.526754 -0.425579 0.735808 -0.228462 -0.700691 0.675898 -0.153278 -0.772351 0.616425 -0.123336 0.992365 -0.000346783 -0.163567 0.986527 0.00315039 -0.640573 0.767896 0.00166041 -0.654515 0.756049 -8.33746e-05 -0.896076 0.443901 -0.000471724 -0.905914 0.423459 0.00160949 -0.991963 -0.126514 0.00193029 -0.991391 -0.130926 0.00140751 -0.85925 -0.511537 -0.00438045 -0.721391 -0.692471 0.00890953 -0.500502 -0.865696 -0.00826349 -0.162753 -0.986519 0.0170822 -0.105662 0.677824 0.727592 -0.433736 0.536614 0.723822 -0.680133 0.441836 0.584979 -0.67285 0.292113 0.679664 -0.670568 -0.0560667 0.739726 -0.695216 -0.28774 0.658696 -0.610152 -0.360642 0.705445 -0.337467 -0.612107 0.715151 -0.255029 -0.72439 0.640483 0.260796 -0.746902 -0.611656 -0.215242 0.130151 -0.967849 0.510266 0.763545 -0.395763 -0.00541238 0.714848 -0.699259 -0.206941 -0.832806 -0.51343 0.359236 -0.438286 -0.823927 -0.0566327 -0.0189369 -0.998215 -0.0290953 0.782477 -0.621999 0.169994 0.851624 -0.49582 0.171178 0.984465 0.0390696 -0.0968451 0.783013 0.614419 0.0778386 0.567171 0.819913 -0.0170573 0.463119 0.886132 -1.79268e-05 -7.5233e-07 -1 -5.72205e-06 0 -1 0.041354 -0.910855 -0.41065 -0.0402623 -0.883669 -0.466378 -0.0674992 -0.406632 -0.911095 0.0765144 -0.298369 -0.951379 -0.000278986 -1 -0.000107875 -0.0273222 -0.999604 0.00666785 0.0203998 -0.418196 0.908128 -0.145745 -0.521406 0.84077 0.264308 -0.895478 0.358135 -7.21282e-05 1.73083e-06 1 -1.17048e-05 5.342e-06 1 0.145537 0.862463 0.484743 -0.202489 0.652586 0.730157 0.0816604 0.403271 0.91143 0.00023658 0.999997 0.00229797 -0.00829327 0.999966 0.000305777 -0.0793239 0.0123589 -0.996772 0.12351 0.447826 -0.885549 -0.130008 0.627086 -0.768025 -0.0010068 0.997612 -0.0690657 -0.00046411 -9.86464e-05 1 0.000205035 1.40022e-07 1 0.0534901 -0.667331 0.742838 -0.151671 -0.739246 0.656134 0.1166 -0.95938 -0.256895 -0.0615351 -0.923833 -0.377818 0.053271 -0.514964 -0.855555 -0.0403377 -0.435096 -0.89948 -0.176886 0.760568 0.624699 0.0502683 0.65087 0.757523 0.0136781 -0.132941 0.99103 0.0199709 -0.126267 0.991795 -0.10214 -0.737905 0.667131 0.174155 -0.874684 0.452324 0.072349 0.779614 0.622067 -0.0105346 0.735611 0.677322 0.00167048 0.150782 0.988566 -0.00757281 0.164451 0.986356 0.0399109 -0.413008 0.909853 -0.0867401 -0.564107 0.821133 0.125671 -0.904498 0.407541 -0.241204 -0.936425 -0.254811 9.17723e-05 -1.81673e-05 -1 0.066981 0.300996 -0.95127 -0.122644 0.441259 -0.88896 0.0914881 0.917653 -0.386709 -0.0280502 0.952935 -0.301876 -1 -4.47135e-05 2.75415e-05 -1 -6.70478e-05 -1.41298e-05 -1 -4.88836e-05 2.56985e-05 -1 -1.14229e-06 -5.01998e-06 -1 -2.97404e-05 4.94843e-05 -1 -2.19507e-05 2.6444e-06 -1 2.06415e-05 0.000459073 -1 2.66383e-05 6.80095e-05 -1 5.36311e-05 -5.53841e-06 -1 0.0003029 -1.84108e-05 -1 -6.19139e-06 2.04049e-06 -1 0 0 -1 -5.7818e-05 -0.000668221 -1 -1.02501e-05 4.23429e-06 -1 8.98848e-06 -2.18249e-05 -1 -3.46494e-11 -1.90724e-06 -1 -2.27322e-07 -5.8037e-07 -1 -3.35334e-06 6.754e-06 -1 1.43727e-06 -8.14011e-07 -1 4.85248e-07 8.82701e-05 -1 -4.27629e-05 3.10634e-05 -1 -0.000117508 6.65519e-05 -1 -8.43514e-05 -9.38566e-06 -1 -1.71357e-05 -4.12163e-05 -1 -2.93732e-05 -5.39671e-05 -1 3.0038e-05 3.79525e-06 -1 0.000148494 4.76463e-05 -1 -4.1199e-05 -9.60734e-05 -1 1.34228e-05 -6.27897e-05 -1 -0.000187761 -0.000475471 -1 0.000512957 1.97387e-05 -1 0 0 -1 0 0 1 -1.75932e-05 -3.46137e-05 1 5.60494e-05 0.000110274 1 -0.000134015 -1.3274e-06 1 6.3453e-05 6.28494e-07 1 4.0243e-05 4.34119e-09 1 -1.85039e-05 3.9542e-05 1 1.37807e-05 -2.94486e-05 1 -4.38109e-05 -5.4408e-05 1 -1.8849e-06 -2.34083e-06 1 5.1912e-07 2.97807e-06 1 -1.63561e-05 0.000169467 1 0.000173784 0.000410477 1 -3.20691e-05 4.72658e-07 1 0 0 0.999999 0.000135696 -0.00102569 1 0 0 1 -2.09636e-05 -0.000319009 1 0 0 1 1.71753e-06 -4.34201e-06 1 0 0 1 1.22824e-05 0.000232048 1 -0.000251925 -0.000188776 1 -1.33224e-06 6.40308e-07 1 -7.02633e-05 3.37703e-05 1 -6.78035e-05 3.34899e-05 1 3.88949e-05 -3.00464e-05 1 -0.000215836 -0.000384883 1 -4.71995e-05 0.000133869 1 -8.58563e-05 -0.000222505 1 0.000214658 -5.70304e-06 1 9.96931e-06 1.58893e-06 1 -6.60449e-05 -2.17863e-05 1 2.66817e-05 6.0118e-05 1 1.60462e-05 1.68941e-06 1 -6.67991e-06 -1.27528e-05 1 0 0 1 0 0 -0.910837 0.35224 -0.215181 -0.701755 0.682832 0.203177 -0.914482 0.348312 -0.205915 -0.277747 0.951877 0.129568 -0.967505 0.238429 0.0841763 -0.855137 0.513409 -0.0717792 -0.838476 0.534379 -0.106755 -0.545997 0.821097 0.166392 -0.374262 0.923665 0.0822833 -0.214346 0.976668 -0.0132444 -1 1.9282e-05 -0.000125829 -1 1.08681e-05 -0.000217406 -0.980582 -0.182572 0.0715952 -0.183414 -0.982815 0.0208371 -0.137016 -0.989733 -0.040686 -0.420043 -0.902482 0.0953419 -0.67324 -0.734818 -0.0824087 -0.759191 -0.649613 0.0403942 -0.955911 -0.292211 -0.0290954 -0.752049 -0.656304 -0.0607275 -0.80309 -0.595208 0.0278151 -0.549213 -0.834812 -0.0381215 -0.58997 -0.807235 0.0175373 -0.74349 -0.668372 0.0223883 -0.926417 -0.376232 -0.014187 -0.923021 -0.384709 0.00549708 -0.107533 -0.994099 0.0142876 -0.120234 -0.992745 0.000925881 8.85771e-08 -1 0 0 -1 7.62939e-06 0.206996 -0.975181 0.0785762 0.0182519 -0.999833 0 0.0509535 -0.998675 -0.00716621 0.974894 -0.220417 -0.0315875 0.917358 -0.395185 0.0477877 0.779552 -0.620605 -0.0845496 0.668425 -0.741106 0.0630111 0.387863 -0.920322 -0.0506922 0.940252 -0.309886 0.141053 0.981784 -0.187515 0.0306428 0.95504 -0.296109 0.0147877 0.931359 -0.362582 -0.0332422 0.828384 -0.559402 0.0291454 0.72618 -0.685086 -0.0576216 0.648842 -0.760783 0.014565 0.281738 -0.959025 -0.0299082 0.227416 -0.969944 0.0865488 0.427806 -0.900924 -0.0729224 0.998582 -0.0472419 0.0245442 0.995942 -0.0840525 0.0321579 1 1.56032e-05 -0.000223331 1 0 -5.72205e-05 0.983995 0.16535 0.0664327 0.999808 0.0168857 0.00990262 0.238125 0.971221 0.00514812 0.184279 0.982507 -0.0268574 0.436834 0.894517 0.0949541 0.591593 0.804716 -0.0494932 0.794224 0.600771 0.0910086 0.924364 0.373192 -0.0792336 0.2129 0.976167 -0.0420835 0.937337 0.334911 0.0960933 0.372248 0.927823 -0.0239809 0.340466 0.9382 -0.0621573 0.670135 0.73796 0.0795883 0.804033 0.586793 -0.0959389 0.961002 0.258273 0.0988444 0.820745 0.441925 0.362049 0.0414005 0.999143 0 0.0560589 0.998384 0.00935313 0 1 0 0 1 0 -0.192692 0.981228 0.00785782 -0.289979 0.949455 -0.120195 0 0 1 0 0 1 -2.07264e-05 -1.61935e-05 1 1.43167e-05 -3.87547e-06 1 -7.91018e-05 -1.34033e-05 1 2.46335e-05 8.46228e-05 1 9.31039e-06 1.48496e-05 1 -1.10473e-06 -1.76199e-06 1 1.32699e-05 1.29826e-05 1 7.54398e-06 1.18597e-05 1 -1.35182e-05 -1.07489e-05 1 0 0 1 0 0 1 -1.6725e-05 -4.07566e-06 1 0 0 1 -3.69264e-06 -7.02538e-07 1 -2.98285e-07 -9.78088e-07 1 2.41988e-06 2.03466e-06 1 4.56668e-06 7.61114e-06 1 -1.29248e-06 0 1 1.16607e-06 -1.53086e-06 1 -2.80367e-06 3.68074e-06 1 -1.90367e-06 -3.21509e-08 1 -2.06922e-05 6.31083e-05 1 5.06468e-05 -5.95863e-05 1 -1.41908e-05 5.71802e-06 1 -3.54188e-07 -1.8884e-06 1 -1.01631e-05 3.1439e-06 1 -1.1479e-06 1.62884e-06 1 -4.66619e-05 5.44663e-05 1 3.96581e-06 -5.62739e-06 1 2.82237e-05 -0.000192645 1 2.34877e-06 -2.04755e-06 1 -4.34531e-06 2.32264e-06 1 2.54808e-06 -6.01054e-07 1 -1.72594e-05 4.07123e-06 1 1.28907e-05 -2.14846e-05 1 1.29604e-05 -1.94729e-05 1 0 0 1 0 0 1 -1.76504e-05 1.31768e-06 1 -0.000171264 1.27856e-05 1 0.000152565 -0.000101186 1 0 0 1 -2.25992e-05 1.59233e-05 1 -9.16605e-06 -1.11217e-05 1 2.32819e-05 -3.14857e-05 1 9.42174e-06 -1.27417e-05 1 3.78933e-05 -1.9989e-05 1 -2.92153e-05 1.19819e-05 1 -1.84479e-05 3.35558e-06 1 -6.29758e-06 -1.32976e-05 1 -1.58285e-05 1.35877e-05 1 -9.00839e-07 7.7331e-07 1 0 0 1 -8.84912e-06 2.38306e-05 1 6.3968e-07 -6.9521e-12 1 1.33517e-06 4.51785e-07 1 0 0 1 1.05678e-06 1.72567e-06 1 -1.08586e-06 -5.47946e-07 1 -1.70235e-06 -8.59038e-07 1 -2.63259e-05 -3.39667e-05 1 -6.4241e-06 -1.2158e-05 1 -2.51865e-05 -1.22774e-06 1 -1.47019e-05 -0.000108044 1 2.8327e-05 4.28198e-05 1 -2.6626e-06 6.5712e-06 1 -2.02035e-05 -1.51345e-05 1 5.50333e-05 0.000140769 1 3.93276e-05 1.88307e-05 1 2.53823e-05 -2.22188e-05 -1 7.23332e-05 4.68347e-05 -1 -3.69005e-05 -3.97649e-05 -1 -2.52327e-05 -1.84816e-05 -1 -4.18329e-06 7.82106e-06 -1 0 0 -1 0 0 -1 -4.95444e-06 -8.56698e-07 -1 1.02301e-05 4.60989e-06 -1 -1.50801e-05 -2.60757e-06 -1 0 0 -1 -5.93311e-07 -6.69887e-07 -1 1.17166e-05 1.95277e-05 -1 6.4775e-07 1.0107e-11 -1 -6.36479e-07 6.53009e-07 -1 8.40967e-06 -8.62808e-06 -1 -5.60501e-06 1.97583e-05 -1 8.23812e-06 -7.63592e-06 -1 -1.25031e-05 2.69841e-05 -1 4.09327e-06 2.04829e-05 -1 2.50366e-05 -3.03749e-05 -1 -5.22955e-06 -8.09247e-06 -1 -2.14034e-05 1.66513e-05 -1 -2.6597e-06 1.59103e-06 -1 5.13058e-06 -1.30524e-06 -1 2.96441e-06 -7.54161e-07 -1 -5.07443e-06 8.45739e-06 -1 0 0 -1 0 0 -1 0 0 -1 1.34445e-06 -1.38881e-06 -1 -3.97955e-06 2.45674e-07 -1 3.16137e-06 -3.80448e-06 -1 3.32709e-05 -3.42324e-05 -1 1.52789e-05 2.38526e-05 -1 -3.68893e-05 6.74771e-05 -1 1.1837e-06 -9.23951e-07 -1 -2.63938e-06 3.36288e-07 -1 -9.22552e-07 -1.00693e-06 -1 -3.45002e-07 -1.97954e-06 -1 -1.21746e-06 9.41485e-07 -1 1.01255e-06 -7.83023e-07 -1 -2.10233e-05 5.93663e-06 -1 -6.35934e-07 1.22621e-11 -1 5.3829e-07 7.0972e-07 -1 0 0 -1 -8.86815e-07 -9.74872e-07 -1 5.64718e-06 2.35954e-06 -1 0 0 -1 0 0 -1 4.87846e-06 6.43211e-06 -1 1.18483e-05 1.9791e-05 -1 -5.12292e-05 -2.57714e-07 -1 -1.66478e-05 1.73603e-05 -1 5.23118e-06 9.20728e-06 -1 0 1 0 0 1 0 0.103598 -0.994617 0.00188715 0.100378 -0.994945 -0.00305601 0.298871 -0.954152 0.0164472 0.310851 -0.950452 -0.00367296 0.47382 -0.880573 0.00928307 0.466692 -0.884394 -0.00675618 0.689223 -0.723629 0.0364956 0.713464 -0.698977 -0.0489907 0.875607 -0.48302 -0.00192414 0.878982 -0.476638 0.0143697 0.970699 -0.239325 0.0215935 0.966611 -0.255656 -0.0174387 0.998796 0.0460584 0.016875 0.99843 0.0557358 -0.00559362 0.942175 0.326207 0.0767798 0.955746 0.294139 -0.00564474 0.808949 0.58058 -0.0923507 0.763703 0.642214 0.0657148 0.635687 0.771317 -0.0311809 0.587984 0.807264 0.0509899 0.444429 0.89077 -0.0949289 0.324029 0.942586 0.0808485 0.135025 0.99083 0.00490819 0.176978 0.982781 -0.0531029 0 -1 0 0 -1 0 -0.0898206 0.995958 0 -0.12676 0.989593 0.0681051 -0.395655 0.918358 0.00871571 -0.368403 0.928201 -0.0521709 -0.576131 0.816932 -0.0263636 -0.583565 0.812032 -0.00746249 -0.766108 0.63881 0.0707135 -0.81036 0.581268 -0.073786 -0.905353 0.421071 0.0551004 -0.932478 0.359071 -0.0393999 -0.982075 0.182299 0.0479217 -0.989802 0.12726 -0.0640121 -0.988041 -0.142969 0.0577507 -0.983911 -0.177822 -0.0172648 -0.912381 -0.405333 0.057147 -0.926198 -0.377038 0.000740767 -0.780337 -0.604826 -0.158931 -0.7105 -0.699795 0.074009 -0.57004 -0.820584 -0.0411826 -0.542744 -0.839869 0.0070497 -0.390086 -0.920761 -0.0057433 -0.370151 -0.928329 0.0345393 -0.089541 -0.995983 0 -0.111387 -0.992829 -0.0434043 0.0281459 0.378888 -0.925014 -0.00513857 0.463419 -0.886125 -0.248162 0.730473 -0.636258 -0.820385 0.0734536 -0.567074 -0.319126 -0.145718 -0.936443 0.998395 0.0566397 -0.000220011 0.996554 0.0829169 0.00216778 0.644177 0.764875 -0.00144934 0.621046 0.783773 0.00107985 0.0278217 0.999611 -0.00202415 -0.0162642 0.999868 0.000423687 -0.320125 0.947375 -0.00031853 -0.396469 0.918045 0.00244348 -0.658099 0.752928 -0.00252218 -0.768887 0.63938 0.00251384 -0.886766 0.462214 -0.00182461 -0.959411 0.282006 0.00191611 -0.996448 0.0841485 -0.00328218 -0.664719 0.190377 -0.722431 0.658292 0.071518 -0.749357 0.731574 0.25997 -0.63025 0.420425 0.507767 -0.751942 0.243763 0.718481 -0.651432 -0.0228666 0.716609 -0.6971 -0.218917 0.722843 -0.655418 -0.294948 0.660776 -0.690203 -0.54471 0.464991 -0.697908 -0.670855 0.36861 -0.64349 0.910685 0.0824251 0.404795 0.817628 0.289031 -0.497941 0.541229 0.789775 0.288664 -0.762879 0.142738 0.630588 -0.0101678 -0.00628966 0.999929 -0.0105312 -0.00840776 0.999909 -0.00309974 0.000658153 0.999995 0.00876044 -0.00147439 0.999961 -0.0114704 0.0064623 0.999913 -0.0113384 0.00593848 0.999918 0.00814991 0.00302008 0.999962 0.00146093 0.0103632 0.999945 -0.00373315 0.00478192 0.999982 -0.635213 -0.346526 -0.690235 -0.438503 -0.843885 0.309149 0.479638 -0.555039 -0.679617 -0.669246 -0.077608 -0.738977 -0.618862 -0.40676 -0.671979 -0.683047 -0.38494 -0.620699 -0.257385 -0.583944 -0.76991 0.0598894 -0.786433 -0.614766 -0.0159923 -0.724148 -0.689459 0.414099 -0.626821 -0.660013 0.544888 -0.59335 -0.592481 0.583826 -0.383596 -0.715543 -0.993561 -0.113276 0.00239196 -0.928604 -0.371064 -0.00249811 -0.836053 -0.548638 0.00353548 -0.714185 -0.699949 -0.00350286 -0.392362 -0.919804 0.0036427 -0.260664 -0.965426 -0.0025739 0.163983 -0.98646 -0.00242909 0.0717212 -0.997424 0.00140071 0.551772 -0.833989 0.00321746 0.627622 -0.778517 -0.00108469 0.851178 -0.524876 0.000753895 0.868019 -0.496531 -0.000703881 0.0784774 -0.0506756 -0.995627 -0.00226742 0.00186176 -0.999996 0.0146128 -0.00844111 0.999858 -0.707965 -0.37426 0.598929 0.742631 0.074181 -0.66558 0.0242403 0.925193 0.378723 -0.553125 0.809043 -0.198753 -0.508973 -0.851242 -0.127807 0.797602 -0.532396 0.283522 -0.309649 -0.133946 -0.941369 -0.437739 -0.418239 -0.795902 0.385156 -0.43394 -0.814464 0.416856 -0.562214 -0.714246 -0.026903 0.504606 -0.86293 -0.0827801 0.611253 -0.787094 -0.700848 -0.00141462 -0.713309 0.938728 0.344651 0.00236501 0.896824 0.442377 -0.00301648 0.51413 0.857699 0.00479474 0.446552 0.894757 -0.00114277 -0.123113 0.99239 -0.00243691 -0.190189 0.981746 0.00151695 -0.569425 0.822042 -0.00124108 -0.600081 0.799939 0.000789269 -0.90176 0.432237 0.000940275 -0.915987 0.401207 -0.000816408 -0.999851 0.0172913 0.000177766 -0.999693 0.0247853 0.000489059 -0.63469 0.351645 -0.688124 -0.723916 0.025481 -0.689418 0.637518 0.210063 -0.741245 0.736557 0.0404499 -0.675165 0.452439 0.603974 -0.656136 0.360108 0.622003 -0.695294 -0.117231 0.76703 -0.63081 -0.134136 0.752758 -0.644486 -0.414465 0.539486 -0.732921 -0.672121 0.323975 -0.665803 0.994952 0.0584561 0.0815668 0.527469 0.347083 0.775441 -0.0177502 0.00336543 0.999837 -0.0103538 0.00697614 0.999922 -0.000638389 -0.0246925 0.999695 -8.56803e-05 0.027089 0.999633 -0.00026786 0.0272119 0.99963 -0.0131021 -0.00815537 0.999881 -0.00497796 0.00313284 0.999983 -0.00748901 0.0171571 0.999825 -0.157367 -0.934236 0.32006 0.543546 -0.575318 -0.611201 0.6058 -0.274085 0.746916 0.676903 -0.103164 -0.728807 -0.767281 -0.164245 -0.619922 -0.648299 -0.307214 -0.696656 -0.362923 -0.65342 -0.664326 -0.293217 -0.742593 -0.602146 0.103573 -0.631569 -0.768371 0.540817 -0.571524 -0.617152 0.560928 -0.471028 -0.680802 -0.948694 -0.316196 -0.000697569 -0.915252 -0.402865 0.00363339 -0.691978 -0.721899 -0.0053136 -0.465035 -0.885284 0.00390161 -0.14518 -0.989356 -0.00986612 0.162696 -0.986651 0.0070065 0.590189 -0.807249 -0.00522002 0.761954 -0.647614 0.00468159 0.892001 -0.452026 -0.00262926 0.984705 -0.174171 0.00446905 0.99991 0.0131956 -0.00222209 0.00526264 -0.00378044 -0.999979 -0.0144728 0.00126356 -0.999894 -0.00392861 0.00349516 -0.999986 -0.0524262 0.646535 0.761081 -0.0110165 -0.614978 0.788467 0.960414 -0.277442 -0.0251335 0.132916 0.755804 0.641166 -0.417364 0.664773 0.619584 -0.291769 -0.757853 0.58355 -0.501219 -0.0900495 -0.860622 -0.606939 -0.183702 -0.773226 0.543474 -0.316661 -0.777407 0.651464 -0.321925 -0.686993 0.447461 0.48386 -0.752103 0.48337 0.744938 -0.459804 -0.3869 0.675641 -0.627549 -0.334507 0.421983 -0.842636 -0.70239 0.194731 0.684637 0.95729 0.289126 0.00173303 0.892456 0.451088 -0.00651312 0.640463 0.767984 0.00297827 0.55434 0.83229 -0.000966758 0.309964 0.950747 0.00127631 0.244856 0.969559 -0.0010971 -0.0472759 0.998882 -0.000868081 -0.111817 0.993727 0.00201272 -0.541375 0.84078 -0.00122315 -0.533556 0.845765 -0.000555955 -0.915749 0.401745 -0.00228928 -0.944535 0.328395 0.00305036 -0.665814 0.25609 -0.700792 -0.761808 0.141593 -0.63214 0.712701 0.217382 -0.666935 0.729788 0.201759 -0.653225 0.41796 0.50765 -0.753393 0.232907 0.702716 -0.672268 0.200716 0.739091 -0.643006 -0.0829937 0.704167 -0.705167 -0.378138 0.659485 -0.649686 -0.421426 0.594388 -0.684911 0.542282 0.339874 0.768385 0.365002 0.738768 0.566565 -0.0353795 0.0195077 0.999184 0.0127469 -0.00846821 0.999883 0.0120142 -0.00895703 0.999888 0.0134604 -0.0145938 0.999803 -0.00870552 0.0173916 0.999811 0.0173245 0.000295425 0.99985 -0.0349933 0.0119864 0.999316 -0.0378083 0.0165221 0.999148 -0.0207796 0.0165288 0.999647 -0.669133 -0.589388 -0.452641 0.00886808 -0.924111 0.382021 0.707492 -0.312502 -0.633875 0.710886 -0.0866276 -0.697952 -0.656748 -0.254582 -0.709839 -0.616111 -0.483005 -0.622184 -0.265031 -0.56631 -0.780417 0.10276 -0.721636 -0.684604 0.184796 -0.760223 -0.622825 0.43704 -0.526272 -0.729407 -0.984811 -0.173614 -0.00228677 -0.927714 -0.373213 0.00765106 -0.797493 -0.603319 -0.00352709 -0.426213 -0.904606 0.00558673 -0.276579 -0.960981 -0.00448392 0.12496 -0.992157 0.00309983 0.323241 -0.946311 -0.00340893 0.632509 -0.774531 0.00584281 0.710585 -0.703611 -0.00105348 0.992649 -0.121011 -0.00214135 0.995257 -0.097277 -0.00045791 0.00200364 0.00337696 -0.999992 0.0692832 -0.0530151 -0.996187 -0.0015833 0.0034558 -0.999993 -0.260266 0.964235 0.0501371 -0.0864038 -0.090519 0.99214 0.497886 0.56135 0.661057 0.970678 0.237924 0.0342936 -0.851218 0.0547183 0.521952 0.428667 -0.725519 0.538393 0.241422 -0.963921 0.112123 -0.417845 -0.405704 -0.812902 -0.326999 -0.223186 -0.918292 0.464597 -0.696824 -0.54643 0.689665 0.538339 -0.484307 -0.262145 0.571664 -0.777483 0.968269 0.249906 0.00148364 0.941037 0.338301 -0.00162109 0.801561 0.597912 0.000162322 0.790801 0.612073 -0.000536926 0.499166 0.866506 -0.000155593 0.477511 0.878625 0.00113152 -0.140443 0.990089 -0.000557975 -0.118525 0.99295 0.00157162 -0.717061 0.696995 -0.00467674 -0.847051 0.531428 0.00942082 -0.997117 0.0757799 -0.00384189 -0.741277 0.156819 -0.652622 0.66269 0.178387 -0.727338 0.661329 0.326398 -0.675358 0.586922 0.415652 -0.694807 0.342722 0.672304 -0.656162 0.367194 0.676555 -0.638312 -0.0748426 0.611075 -0.788027 -0.452463 0.630078 -0.631094 -0.594565 0.360469 -0.718717 0.850359 0.051616 0.523665 0.322911 0.942205 0.0893268 -0.430159 0.891308 0.143297 -0.00766061 0.00740031 0.999943 -0.0105453 0.0061386 0.999926 -0.0080639 0.00127281 0.999967 -0.00364025 0.00560586 0.999978 -0.00708125 0.000399286 0.999975 0.00098577 -0.00284329 0.999995 0.00573885 -0.00293247 0.999979 -0.00415273 -0.00800842 0.999959 -0.00117028 0.00731917 0.999973 -0.0143732 -0.0056796 0.999881 0.219155 -0.974456 -0.0490542 -0.00752966 -0.778965 0.627022 0.626492 -0.778051 -0.0463183 0.674939 -0.681521 0.282817 0.911567 -0.252176 -0.324736 0.700202 -0.20694 -0.683296 0.684774 -0.0653971 -0.725815 -0.704576 -0.0240637 -0.70922 -0.643991 -0.328982 -0.690685 -0.395051 -0.595776 -0.699275 -0.623983 -0.43774 -0.647324 -0.318046 -0.660256 -0.680374 -0.00941493 -0.675488 -0.737311 0.154707 -0.711245 -0.685709 0.335513 -0.610861 -0.717133 0.459227 -0.558137 -0.691081 0.525301 -0.451734 -0.721107 0.667472 -0.24915 -0.701716 -0.998468 -0.055303 0.00184791 -0.907416 -0.420232 -0.00112197 -0.888752 -0.458387 0.000793878 -0.646614 -0.762816 -0.00111126 -0.557855 -0.829929 0.00398838 -0.126553 -0.991952 -0.00401793 -0.0275845 -0.999617 0.00217977 0.41843 -0.908247 -0.00197115 0.495155 -0.868804 0.00123244 0.731172 -0.682192 -0.00152789 0.766412 -0.642349 0.000626064 0.934238 -0.35665 0.000697346 0.947688 -0.319198 -0.000688535 0.99996 -0.00880532 -0.00158363 0.995499 -0.0947661 0.000683934 -0.00149566 -0.000286974 -0.999999 0.601031 0.528029 -0.599956 0.0138085 -0.0213438 -0.999677 -0.000444227 0.00760769 -0.999971 0.258064 -0.862958 -0.434404 0.657688 -0.408236 0.63308 -0.578169 0.348638 0.73768 0.477547 0.787333 -0.389943 -0.802821 0.239152 0.546154 -0.467398 -0.229862 -0.853641 -0.628958 -0.231088 -0.7423 0.06849 -0.783453 -0.617665 0.673249 -0.225223 -0.70428 0.770034 -0.329988 -0.546037 -4.73376e-05 0.991517 -0.129977 2.42948e-05 0.952463 -0.304653 -1.63005e-06 0.879682 -0.475563 4.5358e-05 0.906919 -0.421305 -8.19669e-06 0.779361 -0.626575 6.08887e-06 0.53044 -0.847722 3.46133e-06 0.322998 -0.9464 -4.2566e-05 0.354212 -0.935165 3.38018e-07 0.223323 -0.974744 -1.91414e-05 0.207978 -0.978134 3.23619e-05 0.123097 -0.992395 -1.97901e-05 -0.11623 -0.993222 -1.46723e-05 -0.31652 -0.948586 -5.6994e-05 -0.94464 -0.328108 -6.96174e-05 -0.941498 -0.33702 0.862838 0.206328 -0.461453 0.879013 -0.0109631 -0.476672 -0.0766356 0.605338 -0.792271 -0.0614283 0.579445 -0.812693 -0.028216 -0.288611 -0.957031 0.0376302 0.157706 -0.986769 -0.0428567 -0.227446 -0.972847 -0.0736686 -0.0709764 -0.994754 0.161428 0.148601 -0.975633 -0.0792663 -0.067787 -0.994546 -0.0475277 0.536369 -0.842644 0.0377964 0.951326 -0.305861 -0.0494929 -0.218951 -0.97448 0.0285793 -0.551243 -0.833855 0.0515072 -0.87411 -0.482989 0.200951 0.0200327 -0.979396 -0.161416 -0.0198166 -0.986688 0.191809 -0.00238085 -0.981429 -0.200655 -0.000451116 -0.979662 -0.0313076 0.0807755 -0.996241 -6.70862e-05 -0.137862 -0.990452 0.163381 0.975026 0.150434 -0.0561538 -0.849513 -0.524571 0.314759 0.685843 -0.65616 0.0415171 0.19519 -0.979886 -0.240501 -0.574305 -0.782517 0.532047 0.655373 -0.536109 0.126165 0.135004 -0.98278 -0.321382 -0.522475 -0.789768 0.291736 0.415152 -0.861707 -0.719999 -0.691746 0.0555806 0.897973 0.420634 -0.129272 -0.650608 -0.299929 -0.697676 -0.56125 -0.143144 -0.815174 0.185464 0.0133605 -0.98256 -0.693381 -0.121769 -0.710208 -0.987984 -0.113325 -0.105094 0.126854 0.435297 -0.891305 0.3919 0.236095 -0.889198 -0.545752 -0.312726 -0.777404 -0.0358764 0.984703 -0.170507 0.716525 -0.0012384 -0.69756 0.314913 0.00161549 -0.949119 0.0206795 0.00175164 -0.999785 -0.193717 -0.000171338 -0.981057 -0.498913 -2.42744e-05 -0.866652 -0.512203 0.000479209 -0.858864 -0.998506 0.0014765 -0.0546269 -0.0894869 -0.934586 -0.344297 0.634705 -0.0144883 -0.772619 0.116015 -0.0520685 -0.991882 0.037218 -0.0303274 -0.998847 0.0526623 -0.0749198 -0.995798 -0.121254 0.207751 -0.970637 0.0660808 -0.0898538 -0.99376 0.12052 -0.991578 -0.0474208 -0.0162753 0.496527 -0.867869 -0.0280674 0.829055 -0.558462 -0.0322069 0.817903 -0.574453 0.343986 0.0681036 -0.936502 -0.430368 0.0457608 -0.901493 -0.993288 0.0848941 -0.0785647 -0.246452 -0.824745 -0.508976 -0.162751 -0.806484 -0.568415 -0.130205 -0.383631 -0.914262 0.0389063 -0.402901 -0.914416 -0.0524101 -0.143387 -0.988278 -0.00662789 0.0955735 -0.9954 -0.000570937 0.198079 -0.980186 -0.000627377 0.330379 -0.943848 -0.128215 0.888154 -0.441297 0.744859 -0.215124 -0.63159 0.0301306 0.00403302 -0.999538 -0.557106 0.141959 -0.818218 -0.583669 0.11635 -0.803612 -0.14872 0.0703669 -0.986373 -0.557879 0.368921 -0.743417 0.587871 -0.547691 -0.59535 0.280048 -0.54176 -0.792509 0.561282 -0.203125 -0.802311 -0.847316 0.381466 -0.369512 -0.621046 0.571152 -0.536738 0.508199 -0.493623 -0.705741 0.275323 -0.939246 -0.204972 -0.295309 0.663039 -0.687875 -0.0930038 -0.0463582 -0.994586 -0.0397648 -0.144029 -0.988774 -0.116725 0.866855 -0.484704 2.48577e-05 -0.986828 -0.161776 -3.77932e-05 -0.944696 -0.327948 3.51151e-05 -0.884954 -0.465679 -1.95275e-05 -0.824218 -0.566273 2.39094e-05 -0.730675 -0.682725 -2.85121e-05 -0.697056 -0.717017 -3.17522e-05 -0.471564 -0.881832 1.48441e-05 -0.49893 -0.866642 2.44778e-05 -0.358968 -0.93335 -2.84555e-05 -0.315085 -0.949063 2.96956e-05 -0.220777 -0.975324 -1.92251e-05 -0.173241 -0.984879 1.57695e-05 -0.135228 -0.990814 -2.22227e-05 -0.0481095 -0.998842 2.03458e-05 -0.024734 -0.999694 -1.45123e-05 0.0957748 -0.995403 1.50167e-06 0.105181 -0.994453 2.02064e-06 0.198882 -0.980024 3.28146e-06 0.198115 -0.980179 -2.1672e-05 0.330055 -0.943962 2.38804e-05 0.351539 -0.936173 -2.09994e-05 0.540116 -0.841591 7.11699e-07 0.527731 -0.849411 2.83308e-05 0.658618 -0.752477 -1.49862e-05 0.73756 -0.675281 1.49873e-06 0.751778 -0.659416 1.42828e-06 0.86946 -0.494004 3.48793e-06 0.867925 -0.496696 -1.23359e-05 0.932145 -0.362084 1.89551e-05 0.970062 -0.242855 -3.08343e-05 0.98386 -0.178941 0.0514297 0.968314 -0.244381 -0.0617502 0.397671 -0.915448 -0.0255237 0.496054 -0.867917 0.0514039 0.644081 -0.763229 0.130612 0.747404 -0.651405 0.0114621 -0.0227643 -0.999675 -0.082994 -0.173716 -0.981292 0.0207938 -0.00692838 -0.99976 -0.100239 -0.041994 -0.994077 0.0638521 -0.624363 -0.77852 0.0339384 -0.279375 -0.959582 0.0279994 -0.0784752 -0.996523 0.0602927 0.6724 -0.737728 0.0792983 0.00661517 -0.996829 0.752309 0.00230209 -0.658806 -0.127742 -0.708011 -0.694552 -0.0199564 0.0532829 -0.99838 -0.056329 0.200277 -0.978119 0.189535 -0.13849 -0.972058 0.0519255 0.834026 -0.549276 -0.0768538 -0.597373 -0.798273 -0.0514257 -0.306133 -0.950599 0.123299 0.295819 -0.947253 -0.117817 -0.351892 -0.928596 0.137361 0.304952 -0.94241 -0.664985 -0.60177 -0.442344 0.71136 0.63854 -0.293657 -0.100956 -0.0455479 -0.993848 -0.812481 -0.111501 -0.572226 0.580381 0.182965 -0.793525 -0.197975 -0.0269595 -0.979836 -0.0430503 -0.856776 -0.513889 0.0117157 -0.722212 -0.691572 0.0854242 0.647218 -0.757503 -0.203133 -0.461408 -0.86362 0.293339 0.516296 -0.804606 -0.582603 -0.550079 -0.59832 -0.534123 -0.348654 -0.770165 0.477766 0.312393 -0.821066 -0.85192 -0.320316 -0.414282 0.634963 0.267956 -0.724584 -0.96151 -0.222709 0.16093 -0.645698 -0.133865 -0.751767 0.70384 0.150054 -0.694329 0.881229 0.131017 -0.454169 -0.253662 -0.0492714 -0.966037 0.873179 0.0154078 -0.487156 -0.0542178 -0.961037 -0.271049 -0.6299 0.00256392 -0.776672 -0.209889 0.00110699 -0.977725 0.0946564 1.02334e-05 -0.99551 0.0945031 5.08946e-06 -0.995525 0.406437 -0.000800771 -0.913678 0.986123 -0.0092613 -0.165757 -0.0693863 0.996302 -0.0506745 -0.0223726 0.868792 -0.494672 0.0178108 0.947347 -0.319712 0.0414334 -0.99877 -0.0272208 -0.168536 0.0436587 -0.984728 0.0661412 -0.0288058 -0.997394 -0.121445 0.0371061 -0.991904 -0.0909629 0.146503 -0.985019 -0.12344 0.178518 -0.976163 0.0932501 -0.13874 -0.985929 0.0145522 0.137177 -0.99044 0.10348 0.439764 -0.892132 0.0713581 0.490239 -0.868662 0.0384711 -0.437244 -0.89852 0.104548 -0.535973 -0.837737 1.93978e-05 -0.782115 -0.623135 -0.510068 -0.00203162 -0.860132 -0.407372 0.0807083 -0.909689 0.407853 -0.000755503 -0.913047 0.266159 -0.558956 -0.78532 5.79824e-05 -0.263546 -0.964647 0.0787947 -0.521949 -0.849329 0.160184 -0.822476 0.545779 0.0256426 -0.657123 -0.753347 0.143448 -0.989565 0.0135651 -0.906927 0.0897829 -0.411609 -0.158814 -0.000397293 -0.987309 -0.115848 0.0129954 -0.993182 0.738605 -0.161758 -0.654444 -0.646663 0.434921 -0.626634 0.513454 -0.224779 -0.828154 -0.473509 0.699367 0.53542 0.464122 -0.860074 -0.211808 0.28694 -0.604815 -0.742875 -0.215763 0.961628 0.169466 0.00667936 -0.0673446 -0.997707 0.573571 -0.271775 -0.772758 0.688111 -0.581073 -0.434578 -0.151254 0.573538 -0.805094 0.0130017 0.129334 -0.991516 0.00627785 0.00110473 -0.99998 0.0717927 -0.653972 -0.753104 1.84323e-05 0.999802 -0.0198764 4.50838e-05 0.734399 -0.678718 -3.615e-05 0.637808 -0.770196 6.9663e-05 0.492394 -0.870373 -6.00636e-05 0.0542155 -0.998529 2.9583e-05 -0.00716584 -0.999974 7.86018e-05 -0.442466 -0.896785 -4.61615e-05 -0.514357 -0.857576 2.87891e-05 -0.644988 -0.764193 -4.14507e-05 -0.730252 -0.683178 6.39876e-05 -0.997813 -0.0660998 1.42174e-05 -0.745806 0.666163 -2.85392e-05 -0.61069 0.79187 2.56651e-05 -0.48605 0.873931 -4.01672e-05 -0.299792 0.954005 1.8858e-05 -0.222056 0.975034 2.88016e-06 -0.207083 0.978323 3.4926e-06 0.0397384 0.99921 -2.31688e-06 0.0439922 0.999032 3.87568e-06 0.133643 0.99103 6.15098e-08 0.358062 0.933698 8.32487e-06 0.519976 0.854181 -6.83422e-06 0.731588 0.681747 -5.07774e-06 0.83821 0.545348 1.51481e-05 0.940609 0.339491 0.27479 -0.465924 -0.841074 0.582586 -0.0009613 0.812768 0.120491 -0.0266985 0.992355 -0.173827 0.0388136 0.984011 -0.124798 0.0334104 0.991619 0.0958554 -0.0908529 0.99124 -0.209552 0.197106 0.957725 0.122277 -0.145561 0.981764 0.091808 -0.1536 0.983859 -0.0195706 -0.00322846 0.999803 -0.10131 0.313572 0.944145 0.0143549 0.0435875 0.998946 0.0201642 -0.724405 0.68908 0.0224474 -0.35598 0.934224 0.0375385 -0.394668 0.918057 -0.0309226 0.580666 0.813554 -0.0172525 0.678041 0.734822 -0.0338853 0.74224 0.669277 -0.0713952 0.925765 0.371297 0.116233 -0.728797 0.674792 0.0249868 -0.357802 0.933463 0.00524634 -0.685279 0.728262 0.0204982 0.0387852 0.999037 -0.000317009 0.133652 0.991028 -0.0187571 0.219003 0.975544 -0.0377952 0.383809 0.922639 -0.0382693 0.500359 0.864972 -0.0590755 0.855015 0.515228 0.986938 -0.14088 -0.0781476 -0.140519 -0.00099505 0.990077 -0.405842 0.0458353 0.912793 0.253328 -0.0843243 0.963698 -0.845541 0.310045 0.434665 0.869136 -0.424851 0.253189 0.296176 -0.167751 0.940287 -0.681666 0.304659 0.665218 -0.130364 0.0994612 0.986465 0.627056 -0.713439 0.31274 -0.274939 0.924417 -0.264315 -0.235683 0.598134 0.765957 0.741933 0.00393971 0.670463 0.807096 -0.155433 0.569594 0.723666 -0.134225 0.676972 0.616499 -0.379623 0.689794 0.731172 -0.678623 0.0697064 -0.67069 0.661847 -0.334864 0.30171 -0.774608 0.555837 0.118256 -0.20352 0.971903 0.0309604 0.0323684 0.998996 0.998064 -0.00241952 0.062147 -0.82768 0.157237 0.538722 0.226351 0.00125066 0.974045 0.146463 -0.00126604 0.989215 -0.00825671 0.000531517 0.999966 -0.310735 0.00203091 0.950494 -0.468541 -0.00194385 0.88344 -0.968832 0.00224992 0.247708 -0.940174 -0.00163025 0.34069 -0.0177204 -0.971434 0.236649 -0.00780389 0.8231 0.567843 -0.014613 0.357847 0.933666 -0.0205244 0.418007 0.908212 0.045251 -0.689337 0.723027 -0.0302005 -0.156178 0.987267 -0.000973101 -0.0919681 0.995762 -0.0703236 -0.0613834 0.995634 0.0146367 0.0207642 0.999677 -0.00391024 -0.0392317 0.999223 -0.135952 -0.0703079 0.988218 -0.237388 -0.181947 0.954223 -0.00677748 0.372369 0.92806 0.0480755 0.251393 0.96669 0.00168055 -0.00528926 0.999985 0.0365257 -0.0670198 0.997083 0.0539304 -0.680542 0.730721 0.0255872 0.249575 0.968017 0.170907 0.0175192 0.985131 0.0795949 0.940169 0.331282 0.0585496 0.235425 0.970127 0.0643472 -0.0972425 0.993178 0.0253475 -0.178267 0.983656 0.151192 0.87924 0.451749 -0.109207 -0.464586 0.878768 -0.0835536 -0.995881 0.0352154 -0.146656 -0.895251 0.420734 0.256244 0.410737 0.875005 0.433644 0.226694 0.872102 0.893752 0.132916 0.428416 -0.296123 -0.00115457 0.955149 0.0952311 0.887319 0.451216 0.0726162 0.95204 0.29723 0.175777 0.68105 0.710826 0.306359 0.685565 0.660413 -0.313964 -0.67356 0.669136 -0.261731 -0.61414 0.744533 -0.620651 -0.572017 0.536273 0.668138 0.587852 0.456095 -0.68024 -0.679445 0.275005 0.512795 0.290136 0.807999 -0.638657 -0.257108 0.725268 0.52242 0.185548 0.832256 0.0762066 0.96792 0.239425 0.214666 0.840315 -0.497785 -3.77634e-06 0.97937 0.202075 1.95445e-05 0.985284 0.170928 2.29673e-06 0.918144 0.396248 4.79922e-06 0.915585 0.402126 -2.58157e-05 0.849817 0.527077 4.03252e-06 0.821521 0.570179 9.90402e-06 0.725656 0.688058 -1.00785e-06 0.717987 0.696057 -1.68349e-06 0.468163 0.883642 -2.31942e-06 0.382587 0.923919 7.06705e-06 0.371393 0.928476 -9.9954e-06 0.306357 0.951917 1.56487e-05 0.269929 0.96288 -4.47881e-05 0.217786 0.975997 3.9423e-06 0.118908 0.992905 -3.94737e-06 0.113908 0.993491 -6.3246e-06 0.0250084 0.999687 2.90635e-06 -0.0405344 0.999178 0 -0.0453254 0.998972 0 -0.0850616 0.996376 1.76079e-06 -0.0871373 0.996196 1.44736e-05 -0.162292 0.986743 1.90604e-06 -0.170427 0.98537 1.03573e-05 -0.28205 0.9594 3.0364e-06 -0.27824 0.960511 2.04998e-06 -0.451692 0.892174 8.00001e-07 -0.452268 0.891882 -2.59879e-05 -0.614177 0.789168 4.5771e-05 -0.665511 0.746388 -5.8355e-05 -0.82178 0.569805 -3.34005e-05 -0.836986 0.547224 -8.63486e-06 -0.949783 0.31291 -1.29984e-05 -0.951758 0.306849 -2.54262e-05 -0.99988 -0.0155217 2.03745e-05 -0.996465 0.0840152 0.862981 -0.0411893 0.503555 -0.0231432 0.996246 -0.0834127 0.0545567 -0.948378 0.312415 -0.00584422 -0.999885 -0.0140252 -0.388441 0.00654311 0.921451 0.601559 0.00162275 0.798827 0.698645 -0.000855154 0.715468 0.0173645 -0.0215633 0.999617 0.0114778 -0.0103655 0.99988 0.026139 -0.0143743 0.999555 0.0385462 -0.0654707 0.99711 0.0493284 -0.0649827 0.996666 -0.0161617 0.0583306 0.998167 0.0425559 -0.257366 0.965376 -0.0920718 0.827947 0.553196 -0.027115 0.491472 0.870471 -0.000890945 0.771719 -0.635963 0.0769163 -0.619545 0.781184 -0.00146281 0.546902 0.837196 -0.0779568 0.738459 0.669777 -0.000227409 0.0520855 0.998643 -0.055038 0.399724 0.914982 -0.0456041 0.35811 0.932565 -0.0368002 0.311236 0.94962 -0.0228898 0.217904 0.975702 -0.0141194 0.112568 0.993544 -0.0712787 -0.145915 0.986726 -0.00595275 -0.288802 0.95737 0.0599386 -0.526134 0.848287 0.0857274 -0.804287 0.588025 -0.468447 0.113845 0.876126 0.131251 -0.0340244 0.990765 0.0885988 0.00278735 0.996064 -0.481459 0.104378 0.870231 0.604096 -0.115366 0.788517 -0.687974 0.283646 0.668009 0.667779 -0.251744 0.700497 0.728722 -0.309226 0.611019 -0.360227 0.252413 0.898067 -0.611995 0.699484 0.369032 0.563007 -0.590841 0.577867 -0.563481 0.700541 0.437871 -0.375548 0.541128 0.752426 -0.240623 0.953036 -0.183911 -0.229509 0.956021 -0.182619 0.190673 -0.644702 0.740272 -0.013881 0.101461 0.994743 0.941204 -0.0860596 0.326694 0.503324 -0.48813 0.713018 -0.215689 0.521423 0.825589 -0.13985 0.397747 0.906774 -0.026336 -0.226493 0.973657 -1.13712e-05 0.0209141 0.999781 -0.00301883 -0.0866084 0.996238 -0.998358 -0.00176014 0.0572599 -0.519506 0.00159587 0.854465 -0.0617899 -0.00248935 0.998086 0.188022 0.00302041 0.98216 0.337618 -0.00065134 0.941283 0.998893 0.0016334 0.0470177 -8.36711e-05 -0.639402 0.768872 -0.0209123 -0.610875 0.791451 0.0123511 0.335134 0.94209 -0.00371464 0.521033 0.853528 0.102996 0.174949 0.979176 0.0316372 0.0868343 0.99572 0.0179537 0.0465222 0.998756 0.109597 0.0360492 0.993322 0.119065 0.0494081 0.991656 0.170487 -0.00418284 0.985351 -0.056728 0.000803443 0.998389 -0.00707026 -0.228692 0.973473 -0.0630424 -0.00337218 0.998005 -0.0336653 0.479066 0.877133 -0.0315006 -0.103833 0.994096 -0.044291 -0.0548412 0.997512 -0.226918 -0.783104 0.579013 -0.00475258 -0.118002 0.993002 0.0114447 0.11011 0.993854 0.0145221 0.206756 0.978285 -0.0851371 0.946044 0.312655 0.038548 0.293591 0.955154 0.1376 0.823509 0.550363 -0.130349 -0.363495 0.922432 -0.15071 -0.252326 0.955834 -0.680104 -0.728378 0.0832184 0.345453 0.506041 0.790307 0.758641 0.632381 0.156708 0.752914 0.56624 0.3354 -0.470617 -0.242822 0.848267 0.209781 0.0450358 0.976711 0.576389 0.122621 0.807923 -0.0353964 -0.922242 0.38499 -0.192375 -0.891512 0.41012 0.268378 0.841504 0.468876 -0.62003 -0.244248 0.74559 -0.590555 -0.140957 0.794591 -0.507742 -0.154843 0.84748 0.900309 0.116251 0.419439 -0.164201 -0.896799 0.41084 -0.0563099 0.903808 0.424217 -7.16184e-05 0.972884 0.231296 -4.02333e-05 -0.985046 0.172291 7.78116e-06 -0.955722 0.294272 -1.63528e-05 -0.857521 0.514448 -6.87277e-05 -0.890108 0.455749 2.38809e-05 -0.379358 0.92525 -1.50567e-05 -0.422987 0.906136 -3.49893e-06 -0.132468 0.991187 -3.25905e-06 -0.132629 0.991166 -2.53198e-05 -0.0595873 0.998223 1.21344e-05 -0.0292477 0.999572 2.53595e-05 0.119341 0.992853 -5.84963e-06 0.203027 0.979173 2.03676e-05 0.227114 0.973868 -3.34711e-05 0.335126 0.942173 -4.2087e-05 0.470222 0.882548 4.40846e-06 0.623177 0.782081 -2.27533e-05 0.589987 0.807413 1.34839e-05 0.71292 0.701245 -3.35775e-06 0.839416 0.543489 -0.507414 -0.747787 -0.428188 -0.498008 -0.740593 -0.451122 -0.519575 -0.472806 -0.711686 -0.485075 -0.576828 -0.657246 -0.519507 0.352923 0.778176 -0.491667 0.264071 0.829777 -0.491656 0.0427494 0.869739 -0.514095 -0.0886874 0.853136 -0.510986 -0.0986946 0.853904 -0.484461 -0.270964 0.831791 -0.488106 -0.413835 0.768435 -0.506739 -0.516497 0.690251 -0.505256 -0.513731 0.693395 -0.497909 -0.680176 0.538003 -0.522774 -0.754138 0.397471 -0.506843 -0.785198 0.355774 -0.486783 -0.857349 0.167315 -0.502468 -0.863937 -0.0337389 -0.503855 -0.841101 -0.196669 -0.518733 -0.850833 -0.0836583 -8.14474e-05 0.297007 0.954875 0.00114867 0.31281 0.949815 -0.00078996 0.0495196 0.998773 0.000631176 0.0203504 0.999793 -0.000362649 -0.114299 0.993446 0.00101859 -0.152827 0.988252 -0.00131314 -0.309815 0.950796 0.00142412 -0.379617 0.925143 -0.000883181 -0.470264 0.882526 -0.000880497 -0.605911 0.795532 0.000853439 -0.567642 0.823275 0.00174223 -0.747534 0.664221 -0.00132218 -0.781806 0.623521 0.00164748 -0.90486 0.425706 0.000426766 -0.914217 0.405225 -0.000822721 -0.98015 0.198257 0.000927959 -0.970788 0.239936 0.00130341 -0.998675 0.0514467 -0.00250077 -0.999284 -0.0377444 0.00127028 -0.974949 -0.222426 -0.000241951 -0.967817 -0.251656 -4.487e-05 -0.876103 -0.482124 0.00158683 -0.865741 -0.500491 -0.00247282 -0.659069 -0.752078 0.00210256 -0.616146 -0.787629 0.48478 -0.532382 -0.693944 0.543995 -0.595903 -0.590736 0.451047 -0.773288 -0.445625 0.461827 -0.86223 -0.208027 0.556778 -0.828691 0.0571887 0.529723 -0.848046 0.0145588 0.492431 -0.845455 0.206679 0.490236 -0.787592 0.37332 0.526995 -0.715717 0.458286 0.475998 -0.656491 0.585189 0.47498 -0.505193 0.720537 0.520109 -0.32072 0.791597 0.550956 -0.257581 0.793788 0.494994 -0.1338 0.858533 0.468919 0.00540609 0.883224 0.491086 0.27973 0.824976 0.845564 0.0747059 0.528622 0.845574 -0.49155 -0.208287 0.846793 -0.476318 0.236777 -0.000870062 -0.516223 -0.856454 0.000330198 -0.490894 -0.871219 -0.000331919 -0.299247 -0.954176 0.00110675 -0.265952 -0.963986 -0.00160695 0.00171971 -0.999997 0.00124022 0.2476 -0.968862 -0.00159935 0.296972 -0.954885 -0.000188134 0.592658 -0.805454 0.000639438 0.601995 -0.798499 0.000615475 0.785132 -0.619329 0.00218097 0.898288 -0.439401 -0.00144426 0.968335 -0.249649 0.00203104 0.990432 -0.137987 0.00236902 0.980957 0.19421 0.0031017 0.858908 0.51212 -0.00285356 0.737749 0.675069 0.00423327 0.632455 0.774586 0.000274833 -0.84769 0.530491 -4.44933e-05 -0.847365 0.531012 0.000292311 0.0356572 0.999364 1.7006e-06 0.0350988 0.999384 2.35385e-05 0.883406 0.468609 0.000225799 0.883225 0.46895 0.000289227 0.847706 -0.530466 -7.75014e-05 0.848077 -0.529873 -7.25553e-06 -0.88323 -0.46894 -1.14119e-05 -0.883226 -0.468947 0.000406346 -0.0357082 -0.999362 1.66285e-06 -0.0364824 -0.999334 -1 0 0 -0.00156079 -0.806628 0.591058 -1 -3.12818e-05 2.29217e-05 -0.00341049 -0.937452 0.348098 -0.999981 -0.00367491 -0.00493339 -0.996454 0.0831218 -0.0130329 -0.00330309 0.949672 0.313229 -0.00188438 0.999768 -0.0214451 -0.995836 -0.0780249 -0.0471354 -0.00245109 0.834344 -0.551239 -1 -0.000280306 -0.000877904 -1 -1.19048e-06 1.86659e-07 -1 0.000235918 0.000241752 -1 1.08682e-05 5.15941e-07 -1 -6.17385e-06 -2.11695e-06 -0.00239329 -0.0130193 -0.999912 -1 0 0 -0.980714 -0.0898621 0.173565 -1 3.1855e-06 5.42147e-07 -1 -1.18834e-05 5.74327e-07 -1 0 0 -1 1.84058e-05 -1.38471e-05 -1 0 0 -1 0 0 -0.00298142 0.425289 0.905053 0.0010292 0.34426 0.938874 0.000202607 0.0927816 0.995686 -0.000961471 0.124137 0.992265 0.000299988 -0.088038 0.996117 -0.000209823 -0.0739862 0.997259 0.00192897 -0.348177 0.937427 -0.000374239 -0.310455 0.950588 0.0015728 -0.689811 0.723988 -0.00242857 -0.63239 0.774646 0.00239794 -0.885733 0.464189 0.00275879 -0.994803 0.101779 -0.00233708 -0.999136 -0.0415042 0.00111071 -0.990344 -0.138628 -0.0019473 -0.93512 -0.354326 0.0018772 -0.905238 -0.4249 -0.0018218 -0.756953 -0.653467 0.00182636 -0.712321 -0.701851 0.845403 0.0273033 -0.53343 0.84347 0.434476 -0.315893 0.842356 0.455366 0.288231 0.999994 -0.000167834 0.00344094 0.999988 -0.00282943 0.00402494 0.999958 0.00628396 0.00662752 1 -2.90588e-07 -8.14433e-06 0.999899 0.0131026 0.00557388 1 -9.41585e-05 5.89251e-05 0.999493 -0.031736 0.00255726 0.999553 -0.0291658 0.00656052 0.999873 0.0140724 0.00747175 0.999873 0.0140509 0.00748082 1 -0.000137578 0.00076924 1 -0.00059332 -0.000315022 0.999997 -0.00180459 -0.00168665 0.999979 0.00279126 -0.00582348 0.999986 0.00444588 -0.00278208 0.999962 -0.000310377 -0.00868649 0.999932 0.0017139 -0.0114978 0.537524 0.356164 0.76434 0.495218 0.503104 0.70827 0.50483 0.661692 0.554356 0.509229 0.653548 0.559965 0.477061 0.77748 0.409802 0.529361 0.836141 0.143682 0.503571 0.842978 0.189222 0.458037 0.876413 -0.148671 0.493486 0.794716 -0.353409 0.526293 0.747757 -0.404815 0.487803 0.677206 -0.550853 0.50523 0.52357 -0.686016 0.523844 0.464367 -0.714109 0.505708 0.422057 -0.752415 0.509375 0.0850172 -0.856335 0.483848 0.288958 -0.826071 0.503606 0.1019 -0.857903 0.495936 -0.0227652 -0.86806 0.508565 -0.209013 -0.83527 0.511221 -0.202621 -0.835224 0.482511 -0.343863 -0.805569 -0.000946881 -0.396507 -0.918031 8.85914e-05 -0.375376 -0.926873 -0.000239145 -0.229079 -0.973408 9.24676e-05 -0.236366 -0.971664 -0.000235054 -0.0399651 -0.999201 9.772e-05 -0.0324552 -0.999473 -0.000653413 0.13599 -0.99071 9.00869e-05 0.120352 -0.992731 0.000652024 0.331178 -0.943568 -0.000239779 0.349632 -0.936887 0.000200775 0.484344 -0.874878 -0.000232683 0.495159 -0.868802 0.000232267 0.609554 -0.792744 -0.000598608 0.625734 -0.780036 -0.000773142 0.78862 -0.61488 0.000658523 0.773684 -0.633571 -0.000303589 0.9149 -0.403679 0.000638429 0.908381 -0.418143 -0.00151537 0.978403 -0.206699 0.00231193 0.989344 -0.14558 -0.00264944 0.995846 0.0910112 0.00268432 0.977969 0.208734 -0.000620998 0.958823 0.284004 -0.000995403 0.872498 0.488618 0.000621501 0.887644 0.460531 0.00117975 0.756694 0.653768 -0.00174083 0.713749 0.7004 -0.000947367 0.543786 0.839224 0.00149167 0.584057 0.811711 -0.484011 0.839143 0.248138 -0.505777 0.754126 0.418907 -0.520206 0.726286 0.449328 -0.488667 0.472796 0.733259 -0.481955 0.620223 0.618904 -0.477059 -0.201715 -0.85541 -0.482642 -0.346106 -0.804529 -0.494369 -0.0399233 -0.868335 -0.509863 0.119553 -0.851908 -0.52344 0.0767327 -0.848601 -0.486987 0.306404 -0.8179 -0.492695 0.428979 -0.757119 -0.514975 0.534132 -0.67045 -0.529828 0.561751 -0.635388 -0.484484 0.695258 -0.530934 -0.475378 0.801489 -0.362809 -0.498765 0.848783 -0.175503 -0.534736 0.841813 -0.0735452 -0.491862 0.867346 0.0760379 -0.994344 0.0268048 -0.102771 -0.992615 0.0235434 -0.119001 -0.981163 0.0557577 -0.18496 -0.757589 0.649458 -0.0652955 -0.989088 -0.0781603 -0.124886 -0.984599 -0.0979349 -0.144825 -0.0258523 0.764111 -0.644567 -0.978205 -0.103509 -0.180001 -0.978115 0.187323 -0.0905653 -0.984226 -0.120094 -0.129911 -0.988543 0.149964 -0.0171463 -0.969648 -0.194327 -0.148393 -0.99696 -0.0743725 -0.0232263 -0.317198 0.866759 0.384857 -0.997023 -0.075698 -0.0146491 -0.988414 -0.150979 0.0156054 -0.741809 0.614837 -0.267759 -0.850297 -0.515456 0.106303 -0.937306 -0.308943 0.16128 -0.999906 0.0134702 -0.00246564 -0.953347 0.100586 0.284628 -0.829708 -0.383114 0.405966 -0.952927 0.101888 0.285569 -0.945635 -0.252901 0.204488 -0.942183 0.0319771 0.333569 -0.982225 -0.017363 0.186904 -0.92126 0.00926487 0.388837 -0.993552 -0.0418383 0.105373 0.313892 -0.42827 0.847382 0.539761 -0.800164 0.261524 0.792974 0.0399118 0.607946 0.299658 -0.953789 0.022156 0.951365 -0.20107 0.2334 0.227905 -0.949037 -0.217687 0.0944469 -0.930847 -0.352993 -0.591644 -0.761658 -0.264262 -0.72891 -0.610951 0.308916 -0.297699 -0.696359 0.653038 -0.750185 -0.185713 -0.634612 -0.0702508 -0.389425 0.918375 -0.937105 -0.154435 0.313025 -0.24436 0.0491525 0.968438 -0.785851 0.228604 0.574611 0.331314 0.670793 0.663527 0.539282 0.5915 0.599418 0.951598 -0.00651366 -0.307277 0.810851 -0.207382 -0.547278 0.746628 0.61858 -0.244758 0.808689 0.46847 -0.35575 0.107072 -0.386175 -0.91619 0.377411 -0.17379 -0.909592 -0.158942 0.906548 -0.391036 -0.333895 -0.183883 -0.924501 0.330519 0.367912 -0.869136 -0.865043 -0.000143071 -0.501698 0.101479 0.525858 -0.844497 -0.704077 0.611057 -0.361781 -0.658083 0.699362 0.278962 -0.129664 0.947196 0.293269 0.0248927 0.847218 -0.530662 0.887225 -0.458444 0.0515853 0.791362 -0.606997 -0.0728042 0.455921 -0.888761 0.0473169 0.230526 -0.97108 -0.0621391 -0.0179062 -0.998544 0.0508821 -0.35017 -0.934833 -0.0588883 -0.668977 -0.739014 0.0795467 -0.793005 -0.604794 -0.0732647 0.991346 -0.0939685 0.0916704 0.946858 -0.320605 -0.0259187 0.734641 -0.677438 0.0371507 0.596323 -0.798679 -0.0806948 0.123586 -0.985002 0.120409 -0.145538 -0.984685 -0.095993 -0.619639 -0.783669 0.0437055 -0.69023 -0.723551 -0.00759183 -0.881752 -0.471692 0.00449535 -0.886202 -0.463298 0.00119659 -0.969478 -0.245158 -0.00315454 -0.966105 -0.25814 0.00220995 0.000351079 0.994024 -0.109162 -0.000120038 0.99337 -0.114957 0.000189049 0.975845 -0.218462 -0.000120737 0.97706 -0.212964 0.000530275 0.93807 -0.346445 -0.000337893 0.940927 -0.33861 0.000516006 0.855119 -0.518431 -0.00105248 0.846326 -0.532664 0.000672396 0.78694 -0.617029 -0.0013622 0.754902 -0.655836 0.00109158 0.719199 -0.694803 -0.00190385 0.634477 -0.772939 0.0026197 0.596448 -0.802647 -0.00319556 0.447381 -0.894338 0.00276038 0.379874 -0.925034 -0.000927814 0.313903 -0.949455 0.000250312 0.219621 -0.975585 9.31147e-05 0.221969 -0.975054 0.000225583 0.118191 -0.992991 -0.000224664 0.126827 -0.991925 0 0.0308382 -0.999524 -0.000192125 0.0355817 -0.999367 0.000858646 0.996158 -0.087569 -0.0019664 0.989598 -0.143846 0.00330529 0.957092 -0.289766 -0.00141065 0.934847 -0.355048 0.00147115 0.856014 -0.516951 -0.000428664 0.845115 -0.534584 -0.000633395 0.720839 -0.693103 0.000153645 0.713046 -0.701117 0.000154366 0.61214 -0.790749 -8.91837e-05 0.608414 -0.79362 -8.77203e-05 0.52683 -0.849971 0.000163828 0.521418 -0.853301 -0.000235355 0.434568 -0.900639 0.000397926 0.419151 -0.907916 -0.000945262 0.317311 -0.948321 0.00210064 0.274245 -0.961658 -0.00293259 0.0833791 -0.996514 0.00546711 -0.0345807 -0.999387 -0.00261825 -0.129449 -0.991583 0.00254392 -0.36099 -0.932566 -0.00411716 -0.438846 -0.898553 0.00130303 -0.518678 -0.854969 -0.00111412 -0.658506 -0.752574 8.94163e-05 -0.672609 -0.739998 8.75962e-05 -0.762861 -0.646562 -0.000241626 -0.765746 -0.643143 -0.00133202 -0.888168 -0.459517 -0.0018243 -0.886085 -0.463519 0.00293371 -0.952662 -0.304016 -0.00442129 -0.981773 -0.190008 0.00252733 -0.99848 -0.0550649 5.66923e-08 -7.59302e-08 1 2.00124e-07 -1.18822e-08 1 -1.41666e-07 -1.31339e-07 1 3.62952e-05 -2.57436e-05 1 4.88983e-05 -3.60548e-05 1 5.45394e-07 -2.08904e-07 1 9.41392e-06 1.82794e-05 1 0 0 1 -4.88105e-05 5.68398e-05 1 0 0 1 -1.65156e-05 -1.07946e-05 1 1.40183e-05 -1.74353e-05 1 8.62357e-05 4.7907e-05 1 1.05287e-05 4.31155e-05 1 -2.20532e-05 -4.40223e-06 1 -2.63573e-05 -6.27285e-06 1 0 0 1 -5.98205e-05 -5.13778e-05 1 1.95267e-05 1.43271e-05 1 -0.00113293 -0.998749 0.0499856 0.000467925 -0.996541 0.0831008 -0.00074902 -0.973908 0.226943 0.00537206 -0.955275 0.295669 -0.00367764 -0.874196 0.485559 -0.000643963 -0.777443 0.628953 0.00263548 -0.807391 0.590011 -0.00214423 -0.627559 0.778566 0.000729708 -0.662766 0.748826 0.00183418 -0.536549 0.843867 -0.00304431 -0.427212 0.904147 0.00262453 -0.332135 0.943228 -0.00073071 -0.254458 0.967084 0.000752952 -0.172061 0.985086 -0.000650974 -0.125135 0.99214 0.000449164 -0.0719846 0.997406 -0.000313368 -0.030353 0.999539 2.76674e-06 1 -5.96237e-05 -3.68879e-06 1 -3.20924e-05 -7.56604e-06 -1.92171e-06 -1 2.94348e-06 5.16623e-06 -1 -2.34331e-06 -1.03264e-07 -1 -3.18162e-07 1.11631e-06 -1 -2.97021e-07 2.50822e-06 -1 3.97531e-05 -3.00296e-05 -1 1.4527e-06 8.55005e-07 -1 6.56148e-06 3.94964e-05 -1 -0.000231929 5.74659e-05 -1 -8.26669e-05 -0.000113275 -1 0.0002865 2.85946e-06 -1 9.68435e-05 5.86993e-05 -1 -2.38633e-06 -3.17179e-06 -1 -1.42394e-07 3.48271e-07 -1 1.52953e-06 8.1848e-07 -1 1.9599e-06 1.11998e-06 -1 4.23849e-07 -7.90151e-07 -1 2.61195e-06 1.92087e-06 1 -1.02971e-06 -1.44286e-06 1 -1.07934e-06 -1.03825e-11 1 -0.000134445 9.7369e-05 1 0 0 1 0 0 1 -2.60762e-05 -6.25797e-05 1 -3.48992e-06 3.1351e-06 1 4.38779e-05 -8.54164e-05 1 -1.25643e-05 9.39749e-06 1 1.2831e-05 4.86682e-06 1 1.18561e-05 3.73876e-06 1 -9.45159e-07 -1.47609e-06 1 0 0 1 2.95195e-07 -5.8225e-07 1 3.24245e-06 -1.09824e-07 1 -1.78404e-06 -3.81554e-06 1 -8.68394e-05 -1 0.000209709 7.97315e-07 -1 0.000677158 0.00190735 -0.996293 0.0860051 -0.00212132 -0.984394 0.175966 0.00186851 -0.973536 0.228528 -0.00258372 -0.93362 0.358255 0.00223864 -0.909094 0.416585 -0.00349387 -0.843795 0.536655 0.00248971 -0.802681 0.596403 0.000839543 -0.691438 0.722436 -0.00192807 -0.719673 0.694311 -0.000397788 -0.609268 0.792965 0.000122732 -0.602101 0.79842 0.000124255 -0.530161 0.847897 0 -0.527744 0.849404 0 -0.466735 0.884397 -1.20183e-05 -0.466926 0.884296 0.000776575 -0.348587 0.937276 -0.00115101 -0.330902 0.943665 9.58587e-05 -0.149175 0.988811 -0.000247315 -0.15213 0.98836 0.00126169 0.0121666 0.999925 -0.00135386 0.0417362 0.999128 0.00116991 0.199771 0.979842 -0.00240222 0.231807 0.972759 0.002421 0.395307 0.918546 -0.00200897 0.449301 0.893378 0.00157173 0.537389 0.843333 -0.000976793 0.573864 0.81895 0.00120648 0.648274 0.761407 0.000624311 0.722212 0.691672 -0.00105589 0.693184 0.72076 -0.00151894 0.776921 0.629597 0.00187605 0.80762 0.589701 0.00107379 0.896805 0.442425 -0.00139376 0.884121 0.467255 0.00114737 0.962997 0.26951 -0.00124117 0.956818 0.290684 0.00039536 0.998014 0.0629874 -0.00124015 0.997016 0.0771826 3.41771e-06 9.97651e-07 -1 -1.44284e-06 -8.456e-07 -1 0 0 -1 -5.07652e-05 3.53852e-05 -1 -9.43221e-08 6.57458e-08 -1 0 0 -1 1.54611e-05 -3.88857e-05 -1 0 0 -1 5.17349e-07 3.2116e-06 -1 -1.1425e-05 4.58741e-06 -1 3.77122e-06 -2.06862e-06 -1 1.06965e-06 -3.69806e-06 -1 -1.08354e-05 1.09581e-05 -1 -2.21725e-05 -3.44565e-06 -1 0 0 -1 -1.31798e-05 -9.67356e-06 -1 6.83429e-06 6.88413e-06 -1 1.56062e-05 2.14126e-05 -1 -1 4.30931e-05 9.64949e-05 -1 -1.83541e-05 -0.000114611 -1 -2.79435e-05 3.60969e-05 -1 -9.08758e-05 -6.21754e-05 -1 7.74925e-05 7.54556e-06 -1 -7.58782e-06 -5.19143e-06 -1 -1.26644e-06 2.03833e-06 -1 7.67733e-05 7.2152e-05 -1 3.37439e-06 5.21249e-06 -1 6.16633e-06 5.98428e-06 -1 -8.74843e-05 -0.000187078 -1 4.52043e-05 3.05774e-05 -1 -0.000156651 4.50179e-05 -1 -9.78235e-05 -2.80393e-05 -1 -1.5811e-05 0.000113835 -1 -9.04835e-05 7.81974e-05 -1 -9.6193e-06 1.30239e-05 -1 -4.22928e-07 2.44613e-05 -1 -4.03297e-06 4.32962e-06 -1 0.000132233 3.89615e-05 -1 4.46785e-05 -2.39488e-05 -1 -4.7251e-05 -3.56169e-05 -1 0 0 -1 0 0 -1 0 0 -1 -8.28726e-05 -7.08162e-06 -1 -4.88028e-05 -0.000159182 -1 1.49802e-05 4.66836e-06 -1 -1.02846e-05 -1.04918e-05 -1 0.00011404 0.000111894 -1 1.91957e-05 -1.77333e-05 -1 -4.74912e-05 4.38731e-05 -1 -2.4212e-05 3.62915e-05 -1 5.66091e-05 -4.63737e-05 -1 2.69735e-05 -3.28998e-05 -1 4.61673e-05 -5.63108e-05 -1 -0.000109795 2.22317e-05 -1 -3.1783e-05 5.74348e-05 -1 -3.84197e-05 -8.96221e-05 -1 -4.23314e-05 8.30226e-05 -1 4.69347e-05 6.99293e-06 -1 1.60984e-05 -9.55224e-05 -1 5.36525e-05 -2.70592e-05 -1 0 0 -1 0 0 -1 2.19409e-05 1.41521e-05 -1 0 0 -1 1.4095e-05 4.26709e-05 -1 -3.05818e-05 -1.00317e-05 -1 6.00748e-06 2.41545e-06 -1 2.009e-06 -8.82503e-06 -1 3.65887e-05 5.59366e-05 -1 6.09828e-05 -6.91051e-05 -1 1.33139e-06 -9.08231e-06 -1 5.25079e-05 3.55666e-05 -1 -4.32772e-05 1.93707e-05 -1 -6.62923e-05 -5.93925e-06 -1 9.95973e-05 2.19454e-05 -1 -3.27325e-05 -5.67741e-05 -1 -1.55465e-05 -1.24643e-05 -1 1.76251e-06 2.29129e-05 -1 -1.71481e-05 -1.37884e-05 -1 0 0 -1 -1.70286e-05 -0.00015472 -1 -6.74859e-06 -2.78495e-06 1 1.44806e-05 1.64815e-06 1 2.15945e-05 1.59488e-05 1 0 0 1 0 0 1 3.47333e-05 1.85146e-05 1 2.09831e-05 -4.92399e-05 1 -1.59206e-07 2.54622e-07 1 -1.04514e-06 -7.15362e-07 1 -2.06429e-05 -1.30423e-05 1 4.17728e-06 -5.85969e-06 1 6.74628e-06 -6.55903e-05 1 9.4128e-06 -2.81859e-06 1 1.00491e-05 4.57242e-05 1 4.03102e-05 -5.77936e-06 1 -9.65671e-06 1.09121e-05 1 -6.97639e-06 -2.32321e-05 1 1.44274e-07 -7.45479e-06 1 -5.78999e-06 -2.23584e-05 1 0 0 1 -5.56397e-05 -1.02718e-05 1 0 0 1 5.00741e-05 2.18875e-05 1 1.96613e-05 3.06131e-05 1 -4.26977e-07 2.40351e-05 1 0 0 1 6.20178e-06 2.49161e-06 1 -4.8256e-05 4.39707e-05 1 -2.40248e-06 -5.92041e-06 1 -0.000139458 -4.2505e-05 1 2.59521e-05 8.58425e-05 1 0.000100207 9.44335e-05 1 -6.98068e-05 -6.09782e-05 1 -2.60486e-05 1.29081e-05 1 3.55025e-05 8.44239e-07 1 2.57271e-05 9.7974e-06 1 5.08888e-05 -3.78618e-05 1 -2.13483e-05 1.58833e-05 1 1.19738e-05 -4.04574e-05 1 1.27137e-05 -4.10019e-05 1 -9.75095e-06 1.15056e-05 1 -5.04496e-07 8.4339e-05 1 3.17699e-05 2.09756e-05 1 1.50153e-05 -5.42621e-05 1 -1.41256e-05 1.13052e-05 1 0 0 1 0 0 1 0 0 1 -1.54718e-05 6.20597e-06 1 0 0 1 -7.40494e-06 -2.92205e-05 1 3.26969e-05 5.28766e-05 1 1.45399e-06 5.73757e-06 1 -1.35239e-05 -1.50563e-06 1 -3.88334e-05 -1.61583e-05 1 3.14541e-05 2.27207e-05 1 -1.2439e-05 2.13406e-05 1 -4.09463e-05 -1.65434e-05 1 -2.69521e-05 -5.23151e-05 1 -2.43967e-05 -3.14806e-05 1 1.87429e-05 1.23053e-05 1 0 0 1 7.99469e-06 3.02717e-05 1 1.15989e-06 1.56936e-05 1 3.45065e-05 3.78225e-05 1 0 0 1 0 0 1 0 0 0.472701 -0.881223 0 0.452173 -0.891877 0.00977554 0.378373 -0.925436 -0.0200644 0.287873 -0.957222 0.0292361 0.194836 -0.980164 -0.0362955 0.0744172 -0.996254 0.0440499 -0.0524679 -0.996218 -0.0692562 -0.197115 -0.979307 0.045864 -0.390938 -0.920359 0.010342 -0.343953 -0.937438 -0.0539109 0.436189 -0.899855 0 0.418244 -0.90809 -0.0210694 0.218389 -0.975603 0.0224836 0.19409 -0.98095 -0.00808321 -0.00136439 -0.999963 0.00853937 -0.0250412 -0.9994 -0.023911 -0.274453 -0.961346 0.0221188 -0.327823 -0.943028 -0.0568381 -0.457379 -0.888114 0.0453638 -0.990259 0.139165 -0.00440918 -0.978821 0.201009 0.0388057 -0.701975 0.707802 -0.0790369 -0.604887 0.795717 0.0307604 -0.115408 0.993296 -0.00657544 -0.030983 0.997043 -0.0703217 0.384118 0.920267 0.0745767 0.698878 0.71275 -0.0596359 0.805232 0.590551 0.0533958 0.989322 0.140833 -0.0375161 -0.996338 0.0380727 0.076555 -0.979699 0.194315 -0.0493193 -0.850133 0.525489 0.0337014 -0.722119 0.690289 -0.0452251 -0.441124 0.894864 0.0680279 -0.224423 0.971054 -0.0817832 0.365255 0.926819 0.0871476 0.541171 0.833639 -0.110365 0.954942 0.27116 0.120661 0.99564 0.0604054 -0.071083 0.00139684 0.959954 -0.280153 -0.00014945 0.968985 -0.247121 -0.00121439 0.804889 -0.593424 0.00117084 0.768624 -0.639699 0.000706914 0.544063 -0.839044 -0.000821456 0.577889 -0.816115 0.000310613 0.232845 -0.972514 -0.000785677 0.25942 -0.965764 0.000212578 -0.439397 0.898293 -0.000491878 -0.47892 0.877858 -0.000802516 -0.861477 0.507795 0.000959025 -0.913595 0.406624 -0.58392 0.810717 0.0421328 0.252635 -0.33814 -0.906552 0.0814344 -0.651741 0.754057 0.227054 -0.575744 0.785472 0.461867 -0.431133 0.775115 0.662739 -0.171171 0.729025 0.623592 0.199684 0.755817 0.435051 0.475303 0.764734 -0.536657 -0.473446 -0.698461 -0.226196 -0.327607 -0.917338 -0.226901 -0.33013 -0.916259 -0.24572 -0.762866 -0.598044 0.36673 -0.482878 -0.795196 0.343184 -0.464266 -0.816506 0.95873 -0.280242 0.0479749 0.242822 -0.126236 0.961822 0.705506 -0.708559 0.0143166 0.401973 -0.915355 0.0232803 0.0712573 -0.391412 0.917452 0.00123911 -0.99957 0.0292994 -0.435592 -0.899839 0.0234376 -0.50249 -0.864576 -0.00353937 -0.725757 -0.687652 -0.0202843 -0.817246 -0.575444 0.0311904 -0.112405 -0.0359203 0.993013 -0.947014 -0.320816 -0.0155582 -0.972799 -0.231425 0.0101796 -0.507983 -0.0685195 0.858638 -0.998806 -0.046463 -0.0151097 -0.233388 -0.972246 -0.0163708 0.137469 -0.99033 -0.0187027 0.591267 -0.805782 -0.033445 0.867267 -0.497488 -0.0187769 0.983815 -0.17913 0.00451568 -0.991463 -0.13038 -0.00132468 -0.995913 -0.0903082 0.000998456 -0.929078 -0.369884 0.000911913 -0.931539 -0.36364 0.000362264 -0.751284 -0.659979 7.29723e-05 -0.758032 -0.652216 0.000857682 -0.574539 -0.818477 -0.000552852 -0.559796 -0.82863 0.000664674 -0.291652 -0.956524 -0.000591005 -0.298508 -0.954407 -2.3037e-05 -0.00267217 -0.999996 0.000479248 -0.00379957 -0.999993 0.000561162 0.207041 -0.978329 -0.00269727 0.305382 -0.952223 0.0037487 0.578906 -0.815382 -0.00447862 0.650468 -0.759524 0.0039057 0.870738 -0.491747 -0.000931216 0.870287 -0.492544 -0.000849672 0.979522 -0.201333 0.00136371 0.98699 -0.160767 -0.00213902 0.000710596 -0.000248947 1 -0.000847268 -0.000579846 1 -2.94516e-05 3.44816e-05 1 0.00335029 -0.0224012 0.999743 1.60271e-06 3.75756e-05 1 0.0407208 0.0390499 0.998407 -0.00116788 -0.000211256 0.999999 0.00111903 0.000745986 0.999999 0.0122842 -0.0137903 0.999829 -0.0187791 0.003971 0.999816 0.00649205 -0.00345287 0.999973 0.00111153 0.00505952 0.999987 0.000447476 0.00214849 0.999998 0.00283485 -0.00813465 0.999963 -0.00777978 -0.00170595 0.999968 -0.00228188 0.00486979 0.999986 -0.000116343 0.00246738 0.999997 -0.00755561 0.00815297 0.999938 -0.00228466 0.000940194 0.999997 -0.00010633 -0.00276479 -0.999996 0.000301427 0.000217425 -1 2.42473e-05 0.00055278 -1 -0.00127852 0.00169536 -0.999998 0.965246 0.26132 -0.00355476 0.979621 0.200848 0.00183449 0.858486 0.512825 0.00336151 0.790167 0.61288 -0.00367389 0.662488 0.749069 0.00231289 0.564351 0.825532 -0.00225181 0.478907 0.877864 0.00144809 0.31354 0.949574 -0.00121356 0.288412 0.957506 9.18575e-05 0.0844807 0.996425 2.89302e-05 0.0845826 0.996417 3.51298e-05 -0.151655 0.988433 -0.00057618 -0.18618 0.982515 0.00135467 -0.381054 0.924551 -0.00178234 -0.425255 0.905073 0.0011779 -0.651193 0.75891 0.00160357 -0.696304 0.717737 -0.00387213 -0.897485 0.441037 0.00269966 -0.915288 0.4028 -0.0005704 -0.992328 0.123631 -0.000762749 -0.989522 0.144384 0.000497282 0.00265689 0.00300413 -0.999992 -0.000618481 0.00495446 -0.999988 0.00579455 -0.000808776 -0.999983 -0.000117221 -0.000214872 -1 0.000628291 0.000375316 -1 -6.99753e-05 -0.000232313 -1 -0.000372662 -2.24391e-05 -1 -1.95994e-05 0.00117825 -0.999999 -0.000434902 -0.000141439 -1 0 0 -1 -0.000609347 0.000158922 -1 0.000370652 0.000405282 -1 2.14221e-05 -0.00011305 -1 -0.000475949 0.000152124 -1 0.0050745 -0.00986142 -0.999939 4.36809e-05 -9.29665e-05 -1 0.0102853 0.00563144 -0.999931 -0.000373405 -0.000146895 -1 -0.000130894 -0.000103074 -1 4.54102e-05 -9.2152e-05 -1 -0.000123664 0.000126587 -1 1.71137e-05 0.000633375 -1 2.80156e-05 7.83981e-05 -1 2.44487e-05 1.41405e-05 -1 0.000127345 0.00018621 -1 8.00979e-05 0.000645934 -1 0.000152178 -2.22048e-05 -1 -0.000564271 0.00017152 -1 -5.92088e-08 -1.55829e-05 -1 0.000102696 -0.000263027 -1 -1.32554e-05 -1.20198e-06 -1 -4.52292e-05 0.000360659 -1 -2.16495e-05 -1.68756e-05 -1 -8.65971e-06 -2.76873e-05 -1 0.000234083 0.000146887 -1 -0.00962844 0.00315417 -0.999949 -0.00338145 -0.00500535 -0.999982 0.000240631 0.000136444 -1 0.00204252 -0.00846502 -0.999962 0.778965 0.627067 -0.00057253 0.520442 0.853782 -0.0140033 0.218999 0.975686 -0.00869332 0.080003 0.996773 0.006499 -0.0276964 0.999601 -0.00547709 -0.294719 0.955521 -0.0109357 -0.648015 0.761393 -0.0189008 -0.862055 0.506622 -0.0140244 -0.966671 0.255759 -0.0115995 -0.99572 0.0918005 0.0107112 -0.287698 0.189494 0.938787 -0.931069 0.364698 0.0103119 -0.745513 0.666071 0.0236578 -0.379961 0.924821 0.0183194 -0.11299 0.99357 0.00715785 0.0396526 0.812698 0.581335 0.070654 0.556298 0.827973 0.309045 0.950951 0.0135383 0.690309 0.722106 0.0451164 0.960343 0.278596 0.0111527 0.952008 0.304934 0.0263774 0.398924 0.139635 -0.90629 0.33767 0.138692 -0.930991 0.586212 0.453658 -0.67123 -0.135891 0.862395 -0.487656 -0.219322 0.513925 -0.829325 -0.20357 0.495326 -0.844519 -0.76551 0.122236 -0.631706 -0.829994 0.105615 -0.547682 -0.039945 0.751918 0.658045 -0.682027 0.339277 0.647866 -0.602922 -0.244637 0.759366 -0.412702 -0.910827 0.00846461 -0.816237 0.452944 0.358607 -0.216534 -0.594079 0.774715 -0.493533 -0.868998 0.035618 3.30619e-06 -1.48242e-06 1 0.00065653 0.00129279 0.999999 4.36018e-05 -6.69484e-05 1 -2.46011e-05 4.0913e-05 1 0 0 1 0 0 1 2.95951e-06 -1.50303e-06 1 0 0 1 9.70367e-07 5.2131e-08 1 -4.72951e-07 -9.31312e-07 1 0.567157 -0.82317 -0.026902 0.501366 -0.864548 0.0344838 -0.532749 0.846272 -0.00123731 -0.659448 -0.728745 0.184552 -0.99735 -0.0720433 -0.0101754 0.547149 -0.837036 2.58689e-06 -0.450091 -0.892983 1.05748e-05 -0.449787 -0.893136 -0.000394907 0.998798 0.0489863 0.00146033 0.999005 0.0443534 0.00470796 0.547895 -0.836547 0.000803136 0.448988 0.893533 0.00297638 0.455358 0.890275 0.00776104 0.991289 0.120898 0.0522494 0.998856 0.0478266 -5.76901e-05 -0.545675 0.837997 6.64205e-05 -0.558441 0.829369 0.0170615 0.461704 0.886882 0.0164152 0.449436 0.893312 -1.67564e-05 -0.998964 -0.045062 -0.0063999 -0.997675 -0.0656289 0.0183764 0.989233 -0.136479 0.0528429 0.927682 -0.36826 0.0615663 0.563676 -0.824646 0.0471985 0.562066 -0.826048 0.0415597 0.44993 -0.891987 0.0438446 -0.275661 -0.959112 0.0641493 -0.811738 -0.581462 0.0546331 -0.930044 -0.362963 0.0572268 -0.980989 -0.178859 -0.075293 -0.976743 0.195758 0.0874798 -0.867973 0.493827 0.0525086 -0.669639 0.740048 0.0625543 0.433179 0.647794 -0.626673 0.0109629 0.975669 -0.218975 -0.0199023 0.9495 -0.313135 0.0122097 0.864779 -0.502003 -0.0152278 0.753308 -0.657491 0.00466298 0.70054 -0.713598 -0.0075393 0.458355 -0.888737 0.00848342 0.41564 -0.90949 -0.00473311 0.0925937 -0.995693 0.00137029 0.0659424 -0.997822 -0.00129574 -0.146289 -0.989241 0.00276711 -0.175202 -0.984529 -0.00398938 -0.344932 -0.938619 0.00283656 -0.395484 -0.918469 -0.0024415 -0.571912 -0.820311 0.00144633 -0.595324 -0.803485 -0.00134372 -0.739532 -0.67312 0.00344437 -0.768904 -0.639355 -0.0038353 -0.844397 -0.535704 0.00306825 -0.915709 -0.40183 -0.0032247 -0.939105 -0.343616 0.0054424 -0.978803 -0.204731 -0.000626859 0.992359 -0.123384 0.00277999 0.983845 -0.179 -0.0040611 0.939983 -0.341197 -0.000335533 0.788048 -0.615613 0.00468211 0.819303 -0.573342 -0.000578439 0.567775 -0.823183 0.000181119 0.559456 -0.82886 0.000190287 0.354832 -0.93493 -0.000603511 0.34514 -0.938551 -0.000694107 0.0532404 -0.998581 0.000472513 0.0380273 -0.999277 -0.000456145 -0.183044 -0.983105 0.000400833 -0.197255 -0.980352 -0.00051613 -0.415556 -0.909568 0.00141253 -0.434424 -0.900707 -0.000574055 -0.742668 -0.66966 0.0012803 -0.729327 -0.684164 -0.0020619 -0.901424 -0.432933 0.000498225 -0.886615 -0.462508 -0.00019535 -0.994417 -0.105519 0.00135436 -0.992546 -0.12186 -0.752326 0.646082 -0.128774 -0.203063 0.857669 -0.472409 -0.621895 0.60917 -0.492096 -0.777736 0.309168 -0.547304 -0.751746 0.177319 -0.635165 -0.370966 -0.0811267 -0.925096 -0.339675 -0.0921776 -0.936015 -0.776326 -0.254591 -0.576629 -0.844237 -0.383436 -0.374488 -0.678328 -0.685954 -0.263323 -0.673454 -0.732543 -0.0992042 -0.523341 -0.820435 -0.23022 0.00103423 0.973719 -0.227749 -0.00183265 0.961259 -0.275641 -0.00149741 0.745613 -0.666378 0.0024993 0.783745 -0.621078 0.000859396 0.495885 -0.868388 -8.94634e-05 0.475396 -0.879772 -9.24363e-05 0.275529 -0.961293 0.00072446 0.258352 -0.966051 0.00108561 -0.089218 -0.996012 -0.00167869 -0.266493 -0.963836 0.00275536 -0.391144 -0.920326 -0.00203032 -0.564784 -0.825237 -0.00250516 -0.785744 -0.618547 0.0030203 -0.71141 -0.702771 0.00369472 -0.934108 -0.356972 -0.0021244 -0.979106 -0.203341 0.00013696 -0.990405 -0.138196 -0.854321 0.49986 -0.142393 -0.856096 -0.137092 -0.498303 -0.854058 0.387914 -0.346565 -0.856759 0.245212 -0.453691 -0.856414 0.146974 -0.494927 -0.00150052 -0.0264326 -0.999649 -0.856053 -0.0177641 -0.516582 -0.856308 -0.291142 -0.426584 -0.854617 -0.409614 -0.319133 -0.854389 -0.508827 -0.105422 -0.00893382 0.994225 -0.106946 -0.106684 0.939231 -0.326289 0.0986014 0.716902 -0.690166 -0.0898856 0.037792 -0.995235 -0.0406567 -0.0356534 -0.998537 0.047273 -0.440004 -0.896751 -0.0329538 -0.72703 -0.685815 0.0743153 -0.977379 -0.198007 -0.834972 0.525925 -0.161937 -0.83805 0.00193526 -0.54559 -0.850465 -0.380517 -0.363201 -0.611428 0.759453 -0.222232 -0.753683 0.487235 -0.441094 -0.673022 0.409102 -0.616179 -0.739982 0.0668067 -0.669301 -0.614967 -0.102021 -0.781925 -0.736263 -0.598401 -0.315964 -0.510779 -0.821889 -0.252198 -0.0343807 0.795809 -0.604571 0.0112354 0.73039 -0.682937 -0.00307767 0.105152 -0.994451 0.0203483 0.152625 -0.988075 -0.0311426 -0.650918 -0.758509 0.138095 -0.878577 -0.457201 -0.0624169 -0.996232 0.0602186 -0.841592 0.427935 -0.329538 -0.844164 -0.347306 -0.408369 -0.846854 0.0856528 -0.524883 -0.842594 -0.537329 0.0362357 -0.515742 0.854935 -0.0556442 -0.788302 0.498832 -0.360205 -0.467951 0.365955 -0.804425 -0.762609 -0.239121 -0.60104 -0.773366 -0.5789 -0.25842 -0.555821 -0.550901 -0.622552 -0.0610466 0.906619 -0.417511 0.0687214 0.80089 -0.594855 -0.0572295 -0.0293635 -0.997929 0.0518852 -0.322809 -0.945041 -0.0455944 -0.698576 -0.714082 0.0717933 -0.909347 -0.409797 -0.811397 0.532993 -0.239904 -0.845307 -0.0146781 -0.534079 -0.843596 -0.367839 -0.391205 0.919435 0.379428 0.103317 0.897889 0.375552 0.229688 0.843079 0.347305 0.410607 0.40229 -0.880768 0.249822 0.417768 -0.751209 0.511033 0.999421 -0.0209733 0.0268098 0.995398 -0.0886951 -0.0362909 0.97692 -0.211202 -0.0319558 0.97044 -0.240544 0.0196275 0.945618 -0.323905 -0.0298653 0.910749 -0.412793 -0.0117578 0.886838 -0.461659 0.0197287 0.85916 -0.510256 -0.0385154 0.837692 -0.544614 0.0408481 0.778391 -0.626007 -0.0471438 0.752798 -0.656422 0.0490399 0.693474 -0.719409 -0.0392907 0.658029 -0.752635 0.0232038 0.632932 -0.774069 -0.0146538 0.48112 -0.876568 -0.0122951 0.387063 -0.921196 -0.0397616 0.338948 -0.939645 0.0467023 0.26652 -0.96294 -0.0414075 0.204124 -0.978078 0.0412028 0.178287 -0.983857 -0.0154434 0.0637338 -0.997803 0.0181011 0.0438815 -0.998454 -0.0341145 -0.0455973 -0.998215 0.0385757 -0.0863758 -0.99601 -0.0224196 -0.145309 -0.989241 0.0169699 -0.170794 -0.984976 -0.025515 -0.300015 -0.953781 -0.0171307 -0.430819 -0.902255 -0.0181869 -0.430425 -0.902413 -0.0196414 -0.51833 -0.854368 0.0372729 -0.550529 -0.834479 -0.0237357 -0.605945 -0.795182 0.0227225 -0.620167 -0.784307 -0.0159522 -0.720083 -0.693619 -0.0193337 -0.711481 -0.702441 0.0193083 -0.803936 -0.594454 0.0176268 -0.850673 -0.525162 -0.0236556 -0.874485 -0.483567 0.0379242 -0.913511 -0.403641 -0.0507145 -0.961944 -0.273234 0.00253478 -0.964278 -0.261711 -0.0409366 -0.993291 -0.113013 -0.0245329 -0.995333 -0.0891006 0.0370566 -0.999412 -0.0209304 -0.0271636 -0.998826 0.0288117 0.0389382 -0.995091 0.0848259 -0.0509825 -0.979342 0.189858 0.0695933 -0.964139 0.264001 -0.027192 -0.9343 0.355417 0.0275886 -0.928411 0.371141 -0.0175397 -0.876254 0.481547 0.0170718 -0.84527 0.53434 -0.000181877 -0.814044 0.580804 -0.000178761 -0.806604 0.590755 -0.0199823 -0.759378 0.649907 0.0310759 -0.729456 0.682815 -0.0407177 -0.653971 0.756451 0.0101795 -0.571655 0.820419 -0.0111136 -0.556724 0.829869 0.0370872 -0.453152 0.890036 -0.0498837 -0.415641 0.90858 0.0415385 -0.348898 0.936581 -0.0329624 -0.309613 0.950127 0.0374097 -0.237029 0.970786 -0.0373099 -0.160352 0.986927 0.0161796 -0.173132 0.98385 0.0454291 -0.0800143 0.996598 -0.0197539 -0.0523128 0.998401 0.0214307 0.0133746 0.97679 0.21378 -0.000121642 0.670326 0.742067 -0.00910288 0.652968 0.757331 0.722482 -0.142412 -0.676564 0.770527 -0.223071 -0.597099 0.661867 -0.302846 -0.685724 0.537265 -0.423131 -0.729594 0.448277 -0.549566 -0.705 0.407557 -0.645243 -0.646187 0.2329 -0.639983 -0.732242 -0.151853 -0.719196 -0.678011 -0.116816 -0.769382 -0.628017 -0.424336 -0.522003 -0.7399 -0.553986 -0.492279 -0.671387 -0.604195 -0.31715 -0.731002 -0.719375 -0.0594716 -0.692072 -0.755621 -0.108033 -0.646038 0.997482 -0.0709126 -0.00117849 0.982543 -0.186033 0.0012182 0.971485 -0.2371 -0.000201031 0.910118 -0.41435 0.000244965 0.901373 -0.433043 -0.000510035 0.785384 -0.619009 0.000696766 0.744128 -0.668036 -0.00137554 0.630573 -0.776128 0.00194097 0.495264 -0.868741 -0.00182914 0.310498 -0.95057 0.00285827 0.228308 -0.973588 -0.00175147 -0.219874 -0.975528 -0.000562786 -0.183418 -0.983032 0.00237791 -0.619695 -0.784843 -0.000500914 -0.630402 -0.776269 0.000538272 -0.888139 -0.459574 -0.000489394 -0.88103 -0.47306 0.000483378 -0.995028 -0.0995939 -0.000572541 -0.998428 -0.0560038 0.00225589 -0.786193 -0.0780201 0.613037 -0.83272 -0.131645 0.537817 -0.584157 -0.320028 0.745884 -0.415861 -0.523572 0.743595 -0.36569 -0.674211 0.641647 -0.150442 -0.650634 0.744341 0.132484 -0.745074 0.653692 0.162538 -0.702674 0.692698 0.326582 -0.567538 0.755807 0.515475 -0.472522 0.714848 0.618851 -0.447064 0.645877 0.645706 -0.30193 0.701358 0.701319 -0.172986 0.69154 0.771536 -0.0528185 0.63399 0.799402 -0.0151024 0.600607 0.113286 -0.982587 -0.147272 0.738179 -0.635576 -0.226131 0.844495 -0.472702 -0.251757 0.885984 -0.357629 -0.295184 0.869819 -0.303491 -0.388983 0.720755 -0.301158 -0.624353 -0.413586 -0.151516 -0.897769 -0.405624 -0.153241 -0.901103 0.693981 0.0866018 -0.714766 0.835585 0.19393 -0.513993 0.835271 0.29501 -0.463996 0.646156 0.565547 -0.512483 0.348136 0.752251 -0.559392 0.619502 0.671409 -0.406727 0.770505 0.591814 -0.23681 0.811421 0.567611 -0.139333 0.798015 0.601275 -0.040498 0.000347198 -0.997107 -0.0760132 -0.000456804 -0.98915 -0.146906 0.000703078 -0.97117 -0.238388 -0.000737101 -0.939707 -0.341981 9.29718e-05 -0.893177 -0.449705 -0.00022957 -0.882714 -0.469911 9.65255e-05 -0.824103 -0.56644 -0.000422159 -0.78941 -0.613867 0.000614703 -0.748051 -0.663641 -0.000505097 -0.599734 -0.8002 -0.000373803 -0.595488 -0.803364 0.000322203 -0.414588 -0.910009 -0.000169323 -0.397857 -0.917447 -0.000128693 -0.149237 -0.988801 0.000508591 -0.129646 -0.99156 0.00122777 0.191563 -0.981479 -0.000499455 0.123945 -0.992289 -0.000976858 0.341473 -0.939891 0.000841506 0.485914 -0.874006 -0.000678917 0.551424 -0.834225 0.000781834 0.693786 -0.720181 -0.000535349 0.735022 -0.678043 0.000377284 0.849838 -0.527044 -9.68423e-05 0.861631 -0.507535 5.24527e-05 0.93045 -0.366419 -6.79744e-05 0.927344 -0.374209 0.000214389 0.970372 -0.241615 -6.27557e-05 0.966404 -0.257028 8.0452e-05 0.999168 -0.0407789 -0.00023486 0.998469 -0.0553183 -0.770736 0.636725 -0.0234011 -0.800825 0.580099 -0.148878 -0.764994 0.598274 -0.238438 -0.599527 0.681592 -0.419522 0.101354 0.737564 -0.667628 -0.327298 0.655063 -0.681005 -0.81224 0.283673 -0.509702 -0.872863 0.0895463 -0.479678 -0.743145 -0.0679711 -0.66567 0.169661 -0.339197 -0.92529 0.329775 -0.706042 -0.6267 0.20837 -0.704726 -0.678192 -0.46548 -0.72888 -0.502059 -0.681567 -0.64599 -0.34375 -0.81023 -0.572949 -0.123523 -0.793433 -0.606913 -0.0460478 -0.465521 -0.0947274 -0.879953 0.641925 0.35299 -0.680683 0.157842 0.978183 -0.135071 0.113216 -0.992849 0.037847 -0.0580266 -0.897804 -0.436555 0.0568626 -0.528437 -0.847066 -0.043868 -0.304405 -0.951532 0.0428157 0.343018 -0.938353 -0.0421438 0.472494 -0.880325 0.0530924 0.98482 -0.165263 0.0606529 0.982888 -0.173931 0.830458 -0.555962 0.0352935 0.841167 -0.27818 -0.46374 0.843685 0.172033 -0.508528 0.829683 0.550215 -0.094289 0.704922 -0.593319 -0.388661 -0.539351 -0.38381 -0.749527 0.734803 0.0774697 -0.673842 0.658493 0.581967 -0.477181 -0.220395 0.935358 -0.276643 0.700597 0.704916 0.11071 -0.114642 -0.83047 -0.545139 0.117845 -0.635329 -0.763197 -0.0814861 0.0926433 -0.992359 0.038797 0.333707 -0.941878 -0.040851 0.78354 -0.619996 0.102999 0.942521 -0.317877 -0.165394 0.969721 0.179683 0.824781 -0.350947 -0.443364 0.847296 0.185495 -0.497676 0.829261 0.525528 -0.190122 0.838191 -0.339958 -0.426456 0.849317 0.0104649 -0.527779 0.814776 0.494328 -0.302952 0.326689 0.943127 0.0615254 -0.722203 0.67891 0.132303 0.5806 0.514606 0.630939 -0.819233 0.193699 0.539757 0.346399 0.124473 0.929793 0.190736 -0.547915 0.814499 -0.198958 -0.581469 0.788866 0.14959 -0.909409 0.38807 -0.300032 -0.899543 0.317495 0.0668784 -0.45715 -0.886871 -0.0188787 -0.467043 -0.884033 -0.290685 -0.862005 -0.415271 0.282536 -0.894145 -0.347387 -0.163842 -0.984946 0.0551066 0.315317 -0.938456 0.140979 -0.449397 -0.744066 0.494376 0.754486 -0.430715 0.495212 -0.57797 -0.255253 0.775111 0.673922 0.0606409 0.73631 -0.417961 0.250265 0.873313 0.487679 0.67882 0.548974 0.0539797 0.735865 0.674974 -0.308285 0.932959 0.185868 0.577134 -0.473592 -0.665302 0.597722 -0.444809 -0.666988 0.570066 -0.383888 -0.726399 0.569628 -0.38336 -0.727021 0.616165 -0.373577 -0.693384 0.590365 -0.305285 -0.747175 0.612839 -0.332848 -0.716687 0.645574 -0.312049 -0.697036 0.695826 -0.296483 -0.654159 0.69081 -0.256417 -0.676041 0.613881 -0.189924 -0.766211 0.631654 -0.200967 -0.748749 0.68922 -0.183857 -0.700837 0.730371 -0.158142 -0.664492 0.71441 -0.122259 -0.688964 0.631502 -0.0754736 -0.771692 0.724168 -0.0594897 -0.687052 0.682033 0.0242017 -0.730921 0.652405 0.017476 -0.757669 0.750372 0.0903594 -0.654811 0.702806 0.123925 -0.700504 0.645949 0.132654 -0.751767 0.678863 0.154935 -0.717733 0.694989 0.195552 -0.691918 0.653679 0.216342 -0.72519 0.660143 0.221807 -0.717644 0.672123 0.263797 -0.691854 0.631095 0.279577 -0.723572 0.64025 0.288899 -0.711771 0.649456 0.332962 -0.683625 0.602083 0.34691 -0.719131 0.603072 0.348164 -0.717695 0.606495 0.391701 -0.691906 0.564267 0.39887 -0.722845 0.571635 0.410989 -0.710156 0.565804 0.451184 -0.690145 0.506194 0.450488 -0.73541 0.500885 0.44208 -0.744097 0.519927 0.507101 -0.687405 0.491777 0.530002 -0.690836 0.442579 0.512176 -0.73607 0.451473 0.538067 -0.711797 0.440684 0.581764 -0.683629 0.3737 0.570358 -0.731464 0.355639 0.521657 -0.775496 0.371706 0.608232 -0.701348 0.352708 0.647652 -0.675384 0.303037 0.629302 -0.715645 0.270635 0.596183 -0.755858 0.272712 0.647007 -0.712047 0.249944 0.686616 -0.682705 0.197415 0.661337 -0.723644 0.196951 0.638486 -0.744007 0.180157 0.707576 -0.683286 0.144759 0.716026 -0.6829 0.10673 0.670442 -0.734245 0.103425 0.686269 -0.719957 0.0722064 0.721698 -0.688431 0.0299049 0.682191 -0.730562 0.0346022 0.693117 -0.719994 0 0.730574 -0.682833 -0.0360139 0.721393 -0.691589 -0.0632695 0.655444 -0.752589 -0.0664589 0.664253 -0.744548 -0.110856 0.735579 -0.668307 -0.150386 0.74386 -0.651196 -0.174961 0.687167 -0.705117 -0.177997 0.620259 -0.763934 -0.202249 0.655642 -0.727481 -0.251044 0.689679 -0.679205 -0.279187 0.662367 -0.695216 -0.279905 0.607693 -0.743211 -0.30384 0.630931 -0.713868 -0.350045 0.642762 -0.681415 -0.365177 0.597588 -0.713816 -0.358772 0.565485 -0.742637 -0.40499 0.594046 -0.695048 -0.442408 0.584041 -0.680567 -0.439421 0.523664 -0.729853 -0.418624 0.47469 -0.774224 -0.470455 0.507061 -0.722192 -0.540858 0.527516 -0.655134 -0.566462 0.499916 -0.655137 -0.540827 0.431306 -0.722136 -0.504621 0.381965 -0.774248 -0.555121 0.399077 -0.729779 -0.615463 0.397534 -0.680567 -0.62263 0.359455 -0.695072 -0.596681 0.323557 -0.734359 -0.629333 0.322646 -0.706994 -0.619201 0.257284 -0.741886 -0.644631 0.290876 -0.706995 -0.658886 0.258602 -0.706395 -0.703887 0.236462 -0.669798 -0.686566 0.193184 -0.700933 -0.652099 0.167924 -0.739303 -0.689477 0.157358 -0.707008 -0.664261 0.0970963 -0.741167 -0.696462 0.122804 -0.707008 -0.703747 0.0881923 -0.704956 -0.740054 0.0554825 -0.670255 -0.710749 0.0177051 -0.703222 -0.558561 -0.458344 0.691325 -0.54979 -0.411266 0.727043 -0.555046 -0.41309 0.721998 -0.615279 -0.414084 0.670795 -0.627707 -0.380532 0.679102 -0.596725 -0.331189 0.730912 -0.612807 -0.332871 0.716703 -0.654707 -0.310219 0.689292 -0.621663 -0.265495 0.736918 -0.729766 -0.262575 0.631265 -0.650328 -0.179624 0.738112 -0.677608 -0.176441 0.713944 -0.704218 -0.152521 0.693408 -0.674939 -0.109145 0.729757 -0.660371 -0.110528 0.742761 -0.734672 -0.0874772 0.672759 -0.753099 -0.0535981 0.65572 -0.711395 -0.0168513 0.702591 -0.648855 0.00507457 0.760895 -0.684804 0.0170588 0.728528 -0.733094 0.0549608 0.677903 -0.716675 0.0898125 0.6916 -0.646488 0.111032 0.754801 -0.657366 0.115911 0.744604 -0.725235 0.165519 0.66831 -0.730597 0.205573 0.651128 -0.672284 0.225846 0.705002 -0.592457 0.223319 0.77403 -0.621389 0.243885 0.744578 -0.678071 0.305965 0.668285 -0.675362 0.346244 0.651154 -0.61413 0.354548 0.705081 -0.553009 0.340352 0.760487 -0.582827 0.376454 0.720136 -0.600434 0.431652 0.673169 -0.564199 0.449944 0.692264 -0.519265 0.43747 0.734156 -0.530258 0.467965 0.70699 -0.495188 0.505334 0.706701 -0.461515 0.45013 0.764452 -0.49265 0.530982 0.689459 -0.479017 0.570852 0.666837 -0.423881 0.559582 0.712175 -0.368937 0.521017 0.769692 -0.381277 0.559263 0.736106 -0.381166 0.623753 0.682381 -0.345706 0.634796 0.69103 -0.288227 0.59291 0.751919 -0.293521 0.622556 0.725444 -0.252024 0.718096 0.648708 -0.205901 0.650997 0.730621 -0.173771 0.696889 0.695808 -0.131539 0.668789 0.731723 -0.132286 0.654331 0.744548 -0.110867 0.735646 0.668231 -0.0755564 0.755181 0.651147 -0.0353556 0.708207 0.705119 -0.0127937 0.645312 0.763812 0 0.686911 0.726742 0.0367002 0.735141 0.67692 0.0718887 0.718523 0.691778 0.0864802 0.674528 0.733167 0.105392 0.699321 0.706995 0.1481 0.667818 0.729442 0.140143 0.693193 0.706996 0.178351 0.700481 0.691026 0.213065 0.690723 0.691018 0.225978 0.624294 0.747791 0.228527 0.627781 0.744087 0.282087 0.669247 0.687412 0.313676 0.651397 0.690861 0.315172 0.581818 0.749769 0.319264 0.586241 0.744575 0.387936 0.63479 0.668242 0.427539 0.627121 0.651098 0.428181 0.565259 0.705084 0.406509 0.506411 0.76046 0.445898 0.531422 0.720254 0.502964 0.542058 0.673201 0.516612 0.503868 0.692263 0.485928 0.431894 0.75983 0.493617 0.435665 0.752688 0.565495 0.450937 0.690559 0.590653 0.424662 0.686143 0.57582 0.378683 0.72459 0.562729 0.363434 0.742464 0.631684 0.364683 0.684092 0.59659 0.289678 0.748443 0.623928 0.319875 0.713017 0.670761 0.294382 0.680749 0.68319 0.235242 0.691313 0.639727 0.200917 0.741877 0.68074 0.191543 0.707039 0.693478 0.140177 0.706709 0.618369 0.141129 0.773113 0.71138 0.125436 0.691523 0.747761 0.0937065 0.657322 0.717941 0.0537865 0.694022 0.622025 0.0136987 0.782878 0.630018 0.0157289 0.776421 0.992944 0.115279 0.0277994 0.995115 0.0977288 -0.0139879 0.979152 0.200281 -0.033903 0.970901 0.237399 0.0315151 0.949569 0.313016 -0.0184407 0.951548 0.307475 -0.00406461 -0.998058 -0.0618462 0.00741658 -0.999676 -0.0248895 -0.00541101 -0.995661 -0.0924154 -0.0109002 -0.988111 -0.15291 0.0159956 -0.969395 -0.245327 0.00934437 -0.978429 -0.206274 -0.0112924 -0.96075 -0.277333 -0.00680437 -0.942265 -0.334781 0.00770264 -0.914516 -0.404512 0.00562205 -0.931262 -0.363809 -0.0198332 -0.896419 -0.443196 0.00325375 -0.888981 -0.457844 -0.00955067 -0.85483 -0.518858 0.0072714 -0.817998 -0.575204 0.0043593 -0.844098 -0.536171 -0.00436549 -0.806541 -0.591139 -0.00683032 -0.762518 -0.646911 0.00847096 -0.748838 -0.662699 -0.00848815 -0.694393 -0.719546 0.00846615 -0.679182 -0.73392 -0.00852072 -0.625445 -0.780238 0.00681402 -0.572228 -0.820067 0.0067026 -0.595874 -0.80295 -0.0143597 -0.502302 -0.864684 0.00376819 -0.443727 -0.896151 0.00444127 -0.491926 -0.870616 -0.00602117 -0.425691 -0.904843 -0.00688695 -0.367939 -0.929825 0.00684864 -0.332767 -0.9429 -0.0143303 -0.305353 -0.952216 0.00664197 -0.225389 -0.974261 0.00384272 -0.213518 -0.97692 -0.006087 -0.160188 -0.987076 0.00452185 -0.140104 -0.990113 -0.00691246 -0.0778183 -0.996944 0.00688025 -0.0401672 -0.999091 -0.0143091 -0.0114305 -0.999913 0.00658698 0.0714551 -0.997436 0.00393083 0.101047 -0.994676 -0.0202501 0.137576 -0.99047 0.00653527 0.219178 -0.975677 0.00398907 0.240054 -0.970666 -0.013445 0.281612 -0.959503 0.00694099 0.335549 -0.942017 -0.00335187 0.382352 -0.924017 0.000517427 0.352821 -0.935466 -0.0205008 0.468645 -0.709435 -0.526378 0.438455 -0.898673 0.0119777 0.469541 -0.882763 -0.0161262 0.520203 -0.854001 0.00847557 0.576835 -0.816838 0.00601713 0.554704 -0.832026 -0.00606104 0.609023 -0.793111 -0.00811236 0.649682 -0.760113 0.011891 0.677515 -0.735412 -0.0119644 0.7147 -0.699385 0.00801974 0.759681 -0.650281 0.00449307 0.747336 -0.664394 -0.00834828 0.814132 -0.580647 -0.00621435 0.816445 -0.57742 -0.00165999 0.864428 -0.502669 0.0094379 0.883756 -0.467721 -0.0145681 0.896062 -0.443909 0.00415976 0.926883 -0.375327 -0.00411816 0.929425 -0.36901 0.000656643 0.95212 -0.305722 -0.000847772 0.95192 -0.306344 -0.00146454 0.973781 -0.227279 0.00970984 0.981008 -0.193682 -0.0105157 0.984994 -0.172589 0.000244926 0.993635 -0.11259 0.0036711 0.993007 -0.118056 -0.000276878 0.999524 -0.0308465 6.54876e-06 0.999349 -0.0359051 -0.00363564 0.999632 0.0271219 -3.55377e-06 0.999031 0.0428343 -0.0100888 0.994816 0.100867 0.0129466 0.986928 0.160999 -0.00725897 0.98781 0.155654 -0.00178937 0.969287 0.245807 0.00790125 0.972199 0.234128 -0.00365975 0.942364 0.334589 0.000850726 0.89756 0.440282 -0.0231778 0.936097 0.35106 -0.0218696 0.900102 0.435666 0.00355328 0.916218 0.400661 0.003775 0.891529 0.452885 -0.00840456 0.871631 0.490098 0.00799074 0.828398 0.560107 0.00608513 0.848471 0.529183 -0.00787815 0.789468 0.613733 0.00847484 0.806552 0.591084 -0.00970628 0.736402 0.676544 0.000711211 0.694713 0.719285 0.00155621 0.733917 0.679234 -0.00255738 0.653171 0.757169 0.00799255 0.682231 0.731112 -0.00596768 0.588849 0.808221 0.0059906 0.620493 0.784173 -0.00786517 0.539389 0.842056 0.00118634 0.576032 0.817427 -0.00115481 0.497014 0.867742 0.00109044 0.535397 0.8446 -0.00101922 0.447529 0.894234 0.00794186 0.483856 0.875128 -0.00590901 0.401894 0.91561 -0.0117724 0.366521 0.930333 0.0119475 0.310026 0.950653 -0.0119775 0.272789 0.961998 0.012093 0.215197 0.976497 -0.0119663 0.182915 0.983095 0.0081654 0.124815 0.992174 -0.00341303 -0.99866 -0.0392453 -0.0337265 -0.976424 -0.0730301 0.203131 -0.990505 -0.137381 -0.00506927 -0.999789 -0.016977 -0.011554 -0.999112 -0.0414344 0.00767664 -0.991428 -0.130651 9.66255e-05 -0.993161 -0.1157 -0.0156123 -0.99207 -0.125516 -0.00656353 -0.990817 -0.135194 -0.00186868 -0.983436 -0.181234 0.00296511 -0.979532 -0.201246 -0.00408277 -0.962999 -0.269468 0.00457287 -0.958523 -0.285004 -0.00260204 -0.938933 -0.344097 -0.0012397 -0.934567 -0.35577 0.00347552 -0.921877 -0.387481 -0.00117173 -0.9115 -0.411297 0.00150034 -0.90901 -0.416773 0.00018674 -0.895304 -0.445447 -0.00261324 -0.885679 -0.46428 0.00408585 -0.844115 -0.536156 0.00245947 -0.854579 -0.519307 -0.00394587 -0.818006 -0.575205 -0.00246589 -0.80657 -0.591127 0.00385364 -0.754768 -0.655987 0.00247996 -0.767523 -0.64101 -0.00385035 -0.715852 -0.69825 0.00167867 -0.728442 -0.685105 -0.00167593 -0.687968 -0.725737 -0.00247996 -0.673503 -0.739175 0.00386229 -0.625458 -0.780248 -0.0038548 -0.609875 -0.792494 0.0025089 -0.578467 -0.815704 -0.00167876 -0.555846 -0.831279 0.00334549 -0.530653 -0.847577 -0.0044553 -0.484959 -0.874526 0.00446189 -0.458609 -0.888632 -0.00332883 -0.425719 -0.904849 0.00334175 -0.398601 -0.917114 -0.00443463 -0.349201 -0.937037 0.00444826 -0.3212 -0.947006 -0.00333058 -0.28611 -0.958191 0.00333162 -0.257593 -0.966243 -0.00443272 -0.205664 -0.978613 0.00443786 -0.176628 -0.984272 -0.00332968 -0.149011 -0.988834 0.00170484 -0.118497 -0.992953 -0.00170217 -0.0906148 -0.99588 0.00333093 -0.06887 -0.997623 -0.00240957 0.0011393 -0.999987 0.00487799 -0.0114331 -0.999934 -0.000853334 0.100674 -0.994905 0.00539508 0.0714521 -0.997436 -0.00390328 0.137575 -0.990481 -0.00442535 0.190579 -0.981662 0.00442949 0.25541 -0.966827 0.00330961 0.219176 -0.97568 -0.00329751 0.281413 -0.959579 -0.00385596 0.334943 -0.942237 0.00131577 0.342572 -0.939479 0.00474416 0.371728 -0.92834 -0.00157578 0.403846 -0.914824 -0.00245708 0.426549 -0.904462 0.00225243 0.478286 -0.878204 0.00085986 0.437922 -0.899012 -0.000939467 0.527059 -0.849828 0.0010783 0.484102 -0.875011 -0.000804888 0.526844 -0.849961 0.00117406 0.568261 -0.822842 -0.00323849 0.595461 -0.803377 0.00343901 0.608361 -0.79366 -0.000699843 0.642748 -0.766077 0.000729634 0.654931 -0.755681 -0.00340335 0.684969 -0.728558 0.00455736 0.714717 -0.6994 -0.00453293 0.747363 -0.664399 0.00471687 0.759687 -0.650284 -0.00253734 0.805701 -0.592318 0.0025255 0.810467 -0.585784 -0.000620288 0.843501 -0.537127 0.000651196 0.841959 -0.539538 0.00177274 0.884933 -0.465706 0.00334689 0.867622 -0.497213 -0.00332919 0.911501 -0.411298 0.000379988 0.891224 -0.453564 -0.000379567 0.933201 -0.359356 0.000435072 0.912575 -0.408909 -0.000338489 0.931717 -0.363181 0.0020676 0.959627 -0.281257 0.0032972 0.948564 -0.316567 -0.00334635 0.974927 -0.222527 0.000227894 0.96308 -0.269216 -0.000206096 0.985884 -0.167429 0.000223733 0.975241 -0.221146 -0.000170834 0.986829 -0.161753 -0.00210168 0.996323 -0.0856475 0.00206661 0.999825 -0.0187147 5.32397e-05 0.99676 -0.0804316 -5.80103e-05 0.99969 -0.0247587 0.0026038 0.999623 0.0271236 -0.00430759 0.997842 0.0655061 0.00450556 0.992486 0.122352 0.00145589 0.994895 0.100875 -0.00292192 0.983796 0.179253 0.00374483 0.986953 0.161001 -0.00179608 0.96598 0.2586 0.00310384 0.972253 0.233903 -0.00355446 0.947524 0.319672 0.00268719 0.957191 0.289449 -0.0022396 0.941079 0.338178 -0.00242445 0.920184 0.391482 0.00192335 0.917802 0.397022 0.00359863 0.917068 0.398718 0.0031969 0.899473 0.436972 -0.00169517 0.89328 0.4495 0.00126697 0.872293 0.488979 -0.00203172 0.865242 0.501345 0.00306302 0.828412 0.560111 -0.00307676 0.821513 0.570189 0.00133275 0.789497 0.613753 -0.00137918 0.782213 0.623005 0.00292157 0.736402 0.676538 -0.00291743 0.728915 0.684603 0.00113466 0.694714 0.719286 -0.000877414 0.689772 0.724026 0.000817395 0.658189 0.752852 -0.000822845 0.645539 0.76372 0.00335386 0.620077 0.784534 -0.00320692 0.580457 0.81429 0.00122187 0.581294 0.813693 0.000833018 0.535359 0.844625 0.000579123 0.53939 0.842056 -0.000660225 0.497014 0.867742 -0.000609683 0.493234 0.869897 0.000531494 0.440445 0.897774 0.00330121 0.453394 0.89131 -0.000536643 0.408649 0.912686 -0.00327414 0.362934 0.931813 0.00176287 0.366099 0.930576 0.000436025 0.316285 0.948664 -0.000345577 0.314127 0.949381 0.000277712 0.26894 0.963157 -0.000279898 0.267215 0.963637 0.000216147 0.220828 0.975313 -0.00020723 0.219637 0.975582 0.000134688 0.172287 0.985047 -0.00015039 0.163501 0.98654 0.00237092 0.124821 0.992179 -0.000375476 0.773048 -0.634348 0 0.802238 -0.597004 0 0.773048 -0.634348 -3.81134e-08 0.829617 -0.558333 0 0.802238 -0.597004 0 0.85511 -0.518447 0 0.829617 -0.558333 0 0.878755 -0.477274 0 0.85511 -0.518447 0 0.900338 -0.435192 0 0.878755 -0.477274 0 0.919971 -0.391988 0 0.900338 -0.435192 0 0.9375 -0.347985 0 0.919971 -0.391988 0 0.952932 -0.303185 0 0.9375 -0.347985 0 0.966212 -0.257747 0 0.952932 -0.303185 0 0.977352 -0.211619 0 0.966212 -0.257747 0 0.986351 -0.164656 0 0.977352 -0.211619 0 0.993006 -0.118065 -0.000234302 0.993714 -0.111903 -0.00325632 0.995885 -0.0818552 -0.0388939 0.986271 -0.165133 -8.25502e-05 0.992676 -0.120803 0.00062596 0.998647 -0.0512674 0.00868578 0.992992 -0.118177 0.00103448 0.994355 -0.106102 0.00023127 0.997471 -0.0710481 0.00202801 0.999078 -0.0428044 -0.00342194 0.999719 -0.0236832 0.00128298 0.999595 0.0245734 -0.0143655 0.999212 0.0376712 0.0125077 0.989957 0.140218 -0.0180015 0.992025 0.126028 -0.00173335 0.992848 0.119207 -0.00657275 0.999688 0.0249579 0.0013893 0.999092 0.0424947 -0.00307251 0.997203 0.0747081 0.00212995 0.995613 0.0935701 0.000326789 0.992239 0.124344 0.000607736 0.991541 0.129795 0 0.992834 0.11949 0.00175801 0.984808 0.173649 0 0.984808 0.173649 0 0.974931 0.222507 0 0.974931 0.222507 0 0.96262 0.270857 0 0.96262 0.270857 0 0.947923 0.3185 0.00041871 0.947421 0.31999 0 0.935433 0.353504 -7.23982e-05 0.947456 0.319886 -5.28734e-05 0.930868 0.36535 -0.00187146 0.925996 0.377532 0.000104227 0.946264 0.323379 0.00321626 0.927833 0.37296 -0.00516482 0.915257 0.402871 -0.000493271 0.911501 0.411295 -0.00167094 0.90929 0.416163 -0.000868545 0.889866 0.456215 0.00242256 0.914698 0.404043 0.0087824 0.909954 0.414699 0.00283631 0.914822 0.403767 0.00856036 0.905367 0.424629 0.00033688 0.893259 0.449542 0 0.889859 0.456212 -0.00456862 0.866038 0.499979 0 0.866038 0.499979 0 0.840036 0.542531 0 0.840036 0.542531 0 0.811931 0.583754 0 0.811931 0.583754 0 0.781852 0.623465 0 0.781852 0.623465 0 0.749747 0.661725 0 0.749747 0.661725 0 0.715882 0.698221 0 0.715882 0.698221 0 0.680178 0.733047 0 0.680178 0.733047 0 0.642772 0.766058 0 0.642772 0.766058 0 0.603817 0.797123 0 0.603817 0.797123 0 0.563298 0.826254 0 0.563298 0.826254 0 0.521458 0.853277 0 0.521458 0.853277 0 0.478271 0.878213 0 0.478271 0.878213 0 0.433861 0.90098 0 0.433861 0.90098 0 0.388406 0.921488 0 0.388406 0.921488 0 0.342064 0.939677 0 0.342064 0.939677 0 0.294761 0.955571 0 0.294761 0.955571 0 0.24674 0.969082 0 0.24674 0.969082 0 0.198161 0.98017 0 0.198161 0.98017 0 0.149024 0.988834 0 0.149024 0.988834 0 0.0995536 0.995032 0 0.0995536 0.995032 0 0.0498606 0.998756 0 0.0498606 0.998756 0 0 1 0 0 1 0 -0.0498606 0.998756 0 -0.0498606 0.998756 0 -0.0995536 0.995032 0 -0.0995536 0.995032 0 -0.149024 0.988834 0 -0.149024 0.988834 0 -0.198161 0.98017 0 -0.198161 0.98017 0 -0.24674 0.969082 0.000143476 -0.247558 0.968873 0 -0.294765 0.955556 0.00512985 -0.308897 0.951096 -0.000302277 -0.344672 0.938721 -0.00182002 -0.342046 0.939682 -0.00131498 -0.361954 0.932196 0.000578723 -0.323546 0.946133 0.0122437 -0.388405 0.921487 -0.00188964 -0.393453 0.919345 -0.000718206 -0.373302 0.927689 -0.00617984 -0.328144 0.944438 0.0189146 -0.414318 0.910132 0.000150409 -0.433883 0.900969 -0.000876812 -0.390604 0.920519 -0.00854251 -0.428383 0.903576 0.00613996 -0.437657 0.899142 0 -0.433604 0.901102 0.00164366 -0.47827 0.878213 0 -0.47827 0.878213 0 -0.521434 0.853292 0 -0.521434 0.853292 0 -0.563298 0.826254 0 -0.563298 0.826254 0 -0.603817 0.797123 0 -0.603817 0.797123 0 -0.6428 0.766034 0 -0.6428 0.766034 0 -0.680151 0.733073 0 -0.680151 0.733073 0 -0.715881 0.698222 0 -0.715881 0.698222 0 -0.749775 0.661693 0 -0.749775 0.661693 0 -0.781824 0.623499 0 -0.781824 0.623499 0 -0.811957 0.583717 0 -0.811957 0.583717 0 -0.84001 0.542571 0 -0.84001 0.542571 0 -0.866038 0.499979 0 -0.889869 0.456217 0 -0.866038 0.499979 0 -0.889869 0.456217 0 -0.911502 0.411296 0 -0.93087 0.365351 0 -0.911502 0.411296 0 -0.93087 0.365351 0 -0.94794 0.318449 0 -0.94794 0.318449 0 -0.962619 0.270859 0 -0.962619 0.270859 0 -0.974931 0.222507 0 -0.974931 0.222507 0 -0.984808 0.173647 0 -0.984808 0.173647 0 -0.992239 0.124346 0 -0.992239 0.124346 0 -0.997202 0.0747611 0 -0.997202 0.0747611 0 -0.99969 0.0249027 0 -0.99969 0.0249027 0 -0.0716228 -0.8717 -0.484777 0.0891089 -0.641881 -0.761609 -0.0323112 -0.298962 -0.953718 0.112035 0.0369366 -0.993017 0.0136922 -0.0395656 -0.999123 -0.127923 0.621929 -0.772554 0.545406 0.732996 -0.406509 -0.545308 -0.806063 0.230003 -0.81631 -0.244621 0.523258 -0.60066 -0.0628942 0.797027 0.000173961 0.00203663 0.999998 0.000591244 0.00109362 0.999999 0 0 1 0 0 1 0 0 1 0 0 1 0 0 1 0 0 1 0 0 1 0 0 1 0 0 1 0 0 1 0 0 1 0.152231 -0.00280038 0.988341 0 0 1 0 0 1 -0.00210716 -0.00222489 0.999995 0 0 1 -0.000185038 -0.000101056 1 0 0 1 -3.38665e-05 -6.05326e-05 1 0 0 1 0 0 1 -0.000207563 -0.000113817 1 0 0 1 0 0 1 0 0 1 0 0 1 -7.14159e-05 -0.000112548 1 0 0 1 0.892844 0.448801 0.0375247 0.852202 0.523033 0.0137189 0.879199 0.476241 -0.0142664 0.845108 0.534543 -0.00749944 0.793515 0.608466 0.0102137 0.78696 0.616778 -0.0167159 0.712068 0.701953 0.0148439 0.657194 0.753721 0 0.707134 0.70708 0 0.646342 0.762726 -0.0221337 0.582244 0.811926 0.0420533 0.546606 0.836333 -0.0420567 0.4776 0.878298 0.0221518 0.41575 0.909413 0.0109127 0.45694 0.889377 -0.0146328 0.353395 0.935439 0.0081788 0.365 0.9308 -0.0196403 0.241664 0.970325 0.00818366 0.234874 0.971969 -0.0105625 0.14464 0.989456 0.00750048 0.139912 0.990164 0 0.0851062 0.996372 0 0.0851062 0.996372 0 8.41806e-05 0.000985536 -1 0.000280423 0.000518698 -1 0 0 -1 -5.7207e-07 1.89079e-06 -1 1.26025e-06 5.21523e-06 -1 2.94427e-07 -7.89744e-06 -1 4.94936e-06 -4.75007e-06 -1 -1.99457e-05 -5.08643e-05 -1 -3.27435e-05 -4.02262e-05 -1 0.00700109 0.0034365 -0.99997 0 0 -1 0 0 -1 0.004457 0.000928397 -0.99999 -6.12422e-05 -1.27568e-05 -1 0 0 -1 -8.12594e-05 -5.13977e-05 -1 0 0 -1 -1.60769e-05 -5.00499e-05 -1 -1.10446e-05 -2.8625e-05 -1 -0.000138227 -8.06548e-05 -1 0 0 -1 -9.95746e-05 -8.77954e-05 -1 0 0 -1 0 0 -1 -2.85173e-05 -5.26662e-05 -1 0 0 -1 0.997519 -0.0703937 0 0.937743 -0.319653 0.135869 0.82148 -0.561341 -0.100339 0.716954 -0.651886 0.247026 0.93512 -0.328276 -0.133365 0.997589 -0.0694012 0 2.47926e-05 -1.13849e-05 1 7.11434e-06 -7.30049e-06 1 3.37454e-05 -2.03856e-05 1 2.20943e-05 -2.00246e-05 1 7.60474e-06 -2.25616e-05 1 6.86113e-06 -7.62431e-06 1 3.36396e-05 -2.39921e-05 1 1.64517e-05 -2.66475e-05 1 5.32894e-05 -2.33855e-05 1 1.07241e-05 -2.83124e-05 1 1.08992e-05 -2.28093e-05 1 5.72207e-05 -3.05391e-05 1 6.33925e-05 -2.60601e-05 1 6.86628e-05 -2.55937e-05 1 2.14697e-05 -2.66846e-05 1 1.48325e-05 -4.46293e-05 1 5.46736e-05 -7.98985e-06 1 3.22957e-06 -3.96812e-05 1 -4.00625e-06 -5.58665e-05 1 5.44664e-05 -8.55744e-06 1 3.94662e-05 -1.29939e-05 1 2.99812e-05 -1.12594e-06 1 6.5269e-06 -6.42489e-05 1 6.43029e-06 -6.44153e-05 1 2.72822e-05 -1.10741e-05 1 5.18317e-05 3.4899e-06 1 6.33167e-05 -4.08175e-06 1 -1.82268e-06 -5.10056e-05 1 4.64264e-06 -4.78662e-05 1 6.35744e-05 -2.83522e-06 1 -4.47877e-06 -3.16515e-05 1 -7.45447e-06 -3.11255e-05 1 3.26308e-05 6.64785e-06 1 -7.24477e-06 -3.17888e-05 1 3.264e-05 6.63311e-06 1 4.04626e-05 1.67745e-05 1 -1.3346e-05 -2.98897e-05 1 -1.3172e-05 -3.73231e-05 1 4.42223e-05 1.42188e-05 1 4.30482e-05 1.24175e-05 1 -1.58578e-05 -3.45865e-05 1 3.01901e-05 2.12017e-05 1 3.11817e-05 2.39423e-05 1 -3.32249e-05 -3.96121e-05 1 -3.39062e-05 -5.82372e-05 1 3.78458e-05 2.21787e-05 1 3.69414e-05 2.46639e-05 1 3.3398e-05 1.77543e-05 1 -3.8875e-05 -5.31486e-05 1 -2.80856e-05 -4.80384e-05 1 -2.8553e-05 -3.08541e-05 1 1.51637e-05 3.68022e-05 1 6.97119e-06 5.24574e-06 1 1.77153e-05 7.08409e-06 1 -2.09957e-05 -3.24678e-05 1 -9.6105e-06 -8.12345e-06 1 1.6172e-06 1.70973e-05 1 -9.63633e-06 -7.98931e-06 1 4.00571e-06 3.56312e-06 1 -5.09151e-06 1.78925e-06 1 -2.54072e-05 -3.48458e-06 1 -3.1768e-05 -2.01791e-05 1 1.88098e-06 -3.82404e-07 1 -3.16918e-05 -2.0335e-05 1 -2.57752e-05 -1.3922e-05 1 -3.62719e-07 2.06506e-06 1 -2.3782e-05 -7.56117e-06 1 2.40807e-07 1.34329e-07 1 -3.21528e-05 -3.40988e-06 1 -2.2954e-05 -4.54327e-06 1 -8.62088e-07 1.45718e-06 1 8.69768e-07 -1.26011e-07 1 -9.35673e-06 -6.3928e-06 1 -2.04083e-05 -1.45345e-05 1 7.59735e-08 3.33194e-08 1 0.00015188 0.000194774 1 -8.05815e-06 -1.59943e-06 1 -1.52033e-07 2.03801e-07 1 3.43138e-05 8.14522e-05 1 -1.3891e-05 2.202e-06 1 -1.04963e-05 3.71047e-06 1 -0.000432929 0.000907117 1 -6.99796e-06 6.15851e-06 1 3.70515e-06 2.43492e-06 1 -1.98014e-06 7.84955e-07 1 2.57454e-07 9.38307e-08 1 1.87665e-07 -2.51566e-07 1 -3.91572e-06 -9.33654e-06 1 2.62547e-07 5.47183e-08 1 0.00697088 -0.00457886 0.999965 -1.60494e-05 3.8212e-06 1 2.00608e-07 -1.17966e-07 1 -6.8626e-08 5.1148e-07 1 -1.28676e-05 4.46705e-06 1 -1.70801e-07 1.08735e-07 1 -1.63118e-07 1.21574e-06 1 -1.49074e-05 2.83185e-05 1 7.7528e-06 -1.45984e-06 1 -3.06028e-05 -7.01118e-06 1 -1.26007e-05 2.4147e-05 1 -1.16676e-05 9.64947e-06 1 -6.72163e-06 8.31312e-06 1 -2.04149e-06 1.55802e-05 1 -2.55212e-07 3.52487e-07 1 -7.36882e-07 3.40389e-07 1 1.32514e-07 1.32399e-06 1 -1.69588e-08 5.50282e-07 1 -9.68131e-08 3.30533e-07 1 1.3107e-06 1.17702e-06 1 -4.8435e-07 2.24726e-07 1 -3.16498e-07 -2.84216e-07 1 -2.01652e-07 -8.59262e-08 1 -2.3608e-06 5.41543e-06 1 -3.67852e-07 -6.53251e-06 1 -2.58469e-07 1.00613e-07 1 -2.51781e-07 8.01083e-08 1 -3.27426e-07 9.30587e-07 1 0 0 1 0 0 1 0 0 1 0 0 1 0 0 1 0 0 1 0 0 1 0 0 1 0 0 1 0 0 1 0 0 1 0 0 1 0 0 1 0 0 1 0 0 1 0 0 1 -7.06663e-05 -0.000551566 1 0 0 1 0 0 1 0 0 1 0 0 1 -1 0.000141811 -0.00082835 -1 5.19424e-05 -5.64825e-05 -1 0.000551416 -5.038e-05 -1 0.000187806 -0.00013481 -1 0.000530047 -4.95972e-05 -1 0.000187221 -0.000396006 -0.999998 2.17556e-05 -0.00187304 -1 0.00046875 0.000430538 -1 0.000551852 6.42729e-06 -1 0.000823029 0.000282885 -1 -0.00010666 -0.000281254 -1 0.000229183 -0.000343452 -0.999997 0.000261136 -0.00230367 -0.999999 0.000516016 -0.00118384 -0.999999 0.00117658 -0.000246994 -0.999997 0.00141026 -0.0021396 -0.999999 0.000571964 -0.00105361 -0.999999 -0.00145672 -0.000187782 -0.999999 0.000495199 0.000986146 -1 9.71247e-06 4.19016e-07 -0.999995 -0.0011414 0.00285666 -0.999994 -0.00190646 0.00295889 -0.999996 -0.000770607 0.00285678 -0.999999 -0.00107365 0.000663811 -0.999998 -0.00193463 0.00060099 -1 -0.000646239 0.000286667 -0.999998 0.00063296 0.00188962 -1 -0.000633166 0.000364085 -1 7.58396e-05 -3.67968e-05 -0.999997 0.000281525 0.00245753 -1 -8.06539e-05 -5.35338e-05 -0.999995 -0.00327678 0.000199232 -1 -2.10656e-05 -1.09813e-05 -1 -1.94195e-05 6.79934e-05 -1 9.9579e-06 3.46369e-06 -1 -1.1354e-05 4.79361e-05 -1 3.04442e-05 6.98423e-05 -1 -8.51327e-08 1.63979e-05 -1 -1.00431e-06 2.20651e-07 -1 -2.38529e-06 -1.69905e-06 -1 -5.76896e-08 4.58175e-07 -1 -2.1284e-06 -2.19137e-06 -1 0 0 -1 0 0 0 -0.999737 0.0229221 9.62468e-05 -0.997745 0.0671157 -4.85433e-05 -0.999708 0.0241458 0.000159104 -0.992778 0.119962 -0.000152193 -0.997262 0.0739435 -0.000463072 -0.991268 0.131864 0.000536201 -0.98059 0.196067 0.000210797 -0.967667 0.25223 -0.00026174 -0.97691 0.213649 0.000640481 -0.951772 0.306804 -0.000443329 -0.961467 0.274919 -0.000595731 -0.935288 0.353886 0.000456201 -0.923359 0.383938 -0.000197451 -0.914506 0.404571 0.000182292 -0.898629 0.43871 -0.00018165 -0.893161 0.449737 0.000252578 -0.872001 0.489504 -0.000431173 -0.864967 0.501829 0.000476002 -0.829121 0.559069 -0.000202506 -0.821091 0.570797 0.000164329 -0.795117 0.606456 -0.000157008 -0.788849 0.614586 0.000163377 -0.763239 0.646116 -0.000140166 -0.757031 0.653379 0.000158599 -0.730211 0.683221 -0.00044877 -0.717203 0.696864 0.00042949 -0.695902 0.718137 -9.5791e-05 -0.659005 0.752139 -0.000168867 -0.657907 0.753099 0.000124816 -0.621147 0.783694 -0.00011434 -0.615536 0.788109 0.000165446 -0.576074 0.817397 -0.000388746 -0.567162 0.823606 0.00036724 -0.506858 0.862029 -0.000117424 -0.498747 0.866748 0.000132553 -0.448384 0.893841 -0.000351168 -0.440114 0.897942 0.000342467 -0.373507 0.927627 6.38136e-05 -0.316767 0.948504 -9.66496e-05 -0.365759 0.93071 8.72447e-05 -0.263492 0.964661 -4.95268e-05 -0.313828 0.94948 -0.000321598 -0.256163 0.966634 0.000312403 -0.183347 0.983048 3.26915e-05 -0.123704 0.992319 -3.82219e-05 -0.176956 0.984219 2.24029e-05 -0.0744932 0.997222 -2.04722e-05 -0.122328 0.99249 0.000441446 -0.0247678 0.999693 -0.000317947 -0.0657304 0.997837 0 -1 -7.28682e-06 8.19861e-06 -1 5.30078e-05 -0.134224 -0.345981 0.928591 -0.20876 -0.644971 0.735141 -0.707107 0 0.707107 -0.707107 0 0.707107 -0.674402 0.317707 -0.666517 -0.707974 -0.359974 -0.607612 -0.53546 -0.566274 -0.626591 -0.787985 -0.594655 -0.159576 -0.444037 0.83674 0.320464 0.627736 0.365981 0.687026 -0.0015756 0.00267941 0.999995 -0.0123459 -0.498073 0.867047 0.0345434 -0.592049 0.805162 0.0153524 -0.950921 0.309052 0.102297 -0.9839 0.14655 -0.99972 -0.023681 0 -0.99972 -0.023681 0 -0.997477 -0.0709904 0 -0.997477 -0.0709904 0 -0.992986 -0.118235 0 -0.992986 -0.118235 0 -0.986281 -0.165076 0 -0.986281 -0.165076 0 -0.97734 -0.211675 0 -0.97734 -0.211675 0 -0.966227 -0.257693 0.000127908 -0.966023 -0.258455 0 -0.952927 -0.303183 0.00309838 -0.938463 -0.345378 -0.000546022 -0.949519 -0.313709 -0.000292168 -0.93748 -0.348038 -0.00120271 -0.944741 -0.327684 0.0094003 -0.926978 -0.375116 3.244e-05 -0.91997 -0.391985 -0.00166963 -0.919143 -0.393923 -0.00126926 -0.91298 -0.408005 7.30179e-05 -0.941814 -0.33557 0.0194925 -0.926917 -0.375225 -0.00558573 -0.90036 -0.435145 -0.000665103 -0.915978 -0.401185 -0.00597203 -0.902901 -0.429823 0.00462661 -0.899075 -0.437795 0 -0.899646 -0.436621 0.000479061 -0.87873 -0.477319 0 -0.87873 -0.477319 0 -0.855135 -0.518405 0 -0.855135 -0.518405 0 -0.829616 -0.558334 0 -0.829616 -0.558334 0 -0.80221 -0.597041 0 -0.80221 -0.597041 0 -0.773048 -0.634347 0 -0.773048 -0.634348 -6.15433e-08 -0.00376774 -0.00560779 0.999977 0.0201701 -0.00194636 0.999795 -0.000176029 0.000249822 1 0.00121377 0.000214053 0.999999 0.000309536 -0.000163939 1 -0.00025025 -8.952e-06 1 0.000356413 0.000107098 1 0.000402575 -2.89979e-05 1 -0.00012477 -7.64285e-05 1 -0.000229554 -0.000140615 1 -0.00101669 0.00017059 0.999999 -0.000353885 0.000303064 1 0 0 1 0 0 1 0 0 1 0 0 1 0.000125972 -2.80185e-05 1 6.77656e-05 -5.98444e-05 1 0 0 1 0 0 1 0 0 1 0 0 1 0 0 1 0.000152331 -7.73987e-05 1 6.292e-05 -9.34323e-05 1 0 0 1 0.000174737 -0.00012496 1 5.81395e-05 -0.000123615 1 0 0 1 0 0 1 0.000105676 -8.44256e-05 1 0 0 1 0.000110723 -0.000143616 1 -3.81397e-05 -2.0608e-05 1 1.86697e-05 -0.00133515 0.999999 -0.0464242 0.15865 0.986243 0 0 1 5.37e-05 4.17004e-05 1 0 0 1 0 0 1 3.60681e-05 5.27891e-05 1 0 0 1 1.41356e-05 3.34929e-05 1 0 0 1 0 0 1 6.42874e-05 3.19076e-05 1 0.000106694 5.29553e-05 1 5.61249e-05 6.51799e-05 1 0.000350753 0.00036174 1 9.08607e-06 4.49839e-05 1 -0.0130818 -0.00682171 0.999891 0.00871511 0.000470651 0.999962 0 0 1 3.0917e-05 4.34244e-05 1 0 0 1 8.43365e-06 5.81186e-05 1 1.6115e-05 2.28486e-05 1 0 0 1 3.6889e-06 7.36213e-05 1 0 0 1 0 0 1 0 0 1 4.92263e-06 7.60686e-06 1 -6.01668e-07 2.52068e-05 1 0 0 1 -5.76527e-06 1.47959e-05 1 1.64561e-06 1.20421e-05 1 0.000289069 -0.000735139 1 -7.63281e-06 1.94112e-05 1 0.00494237 0.0146146 0.999881 0.0358994 -0.0239498 0.999068 0.742122 -0.670265 0 0.742122 -0.670265 2.15691e-07 0.773057 -0.634336 0 0.773057 -0.634336 0 0.802235 -0.597008 0 0.802235 -0.597008 0 0.829602 -0.558355 0 0.829602 -0.558355 0 0.855118 -0.518389 -0.00672152 0.882798 -0.469728 0.00490894 0.860685 -0.509138 0 0.858721 -0.512428 0.00394233 0.87873 -0.477315 0.00215264 0.890091 -0.455782 -0.000983141 0.8766 -0.481205 -0.00375116 0.855072 -0.518361 0.0123876 0.879164 -0.476471 -0.00679603 0.900357 -0.435143 0.00277553 0.901761 -0.43223 0.0017861 0.901529 -0.432715 0.00186057 0.878719 -0.477309 -0.00546148 0.898955 -0.437999 -0.0060124 0.919952 -0.392024 -0.00241606 0.91637 -0.400326 0.00219067 0.90963 -0.41542 0.000456457 0.906851 -0.421451 -0.000732532 0.902266 -0.431161 -0.00397891 0.900334 -0.435132 -0.00765853 0.918334 -0.395806 0 0.919948 -0.392022 0.00383996 0.937495 -0.347999 0 0.937495 -0.347999 0 0.952934 -0.303178 0 0.952934 -0.303178 0 0.966223 -0.257708 0 0.966223 -0.257708 0 0.977349 -0.211636 0 0.977349 -0.211636 0 0.986272 -0.165129 0 0.986272 -0.165129 0 0.992992 -0.11818 0 0.992992 -0.11818 0 0.997474 -0.0710329 0 0.997474 -0.0710329 0 0.999719 -0.0236953 0 0.999719 -0.0236953 0 -3.77889e-07 0.000132337 1 6.84177e-08 -2.39599e-05 1 -0.000246169 0.000382915 1 1.82884e-05 0.000597983 1 6.39121e-05 -0.000293783 1 -0.00147193 0.0011748 0.999998 -0.00063549 0.0065963 0.999978 -0.125944 0.992037 0.00102247 -0.130061 0.991503 0.00261221 -0.219772 0.975539 0.00484105 -0.201236 0.979537 -0.00347005 -0.279753 0.960066 -0.00344145 -0.305973 0.952035 0.00318919 -0.329899 0.944015 -0.00155669 -0.343441 0.939174 -0.000708236 -0.362555 0.931959 0.00229739 -0.360307 0.932832 0.00159352 -0.405687 0.914011 0.00164957 -0.394855 0.918743 0.000225033 -0.404579 0.914501 0.00188924 -0.424411 0.905469 -0.000898543 -0.438016 0.898965 -0.00178293 -0.458749 0.88856 0.00339334 -0.490107 0.871651 -0.00451755 -0.52964 0.848211 0.00445008 -0.560082 0.82843 -0.0034418 -0.576122 0.817363 0.00107356 -0.608361 0.79366 -0.00109333 -0.623413 0.781885 0.00338912 -0.652056 0.758157 -0.00452002 -0.684995 0.728534 0.00447013 -0.712156 0.702013 -0.00340931 -0.724442 0.689335 0.000882569 -0.757103 0.653295 -0.00119628 -0.764046 0.645156 0.00277745 -0.808187 0.58892 -0.00276279 -0.813999 0.580866 0.000956497 -0.841933 0.539582 -0.000748188 -0.844977 0.534802 0.00069395 -0.867653 0.49717 -0.000683316 -0.870179 0.492735 0.00063033 -0.894135 0.447797 -0.000821485 -0.897996 0.439997 0.00251368 -0.934452 0.356061 0.00453637 -0.927839 0.372973 -0.00247996 -0.948564 0.31657 -0.00327934 -0.96213 0.272592 0.000420388 -0.963078 0.269215 0.00179239 -0.975957 0.217961 -0.000601463 -0.976083 0.217399 -0.000390878 -0.989105 0.145784 0.0204345 -0.988365 0.152006 0.00529318 -0.990871 0.134057 0.0142891 -0.997809 0.059919 0.0280387 -0.988203 0.153102 0.00392165 -0.990661 0.136243 -0.00542703 -0.998517 0.0537522 -0.00866944 -0.990511 0.137371 -0.0041944 -0.99773 0.066737 -0.00896326 -0.999001 0.0437381 0.00920407 -0.938816 -0.204562 -0.277092 -0.00031873 0.000209046 -1 0.964481 -0.17792 -0.195248 -1.82141e-05 -1.8548e-06 -1 -2.47407e-07 -2.03328e-06 -1 0 0 -1 -3.26572e-06 -2.50331e-07 -1 -4.56226e-05 -4.61038e-06 -1 1.63143e-06 -1.65549e-05 -1 0 0 -1 -0.000200045 -0.000147537 -1 -4.32636e-06 -1.62466e-05 -1 8.05052e-05 -1.11712e-05 -1 1.40989e-05 9.49055e-05 -1 5.75557e-08 1.89521e-05 -1 3.64863e-06 -1.08796e-07 -1 0 0 -1 -2.02834e-05 -7.62906e-06 -1 -1.5897e-06 1.90856e-06 -1 0.000427994 -0.000277409 -1 -4.98869e-05 0.000145052 -1 0 0 -1 1.66997e-06 2.19642e-06 -1 5.4436e-06 1.02394e-06 -1 1.41146e-06 1.49437e-07 -1 -5.7935e-07 1.16199e-06 -1 1.15719e-06 4.29497e-07 -1 6.99805e-06 3.97677e-11 -1 -2.69807e-06 -6.22396e-07 -1 6.95892e-07 1.94767e-07 -1 -4.30678e-07 -2.78358e-07 -1 -0.69758 -0.709555 -0.0995668 0.00120366 0.000682024 -0.999999 -8.02844e-06 -4.54912e-06 -1 -0.000210892 1.61276e-05 -1 1 0 0 1 0 0 0.997597 -0.0236123 -0.0651388 1 0 0 1 -1.08649e-06 -1.78497e-06 0.999965 -0.00723054 -0.00424087 1 7.15692e-08 4.01545e-07 0.999943 -0.010586 0.00103599 0.99995 -0.00967134 -0.00257434 0.999981 0.00576027 0.00202781 1 -0.000578003 -0.000796213 1 0 0 0.999769 -0.0202617 -0.00723503 1 -0.000134578 0.00020446 0.99987 -0.0123878 -0.0103038 1 0 0 0.999939 0.000978608 -0.0109637 0.998348 -0.0526134 0.0230842 0.999975 0.00347528 -0.00611209 0.99998 -0.00630901 -0.000849276 0.999285 0.0338467 0.0168625 0.999993 -0.00125982 -0.00354609 1 0 0 1 0 0 0.999998 0.00169954 -0.0013094 0.99965 0.0041165 0.026138 0.999523 -0.00644386 0.0302107 0.999969 0.00500413 0.00606663 0.999995 0.00180019 -0.00248624 0.999997 0.00222303 -0.00138898 0.999464 0.00668385 0.0320538 0.999998 -0.00168176 0.00138541 0.999956 0.00809989 0.00482212 1 8.72797e-06 -3.63488e-06 0.999999 0.00149146 -0.000218489 1 -0.00011161 -0.000595899 1 0 0 1 5.03983e-06 -5.05817e-07 0.998947 -0.0457325 -0.00369259 1 4.84633e-05 1.82716e-05 1 -5.86933e-07 2.52534e-08 0.998817 0.0281728 -0.0396353 0.999875 0.00631403 -0.0144807 0.999981 -0.00431146 -0.00442174 1 -8.69309e-07 8.42877e-06 1 1.06112e-07 -3.53572e-06 1 -0.000208373 0.000166211 0.999979 -0.00641972 -0.00131212 0.999995 -0.0029808 -0.00129926 0.999981 -0.00423549 -0.00439247 0.999912 -0.0130666 -0.0021102 0.999999 0.00106475 0.00134133 1 -2.13272e-06 7.04299e-07 0.999982 0.00604435 -0.000178717 0.999997 0.000757937 0.00246409 1 -6.23799e-05 -5.64243e-05 0.999995 0.00297896 0.00139524 0.999949 -0.00140293 0.00996804 0.999971 0.00669044 -0.00356729 1 7.41794e-06 0.00100813 1 -0.000105397 3.95889e-05 0.999995 0.00324977 0.000700788 0.999999 0.000714033 0.000787962 1 -5.43786e-05 -4.9238e-05 0.999995 0.00180047 -0.00246187 0.999997 -0.000345213 0.00240122 1 -1.93405e-05 -2.46306e-05 0.999999 -0.00143671 -0.000597444 1 2.5624e-05 -2.65965e-05 0.999999 -0.00110948 0.000789018 1 4.57567e-05 4.93925e-05 0.999999 -0.000331176 0.000974927 1 0.000511049 0.000649314 0.999999 0.00129583 -0.000171378 1 -5.24063e-05 7.88797e-06 0.999989 -0.00319378 -0.00357016 1 3.43651e-07 -2.80879e-06 0.999993 -0.00331593 -0.00160808 0.999968 0.00278952 0.00749284 1 7.80385e-07 9.60365e-07 1 1.32514e-05 2.08583e-05 1 1.55469e-06 9.75431e-06 1 5.76323e-06 -8.20015e-07 1 1.47145e-07 6.03667e-06 1 2.92463e-06 -5.09596e-06 1 -3.49348e-06 6.79399e-06 0.999907 -0.0134352 -0.00214756 0.999954 0.00857572 -0.00429859 0.99998 -0.00208941 0.00598225 1 -0.000118562 6.57891e-05 1 0.000302366 0.00018873 0.999441 0.0321274 0.00925582 0.999657 0.024449 0.00940816 0.999979 -0.0036181 -0.0053426 1 0 0 0.999998 -0.00161889 -0.00098783 0.998199 0.0273207 0.0533989 0.999883 -0.0120238 0.00949806 0.999645 -0.00266403 -0.0265262 1 -4.04383e-05 -7.69382e-05 -0.131285 0.99134 -0.00304353 -0.148858 0.988773 0.0130061 -0.211537 0.97734 -0.00759995 -0.248082 0.968697 0.00906906 -0.281077 0.959636 -0.00973376 -0.331665 0.943323 0.0118391 -0.363715 0.931509 0.00140805 -0.431695 0.902014 0.00318032 -0.396508 0.917701 -0.0246284 -0.406739 0.913454 -0.0128568 -0.486066 0.873917 0.0031203 -0.503627 0.863811 -0.0138187 -0.5658 0.824356 0.0175472 -0.611883 0.790777 -0.0164669 -0.644687 0.764361 0.0114819 -0.692148 0.721667 -0.0113616 -0.717044 0.696932 0.0115717 -0.759551 0.650346 -0.0114926 -0.782301 0.622792 0.0116172 -0.813975 0.580846 -0.00789262 -0.836227 0.548351 0.00603861 -0.855351 0.517951 -0.0100901 -0.870893 0.491392 0.00892856 -0.911124 0.412132 -0.00111581 -0.91287 0.408206 -0.00597925 -0.945159 0.326584 0.00429018 -0.964721 0.263103 0.00947779 -0.953466 0.301171 -0.0140854 -0.983081 0.183169 -0.00130491 -0.99233 0.123614 0.000388273 -0.982931 0.183976 -0.00053475 -0.997242 0.0742166 0.000240857 -0.99249 0.122328 -0.000254334 -0.99979 0.0204727 0.000145556 -0.997295 0.0734965 -0.000126319 -0.99969 0.0247303 0.00305604 -0.451425 0.892273 0.00796313 -0.457436 0.889118 -0.0148722 -0.4585 0.888641 -0.00978246 -0.521953 0.85273 0.0204012 -0.553764 0.832428 -0.0202127 -0.568688 0.822553 0 -0.61942 0.78506 0 -0.625005 0.78047 0.015309 -0.724222 0.688783 0.0328691 -0.711423 0.702545 -0.0175458 -0.786605 0.616481 -0.0346835 -0.807703 0.589291 0.0187786 -0.837963 0.545611 -0.0112707 -0.843419 0.537257 0 -0.87565 0.482946 0 -0.87902 0.476539 0.0153324 -0.925445 0.378572 -0.0153349 -0.931447 0.363364 0.0192992 -0.953784 0.299904 -0.0187874 -0.963144 0.266742 0.0346889 -0.981948 0.187776 -0.0227564 -0.986092 0.165456 0.0157062 -0.992913 0.118309 -0.0112553 -0.997303 0.0718368 0.01507 -0.998312 0.0575699 -0.00773383 -0.999301 -0.0357472 0.0108924 -0.999047 -0.0428337 -0.00843646 -0.984792 -0.173672 0.00482557 -0.985573 -0.169042 -0.00843936 -0.960662 -0.277679 0.00481781 -0.958673 -0.284153 -0.0142233 -0.889401 -0.457029 0.00949623 -0.892552 -0.450813 -0.0109246 -0.889744 -0.456287 0.0125566 -0.824 -0.564605 0.0473857 -0.847041 -0.530919 -0.0254304 -0.789981 -0.611989 -0.0374114 -0.74241 -0.669558 0.0228104 -0.683835 -0.729303 0.0220763 -0.725567 -0.687943 -0.0169623 -0.653127 -0.756324 -0.0374064 -0.595078 -0.803345 0.0227966 -0.567055 -0.823063 -0.031874 -0.525698 -0.850108 0.0309609 -0.452921 -0.890667 -0.0396863 -0.417837 -0.907811 0.0359291 -0.34646 -0.937376 -0.0359439 -0.30952 -0.950064 0.0396885 -0.219253 -0.974861 -0.0396902 -0.181006 -0.982825 0.0359448 -0.124433 -0.992076 -0.0173873 -0.0719198 -0.997254 0.0176915 -0.0499502 -0.998559 -0.0196197 0.0238566 -0.999471 0.0221101 0.101215 -0.994603 0.0228191 0.0689253 -0.997204 -0.028854 0.181676 -0.982424 -0.0428611 0.223581 -0.973871 0.0398401 0.312288 -0.949986 0.00146791 0.301866 -0.953181 -0.0179698 1.97501e-05 2.28707e-05 -1 1.86163e-05 2.03194e-05 -1 2.57103e-05 2.43771e-05 -1 2.68094e-05 2.63046e-05 -1 0 0 -1 2.04244e-07 8.93308e-06 -1 4.36624e-05 3.38247e-05 -1 1.75871e-05 1.94437e-05 -1 2.13338e-05 2.42496e-06 -1 0.000900955 0.000533359 -1 -0.000396045 -4.50175e-05 -1 1.55812e-06 9.02014e-06 -1 0 0 -1 2.95264e-05 3.95539e-05 -1 -0.160731 -0.0810583 -0.983664 0.0432369 -0.022302 -0.998816 0 0 -1 6.85826e-06 4.07705e-05 -1 1.45532e-05 2.19234e-05 -1 0 0 -1 3.38983e-06 4.54412e-05 -1 7.7169e-06 1.01061e-05 -1 3.88461e-06 3.09712e-05 -1 0 0 -1 -4.33293e-06 1.92437e-05 -1 2.80536e-06 8.5353e-06 -1 0 0 -1 -3.97085e-06 1.86447e-05 -1 1.56315e-06 2.79793e-06 -1 -3.46116e-05 8.25072e-05 -1 -3.41798e-05 0.000143583 -1 0.0024421 -0.000373459 -0.999997 0.0687164 -0.122647 -0.990069 -0.0911997 0.995833 0 -0.0959478 0.995358 0.00748769 -0.192831 0.981167 0.0113101 -0.184417 0.982797 -0.0100628 -0.305115 0.952122 0.019191 -0.30358 0.952798 0.00396455 -0.301814 0.953361 -0.00335387 -0.303172 0.952878 -0.0105148 -0.0289041 -0.0172695 -0.999433 0.00248935 -0.000719245 -0.999997 -0.000306549 -5.2578e-05 -1 -1.92133e-05 4.04453e-05 -1 -1.74618e-05 0.000105585 -1 0.000690736 2.9615e-05 -1 0.00032007 -0.000150054 -1 0 0 -1 0 0 -1 0 0 -1 0 0 -1 0 0 -1 3.67428e-05 -1.67181e-06 -1 1.49019e-05 -9.93983e-06 -1 0 0 -1 3.12165e-05 -1.70095e-07 -1 5.29894e-05 -2.16764e-05 -1 4.74573e-05 -2.05183e-05 -1 5.3018e-05 -2.92409e-05 -1 -4.26438e-06 -1.16575e-05 -1 0 0 -1 7.68858e-05 -3.03092e-05 -1 7.0883e-05 -5.55527e-05 -1 6.55592e-05 -5.25604e-05 -1 6.19618e-05 -6.11886e-05 -1 7.97199e-05 -7.50743e-05 -1 5.73042e-05 -6.77187e-05 -1 6.47127e-05 -8.20176e-05 -1 0.000101767 -0.000148779 -1 3.42407e-05 -7.15079e-05 -1 0.00186618 -0.000831337 -0.999998 -0.0307505 0.123481 -0.99187 0.378669 -0.912905 -0.152363 0.488968 -0.872145 0.0165679 0.445011 -0.895343 -0.0180541 0.521421 -0.853132 -0.0169206 0.564202 -0.825466 0.0167798 0.584455 -0.811112 -0.0225927 0.648236 -0.760229 0.0429106 0.68082 -0.731193 -0.0429097 0.747969 -0.662864 0.033975 0.761321 -0.648151 -0.0170702 0.834204 -0.551191 0.0170653 0.840132 -0.542282 -0.0104283 0.889057 -0.457709 0.00896818 0.89303 -0.449907 -0.00897305 0.927554 -0.37361 0.00765224 0.952621 -0.304162 0 0.929372 -0.369145 0 0.954675 -0.297265 -0.0151571 0.981132 -0.192744 0.015151 0.982605 -0.185708 0 0.993179 -0.116599 0 0.993494 -0.113786 -0.00477109 0.999707 -0.0237499 -0.00477402 0.999767 -0.0161005 0.0143968 0.134951 -0.574342 0.807416 0.0486044 0.0231187 0.998551 0 0 1 0 0 1 0 0 1 0 0 1 0 0 1 0 0 1 0 0 1 -0.000147228 0.000235871 1 -0.000154934 8.47698e-05 1 0 0 1 -0.000159136 0.000186304 1 -0.0001463 5.36572e-05 1 0 0 1 0 0 1 0 0 1 0 0 1 0 0 1 0 0 1 0 0 1 0 0 1 0 0 1 0 0 1 0 0 1 0 0 1 0 0 1 -5.16902e-05 2.58886e-05 1 -9.50385e-05 1.11575e-05 1 -3.17373e-05 -1.68246e-05 1 0 0 1 0 0 1 -0.000346698 0.000105025 1 -0.000581087 -0.000160121 1 0 0 1 0.00030909 -4.38455e-05 1 0.000484904 0.000210024 1 -0.000386737 -0.000167505 1 -0.0091521 0.00292404 0.999954 0.180487 0.167773 0.969163 0.000466864 -2.55515e-05 -1 0.000122674 -0.000481678 -1 -4.41805e-05 -2.68598e-05 -1 0 0 -1 -9.49593e-05 0.000180384 -1 -8.12879e-05 9.26762e-05 -1 -9.77106e-05 0.00010494 -1 -4.43564e-05 5.61458e-06 -1 0 0 -1 -0.000110589 0.000122942 -1 -8.24494e-05 5.63776e-05 -1 -9.61863e-05 6.20856e-05 -1 -3.54238e-05 -4.42652e-06 -1 0 0 -1 -7.66296e-05 5.78032e-05 -1 -8.69326e-05 3.45295e-05 -1 -6.9757e-06 -1.86098e-05 -1 0 0 -1 -0.000110098 5.20285e-05 -1 -5.05028e-05 -6.3071e-06 -1 0 0 -1 0 0 -1 -4.37288e-05 1.40406e-05 -1 0 0 -1 2.70732e-05 -1.10328e-05 -1 -4.87707e-05 1.15864e-06 -1 -0.000149021 6.07287e-05 -1 -0.000389775 -9.67988e-05 -1 0 0 -1 6.94559e-05 -4.16246e-05 -1 0.000210119 3.13901e-05 -1 -0.00761663 0.000164473 -0.999971 0.0125633 0.0151336 -0.999807 0.000246793 -0.000147426 -1 0.000296173 -0.000383029 -1 0.000217755 -0.000254452 -1 0.00013334 -9.64661e-05 -1 0.000106882 -0.000223258 -1 0.000197239 -0.000182411 -1 7.50114e-05 -0.000125365 -1 0.000298521 -0.000173366 -1 8.48009e-05 -0.000127764 -1 0.000245555 -0.000111121 -1 0.000251712 -9.8334e-05 -1 9.36792e-05 -0.000184207 -1 0.000219441 -7.55528e-05 -1 4.35183e-05 -0.000151715 -1 4.17705e-05 -0.000273348 -1 0.00023341 -6.62767e-05 -1 0.000258791 -8.09165e-05 -1 0.000267807 -3.63296e-05 -1 7.5259e-05 -0.000329725 -1 0.000186586 -4.97022e-06 -1 6.65228e-05 -0.000354623 -1 1.98344e-05 -0.000214858 -1 0.000191085 1.76214e-05 -1 0.000230215 2.78266e-05 -1 3.06632e-06 -0.000223225 -1 0.000392627 -4.51432e-05 -1 1.67165e-05 -0.000284019 -1 0.00044 8.97381e-05 -1 0.000305384 3.39123e-05 -1 -6.03849e-05 -0.000265591 -1 -5.01769e-05 -0.000243728 -1 0.000187733 9.36676e-05 -1 7.96216e-05 3.44642e-06 -1 -6.31818e-05 -0.000224569 -1 -5.10791e-05 -9.08562e-05 -1 2.847e-05 1.16674e-05 -1 3.12737e-05 -6.33876e-05 -1 0.00046329 0.000105232 -1 3.53078e-05 -4.58544e-05 -1 0.000235418 0.000132296 -1 0.000252495 0.000236861 -1 0.00011768 7.04474e-05 -1 2.10296e-05 -3.4129e-05 -1 -0.000251352 -0.000266287 -1 8.68059e-05 7.02573e-05 -1 -0.000233894 -0.000158268 -1 0.000134712 9.1414e-05 -1 -3.97178e-05 -5.73176e-05 -1 0.000115745 9.54039e-05 -1 -6.11323e-05 -0.000128557 -1 0.000123258 0.000106461 -1 -0.000257481 -0.000222373 -1 6.63605e-05 9.08538e-05 -1 -0.000251191 -0.000200806 -1 6.06534e-05 0.000165323 -1 1.06876e-05 7.87924e-06 -1 -0.00020773 -0.000152286 -1 3.08726e-06 1.15657e-05 -1 -0.000225093 -0.000145025 -1 -0.000297699 -0.000165705 -1 5.57255e-06 3.59455e-06 -1 -2.17096e-06 3.6103e-06 -1 -0.000415952 -0.000104806 -1 -3.92661e-05 -2.25612e-05 -1 -2.38239e-07 1.888e-06 -1 -6.28272e-05 -2.08642e-05 -1 -5.58839e-05 -9.96616e-06 -1 2.73113e-07 1.70536e-07 -1 -3.34776e-05 -1.1362e-05 -1 -6.93056e-07 7.88391e-07 -1 -9.48113e-05 -5.03187e-05 -1 0.000591638 0.00173333 -0.999998 -9.62511e-05 0.000460505 -1 -0.000267457 -7.65533e-06 -1 -0.000261703 -5.2082e-06 -1 -0.000410476 7.67217e-05 -1 -0.000423267 7.54399e-05 -1 -1.01934e-08 -9.22943e-08 -1 2.79605e-08 2.7286e-08 -1 -6.77442e-08 -8.18862e-12 -1 -0.000537115 0.000150697 -1 -0.000202165 0.000131006 -1 -3.15744e-07 2.12619e-06 -1 -3.95411e-07 -1.2767e-06 -1 6.98977e-08 1.8334e-08 -1 3.58291e-07 -5.98892e-07 -1 -1.27274e-05 1.93617e-06 -1 -4.79703e-08 5.14088e-08 -1 -1.78616e-07 1.63243e-06 -1 -0.000169285 7.50024e-05 -1 -0.000122403 6.41439e-05 -1 -0.87024 -0.301096 -0.389903 -0.000146619 0.000112056 -1 -0.000195898 0.000124582 -1 -0.000159488 0.000155153 -1 -0.000127634 0.000103224 -1 -0.000126386 0.000102687 -1 1.77439e-05 1.17426e-05 -1 0 0 -1 -5.34386e-06 9.86514e-06 -1 0.00260819 0.00172378 -0.999995 -4.55904e-06 2.84449e-06 -1 6.95546e-07 4.42533e-06 -1 -8.50253e-07 5.13848e-07 -1 5.25885e-07 1.06364e-06 -1 -2.68731e-07 1.75072e-07 -1 -1.33815e-07 -1.19593e-07 -1 4.60749e-07 5.26012e-07 -1 -1.09581e-06 -1.11342e-05 -1 9.92627e-08 -1.22648e-06 -1 -1.09013e-05 1.83009e-05 -1 -2.53127e-07 1.10369e-06 -1 -2.379e-07 -8.72991e-08 -1 1.41013e-06 1.47112e-06 -1 1.26095e-06 7.70721e-07 -1 0 0 -1 0 0 -1 0 0 -1 1.36839e-06 -3.31652e-07 -1 -8.25584e-07 4.2025e-07 -1 9.06439e-08 -3.00003e-08 -1 0 0 -1 0 2.91677e-08 -1 2.01288e-07 1.24328e-07 -1 -1.04989e-06 -2.40113e-07 -1 1.142e-07 -4.10034e-08 -1 0 0 -1 0 0 -1 2.32913e-07 9.68043e-08 -1 -0.051118 0.0753819 -0.995844 -0.000432409 -0.00447417 -0.99999 8.78811e-06 5.69789e-05 -1 1.22494e-05 4.79713e-05 -1 1.09916e-06 -9.78071e-06 -1 -0.999719 -0.0236916 0 -0.999719 -0.0236916 0 -0.997474 -0.0710259 0 -0.997474 -0.0710259 0 -0.992989 -0.118204 0 -0.992989 -0.118204 0 -0.986278 -0.165095 0 -0.986278 -0.165095 0 -0.977341 -0.211669 0 -0.977341 -0.211669 0 -0.966223 -0.257709 0 -0.966223 -0.257709 0 -0.937492 -0.347998 0.00256819 -0.936861 -0.34967 0.00476304 -0.939206 -0.343351 0.00132377 -0.952884 -0.303161 -0.0102294 -0.948872 -0.315662 0 -0.921815 -0.387598 0.0050652 -0.919925 -0.391977 0.00962141 -0.939566 -0.342367 -0.0010794 -0.95288 -0.30316 0.0106325 -0.915412 -0.402517 0.00142868 -0.936623 -0.350304 -0.00503257 -0.906869 -0.421411 -0.000670447 -0.900295 -0.435148 0.0107288 -0.897361 -0.441283 0.00342629 -0.937491 -0.347997 -0.00303713 -0.928513 -0.371301 0.000123706 -0.92168 -0.387932 -0.00394173 -0.889389 -0.45715 -0.000890987 -0.878737 -0.477283 0.00460124 -0.919924 -0.391977 -0.00973272 -0.910924 -0.412571 0.00130517 -0.878617 -0.477507 0.00439868 -0.902907 -0.429808 -0.00487655 -0.879888 -0.47515 0.00541892 -0.857739 -0.514081 -0.00215046 -0.855104 -0.518416 -0.00650871 -0.900299 -0.43515 -0.0103086 -0.891099 -0.453809 -0.000246676 -0.896022 -0.444001 -0.00253859 -0.873636 -0.486579 -0.000881191 -0.876262 -0.481829 -0.00236573 -0.879177 -0.476465 -0.00533504 -0.878738 -0.477284 -0.00445189 -0.855105 -0.518417 0.00623763 -0.859425 -0.511262 0 -0.829618 -0.558331 0 -0.829618 -0.558331 0 -0.802236 -0.597008 0 -0.802236 -0.597008 0 -0.77304 -0.634358 0 -0.77304 -0.634358 0 -0.742136 -0.670249 3.23972e-07 -0.742137 -0.670248 0 0 0.695636 -0.718394 5.51612e-06 0.695708 -0.718325 0 0.658506 -0.752575 0 0.658506 -0.752575 0 0.620834 -0.783942 0 0.620834 -0.783942 0 0.539909 -0.841724 0 0.580804 -0.814044 0 0.580804 -0.814044 0 0.539909 -0.841724 0 0.453989 -0.891007 0 0.497604 -0.867405 0 0.497604 -0.867405 0 0.453989 -0.891007 0 0.409167 -0.91246 0 0.409167 -0.91246 0 0.316834 -0.948481 0 0.363509 -0.931591 0 0.363509 -0.931591 0 0.316834 -0.948481 0 0.269378 -0.963035 0 0.269378 -0.963035 0 0.221395 -0.975184 0 0.221395 -0.975184 0 0.123658 -0.992325 0 0.172611 -0.98499 0 0.172611 -0.98499 0 0.123658 -0.992325 0 0.0743423 -0.997233 0 0.0743423 -0.997233 0 0.0248816 -0.99969 0 0.0248816 -0.99969 0 0.128544 -0.991704 0.000273932 0.119596 -0.992823 -0.000295316 -0.057617 -0.998339 0.000739253 -0.0871747 -0.996193 -0.000703725 -0.195741 -0.980655 0.000871093 -0.279639 -0.960105 -0.000884386 -0.366873 -0.930271 0.000593832 -0.424425 -0.905463 -0.000423081 -0.5344 -0.845232 0.000936457 -0.572628 -0.819815 -0.00145774 -0.671957 -0.740589 0.00178084 -0.766547 -0.642185 -0.00143117 -0.821715 -0.569897 0.00116719 -0.895555 -0.44495 -0.00111355 -0.932717 -0.360608 0.00102053 -0.961675 -0.274189 -0.000994859 -0.984223 -0.176927 0.000683178 -0.99848 -0.0551088 -0.000417563 -0.996547 -0.083028 0 0.180744 -0.98353 2.4733e-07 0.180745 -0.98353 -0.000247852 0.64983 -0.760079 0.000471655 0.604519 -0.796591 -0.000596909 0.574667 -0.818387 0.000657836 0.43486 -0.900498 -0.000570365 0.403339 -0.91505 0.000430973 0.290244 -0.956953 -0.000279166 0.26221 -0.965011 -0.759343 -0.641333 -0.109954 -0.609285 -0.75535 -0.241282 -0.639982 -0.716257 -0.278207 -0.631772 -0.636463 -0.44247 -0.768473 -0.428048 -0.47563 -0.778766 -0.335669 -0.529953 -0.831475 -0.32971 -0.447147 -0.62347 -0.28838 -0.72672 -0.527642 -0.166054 -0.833079 -0.533766 -0.0595309 -0.843534 -0.686758 0.110906 -0.718376 -0.701827 0.12552 -0.701202 -0.707097 0.127806 -0.695471 -0.71098 0.126634 -0.691717 -0.686594 0.194792 -0.70046 -0.723231 0.275588 -0.633237 -0.711616 0.290847 -0.63954 -0.679961 0.421714 -0.599842 -0.70223 0.462797 -0.541011 -0.726595 0.47795 -0.493582 -0.714941 0.460418 -0.526189 -0.699294 0.483673 -0.526354 -0.719822 0.430957 -0.54418 -0.697993 0.415916 -0.58294 -0.708009 0.381285 -0.594428 -0.672295 0.415344 -0.612788 -0.743393 0.332825 -0.580168 -0.752919 0.298776 -0.586384 -0.739945 0.275233 -0.613782 -0.699858 0.259648 -0.665418 -0.684919 0.230851 -0.691081 -0.653704 0.254296 -0.712745 -0.724362 0.185715 -0.663935 -0.735271 0.150055 -0.660954 -0.721654 0.119491 -0.681863 -0.678704 0.0908158 -0.728775 -0.713983 0.0520517 -0.698225 -0.680671 0.091519 -0.72685 -0.718093 0.0173163 -0.695732 -0.707008 -0.0167548 0.707008 -0.746941 -0.0322724 0.664107 -0.681808 -0.0485486 0.729919 -0.667466 -0.0794543 0.740389 -0.74655 -0.124967 0.653488 -0.735567 -0.120955 0.666567 -0.669424 -0.144981 0.728596 -0.69992 -0.186681 0.689393 -0.710881 -0.192755 0.676382 -0.652666 -0.207647 0.728636 -0.679128 -0.252093 0.689372 -0.664491 -0.242178 0.706966 -0.650591 -0.277215 0.707024 -0.667367 -0.292685 0.684804 -0.616678 -0.298065 0.728606 -0.6366 -0.345767 0.689337 -0.661993 -0.36928 0.652225 -0.584538 -0.354383 0.729882 -0.567088 -0.381649 0.729901 -0.586767 -0.43666 0.681932 -0.615695 -0.449427 0.647252 -0.522739 -0.42896 0.736707 -0.53144 -0.47996 0.698004 -0.52455 -0.471193 0.709101 -0.707682 -2.27858e-05 -0.706531 -0.707078 1.12569e-06 -0.707135 0.705171 -0.0167054 0.70884 0.740841 -0.0527688 0.669604 0.717111 -0.0853442 0.691714 0.635857 -0.107398 0.764298 0.639584 -0.107087 0.761226 0.706084 -0.152883 0.691428 0.725001 -0.193402 0.661037 0.685872 -0.218217 0.694235 0.60098 -0.222307 0.767726 0.597913 -0.221936 0.770224 0.664603 -0.283179 0.691457 0.675561 -0.326543 0.66105 0.632509 -0.343532 0.694203 0.537982 -0.328247 0.776421 0.545264 -0.33059 0.770323 0.595198 -0.400569 0.696623 0.610425 -0.454261 0.648867 0.576246 -0.472858 0.666592 -0.523818 -0.470123 -0.710351 -0.531843 -0.480325 -0.697446 -0.522915 -0.429105 -0.736498 -0.586717 -0.436623 -0.681999 -0.564241 -0.426459 -0.70694 -0.586706 -0.394852 -0.707014 -0.628269 -0.405262 -0.664109 -0.584566 -0.3544 -0.729852 -0.59073 -0.320853 -0.740332 -0.68151 -0.329401 -0.653483 -0.670148 -0.326306 -0.666654 -0.630111 -0.268489 -0.728611 -0.67917 -0.252109 -0.689325 -0.6916 -0.253484 -0.676339 -0.652664 -0.207646 -0.728637 -0.699925 -0.186682 -0.689387 -0.712452 -0.186875 -0.67638 -0.669415 -0.144979 -0.728605 -0.714542 -0.119609 -0.689292 -0.696832 -0.120922 -0.706968 -0.702234 -0.083593 -0.707022 -0.702248 -0.0835899 -0.707009 -0.705418 -0.0502298 -0.707009 -0.721704 -0.045729 -0.69069 -0.683675 -0.0162019 -0.729607 0.530464 -0.479101 0.699336 0.511969 -0.455337 0.728393 0.527462 -0.432812 0.731067 0.607279 -0.451925 0.653434 0.601654 -0.445842 0.66275 0.557669 -0.375333 0.740359 0.584533 -0.354355 0.7299 0.621437 -0.337557 0.707016 0.649886 -0.369586 0.664119 0.681285 -0.329265 0.653785 0.641672 -0.297719 0.706839 0.650585 -0.277237 0.707021 0.709416 -0.263336 0.653745 0.659234 -0.256616 0.706794 0.673955 -0.21442 0.706972 0.673925 -0.214421 0.707 0.683328 -0.182255 0.706998 0.706074 -0.180398 0.684774 0.669427 -0.144958 0.728598 0.714448 -0.119618 0.689388 0.754403 -0.116224 0.646041 0.678737 -0.0807793 0.729925 0.670475 -0.0477464 0.740394 0.756755 -0.0179366 0.653453 0.706873 -0.0257279 0.706873 -0.65429 -0.00439417 -0.756231 -0.688238 -0.0163028 -0.725302 -0.73109 -0.0520316 -0.680295 -0.715517 -0.0851964 -0.693381 -0.659866 -0.103564 -0.744212 -0.680382 -0.113877 -0.723956 -0.723737 -0.156749 -0.672038 -0.709188 -0.189141 -0.679174 -0.652516 -0.201278 -0.730554 -0.66452 -0.211424 -0.716738 -0.675478 -0.25077 -0.693429 -0.633203 -0.269168 -0.725674 -0.634678 -0.270427 -0.723915 -0.666722 -0.322228 -0.67205 -0.644935 -0.350323 -0.679214 -0.58703 -0.348808 -0.730567 -0.596337 -0.361515 -0.716722 -0.597746 -0.402285 -0.693446 -0.557401 -0.409429 -0.722268 -0.56368 -0.419516 -0.711527 -0.564996 -0.463627 -0.682517 0.707107 0 0.707107 0.70711 -6.85237e-08 0.707104 0.707008 -0.0167575 -0.707008 0.707006 -0.0167569 -0.707009 0.705418 -0.0502348 -0.707009 0.744555 -0.0676197 -0.664128 0.678767 -0.0807829 -0.729897 0.662958 -0.110997 -0.740382 0.739771 -0.16019 -0.653513 0.693174 -0.140933 -0.706857 0.683332 -0.182257 -0.706993 0.702121 -0.195187 -0.684783 0.652731 -0.207668 -0.728571 0.679205 -0.252122 -0.689286 0.664498 -0.242159 -0.706967 0.650582 -0.277236 -0.707024 0.667357 -0.292706 -0.684805 0.616698 -0.29805 -0.728594 0.636574 -0.345779 -0.689356 0.645817 -0.354268 -0.676324 0.585731 -0.355082 -0.728585 0.60103 -0.404517 -0.689297 0.609392 -0.413803 -0.67632 0.54948 -0.408912 -0.728603 0.560003 -0.459514 -0.689379 0.54942 -0.445406 -0.706931 0.524851 -0.474029 -0.706985 0.517603 -0.463924 -0.718931 0.635167 -0.759777 0.138929 0.727795 -0.662873 0.175822 0.741148 -0.647172 0.178515 0.704241 -0.675776 0.217649 0.68046 -0.676563 0.281492 0.746777 -0.583262 0.319576 0.708323 -0.634332 0.309681 0.734426 -0.591961 0.331965 0.668222 -0.616693 0.416135 0.662764 -0.595406 0.454131 0.684601 -0.556339 0.470965 0.726184 -0.502021 0.469715 0.777092 -0.437991 0.451986 0.734357 -0.487102 0.472707 0.701744 -0.469494 0.535846 0.70311 -0.441686 0.557271 0.721494 -0.408748 0.558902 0.705186 -0.408769 0.579329 0.676079 -0.373174 0.635341 0.706495 -0.313005 0.634739 0.750305 -0.26438 0.605925 0.723245 -0.262121 0.638913 0.675375 -0.233607 0.699497 0.657994 -0.194094 0.727579 0.69062 -0.13677 0.710168 0.759515 -0.0804682 0.645494 0.719653 -0.0935196 0.688007 0.811633 -0.0435165 0.582544 0.700271 -0.0176812 0.713658 0.706899 0 -0.707315 0.707107 7.8003e-06 -0.707107 0.732649 -0.67905 -0.046001 0.729986 0.0170056 -0.68325 0.748596 0.0492909 -0.661192 0.744042 0.08262 -0.663005 0.7147 0.120729 -0.688933 0.685428 0.161207 -0.710071 0.668157 0.15513 -0.727668 0.716997 0.187777 -0.671308 0.720734 0.219633 -0.657498 0.697893 0.260346 -0.667207 0.710101 0.288094 -0.642462 0.694192 0.264018 -0.669621 0.690833 0.328241 -0.644211 0.698443 0.329051 -0.635534 0.719599 0.345531 -0.602317 0.721099 0.374066 -0.583173 0.696 0.417041 -0.584517 0.711286 0.436385 -0.551035 0.683875 0.430132 -0.589323 0.717507 0.458683 -0.524207 0.70554 0.4824 -0.519137 0.730903 0.474677 -0.490371 0.659262 0.0905574 -0.74644 0.543283 -0.0733788 -0.836337 0.600276 -0.224928 -0.767513 0.704165 -0.290853 -0.647731 0.717908 -0.403552 -0.567233 0.781672 -0.306255 -0.54332 0.670198 -0.573434 -0.471178 0.737726 -0.572641 -0.35755 0.685219 -0.647701 -0.333103 0.650838 -0.729389 -0.210719 0.730133 -0.681657 -0.0474325 0.65183 0.458861 -0.603792 0.611156 0.345167 -0.712284 0.737041 0.140079 -0.661172 0.678922 0.21101 -0.703236 0.710996 0.126618 -0.691703 0.70695 0.12784 -0.695614 0.139849 0.670426 -0.728678 0.595312 0.803357 -0.014881 -0.283603 0.930532 -0.231688 0.117545 0.191924 -0.974345 -0.0456678 0.213627 -0.975847 1 -0.00021043 0.000302926 1 0.000608682 0.000319701 1 -6.26631e-06 -0.000653937 1 -0.000287319 1.27106e-05 1 -0.000189799 6.45239e-05 1 0.000198615 -0.000641661 1 -0.000161974 -0.000121478 1 6.49207e-05 -4.67188e-05 1 0.000136194 -0.000212452 1 5.77993e-05 -5.30944e-05 1 -5.38177e-05 -0.00054983 1 -0.000730999 -0.000239476 1 0.000263572 -0.000397522 1 -0.000356475 -0.000663347 1 -0.000376941 -0.000388131 0.473972 0.568803 -0.672171 -0.367877 0.629805 -0.684114 -0.244359 0.668368 -0.702547 0.185961 0.394849 -0.899729 -0.119527 0.179662 -0.97644 -0.370082 -0.857229 -0.358047 0.380264 -0.879094 -0.287389 -0.325912 -0.462881 -0.824332 0.0962569 -0.439365 -0.893137 -0.999994 0.00286377 0.00205301 -0.999995 -0.00219437 0.00223776 -0.999996 -0.00214419 -0.00207309 -1 8.78861e-05 -0.000546434 -1 7.91473e-05 -0.000221975 -1 -7.23807e-05 -0.000354811 -1 1.24895e-05 -0.000312527 -0.999997 -0.00253241 0.000619976 -0.999981 -0.000113491 -0.00616374 -1 -0.000121467 -0.000169392 -1 -0.000204392 -0.000423255 -1 -1.88317e-05 -4.84756e-05 -1 -4.03702e-05 1.86892e-05 -1 0.000132363 8.82767e-05 -1 0.000169809 -0.000365939 -0.355419 0.205472 -0.911843 0.804768 0.267523 0.529887 0.85225 -0.331657 0.404566 0.836093 -0.540968 0.0911238 0.557778 -0.630089 0.540251 -0.153572 -0.961326 0.228621 0.687665 -0.636386 -0.349471 0.240569 -0.533853 -0.810634 0.564158 -0.241106 -0.78968 0.81677 0.288694 0.499543 0.800868 -0.490515 0.34352 0.169732 0.48797 0.856199 -0.061763 0.222545 0.972964 0.127645 -0.815298 0.564797 0.0751906 -0.789367 0.6093 -0.13277 0.242764 0.960957 -0.102818 -0.818889 0.564667 0.831243 0.271984 0.48483 0.837783 -0.265306 0.477213 -0.0447792 0.733256 0.678476 0.105458 0.493771 0.863174 -0.0414829 0.164927 0.985433 0.0415466 -0.458382 0.887783 0.0982306 -0.377335 0.920852 -0.0399967 -0.899162 0.435785 0.480177 0.771296 0.417771 0.534407 0.150131 0.831787 -0.188028 -0.192276 0.963159 -0.711992 -0.700514 0.0484485 -0.509546 -0.84363 0.169263 0.217907 -0.912318 0.346687 -0.158594 -0.766131 0.622809 -0.761984 -0.351177 0.54411 -0.815121 -0.223005 0.534647 -0.793548 -0.125174 0.595494 -0.473028 0.0372715 0.880259 0.247846 0.19279 0.949423 -0.101944 0.249488 0.962997 -0.816996 0.312741 0.484469 -0.85596 0.396594 0.331731 -0.81722 0.496557 0.292543 -0.663282 0.699276 0.266592 -0.61244 0.783174 0.107501 -0.265185 0.934562 0.237213 7.51923e-05 0.991264 0.131891 -0.000258256 0.98925 0.146236 0.000279389 0.934186 0.356786 -0.00012947 0.92766 0.373426 0.00063395 0.858829 0.512262 -0.000333598 0.821311 0.570481 0.000272267 0.754532 0.656263 -0.000122971 0.74041 0.672155 -0.000148238 0.579416 0.815032 0.000888712 0.549598 0.835429 -0.00110162 0.350418 0.936593 0.000888035 0.25114 0.96795 -0.000581422 0.139597 0.990208 0.00092134 0.0435017 0.999053 -0.000550742 -0.142474 0.989798 0.000498131 -0.193903 0.981021 -0.000519306 -0.304111 0.952636 0.000492686 -0.40808 0.912946 -0.000784132 -0.509223 0.860634 0.000129044 -0.544706 0.838627 0.000154114 -0.73654 0.676394 -0.000405507 -0.747852 0.663865 0.000348626 -0.902956 0.429733 -9.24476e-05 -0.908861 0.417099 2.6495e-05 -0.98108 0.193603 -8.40858e-05 -0.979991 0.199044 2.69343e-05 -0.997575 0.0696045 -0.000250065 -0.998718 0.0506167 0.608912 0.78353 0.123721 0.202231 0.94255 0.2659 0.569233 0.765377 0.300287 0.785169 0.508852 0.352957 0.810257 0.422437 0.40624 0.778339 0.382518 0.497863 0.458153 0.372764 0.806934 0.660908 0.252579 0.706685 0.787178 0.0839707 0.610983 0.743432 -0.0934224 0.662255 0.546152 -0.241832 0.80202 0.378263 -0.316482 0.869918 0.76771 -0.323565 0.553106 0.865748 -0.383738 0.321287 0.789403 -0.556323 0.259513 0.227383 -0.954651 0.192194 -0.574047 -0.817982 0.0370862 -0.695194 -0.718789 0.00696273 0.554618 -0.728277 0.402506 -0.321206 -0.846598 0.42438 -0.00240791 0.472067 0.88156 0.310548 0.83195 -0.459804 0.316214 0.83019 -0.459122 0.315613 -0.911802 -0.26269 0.315659 -0.911788 -0.262684 0.553841 0.80008 0.230503 -0.315549 0.900615 0.298868 -0.000645941 0.290148 -0.956982 0.446842 -0.422478 -0.788572 0.0273683 -0.455274 -0.88993 -0.00205208 -0.882403 0.47049 0.0109086 0.48943 0.871975 0.446851 0.42248 0.788565 0.970818 -0.154256 -0.183625 0.8897 0.171218 -0.423224 0.00591091 -0.662327 -0.749192 0.71904 -0.592986 0.362421 0.978623 -0.0586379 0.197128 -0.146266 0.871683 0.467734 0.955117 0.167545 0.244297 0.935827 -0.262998 -0.234647 0.951204 0.269039 0.151093 0.954843 -0.254642 -0.153074 0.999751 -0.00577351 0.0215357 0.999959 -0.00711683 0.00560098 0.946935 -0.30203 -0.109961 -0.557867 -0.593751 0.579865 0.999828 0.000820716 0.0185456 -0.887563 0.446465 0.113584 0.832708 0.433488 -0.344508 0.999817 0.00529348 -0.0183684 0.999968 0.00637458 -0.0048898 0.158533 -0.310408 -0.937291 0.000633068 -0.303652 -0.952783 -0.000260319 -0.277043 0.960858 -0.0368632 -0.27956 0.95942 0.448171 0.868452 0.211977 0.487213 0.849723 0.201482 0.984274 -0.172351 -0.0387194 0.964462 0.0802295 0.251745 0.968015 0.0713408 -0.240537 0.999235 0.0315796 0.0230803 0.999988 0.0044149 -0.00196218 0.865711 -0.215128 -0.451956 0.255467 -0.965262 -0.0548363 0.386569 0.470901 0.79298 0.906606 0.384861 0.173054 -0.945639 0.279683 -0.165968 0.971679 -0.0419106 -0.23256 0.991934 -0.0867207 0.0924443 -0.465303 0.885081 0.0111955 0.852486 0.238861 0.464987 -0.0790536 -0.131461 -0.988164 0.999965 0.00202761 -0.0081608 0.697914 -0.650355 -0.299926 0.905809 -0.406401 -0.119785 -0.85411 0.0934022 0.511636 0.999975 -0.00544263 0.0045015 0.999999 -0.000742086 0.00136168 -0.975716 0.192821 -0.103911 -0.9735 0.185256 -0.134083 -0.760191 0.618436 -0.199114 -0.555955 0.755961 0.345598 -0.436158 0.861607 -0.259614 -0.00249077 0.999109 -0.0421231 0.0172149 0.998181 0.0577754 0.409448 0.912265 -0.0112019 0.747039 0.635459 -0.195258 0.800731 0.595713 0.0628962 0.956297 0.283062 -0.0732988 0.962435 0.270197 -0.0266803 0.963245 -0.229613 -0.13942 -1 0 9.53596e-06 -1 2.48892e-07 0 -0.880202 -0.384135 0.278721 -0.996403 -0.0847428 0 1 2.36463e-06 0 1 5.79774e-07 -6.95836e-05 0.98308 0.133525 -0.125399 0.948266 0.256921 0.186502 0.721802 0.670996 0.169608 0.705052 0.705759 0.0693201 0.549807 0.827194 -0.11603 0.402474 0.915118 0.02396 0.0801426 0.991235 0.105023 -0.282025 0.921667 0.266445 -0.716111 0.658698 0.230872 -0.820686 0.540659 -0.18483 -0.94012 0.267295 0.211492 -0.979035 0.154999 -0.132156 1 1.36843e-06 0 1 0 5.29819e-05 -0.982481 -0.122113 -0.140782 -0.956889 -0.253572 0.141648 -0.862184 -0.487358 -0.138276 -0.826982 -0.55645 0.0804013 -1 6.92488e-07 0.000128685 -1 0 0.000101725 4.23742e-05 0.000149475 1 -4.57073e-07 1.53972e-06 1 -1.49117e-06 3.79926e-07 1 2.19613e-05 8.8935e-06 1 -1.69147e-05 1.05355e-05 1 1.93986e-06 3.47526e-06 1 -1.14863e-05 5.02681e-06 1 -0.000214674 -0.000139725 1 -1.46091e-05 6.3419e-06 1 -7.85384e-05 8.02195e-05 1 6.87728e-05 9.74263e-07 1 0.000158651 -0.000109271 1 -4.42811e-07 -8.16398e-07 1 5.17183e-05 6.62633e-06 1 -3.75714e-06 -4.77161e-07 1 7.11426e-06 -1.48072e-07 1 -1.14659e-05 -2.59733e-06 1 -1.35879e-05 -2.25174e-06 1 -1.50168e-06 1.03989e-12 1 -1.62871e-05 3.59525e-06 1 6.76158e-06 -3.56236e-06 1 3.25043e-05 -3.01376e-06 1 -0.000904849 -0.000409122 1 0 0 1 0 0 1 0.0001946 0.000125881 1 0.000848865 0.000563094 1 0.941928 -0.222827 0.251236 0.0212278 0.00108965 0.999774 1.58413e-05 -1.26291e-05 1 2.36856e-05 -9.65934e-06 1 -7.16413e-05 1.41792e-05 1 -6.24208e-06 -2.4919e-06 1 0.662486 0.126465 0.738322 0.559358 0.280209 0.780129 0.478023 0.538948 0.693563 0.467939 0.613682 0.635947 0.317339 0.625456 0.712812 0.168923 0.672309 0.720739 -0.00155699 0.754076 0.656786 -0.0262959 0.733173 0.679534 -0.28464 0.605376 0.743303 -0.516712 0.579105 0.630592 -0.518369 0.537221 0.665347 -0.593546 0.19882 0.779855 -0.945815 0.324698 -0.00225257 -0.932452 0.361294 0.000538082 -0.708373 0.705838 0.000299194 -0.709079 0.705129 0.000364204 -0.42554 0.904939 -0.00126722 -0.408282 0.912856 -4.82271e-05 -0.0937112 0.995598 0.00142375 -0.0273712 0.999624 -0.00179907 0.237341 0.971426 -0.000175457 0.207865 0.978157 0.000773778 0.434428 0.900706 -0.00104403 0.400213 0.916422 0.000183285 0.640532 0.767929 0.00200568 0.686189 0.727422 -0.00120082 0.873251 0.487268 -0.00136082 0.902623 0.430426 0.00217054 0.986533 0.163557 -0.00105735 0.992702 0.120588 0.000708543 -0.61844 0.247326 -0.745896 -0.560734 0.574561 -0.596202 -0.608651 0.575782 -0.545911 -0.291414 0.604753 -0.741183 -0.0556266 0.69776 -0.714168 0.0488262 0.769129 -0.637226 0.152273 0.683638 -0.713759 0.26499 0.62228 -0.736578 0.465603 0.55184 -0.691872 0.603976 0.541823 -0.5845 0.581103 0.272785 -0.766751 0.617417 0.0871339 -0.781795 0.0164444 -0.734282 0.678646 -0.0154869 -0.673968 0.738598 -0.0177637 -0.983779 0.178506 0.0442101 -0.998078 -0.0434273 -0.0327345 -0.878925 -0.475835 0.0338758 -0.56202 -0.82643 -0.0122384 -0.431084 -0.902229 -8.93765e-06 -0.000521275 1 0.000951065 -0.00116934 0.999999 -3.69175e-06 0.000570739 1 0.000787794 0.00123583 0.999999 -0.0200234 0.64891 -0.760602 0.0368093 0.740471 -0.671079 2.97523e-06 0.000218854 -1 0.00053428 -0.000210073 -1 2.04418e-06 0.000278561 -1 0.00124073 0.00124777 -0.999998 0.0738173 0.997272 -0.000116711 0.0737677 0.997275 -6.05457e-05 0.142583 0.989517 -0.0229315 0.122607 0.992455 -0.000119245 0.183954 0.982466 0.0303652 0.254123 0.96669 -0.0305385 0.331232 0.943512 -0.00837999 0.309443 0.949952 0.0428597 0.433146 0.901285 -0.00837738 0.444304 0.895656 0.0198442 0.493001 0.869957 -0.0111733 0.526747 0.849951 0.0110192 0.543343 0.839436 -0.0111833 0.58062 0.81405 0.0142458 0.61354 0.789175 -0.0277761 0.649583 0.759688 0.0302614 0.690802 0.722553 -0.0266607 0.741552 0.667853 0.0638219 0.811968 0.58358 -0.0119139 0.863558 0.504045 -0.0143785 0.869686 0.493605 -0.000118669 0.897994 0.439941 -0.00766362 0.895915 0.444225 -0.000118875 0.934905 0.354733 0.0108546 0.972093 0.232131 -0.033914 0.968347 0.249417 0.00973637 0.992723 0.119224 -0.016942 0.98994 0.140231 0.0188 0.997576 0.0674529 0.0170676 0.999412 0.0196967 -0.0280564 -1.2211e-05 1.3065e-05 -1 5.66069e-06 4.99623e-06 -1 -1.2172e-05 9.72142e-06 -1 0 0 -1 0.000196895 -0.00118009 -0.999999 -1.3193e-05 1.00525e-05 -1 0.000950966 -0.00129829 -0.999999 -5.12957e-06 -3.43083e-06 -1 0.0010238 -0.00252384 -0.999996 3.02546e-06 4.55464e-06 -1 -1.21367e-05 7.54707e-06 -1 0.00195039 -0.00231029 -0.999995 0.00178282 -0.00285569 -0.999994 0.000736171 -0.00135172 -0.999999 -5.71002e-06 -2.56878e-06 -1 0.000809876 -0.00101998 -0.999999 0.000793496 -0.00135609 -0.999999 1.10795e-07 -4.99942e-08 -1 0.00136636 -7.99861e-05 -0.999999 0.00142879 -0.000547017 -0.999999 0.000637338 -0.000662063 -1 -1.08629e-05 -0.000184356 -1 -2.6632e-06 -1.99534e-06 -1 -9.52383e-08 -2.17381e-08 -1 2.02213e-08 -0.000162592 -1 1.18418e-07 -2.7029e-08 -1 0.000587659 8.45921e-05 -1 -1.21279e-06 8.52628e-06 -1 -2.96862e-06 -6.77586e-07 -1 0.000845409 -0.000144033 -1 -2.44982e-07 7.73625e-06 -1 0.000910628 -7.78739e-05 -1 0.000137673 -0.000224165 -1 -3.29226e-07 7.49102e-06 -1 1.59571e-05 -2.56498e-05 -1 6.40763e-08 6.44691e-06 -1 6.49667e-05 1.28038e-06 -1 2.11965e-05 2.59314e-05 -1 1.95419e-07 6.5181e-06 -1 2.13909e-06 -2.68066e-07 -1 2.43612e-07 3.00321e-08 -1 -1.94859e-08 -1.0496e-07 -1 -0.000676605 -0.000832664 -0.999999 0 0 -1 -1.00606e-05 8.85762e-06 -1 -0.000388808 -0.0018409 -0.999998 0.000623767 0.00058003 -1 0.00181891 0.000476001 -0.999998 -0.000298339 -0.00149667 -0.999999 -0.000560885 -0.0018848 -0.999998 0.00176313 0.000561294 -0.999998 -0.000387836 -0.00103558 -0.999999 0.00105565 -0.000135199 -0.999999 1.3623e-05 3.86395e-05 -1 -0.000225881 -0.000987129 -1 1.16032e-06 -1.59994e-06 -1 4.24121e-08 -7.84734e-08 -1 2.19305e-07 1.10355e-07 -1 6.72398e-07 8.393e-06 -1 0.00178767 0.00223442 -0.999996 -4.90481e-06 9.07517e-06 -1 -5.06558e-07 3.64136e-07 -1 1.05498e-05 9.7137e-06 -1 0.00232629 0.00160099 -0.999996 0.00187513 0.0008612 -0.999998 6.58851e-06 7.91344e-06 -1 -3.06746e-06 2.20502e-06 -1 0.000939698 0.000763108 -0.999999 0.000904566 0.000144673 -1 6.73402e-06 1.97359e-06 -1 1.68813e-06 -1.56383e-05 -1 -6.30091e-09 5.42525e-07 -1 -8.29651e-07 -8.09251e-07 -1 1.68487e-07 1.76854e-07 -1 -5.63511e-07 -1.61687e-06 -1 2.04228e-06 6.97804e-06 -1 -1.64979e-05 -1.0297e-06 -1 -2.12547e-05 -2.77967e-05 -1 1.1297e-05 3.58933e-06 -1 -0.00255341 -0.000888122 -0.999996 2.90405e-06 -1.85934e-05 -1 -0.00220897 -0.00140112 -0.999997 -0.00034116 -0.00105425 -0.999999 -1.70157e-06 -2.68453e-06 -1 -1.05341e-06 6.17685e-07 -1 0 0 -1 0 0 -1 -9.43001e-06 4.91867e-06 -1 2.12451e-06 -6.79847e-07 -1 -1.21968e-05 -2.49727e-05 -1 -6.82057e-07 -3.07765e-07 -1 -0.00134969 -0.000182758 -0.999999 4.30165e-06 -2.14909e-05 -1 -0.00168677 -0.00057436 -0.999998 1.99575e-07 6.03172e-07 -1 1.69318e-07 -4.91663e-08 -1 -0.00174385 -0.000533949 -0.999998 0 0 -1 -0.00338195 -0.000597213 -0.999994 -4.00466e-08 1.43124e-07 -1 5.08089e-08 2.25683e-07 -1 -1.76267e-05 7.47533e-06 -1 -0.00339535 -0.00119935 -0.999994 -0.00197645 -0.000318018 -0.999998 -0.00182772 -0.00100195 -0.999998 -0.000291546 -0.000328119 -1 -5.47262e-06 -3.8444e-05 -1 7.82781e-05 -0.00075726 -1 1.44873e-05 -4.77927e-05 -1 -8.34224e-07 -1.1278e-05 -1 -0.000118819 -2.24309e-06 -1 -8.42907e-05 4.17211e-05 -1 -5.95159e-07 -2.70076e-07 -1 5.95199e-07 -1.11431e-05 -1 -1.39611e-05 -0.000352217 -1 0.000190441 0.000211537 -1 3.1032e-05 1.40819e-05 -1 3.06009e-06 1.57823e-06 -1 -8.19051e-07 6.70316e-06 -1 0.000113802 -6.11247e-05 -1 -0.0025542 0.000735304 -0.999997 -0.00294689 0.00158281 -0.999994 -1.72235e-06 -2.63361e-05 -1 -1.58968e-06 5.76867e-06 -1 -0.000310599 -0.000712912 -1 2.44818e-05 -8.8636e-06 -1 1.04998e-05 -8.55139e-06 -1 2.67762e-05 -1.06752e-05 -1 -4.35866e-08 1.12845e-07 -1 -3.47813e-08 4.27917e-07 -1 8.46602e-06 -1.59674e-05 -1 -4.74546e-08 1.06915e-07 -1 0 0 -1 5.3574e-06 -2.93617e-05 -1 -2.81913e-07 1.92402e-07 -1 -0.00409048 0.00258894 -0.999988 -0.00346011 0.00364187 -0.999987 6.45228e-06 9.54307e-06 -1 -0.00159478 -0.00235872 -0.999996 1.56257e-05 -7.27574e-06 -1 2.25984e-05 -1.66379e-05 -1 0 0 -1 -1.457e-07 5.40795e-07 -1 6.0325e-06 -1.88152e-05 -1 -2.12981e-06 -1.39137e-05 -1 1.83902e-07 -1.7499e-07 -1 -0.00167826 0.000564043 -0.999998 -0.00189071 0.00202733 -0.999996 -0.00121909 0.00205277 -0.999997 0.178874 -0.219306 -0.959119 -0.192803 0.280713 -0.940227 -0.225059 0.65799 -0.718608 0.375196 -0.789482 -0.485744 -0.324026 0.678484 -0.659292 0.738128 0.0589208 -0.672083 0.188384 -0.606307 -0.772595 -0.237256 0.620897 -0.747126 -0.234053 0.619604 0.749206 -0.204782 0.47266 0.857121 -0.308363 0.707832 0.635521 0.766715 0.0241842 0.641532 0.522417 0.408555 0.74844 0.248366 -0.662492 0.706696 -0.0451646 0.0347884 0.998374 0.125471 -0.202137 0.971287 -0.0887992 0.241268 0.966387 0.291437 -0.952351 -0.0899583 -0.355294 0.934574 -0.0183775 -0.397106 0.912931 -0.0941465 -0.215049 0.319802 -0.922757 0.295016 -0.7383 -0.60653 -0.726824 -0.0510145 -0.684927 0.276792 -0.877328 -0.392024 -0.198068 0.601144 -0.774206 0.146536 -0.302181 -0.94192 0.221656 -0.362124 -0.905392 -0.347442 0.693034 0.631655 0.29575 -0.803784 0.5162 0.281196 -0.647465 0.70832 0.0834161 -0.0968262 0.9918 -0.219093 0.606027 0.764676 -0.602186 0.118663 0.789488 0.156637 -0.640209 0.752062 0.169387 -0.48186 0.85972 -0.058814 0.0671651 0.996007 -0.326633 0.945011 0.0163045 -0.440417 0.871796 -0.214485 0.372384 -0.864675 -0.337146 0.338528 -0.931288 -0.134544 0.840728 0.350971 -0.412305 0.899451 0.369774 -0.232928 0.915694 0.380844 -0.128303 -0.703347 -0.201684 0.681636 0.637528 0.264134 0.723735 0.77109 0.320075 0.550429 0.756534 0.313366 0.573985 -0.716153 -0.2987 0.630796 0.258746 0.123175 0.95806 0.220177 0.0567509 0.973808 -0.344782 -0.13514 0.928904 -0.262538 -0.0280822 0.964513 -0.499823 -0.207819 0.840826 -0.690769 -0.284167 0.664897 0.677203 0.29076 0.67591 0.694476 0.275976 0.664485 0.339621 0.142762 0.929665 0.641966 0.267455 0.718573 -0.175997 -0.0815427 0.981008 0.539328 0.236538 0.808192 -0.898805 -0.376687 0.22418 -0.914112 -0.375624 0.152664 -0.900144 -0.375492 -0.220785 -0.88027 -0.359124 -0.310087 -0.0758308 0.656191 -0.750775 -0.432285 0.476994 -0.765249 0.723953 0.29676 -0.622756 -0.719917 -0.299611 -0.626061 0.281413 0.105124 -0.953811 0.0572191 0.0398563 -0.997566 -0.302161 -0.129223 -0.944457 -0.669192 -0.272287 -0.691405 -0.601198 -0.154092 -0.784102 0.568797 0.24395 -0.785467 0.334706 0.148704 -0.930516 -0.348028 -0.144165 -0.926333 -0.315752 -0.140466 -0.938387 0.30334 0.0836405 -0.949204 0.62425 0.316551 -0.714218 -0.295872 -0.157611 -0.942135 -0.0369384 0.0374834 -0.998614 -0.659377 -0.232783 -0.714866 4.65436e-05 -0.70157 -0.712601 -0.891321 -0.411214 0.190921 -0.93781 -0.347067 0.0075211 -0.802107 -0.413392 -0.430965 0.272857 0.0768821 0.958978 0.444802 0.237478 0.863572 -0.670531 -0.260854 0.694509 -0.309993 -0.100412 0.945422 0.730581 0.270319 0.62704 0.771681 0.300679 0.560447 -0.00620386 -0.63056 0.776116 -0.465841 -0.23659 0.852653 0.937427 0.309439 -0.159622 0.908271 0.354573 -0.222086 1 1.90388e-05 0.000109733 1 2.1028e-05 0.000120677 1 0.000102001 -9.9017e-05 0.999876 -0.0154171 0.00325362 0.000750712 -0.000126935 1 -0.00302219 -0.000913691 0.999995 -5.02984e-05 5.86799e-06 -1 -1.31705e-05 -1.29598e-06 -1 0.0689221 -0.993011 0.0958046 -0.0583314 -0.833922 0.548791 0.721295 -0.692626 0.00159892 0.719362 -0.694635 -3.25979e-06 0.699505 -0.71444 0.0163808 0.668228 -0.742279 0.0499312 0.658942 -0.748194 0.0774749 0.00278082 -0.414691 -0.909958 0.499924 -2.59207e-07 -0.866069 0.504194 -0.00043234 -0.86359 0.499568 -5.55068e-05 0.866274 0.121985 -0.548865 0.826962 0.499974 -9.34287e-05 0.86604 0.00414773 -0.417027 -0.908885 -0.0126445 -0.89228 -0.451306 0.00792223 -0.876316 -0.481672 0.0389917 -0.989545 0.138856 0.131783 -0.547049 0.826663 -0.827102 -0.513005 0.229626 -0.84141 -0.00521774 0.540372 -0.836504 0.435405 0.332691 -0.0831429 -0.909011 0.408395 0.0457074 -0.787916 0.614084 -0.0280806 -0.024627 0.999302 0.0173053 0.0745248 0.997069 -0.0149472 0.780897 0.624481 0.0451748 0.851614 0.52222 -0.614954 -0.776507 0.137362 -0.750937 -0.527282 0.397577 -0.677359 -0.512772 0.527494 -0.675707 0.0617421 0.73458 -0.459954 0.248621 0.852426 -0.814952 0.483543 0.319436 -0.805642 -0.242395 0.540543 -0.804397 0.498294 0.323494 0.0309559 -0.73273 0.679815 -0.114309 -0.414056 0.903045 0.077146 0.0589377 0.995276 -0.0724668 0.841639 0.535156 0.0416555 0.924259 0.379487 -0.748297 -0.480418 0.457439 -0.450692 -0.395944 0.800066 -0.784923 0.0152936 0.619404 -0.537841 0.637242 0.55195 -0.790293 0.573482 0.215766 -0.845116 -0.532485 0.0473082 -0.837733 0.148383 0.525535 -0.841212 -0.29881 0.450639 -0.848285 0.474135 0.235813 -0.0371915 -0.996375 0.0765124 0.0444637 -0.656975 0.7526 -0.0165488 -0.543173 0.839458 -0.00094293 0.000785345 0.999999 -0.107685 0.262909 0.958792 0.0606774 0.664749 0.744599 -0.0403399 0.895759 0.442706 0.0146583 0.961185 0.275515 -1 9.30082e-06 1.51042e-06 -1 1.78144e-05 4.18085e-06 -1 1.25841e-05 -2.75612e-05 -1 8.31026e-06 -7.19191e-06 -1 4.47717e-06 -9.95019e-06 -1 4.95587e-05 -1.12549e-05 -1 1.14978e-05 -4.09805e-05 -1 -3.8858e-05 6.22516e-05 -1 7.11332e-05 1.80433e-05 -1 4.2425e-05 0.000143522 -0.99999 0.00213152 0.00406111 -1 2.82523e-05 -2.86493e-05 -0.999617 -0.0273397 -0.00431396 -1 -2.26499e-06 6.59233e-05 -1 0.000492578 0.000583523 -1 0.000235582 0.000341104 -1 1.24283e-05 1.22227e-05 -1 9.62682e-06 9.94699e-06 -1 0 0 -1 -9.12145e-06 3.34773e-05 -1 -0.000111996 0.000754416 -0.000208219 -0.000162793 1 -0.00182602 -0.000426102 0.999998 0.00117494 0.00229005 -0.999997 -0.0130984 -0.00170903 -0.999913 -0.00148315 -0.00312749 -0.999994 0.040507 -0.931449 0.361609 -0.0461381 -0.944784 0.324428 -0.0629201 -0.862666 0.501844 0.0732345 -0.822666 0.563788 -0.0267798 -0.681248 0.731563 0.0351007 -0.664881 0.746124 -0.0871362 -0.399528 0.91257 0.0786439 -0.352662 0.93244 0.0192368 -0.092823 0.995497 -0.0445851 -0.119421 0.991842 0.0922861 -0.678133 0.729122 -0.059387 -0.573088 0.817339 -0.699858 0.00297642 0.714276 -0.681281 0.00672566 0.731991 -0.726197 -0.0739656 0.683496 -0.696318 -0.0874377 0.712388 -0.648949 -0.301637 0.698484 -0.720589 -0.292055 0.628852 -0.734081 -0.445068 0.512874 -0.663163 -0.51083 0.547054 -0.768822 -0.532973 0.353344 -0.674648 -0.639067 0.369383 -0.697645 -0.676765 0.235119 -0.750774 -0.631322 0.194348 -0.75635 -0.437374 0.486455 -0.615813 -0.435466 0.656615 -0.661937 -0.747711 0.0526142 -0.712695 -0.701193 0.0198802 -0.721136 -0.0309962 0.6921 -0.664452 -0.000299299 0.747331 -0.690717 -0.0478192 0.721543 -0.641694 -0.0938207 0.761201 -0.622365 -0.13505 0.770988 -0.662997 -0.194975 0.722786 -0.72574 -0.215904 0.653212 -0.786956 -0.223374 0.575156 -0.776241 -0.224044 0.589283 -0.688564 -0.320908 0.650306 -0.666038 -0.370096 0.647628 -0.696663 -0.408621 0.589652 -0.750879 -0.406525 0.520498 -0.73408 -0.410839 0.540683 -0.698329 -0.470708 0.539232 -0.745906 -0.501923 0.437832 -0.706483 -0.507764 0.493009 -0.739483 -0.509615 0.439838 -0.692398 -0.569167 0.443434 -0.657347 -0.620494 0.427647 -0.667801 -0.642416 0.375957 -0.72275 -0.617272 0.310818 -0.739967 -0.607944 0.287842 -0.775133 -0.577784 0.255607 -0.698079 -0.669617 0.253571 -0.732314 -0.660642 0.165129 -0.706976 -0.680038 0.194254 -0.697749 -0.700297 0.150769 -0.660462 -0.744033 0.101019 -0.679804 -0.731386 0.0542297 -0.717187 -0.696678 0.0168267 -0.702608 -0.711578 -0.000191054 -0.722035 -0.691721 0.0137137 0.00222186 -0.466215 0.884669 -0.00448478 -0.997643 0.068478 0.0340854 -0.995107 0.0927352 0.0108869 -0.318849 -0.947743 -0.0239205 -0.432645 -0.901247 0.0384166 -0.846845 -0.53045 -0.0750307 -0.933487 -0.350673 -0.0688602 -0.977632 0.198729 0.00455268 -0.804583 0.593823 -0.0845466 -0.59571 0.798738 0.0483857 -0.204431 0.977684 -0.986659 0.162782 0.00244401 -0.923168 0.384395 -0.0011373 -0.908326 0.418264 0.000299213 -0.754541 0.656253 -0.000304415 -0.733814 0.679349 0.00113306 -0.366104 0.930573 -0.0015472 -0.35832 0.933598 -0.00100405 -0.0199261 0.999801 0.00134307 0.0396564 0.999213 -0.00109945 0.413166 0.910655 -0.00138296 0.361608 0.932329 0.0014791 0.711112 0.703078 -0.000621469 0.754385 0.656428 0.00235894 0.866516 0.499149 -0.00107416 0.936525 0.350599 0.00107131 0.958324 0.285682 -0.000569733 0.99524 0.0974518 -0.000270929 0.990463 0.137779 0.000468177 1 -1.98993e-05 -1.73746e-05 1 4.93581e-06 6.79402e-06 1 -7.09007e-07 -2.01618e-07 1 2.76072e-05 1.67056e-05 1 2.71982e-05 4.23083e-05 1 -6.43826e-07 8.00494e-08 1 2.75805e-07 8.54591e-06 1 1.28179e-06 1.00019e-05 1 1.72882e-06 9.28528e-06 1 -3.05427e-06 1.6051e-05 1 1.25259e-05 -1.19096e-06 1 -4.11993e-07 2.00358e-07 1 1.98555e-08 1.63247e-07 1 6.08483e-08 2.08087e-07 1 3.38249e-06 -2.30834e-06 1 -1.21092e-05 8.26378e-06 1 1.97072e-05 -9.58387e-06 1 -2.65091e-06 3.38506e-06 1 2.3622e-05 -1.04703e-05 1 0 0 1 0 0 1 -1.7327e-05 1.69137e-05 1 0 0 1 6.28167e-06 3.50135e-06 1 -2.78922e-07 -1.76824e-07 1 0 0 1 -2.02612e-05 -1.42739e-05 1 6.56591e-06 8.2169e-06 1 5.59337e-06 7.11316e-06 1 -1.73628e-06 -2.89353e-06 -1 -3.15149e-05 5.03959e-05 -1 4.44758e-05 -2.7624e-05 -1 1.56606e-05 2.07872e-05 -1 8.01761e-06 1.30424e-05 -1 4.84304e-05 1.13228e-06 -1 2.01547e-05 -1.83277e-05 -1 -3.20619e-06 -3.51011e-06 -1 1.28049e-05 -2.59274e-05 -1 -2.80863e-06 3.8758e-06 -1 2.22266e-06 3.49578e-07 -1 1.39715e-05 -2.4067e-05 -1 1.49115e-05 -2.52559e-05 -1 3.37072e-06 -2.71285e-06 -1 3.37745e-07 2.64508e-07 0.995514 0.0946012 -0.00142667 0.979009 0.203815 0.000908117 0.882868 0.469611 0.00297619 0.945128 0.3267 -0.000905077 0.900871 0.434083 0.00183641 0.870784 0.491665 -0.00011368 0.693919 0.720036 -0.00503876 0.760653 0.649159 0.000179062 0.762331 0.647187 0 0.574366 0.818533 0.0103447 0.745883 0.666073 0.00254575 0.589785 0.807533 -0.00658498 0.18045 0.983431 -0.0173598 0.130337 0.991469 0.00141081 -0.373346 0.927649 -0.00896329 -0.713139 0.701014 -0.00359293 -0.562254 0.826891 0.0110495 -0.572903 0.819561 -0.0100949 -0.651217 0.758712 0.0165014 -0.762756 0.646686 0 -0.760928 0.648837 0.000201412 -0.330677 0.889176 -0.316259 -0.870768 0.491695 -0.000300365 -0.949894 0.312571 -0.000897736 -0.924842 0.380337 0.00327237 -0.855754 -0.513837 0.0604722 -0.855472 -0.357036 0.37509 -0.855322 -0.458934 0.240424 -0.856344 -0.255291 0.448889 -0.856344 -0.0938827 0.5078 -0.856372 0.0244695 0.515779 -0.856137 0.140253 0.497351 -0.855481 0.517248 0.0246358 -0.854484 0.302896 0.422032 -0.853416 0.460657 0.243876 0.000138044 -0.992776 0.119979 -0.000154763 -0.992154 0.125019 -0.00108589 -0.888747 0.458397 0.000441843 -0.876397 0.48159 0.000452834 -0.706381 0.707832 -0.000628127 -0.690396 0.723432 0.000159214 -0.473678 0.880698 0.00121204 -0.454943 0.89052 -0.0018778 -0.201775 0.97943 0.00281745 -0.0764999 0.997066 -0.00115838 0.0487911 0.998808 2.98199e-05 0.276308 0.961069 0.00035343 0.269951 0.962874 -0.000772717 0.578029 0.816016 0.000894414 0.597573 0.801814 -0.00194327 0.886944 0.461873 0.000615299 0.870021 0.493014 0.00183374 0.992994 0.118149 -0.0013914 0.998473 0.0552241 -0.764017 -0.640629 0.0766355 -0.670918 -0.654592 0.348394 -0.624746 -0.672667 0.396499 -0.740194 -0.466946 0.483813 -0.698744 -0.321156 0.639231 -0.573829 -0.274019 0.771773 -0.777385 -0.059979 0.626159 -0.778946 0.178987 0.601005 -0.513086 0.511507 0.689278 -0.144101 0.680203 0.71872 -0.730867 0.592756 0.33834 -0.827013 0.559858 0.0510731 -0.000447931 -0.985949 0.167046 -0.000221171 -0.985337 0.170616 0.000682042 -0.943071 0.332591 -0.000305428 -0.93538 0.353644 -0.000402554 -0.867593 0.497275 0.000862864 -0.857448 0.51457 -0.00360619 -0.664616 0.747177 0.000310172 -0.707005 0.707209 0.00211258 -0.542198 0.840248 -0.00332313 -0.406673 0.913568 0.00503652 -0.190397 0.981694 -0.00197923 -0.119184 0.99287 -0.00014601 0.269241 0.963073 0.00213997 0.243872 0.969805 -0.00014598 0.506094 0.862478 0.00108027 0.51722 0.855852 -0.000573873 0.805724 0.59229 0.00136922 0.793282 0.608853 -0.000893741 0.929947 0.367693 0.000430273 0.922068 0.387029 2.21403e-05 0.993716 0.111934 0.000635661 0.99276 0.120112 -0.00641568 -0.99996 0.00620548 0.00316596 -0.99763 0.0687301 -0.0027857 -0.953185 0.302376 0.00155141 -0.938596 0.345015 -0.00192253 -0.885515 0.464607 0.00443999 -0.841423 0.540359 -0.00678815 -0.780906 0.624612 -0.000507557 -0.568735 0.822521 0.00422822 -0.592516 0.805547 -0.000541321 -0.399623 0.916679 0.00412681 -0.37075 0.928723 -0.00656881 -0.135988 0.990689 0.00670109 -0.0407489 0.999147 -0.00705896 0.120239 0.99272 0.00665653 0.199189 0.979939 -0.00825908 0.482597 0.875804 -0.00196373 0.469465 0.882949 -0.00317266 0.804129 0.594446 0.00448845 0.815785 0.578339 -0.00688626 0.946887 0.321494 0.0237242 0.977528 0.209465 -0.0137688 0.99783 0.0643806 -1 1.98273e-05 -7.72914e-06 -1 4.40225e-07 4.00691e-07 -1 -9.36139e-05 0.000124849 -1 -3.91131e-07 1.36457e-06 -1 1.73954e-05 -6.06889e-05 -1 2.39573e-05 9.42878e-05 -1 9.33034e-06 -5.11373e-05 -1 0.000158845 -2.54658e-05 -1 -1.16712e-07 -5.80059e-07 -1 1.03368e-06 -1.18e-06 -1 9.20538e-06 -1.02975e-06 -1 3.89157e-06 8.25178e-06 -1 0.000161072 -5.70814e-05 -1 2.50601e-05 -9.79981e-07 -1 3.52925e-05 8.74325e-05 -1 2.7415e-05 -9.66839e-06 -1 1.84985e-05 4.97929e-05 -1 1.52676e-05 -0.000114394 -1 -4.85006e-07 -1.3055e-06 -1 -0.000115667 -0.000113258 -1 6.89669e-05 6.88568e-05 -1 -4.68742e-05 -2.10386e-05 -1 2.13402e-05 -3.18659e-05 -1 -0.000358935 -0.000211524 -1 -5.71606e-05 -7.72558e-05 -1 -0.000296287 0.000286234 -1 -5.78003e-05 -1.62448e-05 -1 1.16373e-05 1.8716e-06 -1 -0.000102338 -4.84806e-05 -1 -0.000102838 0.000496426 -1 -6.35127e-06 -4.21566e-05 -1 4.72618e-05 -5.37081e-05 -1 9.54997e-05 4.3861e-05 -1 4.18056e-05 -7.75176e-05 -1 0.000185459 5.63536e-05 -1 -1.49321e-05 2.76877e-05 -1 9.45938e-05 0.000123173 -1 -1.21806e-05 -3.2192e-06 -1 1.46502e-05 -3.16243e-05 -1 -8.92208e-05 -0.000254136 -1 -0.000288127 0.000180575 -1 -0.000243273 -0.000117741 -1 0.000101298 -0.000227297 0.727567 -0.684787 0.0413927 0.728998 -0.647627 0.221678 0.936599 -0.298487 -0.183541 0.976771 -0.200029 0.0768507 -0.820999 -0.225425 0.524542 -0.697834 -0.662246 -0.272871 -0.681302 -0.732002 -0.000229634 -0.700052 -0.701884 -0.131477 -0.867209 -0.483973 0.117127 0.996433 -0.0789414 -0.029833 0.993702 -0.111932 -0.00521955 0.936993 -0.347225 -0.0384654 0.935829 -0.351748 -0.0222942 0.664614 -0.73327 -0.143538 0.625492 0.500562 -0.598495 -0.344164 0.209106 -0.915328 0.707499 4.0205e-06 -0.706714 0.706834 -1.72755e-06 -0.707379 -0.0653665 0.305478 0.949953 0.53357 0.402652 0.743757 0.481821 0.189115 -0.855619 0.482552 0.0737185 -0.872759 -0.52698 0.0389504 -0.848984 -0.530346 0.0390843 -0.84688 -0.137953 0.107586 0.984578 0.524215 0.851501 0.0120178 0.529353 0.339061 0.777704 0.519904 0.00392196 0.854216 -0.702568 -0.11316 0.702562 0.704038 -0.0930581 0.704038 -0.70711 0 0.707103 -0.70711 0 0.707103 0.707107 0 0.707107 0.707107 0 0.707107 0.702019 0.119742 0.702019 0.83063 0.491401 -0.261875 0.303853 0.93027 -0.205599 -0.0856945 0.951959 -0.293992 -0.568642 0.778984 -0.264255 -0.700838 0.1329 0.700831 0.73895 0.671909 0.0499078 0.824203 0.565233 0.0346649 0.936625 0.349345 0.0263099 0.702248 0.116178 -0.702389 0.864653 0.165338 -0.474382 0.707036 8.54634e-05 -0.707178 0.716625 0 -0.697458 -0.704067 -0.0915685 -0.704205 0.704208 -0.0893169 -0.704353 -0.706818 0 -0.707395 -0.707038 1.27119e-06 -0.707176 0.707034 1.56115e-07 -0.707179 0.739476 0.000192509 -0.673183 -0.97923 0.184616 -0.0838139 -0.854264 0.48977 0.174239 0.418282 0.907846 0.0292625 -0.0148032 -0.724978 0.688613 -0.051699 -0.665087 0.744974 -0.0456144 -0.647388 0.760794 -0.0866658 -0.717884 0.690747 -0.125621 -0.731799 0.669843 -0.153197 -0.68551 0.711764 -0.160785 -0.618255 0.769356 -0.178782 -0.646526 0.741647 -0.227766 -0.688234 0.688808 -0.260725 -0.673139 0.69203 -0.267227 -0.625901 0.732692 -0.286755 -0.643249 0.709931 -0.326673 -0.644392 0.691407 -0.335911 -0.6056 0.721397 -0.350806 -0.614015 0.707051 -0.391034 -0.589452 0.706851 -0.360758 -0.564128 0.742707 -0.420973 -0.591101 0.688027 -0.449156 -0.568482 0.689265 -0.437591 -0.495474 0.750347 -0.427147 -0.488445 0.760899 -0.502537 -0.519896 0.690771 -0.542003 -0.507463 0.669861 -0.536035 -0.453914 0.711778 -0.501491 -0.395752 0.769342 -0.532757 -0.407367 0.74177 -0.597107 -0.411049 0.688841 -0.614252 -0.379164 0.692047 -0.581711 -0.321888 0.746994 -0.683777 -0.344718 0.643132 -0.702138 -0.287769 0.6513 -0.611764 -0.205126 0.763982 -0.655476 -0.206375 0.726471 -0.710452 -0.184334 0.679175 -0.706063 -0.146027 0.692929 -0.657791 -0.109499 0.745199 -0.680226 -0.105668 0.725346 -0.73003 -0.0763746 0.679134 -0.71997 -0.0391941 0.692897 -0.674877 -0.014531 0.737787 -0.702765 -0.00315536 0.711415 -0.727449 0.0330011 0.685368 -0.692594 0.0655225 0.718346 -0.69397 0.0662749 0.716947 -0.713368 0.104235 0.692995 -0.673762 0.133107 0.726862 -0.673589 0.133015 0.727038 -0.721802 0.180346 0.66819 -0.710681 0.215696 0.669632 -0.590673 0.227473 0.774185 -0.64286 0.230697 0.730418 -0.638804 0.265902 0.72196 -0.679817 0.323592 0.658132 -0.664489 0.358024 0.655953 -0.596635 0.36087 0.716798 -0.551771 0.349215 0.757363 -0.581801 0.392841 0.712168 -0.5844 0.438562 0.682744 -0.538703 0.447899 0.713573 -0.511187 0.43878 0.739026 -0.528842 0.486262 0.695611 -0.509896 0.518034 0.686766 -0.458039 0.507604 0.729752 -0.462127 0.518909 0.719146 -0.453921 0.564009 0.689818 -0.375831 0.541715 0.751862 -0.408202 0.562381 0.719096 -0.383902 0.570983 0.725671 -0.367701 0.689197 0.624342 -0.244412 0.572749 0.782446 -0.257808 0.660356 0.705312 -0.202186 0.697413 0.687558 -0.157708 0.65278 0.74095 -0.156028 0.669728 0.72603 -0.130383 0.720345 0.681251 -0.0924534 0.711966 0.696101 -0.059843 0.660731 0.748233 -0.0543098 0.683017 0.72838 -0.0215284 0.73055 0.68252 -0.115615 -0.99277 0.0322695 -0.21589 -0.975783 0.0351941 -0.154087 -0.986007 -0.063621 -0.31623 -0.94867 0.00490481 -0.30213 -0.952831 -0.0288073 -0.405269 -0.914185 0.00489833 -0.416835 -0.908652 -0.0245046 -0.498754 -0.866278 0.0284276 -0.528423 -0.84827 -0.0347472 -0.590813 -0.805981 0.0365328 -0.62743 -0.776684 -0.0556154 -0.691375 -0.719497 0.0657593 -0.770405 -0.636881 0.0293082 -0.743253 -0.667959 -0.037501 -0.802064 -0.596507 -0.0295392 -0.840329 -0.540714 0.0384 -0.868891 -0.493945 -0.0323488 -0.881324 -0.472446 0.00785594 -0.920837 -0.3898 -0.0107057 -0.924892 -0.379826 0.0175264 -0.964524 -0.263997 0 -0.979275 -0.202533 0 -0.962469 -0.270945 -0.015577 -0.988972 -0.147342 0.0150069 -0.981184 -0.192738 -0.0114439 -0.997864 -0.0587336 0.028589 -0.993863 -0.10721 -0.0272326 -0.997409 0.0500412 0.0516747 -0.999236 0.000295317 -0.0390889 -0.985467 0.154975 -0.0695559 -0.978734 0.197741 0.0545677 -0.942637 0.333784 0.00490126 -0.946916 0.319495 -0.0356884 -0.900305 0.435233 0.00490154 -0.89404 0.446788 -0.0327541 -0.836602 0.546786 0.0335087 -0.806174 0.58902 -0.0560316 -0.787232 0.61646 0.01558 -0.715869 0.698061 -0.0155842 -0.703399 0.710448 0.0222051 -0.648991 0.760296 -0.0275959 -0.615171 0.786191 0.0588911 -0.522821 0.851472 -0.0406595 -0.498175 0.866375 0.0348659 -0.419108 0.907141 -0.0379956 -0.363242 0.930289 0.0511665 -0.319701 0.946661 -0.0402967 -0.239757 0.970324 0.0314371 -0.157782 0.987351 0.0155676 -0.184051 0.982017 -0.0420576 -0.0427184 0.999087 0 -0.0499495 0.99863 -0.0155742 0.0350681 0.99929 -0.0137787 -0.0978545 0.912405 0.397418 -0.216251 0.733666 0.644181 -0.132872 0.95883 0.250979 -0.294725 0.561965 0.772873 -0.387969 0.524566 0.757832 -0.533425 0.528967 0.66004 -0.732104 0.573515 0.367565 -0.647536 0.418103 0.637093 -0.591343 0.288003 0.753238 -0.573492 0.161891 0.803055 -0.613541 0.0903314 0.78448 -0.958414 -0.195966 0.207462 -0.91951 -0.389476 0.0530144 -0.485477 -0.411029 0.7716 -0.369888 -0.458058 0.80831 -0.303274 -0.562759 0.768979 -0.290403 -0.770138 0.567938 -0.158128 -0.64144 0.7507 -0.0473606 -0.598233 0.799921 -0.101381 0.994847 -0.00098448 -0.123275 0.992373 0.000279123 -0.272823 0.962064 -0.00025078 -0.293301 0.95602 0.000764088 -0.471422 0.881907 -0.000732507 -0.488296 0.872678 0.000167923 -0.598564 0.801075 0.000212249 -0.589945 0.807444 -0.000130897 -0.716725 0.697356 0.000483929 -0.706441 0.707771 -0.000284137 -0.838606 0.544739 0.000352687 -0.843011 0.537897 -6.10533e-05 -0.905614 0.424104 -5.94653e-05 -0.907588 0.419863 0.000103803 -0.956169 0.292814 0.000100728 -0.95759 0.288135 -0.000104867 -0.991494 0.13015 -0.000104868 -0.994226 0.107303 0.00123881 -0.991711 -0.128479 -0.00176501 -0.982157 -0.188053 0.00214284 -0.89928 -0.437372 0.00123766 -0.914288 -0.405064 -0.0012374 -0.739968 -0.672642 0.000307828 -0.756876 -0.653557 -0.00123321 -0.620159 -0.784476 0.000316371 -0.631431 -0.775432 -0.00020693 -0.466227 -0.884665 0.000600332 -0.480123 -0.877201 -0.000430015 -0.237177 -0.971466 0.000434645 -0.228519 -0.97354 -0.000104426 -0.0658064 -0.997832 0.000247544 -0.0745815 -0.997215 -0.000105232 -0.0472414 -0.659824 -0.749934 -0.141692 -0.674152 -0.724874 -0.307024 -0.800536 -0.514664 -0.322602 -0.573973 -0.752651 -0.37188 -0.464772 -0.803549 -0.461613 -0.412442 -0.785369 -0.698919 -0.428463 -0.572653 -0.618741 -0.305089 -0.723934 -0.629259 -0.110134 -0.769353 -0.828197 0.00481034 -0.560416 -0.695347 0.0651921 -0.715711 -0.602996 0.190236 -0.77473 -0.606212 0.26882 -0.748493 -0.663438 0.420012 -0.619226 -0.671488 0.433388 -0.601064 -0.460796 0.461046 -0.758355 -0.395861 0.531171 -0.7491 -0.361121 0.648789 -0.669824 -0.35327 0.792006 -0.497923 -0.194803 0.630759 -0.751129 -0.0527632 0.523844 -0.850178 -0.113309 0.916246 0.384259 -0.194359 0.634032 0.748484 -0.353851 0.533165 0.768456 -0.611942 0.592473 0.52393 -0.633668 0.599723 0.488668 -0.496486 0.231656 0.836562 -0.527762 0.135975 0.838438 -0.696302 0.0436464 0.716421 -0.883796 -0.17654 0.433288 -0.984635 -0.129831 0.116782 -0.578136 -0.2905 0.762476 -0.527035 -0.484338 0.698321 -0.548684 -0.58468 0.597574 -0.458503 -0.565953 0.68518 -0.330527 -0.586707 0.739274 -0.248905 -0.67368 0.695846 -0.22814 -0.752162 0.618227 -0.0877083 -0.637206 0.765687 -0.0480652 0.998841 0.00262653 -0.301675 0.953409 -0.00197689 -0.342827 0.939398 0.00121099 -0.576941 0.816785 0.000645733 -0.553002 0.833179 -0.00111362 -0.751879 0.659301 0.000886038 -0.734161 0.678975 -0.000676966 -0.875057 0.484019 -0.000906197 -0.889326 0.457272 0.00113225 -0.974439 0.224651 -0.00102852 -0.979359 0.202128 0.000287923 -0.99884 0.0481476 -0.000248789 -0.999638 0.0268991 0.000763143 -0.975929 -0.218087 0.00102202 -0.981625 -0.190817 -0.000929821 -0.882799 -0.469752 0.00028753 -0.890425 -0.455129 -0.0009069 -0.76362 -0.645665 0.000841393 -0.741648 -0.670789 -0.00071827 -0.651342 -0.758784 0.00063114 -0.626578 -0.779358 -0.000641759 -0.489106 -0.872224 0.000232954 -0.496593 -0.867984 -0.000149476 -0.344263 -0.938873 0.000717801 -0.362547 -0.931965 -0.000255719 -0.102061 -0.994778 0.000423302 -0.122068 -0.992521 -0.000958827 -0.0375587 -0.858343 -0.511699 -0.0337805 0.552217 -0.833016 -0.0830024 -0.755942 -0.649355 -0.225694 -0.611963 -0.758 -0.367483 -0.621744 -0.691658 -0.552225 -0.660399 -0.508843 -0.56374 -0.699498 -0.439203 -0.491965 -0.413649 -0.766071 -0.495367 -0.244121 -0.833677 -0.636658 -0.163232 -0.753673 -0.92004 -0.0875819 -0.38191 -0.736294 0.0271919 -0.676115 -0.652493 0.108359 -0.750007 -0.663382 0.370428 -0.65016 -0.690222 0.372286 -0.620481 -0.484293 0.424862 -0.764822 -0.420229 0.59351 -0.686406 -0.425725 0.794189 -0.433614 -0.212258 0.608553 -0.764598 -0.194887 0.961347 0.194502 -0.17434 0.940327 0.292216 -0.267864 0.640924 0.719351 -0.33441 0.518425 0.787023 -0.460085 0.481496 0.745978 -0.611062 0.506384 0.608423 -0.568287 0.39045 0.724292 -0.63146 0.199342 0.749347 -0.871827 0.125685 0.473415 -0.664339 -0.00630397 0.747405 -0.601304 -0.125963 0.789029 -0.683594 -0.362956 0.633216 -0.783227 -0.614236 -0.0962832 -0.61778 -0.591546 0.518094 -0.24046 -0.436728 0.866861 -0.103544 -0.509356 0.854304 -0.198401 0.980121 -0.000228293 -0.213956 0.976843 0.000694945 -0.387313 0.921948 -0.00046516 -0.403959 0.914777 0.000315898 -0.557159 0.830406 0.000582032 -0.541092 0.840964 -0.000325346 -0.70377 0.710428 0.000590017 -0.687311 0.726363 -0.000482142 -0.824892 0.56529 -0.000617631 -0.840505 0.541803 0.00116308 -0.951614 0.307293 -0.00128165 -0.961364 0.275277 0.00155968 -0.999789 -0.02052 -0.00107603 -0.999107 -0.042241 0.000302844 -0.97317 -0.230085 0.000937069 -0.97811 -0.208088 -0.000280094 -0.874202 -0.485562 0.000883933 -0.887307 -0.461177 -0.00118392 -0.718716 -0.695303 -0.000740355 -0.720903 -0.693035 -0.000973555 -0.537996 -0.842946 0.00174969 -0.478777 -0.877932 -0.00290552 -0.219165 -0.97568 0.00395307 -0.173737 -0.984792 -8.93998e-05 -0.217991 -0.974566 -0.0519674 -0.178502 -0.943276 -0.279941 -0.317581 -0.469567 -0.823802 -0.405931 -0.414841 -0.814326 -0.863501 -0.483281 0.144243 -0.844332 -0.396122 -0.360821 -0.628776 -0.149434 -0.763092 -0.542308 -0.0362086 -0.839399 -0.587514 0.167062 -0.791781 -0.6783 0.447608 -0.582714 -0.840983 0.459236 -0.286094 -0.452919 0.454351 -0.767092 -0.352907 0.528 -0.772446 -0.305986 0.705636 -0.639101 -0.268837 0.911582 -0.31104 -0.17776 0.800239 -0.57273 -0.127849 0.525812 0.840938 -0.501323 0.831522 0.239262 -0.516747 0.838126 0.174693 -0.497719 0.561801 0.660799 -0.494544 0.34503 0.797735 -0.65288 0.241279 0.718006 -0.966439 0.148246 0.209808 -0.917977 0.108342 0.38155 -0.654394 -0.0711091 0.752802 -0.574066 -0.190828 0.796262 -0.665398 -0.420989 0.616453 -0.733882 -0.543833 0.407017 -0.547737 -0.510943 0.662511 -0.42404 -0.496705 0.75728 -0.286517 -0.549153 0.785072 -0.197738 -0.933916 0.297827 -0.159998 -0.883094 0.441073 -0.224805 0.974404 -0.000628865 -0.245782 0.969324 0.00137174 -0.538988 0.842314 0.000294598 -0.518519 0.855065 -0.00116476 -0.679607 0.733576 0.000794276 -0.663784 0.747925 -0.000258079 -0.820143 0.572158 -0.000707799 -0.83786 0.545883 0.0013225 -0.939078 0.343703 -0.000926349 -0.948715 0.31613 0.000859468 -0.9929 0.11895 -0.000848024 -0.995048 0.0993964 0.000241558 -0.994016 -0.109239 0.000292396 -0.994413 -0.105561 0.000539018 -0.950392 -0.311051 -0.00139475 -0.933761 -0.357892 0.00165549 -0.839425 -0.543474 -0.0011861 -0.815523 -0.578724 0.000852997 -0.700687 -0.713468 0.000915541 -0.734919 -0.678155 -0.000410136 -0.644685 -0.764447 -0.00102412 -0.535126 -0.844771 0.0017375 -0.459455 -0.888198 -0.00246414 -0.30257 -0.953125 0.00190301 -0.209139 -0.977884 -0.00204207 -0.0864238 -0.996257 0.00181457 -0.0774932 -0.797448 -0.598391 0.0738699 -0.99471 0.0713821 -0.191554 -0.581114 -0.790957 -0.333601 -0.541748 -0.771505 -0.660269 -0.672178 -0.334996 -0.650339 -0.640909 -0.407792 -0.577218 -0.405616 -0.708728 -0.572044 -0.239987 -0.784329 -0.816091 -0.0731893 -0.57327 -0.969992 0.00577621 -0.24307 -0.803001 0.0820069 -0.590309 -0.566333 0.188655 -0.802294 -0.518678 0.318868 -0.793282 -0.618988 0.731221 -0.286654 -0.679638 0.73354 0.0032975 -0.397788 0.630705 -0.666315 -0.13123 0.515079 -0.847037 -0.916191 -0.384824 -0.111822 -0.919736 -0.38549 -0.0740456 -0.896722 -0.375581 -0.234156 -0.877368 -0.369365 -0.306259 -0.787199 -0.330633 -0.520576 -0.807382 -0.337941 -0.483664 -0.660011 -0.277696 -0.698047 -0.682694 -0.285863 -0.672466 -0.475308 -0.198447 -0.857147 -0.433847 -0.182918 -0.882223 -0.261982 -0.109113 -0.958885 -0.200651 -0.0854016 -0.975933 -0.049824 -0.0196301 -0.998565 0.0632967 0.0256666 -0.997665 0.120233 0.0509119 -0.991439 0.282961 0.118062 -0.951838 0.29078 0.121688 -0.94902 0.468933 0.197523 -0.860864 0.516678 0.2159 -0.828511 0.616289 0.259219 -0.743635 0.660413 0.276537 -0.698127 0.734167 0.308536 -0.604817 0.764687 0.320012 -0.559327 0.833665 0.350853 -0.426504 0.872266 0.365109 -0.325342 0.88856 0.373098 -0.266946 0.913072 0.382721 -0.140798 0.917567 0.385705 -0.0964457 -0.31258 -0.948731 -0.0469463 -0.353212 -0.920209 -0.168688 -0.573763 -0.712358 -0.404156 -0.491554 -0.768164 -0.410242 -0.198979 -0.871668 -0.447887 0.00492287 -0.831037 -0.556196 0.0664929 -0.687084 -0.723529 0.225771 -0.652411 -0.723455 0.0622222 -0.57033 -0.819055 0.35802 -0.659966 -0.660505 0.491403 -0.598978 -0.632257 0.597246 -0.46398 -0.654232 0.627927 -0.391966 -0.672362 0.7096 -0.512618 -0.483416 0.762037 -0.52485 -0.379252 0.848446 -0.444879 -0.286743 0.942513 -0.257829 -0.212588 0.971036 -0.150828 -0.18531 0.934286 -0.349368 -0.0710722 -0.386628 0.921336 -0.0407284 -0.385803 0.920757 -0.0579858 -0.371854 0.885409 -0.278884 -0.365223 0.873542 -0.321771 -0.334129 0.793616 -0.50846 -0.31332 0.750005 -0.582515 -0.273623 0.650676 -0.708344 -0.250414 0.599068 -0.760533 -0.225402 0.535787 -0.813711 -0.172674 0.413876 -0.893807 -0.152208 0.361523 -0.919855 -0.103137 0.247192 -0.963462 -0.0884434 0.209893 -0.973716 -0.0182575 0.043754 -0.998875 -0.0180063 0.04321 -0.998904 0.0682243 -0.161383 -0.984531 0.0766051 -0.18312 -0.980101 0.132948 -0.31682 -0.939122 0.133785 -0.318938 -0.938286 0.179017 -0.427007 -0.886351 0.189681 -0.450998 -0.872136 0.2239 -0.535005 -0.81464 0.252964 -0.6016 -0.757685 0.269698 -0.644001 -0.715909 0.293884 -0.698676 -0.652291 0.330806 -0.790717 -0.515106 0.338147 -0.805474 -0.486692 0.372472 -0.886674 -0.273996 0.375127 -0.896651 -0.235153 0.387823 -0.921667 -0.0110945 -0.941996 0.333256 -0.0397951 -0.969761 0.155555 -0.188059 -0.921902 0.161502 -0.352155 -0.671426 0.331717 -0.662685 -0.714595 0.304802 -0.629642 -0.829474 -0.051138 -0.556199 -0.823495 -0.174776 -0.53973 -0.775144 -0.296569 -0.557851 -0.657105 -0.410841 -0.631999 -0.460976 -0.497791 -0.734646 -0.422548 -0.471061 -0.774309 -0.527824 -0.57018 -0.629521 -0.561394 -0.696784 -0.446462 -0.536674 -0.739717 -0.405955 -0.421704 -0.836587 -0.349697 -0.329943 -0.922931 -0.198335 -0.170348 -0.937431 -0.303653 -0.451351 -0.892318 -0.0072108 0.920242 0.385696 -0.0662874 0.913921 0.38437 -0.130416 0.884161 0.369734 -0.285582 0.862057 0.362097 -0.354603 0.806114 0.338394 -0.485459 0.820766 0.343984 -0.456091 0.728293 0.30606 -0.613121 0.745048 0.312301 -0.589382 0.6008 0.251494 -0.758808 0.578761 0.243065 -0.778432 0.470007 0.196893 -0.860423 0.452937 0.190366 -0.870982 0.270401 0.113819 -0.955996 0.251231 0.105062 -0.962208 0.118858 0.050078 -0.991648 0.0624576 0.0253723 -0.997725 0.00110966 0.000998779 -0.999999 -0.199552 -0.0834777 -0.976325 -0.174651 -0.0739229 -0.981852 -0.354891 -0.14878 -0.922994 -0.370221 -0.155708 -0.915801 -0.510558 -0.213762 -0.832848 -0.547835 -0.230807 -0.804117 -0.655173 -0.273858 -0.704096 -0.713663 -0.300324 -0.632843 -0.789038 -0.330263 -0.51802 -0.816556 -0.343557 -0.463903 -0.880629 -0.368641 -0.297651 -0.911464 -0.38207 -0.1525 -0.901704 -0.379272 -0.207562 0.504894 0.862793 -0.0258785 0.258613 0.943849 -0.205593 0.224888 0.928859 -0.294358 0.239096 0.87983 -0.410769 0.356403 0.680891 -0.639816 0.284835 0.724006 -0.62824 0.0235688 0.808121 -0.588545 -0.139361 0.796929 -0.587778 -0.249536 0.720689 -0.646791 -0.363124 0.445731 -0.818208 -0.369459 0.385619 -0.845457 -0.532778 0.544256 -0.648022 -0.646405 0.571373 -0.505661 -0.770887 0.46924 -0.430751 -0.892525 0.234397 -0.385301 -0.845337 0.365887 -0.389272 -0.893915 0.425042 -0.142323 -0.970384 0.238366 0.0391931 -0.00728481 -0.611942 -0.79087 -0.0406657 -0.564241 -0.824608 -0.108406 -0.644003 -0.757303 -0.200121 -0.848641 -0.489652 -0.27164 -0.946019 0.176808 -0.351121 -0.929582 -0.112209 -0.308701 -0.631197 -0.711543 -0.312825 -0.5475 -0.776134 -0.346176 -0.538651 -0.768126 -0.453856 -0.579192 -0.677165 -0.482687 -0.642965 -0.59465 -0.445184 -0.509089 -0.73664 -0.479969 -0.496589 -0.723208 -0.529666 -0.484886 -0.695945 -0.558911 -0.528544 -0.638952 -0.517317 -0.40075 -0.756163 -0.592053 -0.407571 -0.695241 -0.715704 -0.446485 -0.537046 -0.629018 -0.370437 -0.683456 -0.556779 -0.219945 -0.801012 -0.909009 -0.2611 -0.324854 -0.820291 -0.216773 -0.529275 -0.678627 -0.140395 -0.720941 -0.613872 -0.0883583 -0.784445 -0.689821 -0.0417779 -0.722774 -0.869389 -0.00233023 -0.494124 -0.839848 0.00284082 -0.542815 -0.608343 0.0639516 -0.791094 -0.636194 0.121496 -0.761903 -0.779095 0.19985 -0.594198 -0.859986 0.237361 -0.451756 -0.579843 0.215409 -0.785736 -0.533443 0.249744 -0.808125 -0.584836 0.315017 -0.747483 -0.698727 0.422699 -0.577153 -0.727813 0.44838 -0.518888 -0.570281 0.394386 -0.720583 -0.496607 0.407683 -0.766274 -0.525208 0.482873 -0.700707 -0.495277 0.514567 -0.699944 -0.580951 0.573535 -0.577541 -0.377677 0.463292 -0.801699 -0.369846 0.48355 -0.793343 -0.435166 0.806377 -0.400482 -0.339108 0.932554 0.123893 -0.240452 0.762324 -0.60087 -0.122031 0.538234 -0.833914 -0.0591536 0.493419 -0.867778 -0.0375459 0.526556 -0.849311 0.387001 -0.921974 -0.0139456 0.383017 -0.915042 -0.126473 0.381952 -0.909766 -0.162597 0.359564 -0.85636 -0.370622 0.353202 -0.843872 -0.403891 0.325615 -0.774935 -0.541711 0.316232 -0.754816 -0.574674 0.265784 -0.632101 -0.727879 0.261037 -0.622161 -0.738089 0.196335 -0.469153 -0.861015 0.182066 -0.432058 -0.883277 0.120115 -0.288275 -0.949984 0.102131 -0.242078 -0.964867 0.0365701 -0.0884054 -0.995413 0.0154576 -0.0343213 -0.999291 -0.040628 0.0954525 -0.994605 -0.0829731 0.200194 -0.976237 -0.0993546 0.236177 -0.966617 -0.200262 0.480459 -0.853847 -0.187712 0.44667 -0.874786 -0.262667 0.622914 -0.736875 -0.287373 0.687421 -0.666986 -0.331648 0.791527 -0.513317 -0.316445 0.753131 -0.576764 -0.341801 0.81374 -0.470105 -0.367709 0.877795 -0.307027 -0.370849 0.883496 -0.286191 -0.385026 0.917601 -0.0988091 -0.385089 0.917985 -0.0949262 0.952221 -0.293242 -0.0853485 0.856078 -0.433022 -0.282175 0.878913 -0.37258 -0.297819 0.886446 -0.238024 -0.396937 0.826151 -0.184662 -0.532329 0.753866 -0.203202 -0.624817 0.796173 -0.0481369 -0.603152 0.784904 0.113095 -0.609209 0.701463 0.222251 -0.677167 0.516223 0.298852 -0.802621 0.441227 0.311194 -0.841711 0.554696 0.443345 -0.704101 0.592079 0.572033 -0.567645 0.50265 0.714453 -0.486724 0.296042 0.835305 -0.463275 0.212303 0.862481 -0.459407 0.326711 0.872804 -0.362592 0.449141 0.874051 -0.185223 0.433371 0.898385 -0.0713775 -0.053587 0.693654 0.718313 -0.0923834 0.692722 0.715264 -0.140648 0.71421 0.685655 -0.154902 0.693149 0.703953 -0.204768 0.661168 0.721753 -0.302247 0.686967 0.66085 -0.313528 0.625239 0.714687 -0.374828 0.576056 0.726405 -0.420907 0.567055 0.708015 -0.474856 0.539524 0.695289 -0.474099 0.575872 0.666034 -0.48882 0.496718 0.717166 -0.512793 0.464025 0.722304 -0.571997 0.439527 0.692557 -0.571141 0.431097 0.698537 -0.58157 0.392718 0.712425 -0.60186 0.364099 0.710772 -0.625089 0.347792 0.698788 -0.622595 0.323922 0.712355 -0.646668 0.268312 0.714023 -0.697016 0.238211 0.676331 -0.681348 0.210611 0.701005 -0.669272 0.155352 0.726595 -0.688042 0.100687 0.718652 -0.737434 0.0598959 0.672758 -0.715903 0.0366707 0.697236 -0.694104 -0.0106146 0.719797 -0.701213 -0.0693137 0.709574 -0.718894 -0.0992077 0.688004 -0.706354 -0.109684 0.699309 -0.680473 -0.145017 0.718281 -0.670104 -0.21527 0.710365 -0.684934 -0.240489 0.687772 -0.620141 -0.294454 0.727133 -0.620157 -0.379528 0.686559 -0.621519 -0.379353 0.685423 -0.578033 -0.39792 0.712417 -0.544546 -0.425665 0.722689 -0.524869 -0.485624 0.699058 -0.497301 -0.514522 0.69854 -0.525428 -0.513611 0.678328 -0.458956 -0.524838 0.716871 -0.426627 -0.546442 0.720687 -0.394827 -0.609438 0.687529 -0.394607 -0.60936 0.687725 -0.346467 -0.60638 0.715726 -0.311413 -0.614265 0.725052 -0.278163 -0.636054 0.719764 -0.242361 -0.724217 0.645579 -0.230019 -0.713578 0.661738 -0.154108 -0.682314 0.714632 -0.111555 -0.680066 0.724615 -0.0552915 -0.709301 0.702734 -0.0129723 -0.743569 0.668533 -0.0183611 -0.750042 0.661136 -0.00651387 -0.686881 0.726741 -0.0294172 -0.716976 0.696477 -0.105557 -0.689413 0.716636 -0.110319 -0.695168 0.710332 -0.170912 -0.697245 0.69616 -0.184092 -0.662654 0.725948 -0.268067 -0.679705 0.682745 -0.27516 -0.623686 0.731644 -0.369552 -0.637387 0.676143 -0.369848 -0.575209 0.729621 -0.44058 -0.572356 0.691591 -0.45363 -0.513798 0.72817 -0.475476 -0.521234 0.708687 -0.547148 -0.466708 0.694848 -0.53343 -0.430057 0.728356 -0.586878 -0.409429 0.698528 -0.594758 -0.358529 0.719528 -0.609139 -0.358996 0.707158 -0.659578 -0.291981 0.692606 -0.641228 -0.25851 0.722495 -0.663462 -0.244898 0.706996 -0.67772 -0.202627 0.70685 -0.675195 -0.203451 0.709027 -0.70812 -0.136422 0.692788 -0.676018 -0.109536 0.728698 -0.730043 -0.0348546 0.682512 -0.674917 -0.000874791 0.737893 -0.73366 0.0649692 0.676404 -0.670033 0.118635 0.73279 -0.696228 0.141759 0.703684 -0.688033 0.204167 0.696367 -0.647324 0.226048 0.727924 -0.667777 0.255199 0.699247 -0.619163 0.323913 0.715344 -0.626468 0.334766 0.703897 -0.585313 0.395445 0.707837 -0.583263 0.389963 0.712554 -0.565384 0.443315 0.695567 -0.533029 0.442577 0.721114 -0.511483 0.523908 0.681106 -0.465533 0.509219 0.723861 -0.424572 0.592939 0.684224 -0.376282 0.568237 0.731791 -0.342475 0.639633 0.688172 -0.27021 0.623436 0.733699 -0.272479 0.625614 0.731001 -0.206034 0.713409 0.669775 -0.132397 0.65845 0.740888 -0.121966 0.691121 0.712373 -0.0542035 0.722083 0.68968 -0.0124694 0.675865 0.73692 0.000274582 -0.75149 -0.659744 -0.0169182 -0.711752 -0.702227 -0.0851764 -0.707563 -0.701498 -0.0853529 -0.706345 -0.702703 -0.142364 -0.657556 -0.739832 -0.184888 -0.719427 -0.669508 -0.209838 -0.647333 -0.732754 -0.275994 -0.70339 -0.655034 -0.276267 -0.632723 -0.723421 -0.313469 -0.618246 -0.72077 -0.363369 -0.648099 -0.669277 -0.35563 -0.605909 -0.711619 -0.389568 -0.552598 -0.736799 -0.449803 -0.59113 -0.669509 -0.444485 -0.511493 -0.735397 -0.555942 -0.549376 -0.62379 -0.507817 -0.47269 -0.720199 -0.514219 -0.391914 -0.762878 -0.638805 -0.417629 -0.646153 -0.604947 -0.375515 -0.702159 -0.640549 -0.312312 -0.70154 -0.639749 -0.311615 -0.70258 -0.630477 -0.242721 -0.737282 -0.71179 -0.231389 -0.663185 -0.677037 -0.20531 -0.706731 -0.657357 -0.138812 -0.740685 -0.759448 -0.121519 -0.639118 -0.654256 -0.0668623 -0.753311 -0.682019 -0.0111907 -0.731249 -0.767413 0.019736 -0.64085 -0.701357 0.0400818 -0.711682 -0.668896 0.0954557 -0.737202 -0.745885 0.139071 -0.651395 -0.661519 0.160359 -0.732583 -0.663992 0.201552 -0.720063 -0.663668 0.245107 -0.70673 -0.707119 0.245294 -0.663184 -0.614034 0.281884 -0.737227 -0.64651 0.351338 -0.677191 -0.668381 0.356167 -0.653002 -0.547719 0.363942 -0.753359 -0.565349 0.428222 -0.704987 -0.60533 0.483494 -0.632305 -0.504687 0.456216 -0.732911 -0.484779 0.498628 -0.718582 -0.51933 0.585731 -0.622266 -0.425817 0.522382 -0.738781 -0.352069 0.538895 -0.765271 -0.325928 0.630852 -0.704128 -0.383508 0.692393 -0.611157 -0.246367 0.621021 -0.744067 -0.241612 0.734963 -0.633604 -0.203832 0.676964 -0.707229 -0.143966 0.640449 -0.754386 -0.101916 0.716539 -0.690061 -0.0972174 0.752959 -0.650847 -0.0518342 0.689047 -0.72286 -0.0267548 -0.999458 -0.0191587 -0.0266557 -0.999464 -0.0190155 -0.115624 -0.993077 0.0207155 -0.17525 -0.984125 -0.0280223 -0.214069 -0.976713 0.0143443 -0.310488 -0.950568 -0.00420102 -0.311355 -0.950278 -0.00552658 -0.397353 -0.917657 0.0039768 -0.410088 -0.912007 -0.00837985 -0.452214 -0.891888 0.00625802 -0.487337 -0.873191 -0.00626935 -0.504642 -0.863306 0.00625112 -0.555916 -0.831142 -0.0126703 -0.577536 -0.816243 0.014133 -0.662882 -0.748505 -0.0180909 -0.656093 -0.754668 -0.00436781 -0.732201 -0.680806 0.0196046 -0.761053 -0.648371 -0.0203351 -0.796427 -0.604546 0.015139 -0.826095 -0.563348 -0.0143925 -0.849361 -0.527611 0.0145585 -0.882419 -0.470032 -0.0201515 -0.897033 -0.441738 0.0141213 -0.934259 -0.356584 -0.0026568 -0.936627 -0.350165 -0.0107152 -0.956061 -0.293052 0.00822495 -0.965331 -0.260797 -0.0110166 -0.978582 -0.205623 0.00981002 -0.982834 -0.184173 -0.0108207 -0.994687 -0.10183 0.0150896 -0.997634 -0.0661977 -0.0185469 -0.999834 -0.0145062 0.0110598 -0.999389 0.0342483 -0.0069679 -0.998452 0.0552699 0.00625213 -0.993445 0.113668 -0.0121077 -0.989655 0.142637 0.0153932 -0.974487 0.224173 -0.0110558 -0.971836 0.235658 0 -0.950638 0.310033 -0.012907 -0.956887 0.29046 0 -0.939036 0.343601 0.0122269 -0.904118 0.427109 -0.0121605 -0.907601 0.419826 -0.00265501 -0.877178 0.480066 0.00979632 -0.858817 0.512191 -0.00971651 -0.834709 0.550649 0.00673879 -0.817017 0.576469 -0.0129251 -0.79576 0.605482 0.0125232 -0.745048 0.66701 0 -0.743245 0.669012 -0.00317373 -0.693531 0.720415 -0.00414183 -0.696876 0.717191 0 -0.623589 0.781738 -0.00476498 -0.630042 0.776546 0.00482263 -0.543646 0.83931 -0.0026358 -0.548808 0.835935 0.00477925 -0.469093 0.883144 -0.0027394 -0.45819 0.88881 0.00883969 -0.405254 0.914152 -0.00979093 -0.372374 0.927969 0.0145293 -0.328684 0.944391 -0.00964315 -0.26449 0.964363 -0.00696708 -0.285749 0.958279 0.00692542 -0.220776 0.975276 0.00969164 -0.164511 0.986172 -0.0200137 -0.13971 0.990168 0.00695591 -0.072579 0.997288 0.0122431 -0.0232187 0.99933 -0.028289 -0.277749 0.89982 0.336422 -0.503838 0.521531 -0.688587 -0.721125 0.590731 -0.361962 -0.925255 0.321568 0.201241 -0.561739 -0.0595989 0.825165 -0.825417 -0.446824 0.345014 -0.844318 -0.476408 0.245282 -0.498781 -0.446156 0.743076 -0.319028 -0.523514 0.790034 -0.217279 -0.974303 0.0593658 -0.0454582 0.998953 0.00521647 -0.193939 0.980984 -0.00763047 -0.370953 0.928635 0.00562128 -0.581907 0.813255 0.000799445 -0.527062 0.849795 -0.0073757 -0.776147 0.630551 -0.00109789 -0.882665 0.470002 -0.00118996 -0.93737 0.348198 0.00982556 -0.963797 0.266628 -0.00208747 -0.995438 -0.0953959 -0.00159404 -0.864306 -0.502965 0.00133017 -0.880901 -0.473291 -0.003035 -0.752796 -0.658253 -0.0007073 -0.747818 -0.663901 -0.00159931 -0.518012 -0.855363 -0.00430537 -0.364392 -0.931228 0.00578135 -0.236762 -0.97155 -0.00582144 -0.0488433 -0.998797 0.00424416 -0.0202064 0.517779 0.855276 -0.193293 0.479701 0.855877 -0.387155 -0.341115 0.856593 -0.304479 0.417702 0.856047 -0.764311 0.644846 0.00141662 -0.390701 0.338637 0.855966 -0.488053 0.182545 0.853511 -0.518607 -0.0701472 0.85213 -0.992539 -0.121841 0.00463743 -0.294128 -0.424688 0.856229 -0.451481 -0.252246 0.855884 -0.181901 -0.484392 0.855732 -0.0340217 -0.516371 0.855689 -0.563917 -0.825829 0.00182933 -0.0413092 -0.999018 0.0160157 -0.0743944 -0.996874 -0.0265925 -0.156324 -0.987477 0.0212519 -0.238079 -0.971112 0.0161151 -0.197982 -0.980073 -0.0161508 -0.279259 -0.959974 -0.0215457 -0.366683 -0.929758 0.0330774 -0.394504 -0.918681 -0.0198217 -0.501697 -0.864928 0.014129 -0.498688 -0.866757 0.00652567 -0.60969 -0.79264 0 -0.603651 -0.797172 -0.0110439 -0.673502 -0.739111 0.0105071 -0.668247 -0.74394 0 -0.761025 -0.648544 0.0152362 -0.749653 -0.661748 -0.0105106 -0.798111 -0.602389 -0.0120915 -0.820066 -0.572141 0.0121034 -0.845026 -0.534654 -0.0087093 -0.861421 -0.507636 0.0161086 -0.882192 -0.470398 -0.0215378 -0.914182 -0.404732 0.0215539 -0.93813 -0.346283 0 -0.930695 -0.36544 -0.0161357 -0.957471 -0.28848 0.00535135 -0.956081 -0.293104 0 -0.981705 -0.189114 0.0221389 -0.976943 -0.213434 -0.0053554 -0.989875 -0.140299 -0.0215484 -0.998279 -0.0486076 0.0328093 -0.999622 -0.0182647 -0.0205485 -0.995817 0.0910263 -0.00792251 -0.995149 0.0980889 0.00754599 -0.980149 0.197404 0.018431 -0.973117 0.228946 -0.0250263 -0.958619 0.284434 0.0121026 -0.933978 0.356968 0.0161119 -0.94488 0.327301 -0.00870857 -0.917803 0.396451 -0.0215461 -0.88131 0.471717 0.0278499 -0.862417 0.505595 -0.0247287 -0.831983 0.554674 0.011922 -0.797947 0.602535 -0.0152122 -0.787854 0.615791 0.00932656 -0.705828 0.70828 -0.0121023 -0.697536 0.716426 0.0133445 -0.598422 0.801094 -0.0118178 -0.582275 0.812642 0.0238674 -0.507513 0.861252 -0.0260103 -0.472002 0.881464 0.0153672 -0.4126 0.910786 -0.0151947 -0.39742 0.917589 0.00930084 -0.27879 0.960227 0.0155212 -0.294891 0.955483 -0.00952062 -0.213903 0.976734 -0.0153578 -0.173733 0.984449 0.0260257 -0.0748514 0.997183 -0.00480485 -0.0854031 0.996061 -0.0238609 -0.0692612 0.997599 0.00031551 -0.133535 0.991044 0 -0.0721491 0.997394 0 -0.137267 0.990534 -0.000355192 -0.215597 0.976479 0.00257264 -0.211709 0.977332 0.00153522 -0.239523 0.970891 0.000137481 -0.262216 0.965009 5.30892e-05 -0.222349 0.974963 -0.00277727 -0.205092 0.978743 0.000196206 -0.295278 0.955403 0.00391329 -0.263554 0.964437 0.0200107 -0.312635 0.949872 -0.00172909 -0.213823 0.976872 -0.0010695 -0.24111 0.970498 -8.86472e-05 -0.262217 0.965009 -0.000101692 -0.275635 0.961262 -0.00114392 -0.35339 0.935392 -0.0125193 -0.298108 0.95452 -0.00474889 -0.305255 0.952268 -0.00229073 -0.387507 0.9218 -0.0111098 -0.412438 0.910977 -0.00385887 -0.341956 0.939695 0.00634215 -0.448318 0.893766 0.0139333 -0.372257 0.927518 -0.033698 -0.376392 0.926426 0.00802847 -0.45532 0.890211 -0.01443 -0.484522 0.874773 -0.00328064 -0.508434 0.861065 0.00789311 -0.41908 0.907947 0.00184077 -0.460228 0.88771 -0.0127307 -0.51166 0.859163 0.00649755 -0.521891 0.853005 0.00349755 -0.540774 0.841168 3.82545e-05 -0.448386 0.893815 -0.00673455 -0.489535 0.871984 0.00061929 -0.519076 0.854728 0.000674 -0.506026 0.862517 0.0011312 -0.541192 0.840898 -0.000954944 -0.584939 0.811077 0.000221426 -0.541493 0.840705 -0.000904223 -0.544471 0.83878 -0.000482664 -0.631853 0.775088 0.00111937 -0.59633 0.802739 -0.000805065 -0.693474 0.720481 0.000805921 -0.66037 0.75094 -0.00111972 -0.736154 0.676814 0 -0.701417 0.712751 0 -0.772896 0.634532 0.00111942 -0.743625 0.668597 -0.000807498 -0.82249 0.56878 0.000806109 -0.796125 0.605132 -0.00111885 -0.855617 0.51761 0 -0.828744 0.559627 0 -0.880405 0.474222 0 -0.855617 0.51761 0 -0.905543 0.424252 0.00111891 -0.885603 0.464443 -0.000805249 -0.939712 0.341962 0.0017557 -0.924953 0.380079 -0.00175653 -0.967442 0.253091 0.000807929 -0.955072 0.296372 -0.00111941 -0.982228 0.187688 0.00111852 -0.972818 0.23157 -0.000805034 -0.990126 0.140172 -0.00175415 -0.995036 0.0995023 0.00175793 -0.998669 0.051566 -0.0011214 -0.999978 0.00652444 0.000807666 -0.999877 -0.0156663 -0.000805939 -0.99817 -0.0604569 0.00111951 -0.99519 -0.0979591 -0.00111994 -0.9898 -0.142463 0.000807276 -0.988157 -0.153443 0 -0.970942 -0.239316 0.00031147 -0.979263 -0.202591 -0.000897282 -0.9783 -0.207193 5.81848e-05 -0.978363 -0.206894 0 -0.970568 -0.240826 0.000384551 -0.978255 -0.207406 -8.15932e-05 -0.968475 -0.249108 0.00102973 -0.966507 -0.25663 0.00208773 -0.963781 -0.266696 0.000209347 -0.955988 -0.293398 -0.00221956 -0.977957 -0.208805 -0.000330549 -0.967484 -0.252933 0.00091323 -0.948359 -0.317198 -0.000865191 -0.940147 -0.340735 0.00485029 -0.931636 -0.363075 0.0151994 -0.961515 -0.274753 -0.000242364 -0.966217 -0.257728 0.000866886 -0.927258 -0.374352 0.00730772 -0.952665 -0.303976 -0.00532289 -0.951731 -0.306903 -0.00433192 -0.913756 -0.406209 -0.00666949 -0.90255 -0.430439 -0.0112233 -0.920671 -0.390327 0.00311878 -0.934678 -0.35547 0.00419259 -0.903107 -0.429381 -0.00554445 -0.879216 -0.47637 -0.00710255 -0.856207 -0.516598 0.00605342 -0.902172 -0.431331 -0.0062674 -0.891254 -0.453503 -0.00083004 -0.859951 -0.510364 0.00358878 -0.851306 -0.524669 0.00123062 -0.848387 -0.529376 0.000697224 -0.847806 -0.530306 0.000607716 -0.823692 -0.567032 -0.00254173 -0.863396 -0.504528 0.00025878 -0.875124 -0.483896 0.00153178 -0.854275 -0.519819 -0.00164359 -0.849366 -0.527804 -0.000690292 -0.851935 -0.523647 -0.00107939 -0.829448 -0.558583 7.84952e-05 -0.829687 -0.55823 0 -0.823693 -0.567032 0.00205643 -0.790596 -0.612338 0 -0.787627 -0.616152 -0.000495984 -0.737554 -0.675288 0.000496417 -0.734282 -0.678844 0 -0.694972 -0.719037 0 -0.694972 -0.719037 0 -0.658279 -0.752774 0 -0.658279 -0.752774 0 -0.612099 -0.790781 0.000309097 -0.614337 -0.789044 0 -0.547148 -0.837036 0.000313098 -0.4961 -0.868265 0 -0.544743 -0.838603 0 -0.4961 -0.868265 0 -0.443253 -0.896396 0.000725847 -0.452179 -0.891927 0 -0.37101 -0.928628 0.00103829 -0.397999 -0.917385 -0.00109087 -0.316191 -0.948695 -0.00101231 -0.304542 -0.952499 0.000305616 -0.227873 -0.973691 0.000316707 -0.225047 -0.974348 0 -0.162204 -0.986757 0 -0.159398 -0.987214 0.000309881 -0.0802492 -0.996775 0.000311883 -0.0774009 -0.997 0 -0.0132002 -0.999913 0 -0.0103984 -0.999946 0.00030625 -0.0251834 0.999667 0.00570392 -0.0773301 0.997004 -0.0020085 -0.00301454 0.999995 -0.000776336 -0.029456 0.999566 0.000917512 -0.0238547 0.999714 0.00178022 -0.0792644 0.996854 4.23905e-05 -0.0794399 0.99684 0 -0.128775 0.991674 0 -0.128775 0.991674 0 -0.178106 0.984011 0 -0.226897 0.973919 0 -0.178106 0.984011 0 -0.226897 0.973919 0 -0.281379 0.959596 -0.00102605 -0.278912 0.960317 0 -0.276941 0.960887 -0.00087496 -0.343332 0.93921 0.00296076 -0.277438 0.960744 -0.000501951 -0.325196 0.945645 -0.00177811 -0.369275 0.929231 -0.0128551 -0.403355 0.915029 0.00509406 -0.362481 0.931522 0.0295763 -0.363029 0.931126 0.0348365 -0.454428 0.890774 -0.0042366 -0.458065 0.888915 -0.0025004 -0.503896 0.863754 0.00410248 -0.417755 0.908321 -0.0208403 -0.475948 0.879193 0.0222266 -0.497281 0.867588 -0.00177663 -0.494841 0.868984 -0.000311454 -0.544936 0.838478 0.000274594 -0.546314 0.837581 0 -0.587416 0.809285 0 -0.587416 0.809285 0 -0.626978 0.779037 0 -0.626978 0.779037 0 -0.665067 0.746784 0 -0.665067 0.746784 0 -0.701486 0.712683 0 -0.701486 0.712683 0 -0.73612 0.676851 0 -0.73612 0.676851 0 -0.768937 0.639324 0 -0.768937 0.639324 0 -0.799828 0.60023 0 -0.799828 0.60023 0 -0.828766 0.559595 0 -0.828766 0.559595 0 -0.85566 0.517539 0 -0.85566 0.517539 0 -0.880348 0.474328 0 -0.902928 0.429792 0 -0.880348 0.474328 0 -0.902928 0.429792 0 -0.941229 0.33777 0 -0.923214 0.384287 0 -0.923214 0.384287 0 -0.941229 0.33777 0 -0.956898 0.290424 0 -0.956898 0.290424 0 -0.970176 0.242403 0 -0.970176 0.242403 0 -0.981055 0.193731 0 -0.981055 0.193731 0 -0.999225 0.0376109 -0.0115814 -0.996288 0.0578075 -0.0637813 -0.999222 0.0375769 -0.0119575 -0.995276 0.0970885 0.000121221 -0.989534 0.144301 -4.71868e-05 -0.989493 0.144581 0 -0.999841 0.000375629 0.0178097 -0.999844 0.00223175 0.0175196 -0.998611 0.0526837 0.000454689 -0.995471 0.0950685 0.000495822 -0.999387 -0.0348735 -0.00296775 -0.999337 -0.0363952 -0.000951374 -0.998972 0.0453189 0.00123356 -0.999849 0.0172691 -0.00170592 -0.994769 -0.102075 0.00402262 -0.999989 -0.00448987 0.00132635 -0.999464 -0.0327152 -0.00115587 -0.99852 -0.0543579 0.00188496 -0.994571 -0.10405 -0.00159218 -0.988149 -0.153501 0 -0.995148 -0.0983897 0 -0.988149 -0.153501 0 -0.979276 -0.202532 0 -0.979276 -0.202532 0 -0.96795 -0.251144 0 -0.95352 -0.301324 -0.00178308 -0.952394 -0.30485 -0.00352296 -0.96795 -0.251144 0 -0.956879 -0.290487 0 -0.954101 -0.299472 0.00272813 -0.930127 -0.367213 0.00424008 -0.953228 -0.302173 0.00685052 -0.919458 -0.39303 -0.0111116 -0.941923 -0.335826 -0.00153076 -0.9065 -0.42218 0.00456396 -0.878806 -0.477174 -0.00227714 -0.877152 -0.480212 -0.000976604 -0.880631 -0.473738 0.0077717 -0.874775 -0.48453 0 -0.850938 -0.525266 0 -0.850938 -0.525266 0 -0.823696 -0.567032 0 -0.823696 -0.567032 0 -0.763143 -0.64623 0 -0.794383 -0.607417 0 -0.794383 -0.607417 0 -0.763143 -0.64623 0 -0.695001 -0.719008 0 -0.729984 -0.683465 0 -0.729984 -0.683465 0 -0.695001 -0.719008 0 -0.658292 -0.752762 0 -0.658292 -0.752762 0 -0.580105 -0.814542 0 -0.619945 -0.784645 0 -0.619945 -0.784645 0 -0.580105 -0.814542 0 -0.496075 -0.86828 0 -0.538753 -0.842464 0 -0.538753 -0.842464 0 -0.496075 -0.86828 0 -0.407166 -0.913354 0 -0.452164 -0.891935 0 -0.452164 -0.891935 0 -0.407166 -0.913354 0 -0.361181 -0.932496 0 -0.361181 -0.932496 0 -0.266525 -0.963828 0 -0.314184 -0.949362 0 -0.314184 -0.949362 0 -0.266525 -0.963828 0 -0.218099 -0.975927 0 -0.218099 -0.975927 0 -0.169186 -0.985584 0 -0.111101 -0.993809 0 -0.169186 -0.985584 0 -0.029647 -0.999411 -0.0172726 -0.0235378 -0.999194 -0.0325159 -0.119854 -0.992789 -0.00206955 -0.0203276 -0.999439 -0.0266322 0.00119202 -0.999987 -0.00502782 -0.0223852 -0.999725 -0.00693457 -0.0702848 -0.997526 0.00130765 -0.0577932 -0.998329 6.53379e-05 -0.0313533 -0.999508 -7.85031e-05 -0.00326249 -0.999995 -0.000211943 -0.0204145 -0.999791 0.00142203 0.0226193 -0.99968 0.0112902 0.0252159 -0.99968 -0.00184064 0.0508535 -0.998656 0.0100018 -0.117531 -0.983292 0.13901 0.0928663 -0.995136 -0.0328648 0.0166817 -0.999861 -0.000225719 0.098965 -0.99497 -0.015489 0.0294537 -0.999565 0.00137887 0.0507003 -0.998714 -0.000781887 0.0792053 -0.996857 0.00165905 0.0850844 -0.996373 0.000826376 0.128834 -0.991663 -0.00257237 0.11949 -0.992835 0.000339331 0.178105 -0.984012 -0.000126346 0.177394 -0.98414 0 0.227491 -0.97378 0 0.2269 -0.973918 0.000105838 0.275204 -0.961385 0.00121915 0.279876 -0.960036 -0.00031187 0.318831 -0.947812 -0.000324383 0.329082 -0.944287 -0.00513462 0.289133 -0.957281 0.00394359 0.381986 -0.924142 0.00692933 0.360705 -0.93223 -0.0289892 0.306349 -0.951493 0.0284893 0.408177 -0.912882 -0.00608455 0.435066 -0.900397 0.00160997 0.398254 -0.917099 -0.017986 0.460263 -0.887781 -0.00181704 0.464718 -0.885459 -0.000688506 0.503854 -0.863782 0.00337912 0.421937 -0.905136 0.0519507 0.455724 -0.890121 -0.00106129 0.546328 -0.837572 1.4596e-07 0.495316 -0.868713 6.97623e-08 0.502004 -0.864849 -0.0052137 0.546327 -0.837572 0 0.587418 -0.809284 0 0.587418 -0.809284 0 0.665066 -0.746785 0 0.627006 -0.779015 0 0.627006 -0.779015 0 0.665066 -0.746785 0 0.701457 -0.712712 0 0.701457 -0.712712 0 0.73612 -0.676851 0 0.73612 -0.676851 0 0.768913 -0.639354 0 0.768913 -0.639354 0 0.799878 -0.600162 0 0.799878 -0.600162 0 0.828738 -0.559637 0 0.828738 -0.559637 0 0.855644 -0.517565 0 0.880387 -0.474257 0 0.855644 -0.517565 0 0.880387 -0.474257 0 0.902905 -0.429841 0 0.902905 -0.429841 0 0.923235 -0.384237 0 0.923235 -0.384237 0 0.941229 -0.337769 0 0.941229 -0.337769 0 0.956881 -0.29048 0 0.956881 -0.29048 0 0.97019 -0.242347 0 0.97019 -0.242347 0 0.981055 -0.193731 0 0.981055 -0.193731 0 0.999264 -0.0342047 -0.017384 0.989493 -0.144581 0 0.989493 -0.144581 0 0.999825 0.00759942 0.0170718 0.999986 -7.91706e-05 -0.00534951 0.99876 -0.0497809 0 0.995471 -0.095068 0 0.995471 -0.095068 0 0.999747 0.01393 0.0176617 0.998558 0.0536113 -0.00280691 0.998815 0.0469746 -0.0127583 0.998969 -0.0453807 0.000768438 0.999982 -0.00596351 3.0089e-05 0.999989 0.00455154 0.00134966 0.999795 0.0202398 -0.000200152 0.998524 0.0542988 0.000873853 0.998272 0.0587604 0 0.994572 0.10405 0 0.994572 0.10405 0 0.988149 0.153499 0 0.979263 0.202591 0 0.988149 0.153499 0 0.979263 0.202591 0 0.954237 0.29905 -0.00100827 0.948075 0.318046 0.000630372 0.952851 0.303431 -0.00203113 0.96795 0.251142 0.000185227 0.967709 0.25207 0 0.954711 0.297532 -0.00109902 0.938137 0.346256 -0.00257672 0.932857 0.360243 0.00187848 0.948799 0.315854 0.0041082 0.915477 0.40233 -0.0057647 0.909503 0.415686 0.00315681 0.928144 0.357272 0.104431 0.917335 0.361351 0.1671 0.87896 0.476891 -0.00209138 0.878484 0.47777 -0.0016421 0.894507 0.447013 -0.00608944 0.902287 0.431072 -0.00740081 0.850938 0.525266 0 0.874801 0.484482 0 0.877026 0.48044 0.00196092 0.850938 0.525266 0 0.794383 0.607417 0 0.823668 0.567073 0 0.823668 0.567073 0 0.794383 0.607417 0 0.729954 0.683497 0 0.763173 0.646194 0 0.763173 0.646194 0 0.729954 0.683497 0 0.695001 0.719008 0 0.658322 0.752736 0 0.695001 0.719008 0 0.658322 0.752736 0 0.619916 0.784668 0 0.619916 0.784668 0 0.580066 0.81457 0 0.580066 0.81457 0 0.538795 0.842437 0 0.538795 0.842437 0 0.452188 0.891923 0 0.496074 0.86828 0 0.496074 0.86828 0 0.407166 0.913354 0 0.452188 0.891923 0 0.407166 0.913354 0 0.31419 0.94936 0 0.36116 0.932504 0 0.36116 0.932504 0 0.266471 0.963843 0 0.31419 0.94936 0 0.266471 0.963843 0 0.218158 0.975914 0 0.218158 0.975914 0 0.169185 0.985584 0 0.169185 0.985584 0 0.0126297 0.999825 -0.0138017 0.0280786 0.998559 -0.0457418 0.0120823 0.999883 -0.00935422 0.118303 0.992977 -0.00026096 0.119855 0.992792 0 0.0699796 0.997548 0.00053629 0.0442836 0.997198 -0.0602993 0.0702235 0.997531 0.000491902 0.0293728 0.999569 7.96041e-05 0.0204761 0.999789 0.00130442 0.0759831 -0.997109 0.000316297 0.0825273 -0.996589 -0.0005953 0.169239 -0.985575 0.000524506 0.234081 -0.972217 3.027e-05 0.23265 -0.972561 -9.6101e-05 0.256792 -0.96646 0.00360765 0.171858 -0.985122 0.000210837 0.234688 -0.97207 -0.0014677 0.225751 -0.974185 -0.000624611 0.266448 -0.96383 0.00612477 0.265916 -0.963978 0.0059049 0.299681 -0.954039 -0.000979328 0.259438 -0.965759 0.000913898 0.235571 -0.971857 -0.00110088 0.233416 -0.972376 -0.00132469 0.326185 -0.945303 -0.00244579 0.377883 -0.925808 0.00917715 0.304826 -0.952408 -0.000506373 0.281688 -0.959505 0.0012891 0.37351 -0.927544 0.0123298 0.40842 -0.912792 -0.00206104 0.357237 -0.934013 0.00113334 0.325936 -0.945366 -0.00699883 0.329725 -0.94406 -0.00564988 0.43103 -0.90232 -0.00570833 0.451745 -0.892129 -0.00567612 0.406292 -0.913735 0.0037833 0.384796 -0.922992 0.00420843 0.484347 -0.874876 0.000252329 0.426494 -0.90449 0.00134236 0.492838 -0.870115 0.00333561 0.510684 -0.859768 0.000398853 0.522831 -0.852436 1.37118e-05 0.53077 -0.847516 1.39237e-05 0.541636 -0.840613 0.00110042 0.546292 -0.837595 0.000214165 0.455146 -0.890395 -0.0063168 0.475714 -0.879599 -0.00118742 0.461942 -0.886901 -0.0039943 0.5137 -0.857969 0.000930907 0.509324 -0.860574 0.00108442 0.50098 -0.865458 0.00105719 0.592446 -0.80561 0 0.541219 -0.840881 -0.00099061 0.54782 -0.836596 0 0.541893 -0.840447 -0.000871016 0.596334 -0.802736 -0.000496862 0.656786 -0.754077 0.000497687 0.701482 -0.712688 0 0.660435 -0.750883 0 0.701482 -0.712688 0 0.742744 -0.669576 0.000300273 0.740899 -0.671616 0 0.793771 -0.608217 0.000321648 0.795561 -0.605873 0 0.834952 -0.550323 0.000493997 0.8323 -0.554326 0 0.907058 -0.421006 -0.000279129 0.877688 -0.479232 6.63286e-05 0.875064 -0.484007 -0.000492602 0.907177 -0.42075 -0.00031002 0.938781 -0.344514 0 0.937795 -0.34719 -0.000310972 0.960084 -0.279712 0.000481181 0.958772 -0.284177 0 0.980463 -0.196703 -0.000570887 0.981692 -0.190473 0.00031156 0.995273 -0.0971128 0.000310008 0.995695 -0.0926884 -0.00033561 0.999986 -0.00531678 -0.000289365 0.999996 -0.00266348 0 0.998521 0.054373 0 0.998521 0.054373 0 0.994574 0.104034 0 0.993335 0.115257 0.00082099 0.987727 0.156188 -0.000956181 0.972885 0.231289 -9.01542e-06 0.980523 0.196402 -0.00101888 0.978702 0.205284 0.00123408 0.970182 0.242378 0.000454883 0.964954 0.26241 0.00239259 0.969296 0.245787 0.0074307 0.958733 0.284298 -0.00221965 0.972928 0.231097 -0.00231795 0.951315 0.308174 -0.00541221 0.94472 0.327831 -0.00559396 0.967307 0.253599 -0.00209201 0.959017 0.283347 0.00103399 0.953897 0.30013 0.00140571 0.970547 0.240875 -0.00423506 0.935156 0.354234 -0.00145725 0.922912 0.384846 0.0112924 0.923645 0.383114 0.0101468 0.947624 0.319387 0.00037416 0.941953 0.33574 -0.00192612 0.910248 0.414063 -0.000136115 0.938245 0.345943 -0.00432371 0.934744 0.355315 -0.00202518 0.897616 0.440771 -0.00254192 0.88837 0.459126 -0.000911355 0.877579 0.479421 0.00325555 0.877246 0.480028 0.00343416 0.91869 0.394974 0.00183491 0.907568 0.419906 -0.000111781 0.871308 0.490737 0.000389591 0.862169 0.506617 -0.00201872 0.896227 0.443595 -0.00041272 0.88209 0.471081 -0.00013822 0.902246 0.431216 -0.00235817 0.826628 0.56274 -0.00315459 0.857348 0.514731 -0.00255863 0.84041 0.541938 0.00369297 0.872025 0.489454 -0.00265747 0.860545 0.509375 0.000182621 0.870705 0.491802 -0.00205321 0.857556 0.51439 0.00043726 0.830635 0.556817 -0.000312433 0.827198 0.561911 0.000777665 0.826407 0.563072 0.0010638 0.794391 0.607406 0.000142575 0.795472 0.60599 0 0.758504 0.651668 0 0.756649 0.653822 0.000310129 0.70217 0.71201 0.000310772 0.693504 0.720452 -0.0010075 0.653512 0.756915 0.000949483 0.589626 0.807675 0.00138581 0.621668 0.783279 -0.00179954 0.538475 0.842641 -0.000813957 0.544751 0.838598 0 0.445803 0.895131 0 0.496004 0.86832 0 0.496004 0.86832 0 0.443246 0.8964 -0.000311408 0.370408 0.928869 -0.00030984 0.367765 0.929919 0 0.314264 0.949336 0 0.266514 0.963831 0 0.314264 0.949336 0 0.266514 0.963831 0 0.21103 0.97748 0 0.208273 0.978071 0.000307958 0.129828 0.991536 0.000312729 0.126983 0.991905 0 0.0701635 0.997536 0 0.0701635 0.997536 0 0.0131993 0.999913 0 0.0103983 0.999946 0.000306161 2.55304e-06 -8.0178e-06 -1 1.02014e-06 1.17158e-06 -1 -1.23012e-05 -1.12727e-05 -1 3.65722e-06 5.20159e-06 -1 4.07693e-06 5.74702e-07 -1 -1.36002e-05 -9.7429e-06 -1 -2.58542e-07 -7.24778e-08 -1 -9.73197e-06 2.57912e-06 -1 -5.68678e-08 5.51051e-06 -1 5.78808e-07 1.12836e-06 -1 -7.99586e-07 4.30113e-06 -1 4.49299e-07 1.13888e-06 -1 5.83115e-06 2.50245e-06 -1 6.82176e-07 1.27388e-06 -1 4.69854e-07 1.47425e-06 -1 5.78543e-06 1.88073e-06 -1 6.11201e-06 1.78583e-06 -1 3.5755e-06 2.27379e-06 -1 1.26411e-06 6.32334e-06 -1 6.04092e-06 2.54803e-06 -1 9.30556e-06 1.60358e-06 -1 -3.91904e-06 2.73165e-06 -1 -8.00583e-09 -1.9334e-07 -1 1.00076e-05 4.4501e-07 -1 2.69657e-07 -6.69695e-06 -1 -3.26942e-06 -3.07942e-06 -1 8.14745e-06 -1.72273e-06 -1 6.38381e-06 -3.77791e-07 -1 1.22454e-06 -6.28287e-06 -1 4.41025e-06 7.33319e-06 -1 6.11514e-06 -1.14017e-06 -1 6.17627e-06 -1.19238e-06 -1 -2.0825e-06 5.99063e-06 -1 6.13682e-06 -1.82967e-06 -1 -1.96645e-06 6.47009e-06 -1 5.6907e-06 -1.97405e-06 -1 -2.91145e-06 6.46703e-06 -1 5.81995e-06 -2.78249e-06 -1 -3.42722e-06 5.17059e-06 -1 8.18142e-06 -2.64007e-06 -1 -3.11455e-06 5.0724e-06 -1 -4.37143e-06 -6.22223e-07 -1 8.08261e-06 -5.70138e-06 -1 4.75715e-06 -4.16098e-06 -1 5.04476e-06 -5.91237e-06 -1 1.25634e-07 -1.47181e-07 -1 -2.02708e-07 -3.46728e-06 -1 3.37624e-06 -3.29225e-06 -1 5.70601e-06 -3.27505e-06 -1 7.43822e-06 -8.04441e-06 -1 4.2526e-06 -3.67047e-06 -1 3.55383e-06 -2.59656e-06 -1 7.08051e-06 -9.85391e-06 -1 3.91756e-06 -5.454e-06 -1 -5.21718e-07 -4.65052e-06 -1 4.92318e-06 -9.55529e-06 -1 1.09463e-05 -5.47031e-06 -1 -2.92398e-06 -5.48616e-06 -1 1.15618e-05 -3.90102e-06 -1 -2.09489e-06 5.9119e-06 -1 1.03526e-07 7.42647e-06 -1 -1.5718e-06 6.64518e-06 -1 -2.06113e-06 9.37025e-09 -1 4.48053e-07 5.97581e-06 -1 -1.46663e-06 2.30644e-07 -1 -4.86835e-07 3.81107e-06 -1 -1.35538e-06 1.08544e-08 -1 -6.97733e-08 4.01309e-06 -1 -1.36767e-06 4.04206e-10 -1 -3.59708e-06 9.2976e-06 -1 -3.17971e-06 2.7926e-06 -1 -6.27262e-06 -6.76637e-07 -1 1.90307e-06 1.21778e-05 -1 6.0067e-06 1.15539e-06 -1 -3.87551e-07 -4.38885e-06 -1 -6.09102e-06 -1.19648e-06 -1 1.86627e-07 5.25374e-08 -1 -1.99815e-06 1.19502e-06 -1 -3.85848e-07 -1.21685e-06 -1 1.41873e-06 -5.05151e-06 -1 -7.78499e-06 5.36846e-07 -1 -1.86652e-06 -8.51226e-07 -1 -2.95598e-06 -6.4437e-06 -1 -3.42062e-06 -5.42168e-06 -1 -8.82397e-06 -4.95339e-06 -1 -3.45185e-06 -5.43249e-06 -1 -9.25203e-07 -7.23259e-06 -1 -5.95337e-06 -1.57818e-06 -1 1.54865e-07 1.15175e-07 -1 1.42184e-06 1.6852e-06 -1 2.38265e-06 7.44647e-07 -1 1.40187e-07 1.25985e-07 -1 -2.51821e-05 -2.52848e-06 1 -3.01402e-05 -2.77131e-05 1 1.46552e-07 -9.28992e-06 1 -4.0573e-07 -4.68058e-07 1 -6.08438e-06 -2.7632e-05 1 -8.17062e-06 -3.28548e-05 1 -7.28611e-06 -1.05346e-05 1 -7.44717e-07 -8.71732e-09 1 4.20913e-07 4.92702e-09 1 -6.94513e-05 -9.91258e-06 1 -5.58733e-07 -3.05377e-07 1 -2.27994e-05 -1.09867e-05 1 -1.87782e-05 -3.67639e-05 1 -6.20295e-06 2.69169e-05 1 -2.13707e-07 -5.75186e-07 1 -6.83318e-05 -2.57034e-05 1 -3.11415e-05 -2.54762e-05 1 2.03918e-05 1.50008e-05 1 8.26725e-06 3.48047e-05 1 -2.46237e-05 -5.25348e-06 1 1.35226e-05 -1.20431e-05 1 -1.79787e-06 -1.12193e-05 1 -3.19986e-06 -1.09996e-05 1 -2.17396e-07 -3.84069e-06 1 1.50728e-05 1.13162e-06 1 1.71243e-05 2.96168e-07 1 1.66185e-05 -1.46204e-07 1 1.82046e-06 -7.34871e-06 1 3.24279e-07 -3.78209e-06 1 1.74302e-05 -1.20888e-06 1 1.45137e-05 -2.0284e-06 1 5.41042e-06 -1.18723e-05 1 1.62197e-06 -7.40631e-06 1 1.99298e-05 -1.20893e-05 1 4.34209e-06 -1.40689e-05 1 3.37074e-05 -1.00026e-05 1 -1.29105e-05 -4.10577e-06 1 2.71546e-05 4.4887e-06 1 -1.93755e-05 4.27701e-05 1 -1.11522e-06 5.12217e-07 1 -7.67924e-07 -4.20209e-07 1 -2.21558e-05 3.75985e-05 1 0 0 1 1.72671e-06 -3.70932e-06 1 1.57838e-05 5.01571e-07 1 -3.08861e-05 4.13466e-05 1 4.75024e-06 -3.58686e-06 1 -7.01806e-06 -1.76497e-06 1 5.3679e-06 -6.25009e-06 1 -1.02043e-05 1.02398e-05 1 7.14479e-06 -7.06222e-06 1 1.28423e-05 7.67207e-06 1 6.0465e-06 -7.95243e-06 1 1.99415e-05 -1.5058e-05 1 5.568e-07 9.81625e-06 1 3.37777e-05 -1.36396e-05 1 4.24121e-05 -2.48642e-05 1 -6.88743e-06 1.19067e-05 1 -6.41184e-06 2.11296e-05 1 -1.05634e-05 2.28661e-05 1 4.60335e-05 -1.98845e-05 1 -1.60649e-05 9.41859e-06 1 5.28335e-05 -1.83012e-05 1 5.42665e-05 -1.96724e-05 1 -2.08498e-07 5.89839e-07 1 4.19333e-06 5.17924e-06 1 -4.94864e-06 1.8202e-05 1 5.19445e-05 -1.2221e-05 1 7.62671e-06 -2.15047e-05 1 -2.45327e-06 1.7193e-05 1 6.23385e-07 -6.14452e-08 1 1.48785e-05 5.0741e-06 1 -8.46108e-06 -9.16856e-07 1 4.07014e-07 -1.48783e-05 1 1.51504e-05 9.2905e-06 1 4.09258e-05 7.47777e-07 1 -8.67762e-06 -1.85134e-05 1 -3.11992e-06 -4.18064e-05 1 3.99978e-05 5.66904e-06 1 4.28428e-05 7.71947e-06 1 4.05194e-05 8.85234e-06 1 -7.80495e-06 -3.86369e-05 1 4.09873e-05 1.25654e-05 1 9.42374e-06 -1.90478e-05 1 4.11586e-06 1.41486e-05 1 5.70155e-05 2.82322e-05 1 6.82462e-05 2.67971e-05 1 4.16449e-06 1.4127e-05 1 3.98635e-06 9.28301e-06 1 6.75983e-05 3.60444e-05 1 4.03501e-05 2.94404e-06 1 1.25704e-05 7.9534e-06 1 -2.58197e-07 1.08538e-05 1 1.12942e-08 -4.74771e-07 1 -2.38284e-05 -5.21376e-06 1 1.24607e-05 9.40491e-06 1 -3.64244e-06 -2.08028e-05 1 -2.95514e-05 -2.60862e-05 1 -2.18502e-05 -2.83818e-05 1 -2.71845e-05 -2.92089e-05 1 -2.78723e-05 -3.10295e-05 1 0.0141835 0.999783 0.0152906 0.0812559 0.996679 0.00535249 0.0564991 0.998157 -0.0221276 0.162993 0.986627 0 0.158227 0.987388 -0.00535577 0.228909 0.973442 -0.0033172 0.231103 0.972929 0 0.318285 0.94783 0.0176981 0.348173 0.937096 -0.0250283 0.41107 0.911406 0.0189734 0.454726 0.890258 -0.0257818 0.507864 0.860693 0.0358073 0.568479 0.821934 -0.0354297 0.617903 0.785829 0.0258681 0.654888 0.755492 -0.0188026 0.698122 0.715739 0.0185366 0.731792 0.681041 -0.0257424 0.771349 0.635417 0.0355667 0.815306 0.577945 -0.0354468 0.84375 0.536517 0.0153739 0.877389 0.479539 -0.0152099 0.881332 0.472486 -0.00330987 0.924825 0.379877 0.0198018 0.935461 0.351878 -0.0330847 0.964281 0.264001 0.0215758 0.983168 0.182397 0.0106099 0.977584 0.208568 -0.0287915 0.997707 0.067685 0 0.997137 0.0748621 -0.0106078 0.999832 -0.0154709 0.00983015 0.999961 -0.00879732 0 0.990038 -0.140589 -0.00777319 0.990296 -0.138401 -0.0125755 0.969148 -0.245801 0.0182559 0.958083 -0.284308 -0.0353067 0.939762 -0.340873 0.0255572 0.901216 -0.433324 0.00634521 0.908566 -0.417302 -0.0191518 0.857897 -0.513784 -0.00628004 0.853589 -0.520917 0.00566045 0.798028 -0.602583 -0.00676782 0.792106 -0.610287 0.0108441 0.711161 -0.702943 -0.0110234 0.696868 -0.71676 0.0250863 0.624408 -0.780507 -0.0303944 0.582546 -0.81179 0.0404672 0.51543 -0.856332 -0.0320449 0.476085 -0.879225 0.0175092 0.419351 -0.907748 -0.011786 0.405728 -0.913981 0.00481855 0.319247 -0.9476 0.0116611 0.33327 -0.942818 -0.0049942 0.26232 -0.964859 -0.0153527 0.223527 -0.974366 0.0254238 0.126318 -0.991985 0.00318662 0.141232 -0.989781 -0.0196625 0.0395456 -0.999212 0.00347056 0.0273444 -0.999567 -0.0109135 1.07362e-05 6.22675e-06 1 -1.07068e-05 1.15413e-05 1 -9.41763e-06 1.49931e-06 1 -6.99599e-06 5.85748e-06 1 -1.42668e-05 0.000357267 1 -0.000152526 9.23114e-05 1 7.20376e-05 -0.000325212 1 1.64934e-05 1.01157e-06 1 1.95402e-06 -8.76189e-07 1 -6.76756e-05 0.000490836 1 -0.000332356 -0.000213608 1 -0.000291673 -0.000173224 1 0.000658342 0.000713325 1 5.95595e-07 1.09158e-06 1 6.5806e-06 1.49641e-05 1 0 0 1 -0.00035013 0.000395407 1 4.40333e-05 0.00034876 1 4.17583e-07 -2.82567e-06 1 -4.63466e-07 -3.11843e-06 1 0.00055958 -0.000397923 1 -3.37765e-07 -2.65747e-07 1 4.01488e-06 9.54231e-07 1 -3.50495e-07 -2.75763e-07 1 3.89013e-06 4.85339e-06 1 -1.10284e-07 2.42309e-07 1 -6.10304e-08 -1.6185e-07 1 -8.69201e-08 -1.78068e-07 1 1.14502e-06 -4.12018e-07 1 -8.84309e-07 -7.5859e-08 1 2.2003e-07 4.5076e-07 1 -2.44357e-07 -8.41793e-08 1 2.93216e-05 0.000110123 1 0.000155941 -0.000228504 1 -4.06418e-06 1.27807e-06 1 -1.54717e-07 1.98807e-07 1 -0.000216008 -1.95687e-05 1 -9.29863e-08 -4.59203e-07 1 0.000180125 -0.000105374 1 -3.49387e-08 -1.72541e-07 1 2.0613e-06 -1.57552e-07 1 -1.10361e-08 -2.89532e-07 1 8.3365e-09 2.18709e-07 1 8.16197e-07 -2.73474e-07 1 1.23494e-07 -1.74805e-07 1 2.47316e-06 7.31199e-07 1 0 0 1 -1.38932e-06 3.0939e-07 1 -9.73972e-07 -9.4507e-07 1 5.28692e-07 2.18703e-07 1 -1.37676e-07 7.76425e-07 1 0 0 1 -1.90994e-07 4.86246e-07 1 -5.81723e-06 -7.54873e-07 1 0 0 1 4.61389e-07 -1.29764e-06 1 -1.26355e-05 5.33332e-05 1 -6.02547e-05 3.53479e-05 1 -4.75562e-05 -2.91605e-05 1 -1.75222e-06 1.07766e-06 1 -2.69124e-06 9.38845e-07 1 -3.24041e-06 3.83852e-06 1 -1.15548e-06 3.69441e-07 1 3.24426e-05 4.29814e-05 1 4.90905e-06 -7.28012e-05 1 3.7711e-06 -6.32712e-06 1 2.88682e-05 -3.12304e-05 1 3.44807e-06 -1.10245e-06 1 1.59496e-06 -1.02524e-06 1 1.14151e-05 1.04004e-05 1 2.75465e-06 1.91217e-07 1 -1.63517e-05 5.60718e-06 1 0 0 1 -6.08938e-06 -7.31064e-06 1 0 0 1 -3.81321e-07 2.73501e-06 1 1.25915e-06 -1.94608e-06 1 2.01759e-06 -9.33411e-06 1 1.04552e-06 -5.18228e-07 1 5.26539e-07 -3.8391e-07 1 3.48626e-07 -7.36087e-06 1 8.46683e-07 1.00766e-06 1 -3.05822e-07 -1.13071e-06 1 1.70013e-05 -4.01782e-07 1 -5.4599e-07 -2.57891e-07 1 -1.31742e-07 -4.75978e-08 1 0 0 1 -1.52132e-07 3.27335e-07 1 -7.02627e-09 -2.58128e-07 1 -3.81093e-07 7.35414e-08 1 0 0 1 -3.72999e-08 -1.33477e-07 1 0 0 1 -2.08073e-08 -1.3816e-07 1 0 0 1 3.57305e-10 5.34574e-07 1 -5.14621e-07 -9.03145e-07 1 2.06519e-07 -1.28129e-07 1 -6.25875e-07 -1.76429e-08 1 -3.40459e-07 6.90573e-08 1 -1.43256e-07 -4.65014e-07 1 1.2819e-07 4.16111e-07 1 8.0863e-08 2.79886e-07 1 0 0 1 1.28301e-09 -6.95417e-08 1 -2.63237e-07 1.40098e-07 1 -7.00824e-08 1.43499e-07 1 2.36539e-07 6.28397e-08 1 1.37296e-08 -6.82815e-08 1 6.11045e-08 -2.00458e-07 1 1.32715e-07 -3.58333e-08 1 -1.19227e-07 -3.16742e-08 1 2.39115e-07 3.43372e-07 1 1.52055e-07 1.59279e-07 1 4.76413e-07 -3.10728e-07 1 -1.81484e-05 -1.35883e-06 1 5.6983e-07 -1.31344e-06 1 1.48861e-07 -3.43122e-07 1 3.69671e-07 2.84376e-06 1 1.17745e-05 -1.05063e-05 1 1.63506e-06 -1.50927e-06 1 0.0002724 0.00089213 1 1.48859e-05 -7.90994e-06 1 0.00046771 -0.000411707 1 2.27659e-05 -1.00509e-05 1 -0.000121407 -0.000791816 1 0.118387 -0.503886 0.855619 0.331726 -0.402937 0.852995 0.433726 -0.280023 0.856428 0.847613 -0.530607 0.00293373 0.467804 0.225808 0.8545 0.480367 -0.186956 0.85691 0.505118 -0.108812 0.856163 0.518437 0.0150188 0.854984 0.355549 0.375552 0.855889 0.491346 0.870958 0.00328532 0.252331 0.450494 0.856379 0.117344 0.503274 0.856123 0.0175374 -0.999844 -0.00203609 0.222852 -0.974847 0.00310297 0.284493 -0.958652 -0.00713366 0.632449 -0.774557 0.00832512 0.68284 -0.730551 -0.00495834 0.880132 -0.474723 -0.00244973 0.926616 -0.376005 0.00179605 0.955886 -0.293734 -0.001625 0.975682 -0.21918 0.00209644 0.995583 -0.0937526 -0.0049983 0.999517 0.0302543 0.00712827 0.977742 0.209645 -0.00829204 0.896396 0.443213 0.00596606 0.867622 0.497215 -0.00320337 0.689659 0.724118 0.00477691 0.646218 0.763149 -0.00231707 0.409682 0.912208 -0.00604636 0.23501 0.971976 0.00565096 0.083659 0.996477 -0.00586482 0.0452299 -0.995787 -0.0797667 0.188137 -0.560693 0.806367 0.37143 -0.411515 0.832283 0.72527 -0.550094 0.413982 0.61703 -0.342973 0.708268 0.624592 -0.192032 0.756974 0.743567 -0.0862687 0.663073 0.958078 0.121803 -0.259328 0.561085 0.77969 -0.277969 0.283158 0.666192 0.689934 0.0798368 0.574375 0.81469 4.8017e-06 -1.76839e-05 -1 2.3677e-07 7.47539e-08 -1 -1.02162e-05 -8.53534e-06 -1 -0.000321912 5.42829e-06 -1 -9.63472e-06 1.19758e-05 -1 -1.26048e-06 -8.21531e-07 -1 -7.91722e-05 -0.000118365 -1 0.000643482 -4.29844e-05 -1 -4.49523e-09 -1.12968e-08 -1 -1.26503e-06 -6.73304e-07 -1 -3.19094e-07 -8.29166e-08 -1 4.20014e-07 3.31594e-06 -1 -4.04849e-08 -8.85221e-08 -1 -4.25986e-09 -2.12585e-09 -1 -2.85626e-08 -8.56288e-08 -1 -1.49167e-07 8.40941e-07 -1 2.59053e-07 8.04727e-08 -1 2.203e-07 5.05382e-07 -1 6.03001e-07 -5.42067e-07 -1 -3.6274e-07 5.2172e-07 -1 2.67512e-08 -1.66741e-08 -1 -1.53385e-06 1.93399e-06 -1 -3.70206e-09 -7.81914e-10 -1 -4.95247e-07 -3.33742e-07 -1 1.36534e-06 -6.30529e-07 -1 -6.3344e-09 1.41125e-08 -1 8.05629e-10 2.17651e-10 -1 -2.55333e-09 -1.43384e-08 -1 6.34531e-10 7.2219e-10 -1 4.67282e-12 -1.46572e-08 -1 8.42601e-10 -9.2979e-10 -1 1.52154e-09 4.84966e-09 -1 2.15943e-09 6.73056e-10 -1 1.20347e-09 -1.44413e-08 -1 2.15329e-09 -2.46374e-10 -1 1.51711e-08 -8.17344e-09 -1 1.56281e-09 -8.71303e-09 -1 2.10293e-09 -4.83763e-10 -1 1.79524e-08 -6.44157e-09 -1 2.53263e-08 5.30725e-08 -1 -1.91889e-09 1.43918e-09 -1 4.3602e-08 -1.008e-07 -1 5.86136e-08 -1.04306e-07 -1 -4.74676e-09 -9.48024e-08 -1 -4.74049e-08 -4.20721e-08 -1 9.46824e-09 -3.07377e-08 -1 -3.20806e-08 1.91326e-08 -1 -7.52408e-08 -3.14535e-08 -1 -3.39937e-07 -2.55973e-07 -1 -3.02034e-05 -1.20467e-05 -1 -4.81193e-08 -2.30954e-07 -1 -1.00868e-06 -1.30755e-06 -1 1.20749e-07 8.20446e-07 -1 7.11827e-08 -7.15741e-08 -1 1.67323e-05 -2.14951e-05 -1 5.21464e-07 5.35312e-07 -1 -8.92099e-07 -2.53191e-07 -1 -7.84491e-07 1.0813e-07 -1 -3.97324e-07 6.85163e-07 -1 -6.01489e-08 8.39718e-07 -1 1.93442e-05 -1.9325e-05 -1 1.76296e-05 3.24152e-05 -1 -1.86121e-07 -1.18179e-06 -1 3.21833e-07 3.86647e-07 -1 -3.3067e-07 4.24295e-07 -1 6.83669e-06 1.98046e-06 -1 6.81356e-07 1.00071e-06 -1 -3.07178e-06 -2.40577e-06 -1 -3.83658e-05 -5.36741e-05 -1 2.67819e-06 -3.43629e-06 -1 -1.13003e-06 9.0671e-07 -1 -2.45052e-06 -3.6636e-06 -1 1.49286e-07 -2.39507e-07 -1 1.81146e-07 -6.9194e-08 -1 1.31834e-07 2.00002e-07 -1 9.1107e-05 2.41508e-05 -1 2.28054e-06 -3.49113e-06 -1 -7.5482e-06 -3.01477e-07 -1 8.53973e-08 -8.09124e-08 -1 -3.92379e-08 4.35551e-08 -1 1.62376e-07 -4.18815e-08 -1 -1.53223e-08 3.82489e-08 -1 7.42804e-08 -3.06594e-08 -1 -6.4503e-08 2.40032e-07 -1 1.00033e-09 1.02916e-08 -1 4.32947e-06 -6.20027e-07 -1 -6.47652e-07 1.78077e-06 -1 8.08075e-08 -2.0396e-07 -1 -3.20566e-08 9.51821e-09 -1 -3.88433e-09 4.43417e-10 -1 -1.53453e-08 3.89811e-08 -1 1.7328e-07 2.5553e-07 -1 7.62586e-10 -2.78048e-09 -1 -3.75396e-09 8.63548e-10 -1 -1.56613e-06 -1.27105e-06 -1 1.75167e-07 7.33176e-08 -1 -1.20819e-06 -4.44017e-09 -1 -1.46039e-08 -7.47489e-07 -1 -1.05399e-07 -5.76353e-08 -1 -9.0831e-08 5.41652e-07 -1 -5.78124e-09 -1.95957e-08 -1 3.58884e-10 -3.58635e-11 -1 2.63997e-06 -4.50486e-06 -1 6.14189e-05 -4.26836e-05 -1 -3.88766e-05 6.28508e-05 -1 -1.24609e-08 5.53331e-07 -1 7.75766e-07 -1.58305e-07 -1 -1.61005e-05 0.000102824 -1 2.28398e-06 4.26683e-05 -1 -2.32213e-06 4.97947e-06 -1 0.000106695 -4.87364e-05 -1 5.09654e-09 -2.02319e-08 -1 -5.32606e-09 2.84026e-08 -1 3.59644e-10 1.2173e-11 -1 5.63531e-09 -1.9124e-08 -1 -4.65362e-09 -5.39042e-10 -1 -3.04078e-08 -2.72864e-07 -1 -4.56766e-09 -1.00163e-09 -1 2.71697e-08 -7.12144e-08 -1 -8.13614e-07 4.96849e-07 -1 -2.39299e-09 1.40698e-08 -1 1.38487e-08 3.42157e-09 -1 -4.57812e-08 8.0883e-08 -1 1.46666e-08 5.10393e-09 -1 1.33013e-08 4.22885e-09 -1 7.59646e-09 1.66383e-08 -1 2.76428e-08 2.7387e-07 -1 1.25854e-08 -3.10994e-09 -1 5.21442e-10 9.97287e-10 -1 -8.30478e-06 1.83183e-06 -1 -2.86421e-08 8.80696e-08 -1 2.45802e-07 -1.52451e-06 -1 2.28122e-06 3.25462e-06 -1 6.2768e-07 3.40812e-07 -1 1.78848e-06 3.59319e-06 -1 8.26787e-06 -1.68213e-06 -1 5.1739e-07 5.76535e-07 -1 3.499e-06 3.82543e-06 -1 0.00977609 0.999928 0.00698636 0.0766501 0.996983 0.0122483 0.124136 0.991908 -0.026613 0.158464 0.987334 0.0078006 0.224226 0.974506 0.00782517 0.255008 0.966726 -0.0202856 0.317098 0.948176 0.0202719 0.357957 0.933531 -0.0196497 0.433818 0.900914 0.0125404 0.463267 0.886024 -0.0185669 0.501489 0.865077 0.0122437 0.576605 0.816952 -0.0107273 0.571038 0.820919 -0.00267324 0.661337 0.749867 -0.0182663 0.627684 0.778412 0.00938553 0.693465 0.720227 0.0194593 0.749633 0.66173 -0.0127752 0.758637 0.651513 0 0.798298 0.602263 0 0.806648 0.590898 -0.0125841 0.84855 0.528713 0.0206529 0.873847 0.485805 -0.0195897 0.897101 0.441591 0.0144089 0.915693 0.401726 -0.0110412 0.936643 0.350163 0.00924704 0.944389 0.328645 -0.0110059 0.96503 0.261725 0.0147309 0.976664 0.214171 -0.0160562 0.981423 0.191813 0.00421649 0.993349 0.115062 -0.00422889 0.993896 0.110323 0 0.999176 0.040581 0 0.999395 0.0338269 -0.00807253 0.997143 -0.0751111 0.00796085 0.994829 -0.0994137 -0.0207925 0.988348 -0.151713 0.0123462 0.974489 -0.224168 -0.0109678 0.971861 -0.235555 0 0.953604 -0.301048 0.0029174 0.952864 -0.303397 0 0.92142 -0.388303 -0.0143535 0.908451 -0.417517 0.019907 0.87819 -0.478072 -0.0151486 0.857744 -0.513853 0.015183 0.832212 -0.554374 -0.00966388 0.787267 -0.616477 -0.012904 0.806363 -0.59138 0.00690752 0.764745 -0.644214 0.0123664 0.703513 -0.710578 -0.0121727 0.709141 -0.705061 -0.00289055 0.665064 -0.74675 0.00736629 0.616192 -0.78754 -0.00945551 0.616448 -0.787344 -0.00899271 0.498376 -0.866656 -0.0230058 0.521439 -0.853247 0.00841244 0.454668 -0.890577 0.0122208 0.363626 -0.93126 -0.0230413 0.379799 -0.925065 -0.00264222 0.316786 -0.948418 0.0122447 0.229824 -0.973215 -0.00576457 0.231084 -0.972926 -0.00390772 0.115133 -0.993226 -0.0157112 0.132948 -0.991111 0.00495984 0.0404206 -0.999025 0.0177657 0.0202869 0.727585 -0.685717 0.00897105 0.783701 -0.621074 0.0521924 0.68147 -0.729983 0.109808 0.683061 -0.722059 0.158729 0.763946 -0.625453 0.164444 0.705498 -0.68937 0.211634 0.63347 -0.744263 0.266236 0.704278 -0.658111 0.287354 0.599639 -0.746901 0.364405 0.653867 -0.663074 0.356653 0.611002 -0.706736 0.384208 0.555737 -0.737252 0.454971 0.562275 -0.690542 0.470464 0.598015 -0.648878 0.447093 0.46576 -0.76366 0.563445 0.49789 -0.659269 0.546715 0.469574 -0.693255 0.551781 0.416522 -0.722529 0.618177 0.420609 -0.664038 0.56211 0.348176 -0.750204 0.609189 0.301754 -0.733371 0.687607 0.314662 -0.654359 0.629373 0.233461 -0.741205 0.693456 0.217834 -0.68678 0.660874 0.181257 -0.72828 0.711827 0.147488 -0.686695 0.685498 0.131835 -0.716039 0.67652 0.0775067 -0.732335 0.735661 0.0535117 -0.675233 0.695052 0.0309924 -0.718291 0.756112 -0.0376482 -0.653358 0.687913 -0.0543424 -0.723756 0.685473 -0.106369 -0.720287 0.728949 -0.133121 -0.6715 0.663167 -0.159558 -0.731266 0.710515 -0.225726 -0.666495 0.695235 -0.224726 -0.682749 0.594813 -0.275233 -0.755277 0.683096 -0.362884 -0.633794 0.579802 -0.346504 -0.737404 0.571849 -0.418123 -0.705805 0.609796 -0.473054 -0.635901 0.531659 -0.447535 -0.719063 0.477427 -0.475004 -0.739212 0.477049 -0.535642 -0.696787 0.501663 -0.546509 -0.670569 0.422622 -0.541966 -0.726405 0.437499 -0.602288 -0.667716 0.347769 -0.566679 -0.746948 0.319863 -0.631189 -0.706604 0.351517 -0.660821 -0.663138 0.258383 -0.624231 -0.737275 0.222091 -0.671639 -0.706807 0.249088 -0.705799 -0.663177 0.156059 -0.653946 -0.74027 0.138786 -0.76017 -0.634728 0.0923193 -0.669201 -0.737324 0.0254364 -0.681763 -0.731131 0.0100791 0.709014 0.705123 0.0590939 0.725064 0.686142 0.102369 0.679729 0.726285 0.114322 0.691882 0.712903 0.163898 0.697058 0.698031 0.185581 0.664101 0.724245 0.230947 0.687744 0.688238 0.278516 0.631279 0.72382 0.288109 0.638787 0.713403 0.369757 0.626973 0.6857 0.369628 0.564018 0.738416 0.456405 0.58093 0.673954 0.470354 0.49775 0.728706 0.490814 0.503393 0.711124 0.552356 0.454281 0.69895 0.538564 0.420713 0.730034 0.609441 0.387494 0.691686 0.598886 0.328562 0.730331 0.612593 0.32843 0.718932 0.682651 0.280414 0.6748 0.641246 0.217156 0.735967 0.692476 0.18956 0.696092 0.681537 0.133482 0.719507 0.695207 0.129003 0.707139 0.719664 0.048791 0.692606 0.677319 0.0120929 0.735591 0.714395 -0.0120574 0.699638 0.672254 -0.107409 0.732488 0.70085 -0.097967 0.70655 0.711714 -0.181878 0.678516 0.639896 -0.233294 0.732193 0.646133 -0.232851 0.726837 0.658732 -0.317558 0.682077 0.576969 -0.350527 0.737725 0.580255 -0.355113 0.732939 0.588968 -0.453686 0.668794 0.487794 -0.45717 0.743675 0.509625 -0.522328 0.683707 0.405595 -0.559236 0.723013 0.407923 -0.568775 0.714208 0.341977 -0.633781 0.693811 0.289426 -0.609061 0.738429 0.283934 -0.642147 0.71206 0.23007 -0.682312 0.693915 0.194387 -0.658202 0.727312 0.164044 -0.705753 0.689204 0.0958558 -0.680358 0.726584 0.0875066 -0.700438 0.708328 0.0284965 -0.718462 0.694982 0.0596799 -0.693421 0.718057 0.122206 -0.698867 0.704735 0.156308 -0.716821 0.679511 0.164685 -0.701594 0.693286 0.224593 -0.644057 0.731266 0.318846 -0.652858 0.687105 0.324303 -0.630044 0.7056 0.378148 -0.586056 0.716619 0.422554 -0.569232 0.705282 0.420028 -0.578026 0.699616 0.463565 -0.526614 0.712591 0.499645 -0.507626 0.701905 0.498734 -0.515233 0.696993 0.515266 -0.469366 0.717075 0.57006 -0.427293 0.701749 0.570716 -0.432566 0.697975 0.581891 -0.391503 0.712831 0.633562 -0.337188 0.69635 0.639494 -0.350492 0.684253 0.631908 -0.289676 0.718875 0.648751 -0.243484 0.720997 0.689462 -0.207769 0.693884 0.71878 -0.194072 0.667601 0.681761 -0.133742 0.719246 0.682506 -0.0669606 0.727807 0.726248 -0.0109112 0.687346 0.716138 -0.000298797 0.697958 0.700689 0.038155 0.712446 0.699595 0.0731789 0.710782 0.710268 0.106714 0.695795 0.712818 0.104668 0.693494 0.668416 0.169416 0.724237 0.665189 0.243506 0.705853 0.679925 0.234331 0.694831 0.64389 0.311851 0.698681 0.638641 0.313792 0.702619 0.610448 0.342215 0.714312 0.590536 0.404121 0.698537 0.593355 0.403492 0.696509 0.557453 0.426239 0.712437 0.532182 0.460694 0.710312 0.526657 0.498187 0.688797 0.482303 0.501473 0.718268 0.432346 0.541313 0.72115 0.387447 0.596029 0.703303 0.416044 0.6006 0.682779 0.346162 0.606002 0.716194 0.310018 0.630176 0.711876 0.292626 0.661199 0.690786 0.261927 0.652993 0.71063 0.218902 0.661265 0.717503 0.188058 0.680099 0.70859 0.153434 0.702564 0.694883 0.162791 0.708366 0.686816 0.0865887 0.690372 0.718254 0.0495116 0.703921 0.70855 0.0128805 0.732232 0.680934 0.0122873 0.73157 0.681656 0.350475 0.936157 0.027883 0.349375 0.928536 0.125536 0.278968 0.95707 0.0787031 0.415658 0.881849 0.222645 0.339604 0.828754 0.444788 0.316553 0.838575 0.443379 0.437232 0.766397 0.470599 0.521139 0.670427 0.528149 0.522214 0.57974 0.625456 0.471796 0.497487 0.727953 0.469488 0.495405 0.730859 0.666873 0.349601 0.658073 0.714067 0.219231 0.664866 0.67784 0.0156857 0.735043 0.599935 -0.120375 0.790941 0.858962 -0.0567949 0.50888 0.921772 -0.127991 0.365997 0.924634 -0.221424 0.309876 0.863908 -0.457471 0.210672 0.845784 -0.481716 0.229344 0.919174 -0.374168 0.122949 0.947383 -0.317738 0.0388376 -0.386701 0.921807 0.0271042 -0.386721 0.921491 0.036072 -0.382398 0.911921 0.148901 -0.381413 0.908601 0.170199 -0.369952 0.882382 0.290752 -0.363796 0.865426 0.344514 -0.351534 0.839525 0.414273 -0.325255 0.773755 0.543611 -0.30541 0.730066 0.611333 -0.290802 0.69234 0.660378 -0.249548 0.595819 0.763365 -0.239941 0.570537 0.78544 -0.183448 0.436922 0.880594 -0.177556 0.42387 0.888149 -0.128882 0.306488 0.943109 -0.116355 0.278445 0.953378 -0.0500052 0.117786 0.991779 -0.0346202 0.0840257 0.995862 0.0583543 -0.138354 0.988662 0.0460522 -0.111139 0.992737 0.137602 -0.326012 0.935298 0.123987 -0.296454 0.946965 0.231752 -0.554562 0.79922 0.248408 -0.588941 0.769053 0.3059 -0.731555 0.609305 0.330879 -0.785778 0.522563 0.341926 -0.815954 0.466161 0.368919 -0.878516 0.303494 0.370946 -0.884499 0.282949 0.379933 -0.90546 0.189189 0.38093 -0.90832 0.172762 0.385241 -0.91799 0.0942578 0.385896 -0.920674 0.0586924 0.00855955 0.749249 -0.662233 0.0341138 0.897088 -0.440534 0.0550964 0.783322 -0.61917 0.0865316 0.667679 -0.739403 0.145005 0.676819 -0.721726 0.213218 0.791923 -0.572186 0.210976 0.762981 -0.611024 0.209139 0.631771 -0.746409 0.226187 0.563257 -0.794721 0.300269 0.609511 -0.733713 0.527537 0.837135 -0.144605 0.486864 0.852319 0.191091 0.569825 0.812821 -0.120922 0.455335 0.533376 -0.712867 0.434653 0.439762 -0.78593 0.514415 0.445355 -0.732828 0.812016 0.561803 -0.158139 0.766612 0.583096 0.268895 0.809965 0.490818 -0.32102 0.568552 0.234776 -0.788434 0.788766 0.215925 -0.575521 0.841674 0.220072 -0.493105 0.685507 0.135669 -0.715314 0.64257 0.0760868 -0.76244 0.749591 0.0371719 -0.660857 0.766242 0.0417246 -0.641196 0.656972 -0.00279117 -0.753909 0.673751 -0.0644215 -0.736145 0.78556 -0.10485 -0.609837 0.617481 -0.121821 -0.777096 0.606207 -0.174898 -0.775838 0.849167 -0.310919 0.426902 0.866509 -0.387871 -0.314196 0.88099 -0.468986 -0.0625127 0.583344 -0.382659 -0.716437 0.475123 -0.365534 -0.800402 0.478705 -0.430031 -0.76545 0.572776 -0.581926 -0.577313 0.481493 -0.549704 -0.682635 0.61419 -0.645162 -0.454463 0.362691 -0.497663 -0.7879 0.351271 -0.538582 -0.765858 0.377907 -0.665347 -0.643816 0.434619 -0.836151 -0.334601 0.210301 -0.518525 -0.828797 0.138098 -0.497665 -0.856305 0.125099 -0.723379 -0.679024 0.107661 -0.994074 -0.0150144 0.0667349 -0.880072 -0.470127 -0.960909 0.272276 0.0502037 -0.842016 0.501232 0.19944 -0.764763 0.504225 0.401118 -0.686905 0.263926 0.67713 -0.671296 0.219559 0.707923 -0.578047 0.485484 0.655871 -0.441032 0.652254 0.616486 -0.206125 0.690763 0.69308 -0.0287544 0.659073 0.751529 -0.0272841 0.611077 0.791101 -0.000885338 0.79266 0.609663 0.0769456 0.856898 0.509711 0.231531 0.862139 0.450677 0.359199 0.823609 0.438912 0.284659 0.908607 0.305619 0.29633 0.93845 0.177485 0.331323 0.936529 0.11462 0.421701 0.906184 0.0315999 0.504626 0.862946 -0.0260117 -0.921869 -0.386626 0.0260289 -0.920092 -0.386994 0.0605549 -0.889895 -0.372044 0.263949 -0.86495 -0.36447 0.344998 -0.791212 -0.331172 0.51411 -0.701376 -0.293682 0.649478 -0.738444 -0.310983 0.598323 -0.563686 -0.237025 0.791251 -0.537174 -0.22493 0.812927 -0.437183 -0.183864 0.880378 -0.359666 -0.149123 0.921088 -0.209856 -0.0896559 0.973613 -0.09816 -0.039151 0.9944 0.13838 0.0583646 0.988658 0.0899088 0.0364558 0.995283 0.291619 0.122552 0.948651 0.270397 0.113173 0.956074 0.410722 0.172012 0.895388 0.430914 0.181144 0.884025 0.62131 0.262204 0.738392 0.573819 0.240333 0.782926 0.705697 0.29475 0.644294 0.809603 0.340879 0.477854 0.829488 0.347676 0.437117 0.884895 0.371431 0.28107 0.888565 0.372685 0.267503 0.912262 0.382902 0.145476 0.908882 0.38105 0.169514 0.921361 0.386382 0.0424606 0.921879 0.386849 0.0220686 -0.34409 -0.919263 0.191199 -0.170825 -0.93407 0.313579 -0.439303 -0.830795 0.341749 -0.602862 -0.683883 0.410928 -0.618875 -0.59962 0.507396 -0.49168 -0.424964 0.760037 -0.474935 -0.412314 0.777453 -0.642385 -0.321617 0.695632 -0.732051 -0.11524 0.671432 -0.683019 0.110468 0.721998 -0.601762 0.251744 0.757963 -0.768027 0.189954 0.611597 -0.869301 0.159414 0.467872 -0.923211 0.184271 0.337231 -0.928373 0.267303 0.258209 -0.861783 0.483653 0.153003 -0.769029 0.63016 0.107203 0.385573 -0.921357 0.0493427 0.368015 -0.878677 0.304125 0.373927 -0.889682 0.262002 0.331634 -0.791152 0.513904 0.337519 -0.802771 0.491568 0.272611 -0.650411 0.708978 0.267679 -0.636864 0.723016 0.210028 -0.501458 0.839302 0.192234 -0.456238 0.868846 0.160188 -0.383193 0.909672 0.111308 -0.263142 0.958314 0.0854927 -0.20575 0.974863 0.0122884 -0.0275966 0.999544 0.00484646 -0.0113231 0.999924 -0.0700647 0.166254 0.983591 -0.0868253 0.209647 0.973915 -0.150715 0.35787 0.921528 -0.175879 0.420911 0.889888 -0.195392 0.465187 0.863379 -0.234394 0.55939 0.795074 -0.241878 0.576199 0.780699 -0.276541 0.659589 0.698905 -0.282965 0.673579 0.682804 -0.32625 0.778789 0.535768 -0.331693 0.790266 0.515228 -0.359966 0.857038 0.368661 -0.355799 0.848531 0.391666 -0.381793 0.909641 0.163668 -0.379458 0.905965 0.187723 0.877674 -0.472171 0.0821158 0.859248 -0.456971 0.229936 0.846741 -0.178212 0.501269 0.846648 -0.177565 0.501655 0.684215 -0.511639 0.519688 0.578063 -0.60558 0.546915 0.417234 -0.603455 0.679528 0.283655 -0.500121 0.81818 0.246911 -0.645179 0.723035 0.138156 -0.766841 0.626792 -0.0117102 -0.807852 0.589269 -0.184812 -0.833776 0.520252 -0.214033 -0.756284 0.618243 -0.201611 -0.889277 0.410536 -0.247346 -0.908352 0.337219 -0.374847 -0.892223 0.251849 -0.477317 -0.851475 0.217159 -0.354839 -0.92932 0.10224 0.919376 0.384927 0.0811129 0.91397 0.383995 0.131175 0.878297 0.36783 0.305445 0.863206 0.3631 0.350763 0.767229 0.32102 0.555253 0.746985 0.313781 0.586136 0.643547 0.269565 0.716367 0.620501 0.260748 0.739587 0.47346 0.197933 0.858288 0.446278 0.187774 0.874973 0.230852 0.0960771 0.968234 0.198668 0.0840247 0.976458 -0.0161111 -0.0070687 0.999845 -0.046927 -0.0190305 0.998717 -0.174563 -0.0736894 0.981885 -0.228683 -0.0951133 0.968843 -0.3547 -0.149407 0.922966 -0.438042 -0.18266 0.880202 -0.482561 -0.2029 0.852037 -0.640977 -0.268431 0.719092 -0.653033 -0.274005 0.706024 -0.72352 -0.303267 0.62012 -0.752837 -0.316475 0.57713 -0.799006 -0.334597 0.499634 -0.852324 -0.358292 0.381013 -0.861946 -0.361498 0.355483 -0.9159 -0.384732 0.114493 -0.913639 -0.382984 0.136334 0.0043934 -0.99999 -3.65562e-05 0.0046548 -0.999989 0.000458747 -0.86323 0.504789 -0.00471776 -0.872844 0.487962 0.00598365 -0.999136 0.0397549 0.0121418 -0.997725 -0.0563907 -0.036937 -0.930598 -0.364593 0.032539 -0.847393 -0.528704 -0.048969 -0.00452042 0.99999 -1.11716e-06 -0.00426988 0.999991 0.000450467 0.923903 -0.382263 -0.0166974 0.898205 -0.439274 0.0163287 0.997086 -0.0732965 0.0211354 0.997777 0.0601328 -0.0287159 0.920434 0.389502 0.0330015 0.860934 0.507574 -0.0340757 0.600074 0.240436 -0.762956 -3.49217e-08 7.71902e-06 -1 -6.09557e-07 5.80169e-06 -1 9.62867e-08 1.81578e-05 -1 -3.26794e-06 2.7722e-05 -1 -0.00319917 0.707138 -0.707069 -0.00319845 0.707135 -0.707072 0.68861 -0.283958 -0.667221 0.626049 -0.181668 -0.758327 0.790199 0.0516465 -0.61067 0.640179 0.371442 -0.67246 -0.637595 0.366128 -0.677807 -0.609729 0.281679 -0.74087 -0.769633 -0.0388129 -0.637306 -0.595703 -0.134667 -0.791835 -0.665899 -0.416646 -0.618858 0.00305822 -0.706275 -0.707931 0.00311013 -0.706495 -0.707711 0.0612035 0.744097 -0.665262 0.205986 0.722012 -0.660507 0.149459 0.899278 -0.41105 0.291636 0.5969 -0.747435 0.379227 0.553568 -0.741451 0.582573 0.589698 -0.559344 0.533304 0.457498 -0.711535 0.585322 0.27224 -0.76373 0.699215 0.21033 -0.683271 0.895906 0.133825 -0.423608 0.889999 0.135816 -0.435266 0.510476 -0.123135 -0.85103 0.4969 -0.264573 -0.826494 0.645502 -0.569507 -0.50891 0.662189 -0.600692 -0.447966 0.410406 -0.563276 -0.717138 0.326979 -0.587035 -0.74059 0.0383816 -0.86797 -0.495132 0.0200015 -0.999799 -0.00140488 0.110163 -0.993913 0.00118424 0.240181 -0.970726 -0.00189229 0.308547 -0.951208 0.00122 0.470412 -0.882447 0.000104789 0.450943 -0.892552 -0.000754281 0.585988 -0.81032 0.000104096 0.597689 -0.801728 -0.000588003 0.749656 -0.661827 0.000842395 0.759996 -0.649927 -0.000150796 0.869633 -0.493699 -0.000291716 0.888985 -0.457935 0.00143437 0.931974 -0.36252 -0.00176832 0.984885 -0.173188 0.00264428 0.994132 -0.108156 -0.00198529 0.992859 0.119288 0.00120726 0.988994 0.147954 -0.00027874 0.957904 0.28709 0.000215961 0.942504 0.334192 -0.00143661 0.904925 0.425568 0.00176906 0.832513 0.554003 -0.0016881 0.76095 0.648806 0.00250571 0.706097 0.708114 -0.00161338 0.563658 0.826006 0.00178077 0.440184 0.897907 0.000213194 0.487781 0.872965 -0.00151163 0.291561 0.956552 0.00054215 0.306147 0.951984 -0.000289387 0.072542 0.997365 0.000299625 0.0628654 0.998022 -0.000422476 0.0115757 -0.67788 0.735082 0.14919 -0.590117 0.793414 0.33895 -0.670994 0.659454 0.585099 -0.790397 0.18147 0.54383 -0.775602 0.320455 0.481472 -0.396295 0.781751 0.503706 -0.287379 0.814674 0.583691 -0.220943 0.781337 0.823276 -0.147532 0.548134 0.723698 -0.0803445 0.685424 0.643565 0.0956675 0.75939 0.702572 0.23935 0.670153 0.776652 0.322945 0.540849 0.514488 0.352684 0.781611 0.416125 0.421152 0.805897 0.39599 0.700188 0.594078 0.394569 0.883558 0.252272 0.221248 0.71254 0.665835 0.0338507 0.52578 0.849947 0.00485823 0.599057 -0.800692 0.140135 0.57562 -0.80562 0.383964 0.721188 -0.576593 0.451113 0.773981 -0.444355 0.432818 0.500416 -0.749835 0.454784 0.380311 -0.805317 0.525447 0.31296 -0.791177 0.617483 0.287986 -0.731969 0.808077 0.263839 -0.526688 0.715744 0.15926 -0.679961 0.65407 -0.000243449 -0.756434 0.776755 -0.155456 -0.610316 0.698201 -0.171998 -0.694933 0.530285 -0.279723 -0.800345 0.52267 -0.423653 -0.73982 0.557545 -0.577943 -0.595924 0.599107 -0.745488 -0.292094 0.297938 -0.583107 -0.75579 0.0945166 -0.587187 -0.803915 0.112303 -0.993672 -0.00200681 0.156527 -0.987672 0.00181205 0.466682 -0.884424 0.00104683 0.438372 -0.898792 -0.0015526 0.685366 -0.728199 6.01991e-05 0.674149 -0.738595 -0.000737839 0.777727 -0.628603 5.87515e-05 0.787436 -0.616396 -0.000576288 0.884981 -0.465626 0.000606282 0.886742 -0.462264 0.000386221 0.967243 -0.253851 0.000281325 0.972833 -0.231505 -0.00127732 0.999886 0.0150693 0.00121046 0.999211 0.0397225 -0.000305823 0.978704 0.205278 -0.000439834 0.973173 0.230071 0.000767989 0.917706 0.39726 0.000102027 0.922573 0.385822 -0.000426478 0.854931 0.518742 0.000105646 0.848758 0.528782 -0.000384102 0.759247 0.650803 0.000650185 0.70897 0.705236 -0.00198128 0.652744 0.757578 0.000950635 0.473655 0.88071 0.000987678 0.502994 0.864289 -0.00121341 0.227868 0.973692 0.000240968 0.247093 0.968991 -0.00101853 0.0171958 0.999852 0.000289836 0.00797336 0.999968 -0.000295638 0.0115175 0.672376 0.74012 0.109113 -0.903201 0.415117 0.158432 -0.97682 0.143948 0.268668 -0.555734 0.786751 0.416933 -0.460195 0.783829 0.6022 -0.476162 0.6408 0.886059 -0.463564 -0.00283147 0.891245 -0.318647 0.322718 0.636891 0.0161775 0.770784 0.639992 0.139758 0.755565 0.740191 0.298779 0.602369 0.754908 0.315568 0.574918 0.581896 0.371788 0.723305 0.49798 0.477534 0.723863 0.515808 0.720344 0.463731 0.344355 0.612376 0.711628 0.133847 0.554886 0.821089 0.151035 0.729254 -0.667366 0.333144 0.764841 -0.551393 0.319928 0.914084 -0.24919 0.359319 0.453517 -0.815605 0.455825 0.372924 -0.808178 0.698261 0.352886 -0.622819 0.772109 0.35636 -0.526171 0.638591 0.180832 -0.747998 0.668499 -0.0231598 -0.743352 0.790998 -0.135119 -0.596712 0.769848 -0.141145 -0.622424 0.583164 -0.215213 -0.783328 0.515322 -0.294405 -0.804841 0.52916 -0.494447 -0.689574 0.595898 -0.709532 -0.376126 0.433762 -0.624969 -0.649048 0.236323 -0.549486 -0.801384 0.0983992 -0.607469 -0.788225 0.135338 -0.990799 0.000311564 0.146067 -0.989275 -0.000532438 0.393423 -0.919357 -0.000651921 0.408159 -0.912911 0.000293124 0.560775 -0.827968 0.000343275 0.551975 -0.833861 -0.000288515 0.740997 -0.671507 0.00103479 0.769013 -0.639231 -0.00159992 0.862634 -0.505828 0.000853554 0.891626 -0.45277 -0.00152393 0.940719 -0.339186 0.00133744 0.970745 -0.240106 -0.00151285 0.983309 -0.181945 0.000478999 0.999596 -0.0284117 -0.000264669 0.999854 -0.0170675 -0.00104487 0.966544 0.256497 0.00145665 0.960086 0.279705 -0.000187937 0.887226 0.461334 0.000873477 0.899422 0.437082 -0.000387044 0.77606 0.630658 0.000674793 0.791137 0.611639 -0.000542273 0.61733 0.786704 0.00090948 0.637543 0.770414 -0.000782127 0.400956 0.916097 -0.0012037 0.398632 0.917111 -0.00100207 0.202392 0.979302 0.00231016 0.0590654 0.998246 -0.00407956 0.103377 -0.700158 0.706465 0.223983 -0.842259 0.490338 0.261271 -0.617455 0.741948 0.32893 -0.484768 0.810435 0.537735 -0.449582 0.713244 0.752402 -0.490618 0.439529 0.654975 -0.335602 0.677037 0.603785 -0.163428 0.780214 0.716605 0.00732529 0.697441 0.85913 0.0855032 0.504565 0.641533 0.16675 0.748752 0.555937 0.280593 0.782433 0.5648 0.44402 0.695592 0.639348 0.734767 0.226607 0.600749 0.720783 0.345794 0.219372 0.536808 0.814686 0.0383075 0.606131 0.794442 0.0653515 0.535341 -0.842104 0.221044 0.679478 -0.699606 0.350551 0.631149 -0.691928 0.32716 0.79267 -0.514432 0.43075 0.519172 -0.738184 0.537636 0.491105 -0.685392 0.690648 0.480147 -0.540799 0.695099 0.488229 -0.527703 0.600507 0.261823 -0.75554 0.608688 0.171692 -0.77461 0.685863 0.0743978 -0.723918 0.812133 0.00851654 -0.58341 0.669885 -0.0670216 -0.739434 0.588188 -0.166394 -0.791421 0.603727 -0.308458 -0.735097 0.711077 -0.54316 -0.446483 0.73845 -0.548206 -0.392634 0.467979 -0.488202 -0.736651 0.291826 -0.498236 -0.816455 0.194612 -0.68785 -0.699277 0.162766 -0.832158 -0.530113 0.0756104 -0.73225 -0.676826 0.0824704 -0.996593 -0.000274132 0.0889797 -0.996033 5.4779e-05 0.282781 -0.959184 0.000534346 0.303356 -0.952877 -0.000699845 0.493767 -0.869594 0.000214162 0.4978 -0.867292 0.000551436 0.697574 -0.716512 0.000554333 0.719227 -0.694774 -0.00135615 0.806319 -0.59148 0.000863096 0.870647 -0.491907 -0.00142748 0.885957 -0.463768 0.000305445 0.962902 -0.269849 0.000365154 0.96511 -0.261844 -6.02216e-05 0.992962 -0.11843 -5.89528e-05 0.993943 -0.109896 0.000417869 0.992974 0.118329 0.000378888 0.992026 0.126034 -5.99881e-05 0.964735 0.263225 0.000221868 0.966928 0.255051 -5.91341e-05 0.914206 0.405249 0.000516936 0.92112 0.389279 -0.000253289 0.831279 0.555856 -0.000519733 0.821535 0.570158 0.00024558 0.733034 0.680192 6.02413e-05 0.738648 0.674092 -0.000214915 0.64701 0.762481 6.01171e-05 0.624752 0.780822 -0.00121452 0.48457 0.874751 0.00141997 0.405132 0.914255 -0.00239406 0.307745 0.951468 0.00103038 0.141837 0.98989 0.00103051 0.173629 0.984811 -0.000811186 0.0584361 -0.624557 0.77879 0.238081 -0.76099 0.6035 0.23536 -0.790287 0.565731 0.302522 -0.505162 0.808265 0.41818 -0.439346 0.795048 0.832051 -0.46894 0.296287 0.825539 -0.458128 0.329552 0.640106 -0.182697 0.746248 0.606303 -0.0826162 0.790931 0.704492 0.100691 0.702533 0.80318 0.215631 0.555343 0.825495 0.210155 0.523825 0.636992 0.268066 0.72276 0.53027 0.358372 0.768364 0.520314 0.472216 0.711537 0.537056 0.672787 0.50885 0.545267 0.677206 0.494041 0.238838 0.537825 0.808518 0.118842 0.584098 0.802936 0.999905 0.0136405 -0.00180548 0.999763 0.0208224 -0.00637462 -0.00534557 0.999946 0.00886343 -0.0261807 0.999647 0.00462328 -0.992827 -0.019839 -0.117899 -0.999823 0.00215733 0.0186901 -0.915288 -0.301508 0.267096 -0.990558 0.0549805 0.125587 -0.994278 -0.0112509 -0.106234 -0.993985 0.00441968 -0.109423 -0.022873 -0.999714 -0.00695047 0.000958706 -0.999967 0.0080499 0.260281 0.95301 -0.155 0.11128 -0.991012 -0.074244 0.0413725 0.999144 0 0.0409523 0.99916 -0.00113776 0.156013 0.987305 0.0298207 0.228914 0.973415 0.00785493 0.19582 0.979533 -0.0465868 0.308277 0.951297 0 0.303648 0.952752 -0.007855 0.371476 0.92841 0.00784733 0.366984 0.930227 0 0.462706 0.88647 0.00857009 0.456389 0.889711 -0.0110592 0.564695 0.825256 0.00856723 0.575039 0.817867 -0.0206034 0.634375 0.772708 0.0221523 0.656431 0.753876 -0.0277561 0.716915 0.696875 0.0199282 0.767561 0.640582 0.0224601 0.736907 0.675298 -0.0306726 0.812765 0.582249 -0.0199559 0.819633 0.572888 0 0.858707 0.512467 0 0.860584 0.509237 -0.00857045 0.917341 0.398072 0.00490574 0.915438 0.402368 -0.00856976 0.956011 0.29329 0.00489181 0.957353 0.288793 -0.00856477 0.987203 0.159394 0.00489759 0.986419 0.164026 -0.00857064 0.99833 0.0575637 0.00489766 0.998652 0.0510386 -0.00942644 0.998775 -0.0483207 0.0107045 0.9981 -0.0590672 -0.0175244 0.983262 -0.181318 0.0178594 0.981858 -0.189556 -0.00489474 0.955905 -0.293585 -0.00731128 0.955659 -0.294433 -0.004905 0.921663 -0.387159 0.025397 0.876383 -0.478922 0.0508562 0.900316 -0.430437 -0.0644621 0.81671 -0.576098 -0.0331164 0.796416 -0.603117 0.0444062 0.759965 -0.649204 -0.0314432 0.703032 -0.710014 0.0403214 0.67478 -0.737113 -0.0365433 0.631786 -0.774942 0.0176521 0.583368 -0.811871 -0.0233916 0.572134 -0.820115 0.00857257 0.476731 -0.879008 0.00857257 0.457645 -0.888234 -0.0400145 0.405152 -0.913851 0.0269686 0.318622 -0.947837 0.00921131 0.333899 -0.942283 -0.0247719 0.223817 -0.974619 0.00489568 0.23017 -0.973105 -0.00942625 0.130947 -0.991377 0.00490361 0.126711 -0.991928 -0.00489723 0.0168964 -0.999852 -0.00329798 0.0173836 -0.999837 -0.00489599 0 0 1 0 0 1 0 0 1 0 0 1 0 0 1 0 0 1 0 0 1 0 0 1 0 0 1 0 0 1 0 0 1 0 0 1 0 0 1 0 0 1 0 0 1 0 0 1 0 0 1 0 0 1 4.52464e-05 7.89674e-05 1 0 0 1 0 0 1 0 0 1 0.000152905 2.04032e-05 1 0 0 1 0 0 1 0 0 1 0 0 1 0 0 1 0 0 1 0 0 1 0 0 1 0 0 1 0 0 1 0 0 1 0 0 1 0 0 1 0 0 1 0 0 1 0 0 1 -8.75982e-06 -9.81161e-06 1 0 0 1 4.82195e-05 2.78034e-06 1 -1.96065e-05 1.93628e-05 1 4.77969e-06 0.000116616 1 3.0915e-05 -2.89679e-05 1 -5.48659e-06 0.000128319 1 0 0 1 4.91109e-05 -2.01476e-05 1 -5.72787e-05 5.94025e-06 1 0 0 1 0 0 1 0 0 1 0 0 1 0 0 1 0 0 1 0 0 1 0 0 1 0 0 1 0 0 1 4.0686e-05 0.000118885 1 0 0 1 0 0 1 0 0 1 -6.53867e-05 0.00016746 1 -3.98755e-05 -5.8341e-06 1 0 0 1 0 0 1 0 0 1 -2.30256e-05 1.5824e-05 1 0 0 1 0 0 1 0 0 1 0 0 1 0 0 1 0 0 1 0 0 1 0 0 1 0 0 1 0 0 1 0 0 1 0 0 1 0 0 1 0 0 1 0 0 1 0 0 1 0 0 1 0 0 1 0 0 1 0 0 1 0 0 1 0 0 1 0 0 1 0 0 1 0 0 1 0 0 1 0 0 1 0 0 1 0 0 1 0 0 1 0 0 1 0 0 1 0 0 1 0 0 1 0 0 1 0 0 1 0 0 1 0 0 1 1.53592e-05 7.48142e-06 1 1.77411e-05 -4.00164e-05 1 0 0 1 0 0 1 0 0 1 -2.73072e-06 -4.55434e-05 1 0 0 1 0 0 1 0 0 1 0 0 1 0 0 1 0 0 1 0 0 1 0 0 1 -0.000141802 7.89213e-05 1 5.62531e-05 -4.66942e-05 1 -2.95438e-05 0.00022367 1 6.55001e-05 1.23551e-05 1 4.77372e-05 8.40291e-05 1 -2.27081e-06 1.13929e-07 1 8.34216e-08 -4.93652e-06 1 0.000251241 -0.000718404 1 -2.23965e-06 -1.31824e-07 1 -0.00160361 0.00036038 0.999999 -0.000234751 -0.000444611 1 -0.000549987 -0.00126345 0.999999 0 0 1 0 0 1 0 0 1 0 0 1 0 0 1 0 0 1 0 0 1 0 0 1 0 0 1 -4.16801e-05 1.31246e-05 1 0 0 1 0 0 1 0 0 1 0 0 1 0 0 1 0 0 1 -0.000104853 -2.90119e-05 1 -5.80126e-05 -2.38241e-05 1 0 0 1 0 0 1 0 0 1 -0.00010052 -5.3885e-05 1 0 0 1 2.39328e-05 -4.10262e-05 1 0 0 1 0 0 1 0 0 1 0 0 1 0 0 1 0 0 1 0 0 1 0 0 1 0 0 1 0 0 1 0 0 1 0 0 1 0 0 1 0 0 1 0.0147054 0.718022 0.695866 0.0355909 0.672156 0.739554 0.0492685 0.699863 0.712576 0.0872339 0.722585 0.685756 0.122932 0.678881 0.723884 0.113296 0.660004 0.74267 0.158324 0.708252 0.687978 0.193067 0.698336 0.68924 0.206047 0.647039 0.734088 0.219035 0.661838 0.716934 0.260375 0.672279 0.692998 0.279438 0.627842 0.726449 0.280304 0.628778 0.725306 0.331918 0.654694 0.679122 0.357678 0.626045 0.692917 0.35392 0.574745 0.737841 0.378643 0.59203 0.711428 0.422407 0.593174 0.685359 0.430834 0.546276 0.718307 0.432135 0.546982 0.716987 0.474607 0.542673 0.693004 0.477346 0.494388 0.726445 0.478409 0.494935 0.725372 0.535765 0.501667 0.67918 0.55024 0.4659 0.692945 0.532462 0.426077 0.731397 0.561823 0.429592 0.706969 0.585075 0.397454 0.706907 0.574174 0.395303 0.716979 0.613464 0.378678 0.693011 0.600403 0.326351 0.730076 0.577037 0.320732 0.751105 0.754083 0.298885 0.58483 0.614619 0.209828 0.760405 0.700396 0.169743 0.693277 0.662449 0.126575 0.738336 0.685979 0.141916 0.713647 0.710048 0.110298 0.695461 0.721084 0.0754386 0.688728 0.670103 0.0344276 0.741469 0.66314 0.0360609 0.747626 0.726176 0.00330526 0.687501 0.730955 -0.0332055 0.681618 0.661015 -0.0678098 0.747302 0.676183 -0.0645758 0.733898 0.711019 -0.103891 0.695456 0.711363 -0.140474 0.688643 0.652454 -0.163969 0.739877 0.64966 -0.162281 0.742702 0.694434 -0.210809 0.687983 0.681956 -0.244727 0.689235 0.629853 -0.253837 0.734066 0.643613 -0.267862 0.716947 0.650975 -0.309906 0.692958 0.614891 -0.322458 0.719673 0.622627 -0.335404 0.706994 0.59515 -0.382731 0.706621 0.537244 -0.32497 0.778308 0.595422 -0.402081 0.69556 0.606027 -0.454713 0.652662 0.56615 -0.470756 0.676656 0.485309 -0.446234 0.751898 0.470261 -0.438178 0.766064 0.499963 -0.507985 0.701419 0.492146 -0.552618 0.672611 0.443793 -0.551384 0.706416 0.38503 -0.516571 0.764792 0.39402 -0.542841 0.741669 0.396069 -0.607212 0.688784 0.364857 -0.622963 0.691951 0.31525 -0.587855 0.745013 0.318092 -0.689342 0.650865 0.24996 -0.637131 0.729098 0.232403 -0.707022 0.667914 0.172174 -0.63175 0.755809 0.161553 -0.719953 0.674958 0.135985 -0.751302 0.645797 0.0944383 -0.726912 0.680206 0.0531208 -0.651589 0.75671 0.051348 -0.646253 0.761394 0.0211644 -0.718255 0.695458 -0.661413 0.259047 -0.703866 -0.662825 0.274808 -0.696522 -0.687328 0.367769 -0.62636 -0.776275 0.499735 -0.384268 -0.719496 0.447879 -0.530782 -0.119995 -0.988012 0.0971233 -0.12217 -0.979654 -0.159224 -0.144778 -0.985797 -0.0851058 -0.210829 -0.829076 -0.517865 -0.141976 -0.910691 -0.387925 -0.228953 -0.709404 -0.666578 -0.208201 -0.810733 -0.547143 -0.335581 -0.508162 -0.793194 -0.336305 -0.52262 -0.783433 -0.400848 -0.295876 -0.867052 -0.537377 -0.0693602 -0.840485 -0.496862 -0.111448 -0.860643 -0.590892 0.122459 -0.797402 0.378071 -0.895564 0.234579 0.381735 -0.916209 0.121818 0.388007 -0.921101 0.0319991 0.379466 -0.907103 -0.182126 0.37906 -0.902516 -0.204399 0.347323 -0.826494 -0.44303 0.344412 -0.821659 -0.454154 0.30223 -0.720963 -0.623594 0.300814 -0.716822 -0.629029 0.248817 -0.596484 -0.763084 0.258297 -0.615468 -0.744635 0.18114 -0.42543 -0.886678 0.146602 -0.354616 -0.923448 0.0957945 -0.224487 -0.969757 0.0531739 -0.132337 -0.989777 -0.0391858 0.0907569 -0.995102 -0.0178206 0.047916 -0.998692 -0.143872 0.346497 -0.926952 -0.155568 0.369464 -0.91613 -0.225854 0.537962 -0.812149 -0.234679 0.562796 -0.792582 -0.268814 0.639107 -0.720612 -0.294775 0.705087 -0.644949 -0.312644 0.741715 -0.593391 -0.340551 0.816737 -0.465795 0.112109 0.899531 -0.422227 0.179858 0.814456 -0.551646 0.260987 0.67545 -0.689677 0.273019 0.732048 -0.624152 0.315457 0.47423 -0.821945 0.443721 0.305636 -0.842436 0.435834 0.242671 -0.866695 0.513995 -0.0171282 -0.857622 0.61867 -0.179197 -0.764942 0.687265 -0.222502 -0.691491 0.686574 -0.329304 -0.648209 0.70692 -0.447691 -0.547573 0.746924 -0.536878 -0.392259 0.787286 -0.591194 -0.175131 0.79775 -0.542081 -0.264088 0.79566 -0.605257 0.0242519 0.808275 -0.580705 0.0973259 0.777402 -0.594477 0.20553 0.985523 -0.16815 -0.0216769 0.84005 0.17875 -0.512215 0.668558 0.588856 -0.45418 -0.367902 0.882267 -0.29369 -0.378007 0.896975 -0.229231 -0.385128 0.922691 0.0178516 -0.385995 0.915991 0.109401 -0.368832 0.884943 0.284322 -0.360208 0.852453 0.378912 -0.297864 0.715774 0.63162 -0.288601 0.686651 0.667248 -0.208671 0.497368 0.84207 -0.197018 0.474295 0.858038 -0.0624537 0.13958 0.988239 -0.0280991 0.0736261 0.99689 0.109067 -0.265795 0.95784 0.122593 -0.29337 0.948106 0.216172 -0.512908 0.83078 0.208808 -0.498194 0.841547 0.312015 -0.741967 0.593406 0.321631 -0.778075 0.539586 0.148454 -0.353078 -0.923741 0.14838 -0.353709 -0.923512 0.383906 -0.914159 -0.130118 0.383517 -0.914218 -0.130842 0.235165 -0.560578 0.794009 0.235673 -0.56092 0.793617 -0.147841 0.353339 0.92374 -0.147927 0.352603 0.924007 -0.235547 0.561494 -0.793248 -0.23512 0.561207 -0.793578 -0.383126 0.914484 0.130126 -0.383589 0.914413 0.129262 -0.922137 -0.386863 0.000189267 -0.921918 -0.387383 0.000843744 -0.92245 -0.386115 -0.00132176 -0.922137 -0.386862 -2.06909e-05 -0.921705 -0.387892 0.000846834 -0.922139 -0.386858 1.36136e-05 -0.922138 -0.38686 1.99465e-05 -0.922165 -0.386797 -0.000122487 -0.923804 -0.382847 0.00387752 -0.922137 -0.386863 6.43803e-05 -0.922146 -0.386842 6.85021e-05 -0.92215 -0.386832 -2.13419e-05 -0.922144 -0.386846 3.68209e-05 -0.91975 -0.392502 -0.00151819 -0.922311 -0.386444 0.0015689 -0.921289 -0.38886 -0.0037525 0.377421 -0.892283 0.24776 0.381005 -0.922819 0.0569192 0.387445 -0.918426 -0.0798816 0.358229 -0.854609 -0.37592 0.352381 -0.845533 -0.401126 0.305294 -0.723995 -0.618568 0.263622 -0.635184 -0.725979 0.222586 -0.522857 -0.822846 0.165353 -0.400529 -0.901241 0.0944258 -0.219475 -0.971038 0.0518195 -0.130833 -0.990049 -0.0591437 0.140192 -0.988356 -0.0656581 0.159237 -0.985055 -0.170422 0.405453 -0.898089 -0.16773 0.40009 -0.900996 -0.250626 0.59258 -0.76553 -0.286327 0.692752 -0.6619 -0.322287 0.762022 -0.561653 0.578034 0.807861 0.115054 0.684421 0.554131 0.473821 0.919523 -0.0096978 0.392916 0.929307 0.368759 -0.0201296 0.937789 0.347182 0.00406922 0.928758 0.37068 -0.00227142 0.93436 0.355956 0.0163096 0.923504 0.383486 -0.00886693 0.922544 0.385672 -0.0130369 0.922345 0.386367 0.00070041 0.921074 0.389297 0.00843225 0.916441 0.400074 -0.00874675 0.921161 0.389167 -0.00335048 0.920881 0.389768 0.00769213 0.915707 0.40146 0.0176458 0.916564 0.399771 -0.00963637 0.922154 0.386822 1.6186e-05 0.915464 0.402074 0.0162144 0.733406 -0.500422 0.460102 0.744421 -0.351998 0.567393 0.670247 -0.31885 0.670151 0.553337 -0.118275 0.824518 0.510142 0.14417 0.847921 0.532244 0.127053 0.837003 0.407247 0.276019 0.870611 0.329701 0.433732 0.838555 0.297623 0.646383 0.702574 0.319435 0.703431 0.634938 0.189541 0.815934 0.546192 0.127805 0.912698 0.388133 0.129799 0.964442 0.230224 0.200001 0.979643 0.0172974 0.201693 0.979334 0.0150066 0.110404 0.973195 -0.201747 -0.359945 0.853488 -0.376826 -0.375273 0.898539 -0.227594 -0.380583 0.906084 -0.184845 -0.386659 0.922027 0.0190143 -0.38656 0.922037 0.0204786 -0.372478 0.887246 0.272129 -0.373333 0.891175 0.257739 -0.346808 0.823584 0.448814 -0.350696 0.83661 0.420828 -0.297635 0.714099 0.633622 -0.283567 0.669765 0.686298 -0.211303 0.508243 0.834889 -0.202602 0.482834 0.851953 -0.128703 0.305507 0.943452 -0.12294 0.293841 0.947915 -0.0390378 0.092471 0.99495 -0.043019 0.103385 0.993711 0.0305516 -0.0737714 0.996807 0.0266203 -0.0628177 0.99767 0.119272 -0.285962 0.950789 0.14274 -0.332506 0.932237 0.223346 -0.53939 0.811896 0.248635 -0.587981 0.769714 0.312359 -0.748607 0.584824 0.332614 -0.786711 0.520053 0.350864 -0.841627 0.410558 -0.240982 -0.660605 0.711005 -0.183211 -0.913513 0.363219 -0.18603 -0.916213 0.35489 -0.176329 -0.840641 0.512085 -0.772035 0.562081 -0.296694 -0.781912 0.595288 -0.185055 -0.797792 0.602675 0.0176352 -0.805503 0.59217 -0.0223502 -0.780096 0.578764 0.237662 -0.774606 0.513944 0.368576 -0.776617 0.500358 0.382764 -0.694178 0.383802 0.608944 -0.647272 0.228016 0.727356 -0.648969 0.241966 0.721313 -0.568683 0.0624764 0.820181 -0.519009 -0.115893 0.846875 -0.523081 -0.082226 0.848307 -0.425066 -0.257616 0.867729 -0.359764 -0.437921 0.82389 -0.355468 -0.516926 0.778736 -0.963625 -0.258059 0.0695146 -0.962866 -0.267237 0.038392 -0.619685 0.750908 -0.228315 -0.935868 -0.351096 0.0297205 -0.917622 -0.327433 0.225294 -0.929647 -0.366487 0.0379908 -0.33382 0.88897 -0.313522 -0.916758 -0.333802 0.21939 -0.94653 -0.00657738 -0.322549 0.0813525 -0.366927 0.926686 -0.780021 0.0110407 -0.625655 -0.957107 -0.14563 -0.250476 -0.920723 -0.389549 -0.0228119 -0.53669 -0.245138 0.807385 -0.849438 -0.516754 0.106868 -0.273548 -0.629929 -0.726885 -0.889774 -0.447181 0.0912826 -0.920615 -0.390427 0.00587176 -0.911889 -0.410386 -0.00643009 -0.908457 -0.417965 -0.0032722 -0.907616 -0.419346 -0.0195519 0.26064 -0.715013 -0.648709 0.310771 -0.475392 -0.823058 0.331243 -0.204424 -0.921135 0.461298 -0.861513 0.212131 0.891584 -0.358077 -0.277233 0.858912 -0.504028 0.0907007 0.900423 0.221352 -0.374488 0.774528 0.349617 -0.527138 0.689853 0.506856 -0.516914 0.00534992 0.63476 -0.772691 -0.166385 0.367786 -0.914904 -0.072852 0.94667 -0.313861 -0.630486 0.225171 -0.742822 -0.667986 -0.405565 -0.623949 -0.774843 -0.0955381 -0.624893 0.229858 -0.570613 -0.788395 -0.587711 -0.807665 -0.0476788 0.149051 -0.949442 -0.276304 0.895359 -0.030428 0.444305 0.925763 0.269314 0.265393 0.63768 -0.0457079 0.768944 0.520515 0.840642 -0.149616 0.559334 0.763224 0.323474 0.440998 0.780152 0.443716 0.284024 0.474774 0.833019 -0.395381 0.918516 0.0015486 -0.601698 0.793496 -0.0912331 -0.340587 0.927162 0.156112 -0.981867 -0.0193502 0.188581 -0.257673 0.262415 0.929915 -0.975132 0.0410722 0.217785 -0.663987 -0.669646 0.332708 -0.46412 -0.673748 0.575027 -0.383632 0.34915 0.854939 0.192522 -0.755939 0.625693 0.296164 -0.377974 0.877167 -0.218291 -0.0101177 0.975831 0.288725 0.650429 -0.702553 0.377193 0.716413 -0.586923 0.383551 0.724614 -0.572558 0.469278 0.741071 -0.4802 -0.986319 0.107055 0.125358 -0.992065 0.121007 -0.0341334 -0.982469 0.147551 -0.113946 -0.965405 0.135948 -0.222512 -0.896165 0.169692 -0.409991 -0.826973 0.219712 -0.517534 -0.812477 0.21606 -0.541478 -0.640821 0.252541 -0.724963 -0.506445 0.327252 -0.797759 -0.354224 0.396402 -0.846989 -0.422317 0.389615 -0.818443 -0.119274 0.476141 -0.871243 -0.00299583 0.560205 -0.828349 0.1204 0.575087 -0.809184 -0.897785 -0.378327 0.225502 -0.913733 -0.382044 0.13833 -0.920807 -0.38742 0.0449342 -0.921996 -0.385484 -0.0364176 -0.903844 -0.381035 -0.194622 -0.89142 -0.37234 -0.258327 -0.826548 -0.34811 -0.442309 -0.813375 -0.340821 -0.471447 -0.704326 -0.295369 -0.64551 -0.69438 -0.292252 -0.65759 -0.529036 -0.221038 -0.819306 -0.494185 -0.209285 -0.84379 -0.354314 -0.147042 -0.923494 -0.230396 -0.0988054 -0.968068 -0.182169 -0.0756001 -0.980357 0.011027 0.00331218 -0.999934 0.0649602 0.0296705 -0.997447 0.278722 0.114225 -0.953555 0.356137 0.152176 -0.921959 0.473386 0.197738 -0.858374 0.547213 0.230366 -0.804667 0.588293 0.245616 -0.770444 0.671291 0.282922 -0.685072 0.733629 0.306869 -0.606317 0.76512 0.322031 -0.557573 0.810107 0.338783 -0.478491 0.895263 -0.156129 -0.417286 0.835584 -0.205402 -0.509519 0.829717 -0.213013 -0.515941 0.691864 -0.22326 -0.686643 0.59583 -0.269634 -0.756495 0.448193 -0.374886 -0.811531 0.409974 -0.424478 -0.807304 0.185229 -0.432617 -0.882345 -0.0212992 -0.507402 -0.861446 -0.201057 -0.6746 -0.710275 -0.216027 -0.720714 -0.658714 -0.431892 -0.702823 -0.565251 -0.569139 -0.717999 -0.400698 -0.613147 -0.76988 -0.17702 -0.553401 -0.831377 0.0505867 -0.543479 -0.838756 0.0334442 -0.587709 -0.784985 0.195953 -0.152365 -0.981417 -0.116646 0.0979312 -0.876261 -0.471779 0.632881 -0.662262 -0.401087 0.90354 0.376259 -0.205049 0.912014 0.384293 -0.143353 0.906766 0.37879 0.185185 0.901223 0.378152 0.211654 0.81725 0.343467 0.462745 0.804227 0.336125 0.490141 0.612592 0.258412 0.746963 0.593175 0.248427 0.765785 0.397127 0.166984 0.902445 0.375142 0.156205 0.913711 0.0851351 0.0353235 0.995743 0.108237 0.0465046 0.993037 -0.128618 -0.0536109 0.990244 -0.171552 -0.0737492 0.982411 -0.322017 -0.133156 0.937323 -0.482791 -0.205549 0.851271 -0.541673 -0.225644 0.809738 -0.745713 -0.314308 0.587471 -0.782211 -0.325574 0.531176 -0.35279 -0.147994 -0.923925 -0.353106 -0.148402 -0.923738 -0.914391 -0.383596 -0.129398 -0.91415 -0.383919 -0.13014 -0.561471 -0.235531 0.793269 -0.560938 -0.23563 0.793617 0.353225 0.148183 0.923728 0.353203 0.148165 0.92374 0.353164 0.148159 0.923756 0.561237 0.235028 -0.793584 0.569437 0.233484 -0.788179 0.914112 0.384006 0.130148 0.914187 0.383516 0.131065 -0.325629 0.944007 -0.0530748 -0.371471 0.9284 -0.00916284 -0.386916 0.922115 -0.000424756 -0.386315 0.922365 -0.00189031 0.78498 0.33286 -0.522504 -0.524321 0.849508 0.0585163 -0.386821 0.922155 -2.44446e-05 -0.387326 0.921943 0.000454457 -0.38686 0.922138 5.11725e-05 -0.386316 0.922366 0.000461627 -0.306787 0.949411 0.0670789 -0.386814 0.922158 -0.000121773 -0.386853 0.922142 8.44571e-06 -0.386836 0.922148 -6.88506e-05 -0.386794 0.922166 0.000170599 -0.386799 0.922164 0.00016006 -0.387364 0.921926 -0.00073647 -0.877363 -0.370427 0.304988 -0.915024 -0.378756 0.138835 -0.921409 -0.388478 0.00948745 -0.857164 -0.362502 -0.365871 -0.881183 -0.367238 -0.297746 -0.681286 -0.281821 -0.675593 -0.635075 -0.267893 -0.724509 -0.390584 -0.164751 -0.905705 -0.369076 -0.154062 -0.916541 -0.149384 -0.0632034 -0.986757 -0.100669 -0.0401886 -0.994108 0.0905434 0.0344735 -0.995296 0.24589 0.106779 -0.963398 0.388651 0.161651 -0.907094 0.510407 0.216524 -0.832227 0.586611 0.243425 -0.772419 0.763043 0.320213 -0.561453 0.648036 -0.66459 0.371982 0.810983 -0.574234 0.11208 0.388502 -0.771082 0.504479 0.0659626 -0.890144 0.45088 0.359543 -0.932741 -0.0268987 0.378981 -0.925382 -0.0065016 0.370299 -0.92891 -0.00238025 0.382965 -0.92376 0.00229684 0.382677 -0.923819 -0.0108116 0.382094 -0.924073 -0.00966468 0.386517 -0.922188 0.0132138 0.385711 -0.922618 0.00162841 0.42975 -0.902576 -0.0259097 0.387044 -0.922061 -0.000251867 0.390244 -0.920668 0.00894913 0.412922 -0.910249 0.0306927 0.445669 -0.895159 -0.00841406 0.410066 -0.91205 0.00328938 -0.554306 -0.72954 0.400644 -0.403413 -0.699777 0.58955 -0.29066 -0.709064 0.642453 -0.237442 -0.643117 0.728026 -0.122364 -0.577794 0.806958 -0.00551519 -0.538822 0.842402 0.133292 -0.514165 0.847271 0.131486 -0.516519 0.846121 0.2929 -0.379874 0.877443 0.454317 -0.302316 0.837974 0.632164 -0.273501 0.724959 0.748818 -0.31136 0.585087 0.780206 -0.267338 0.565517 0.879324 -0.149389 0.452186 0.974853 -0.0713358 0.211124 0.99072 -0.13237 -0.030859 0.982112 -0.169001 -0.0830399 0.958708 -0.125267 -0.255317 0.855324 0.359896 -0.372688 0.880013 0.367635 -0.300701 0.90239 0.380619 -0.202045 0.922775 0.384646 -0.0230991 0.918881 0.387492 0.0742205 0.898084 0.374067 0.231344 0.877152 0.369559 0.306644 0.790785 0.330274 0.515343 0.760352 0.320746 0.564789 0.683918 0.284805 0.671672 0.591615 0.249951 0.766496 0.504959 0.210146 0.837171 0.469165 0.197115 0.860831 0.315189 0.132484 0.939736 0.308054 0.129009 0.942581 0.104885 0.0455022 0.993443 0.131915 0.0550974 0.989729 -0.0821277 -0.0358561 0.995977 -0.165692 -0.067339 0.983876 -0.226636 -0.0955963 0.969277 -0.365278 -0.153094 0.918223 -0.357659 -0.150277 0.921682 -0.498901 -0.208851 0.841118 -0.49006 -0.205767 0.847054 -0.669683 -0.279716 0.687957 -0.684822 -0.288053 0.669361 -0.841378 -0.35026 0.411584 -0.82207 -0.345402 0.452657 -0.632046 0.274056 0.724853 -0.900821 0.184476 0.393053 -0.724851 0.246947 0.643124 -0.772828 0.215421 0.596934 -0.921598 0.154556 0.356047 0.547675 0.771823 -0.323019 0.569166 0.795363 -0.208442 0.587573 0.790294 -0.173762 0.627314 0.776278 0.0622074 0.566197 0.778317 0.271374 0.533092 0.784422 0.317011 0.476488 0.727368 0.493858 0.328212 0.694155 0.640645 0.318834 0.682827 0.657337 0.219182 0.622432 0.751357 0.0960612 0.573318 0.813682 -0.0564436 0.54289 0.837905 -0.110127 0.499062 0.85954 -0.332132 0.401133 0.853687 -0.416129 0.39077 0.821058 -0.51428 0.330731 0.791286 0.563241 0.705784 0.429684 0.792048 0.428942 0.43436 -0.230948 0.953956 0.19139 -0.155378 0.985914 -0.0618917 -0.272988 0.931213 0.241496 -0.282054 0.942678 0.178336 0.655113 0.417598 -0.629634 -0.386396 0.921869 0.0292611 -0.396599 0.917421 0.0323786 -0.459598 0.873443 0.160833 0.449712 0.434614 -0.780301 -0.462207 0.874118 0.149272 -0.388297 0.921364 -0.0177031 -0.431743 0.900449 -0.0528152 -0.412814 0.874688 -0.25398 -0.89565 -0.110617 0.430785 -0.445791 0.882516 -0.14979 -0.869108 -0.0429855 0.492751 -0.451296 0.879492 -0.151083 -0.393131 0.919477 -0.00327465 -0.580163 0.814475 -0.00650336 -0.429114 0.902284 0.0417769 -0.621855 0.776392 -0.102531 -0.356427 -0.336393 -0.871665 -0.345263 -0.897326 -0.274954 -0.819308 -0.531733 0.214464 -0.284181 -0.462001 -0.840117 0.0611426 -0.997638 -0.0313029 0.690668 -0.317257 -0.649866 0.760599 -0.356464 -0.542607 -0.077786 0.411113 -0.90826 0.268935 0.501256 -0.822446 -0.462759 0.562469 -0.685188 0.377104 0.752013 -0.54062 -0.859036 0.0641856 -0.507876 -0.980053 0.0451857 -0.193529 -0.400838 0.906793 -0.130594 -0.644878 0.754805 0.120011 -0.948812 -0.261797 0.176687 -0.380976 -0.566764 0.730504 0.247398 -0.7721 0.585368 0.293859 -0.857601 0.422099 0.450233 -0.348825 0.821956 0.93737 -0.2854 -0.19971 0.995582 -0.0901816 -0.026153 0.844785 0.527534 0.0896998 0.693696 -0.0843841 0.715308 -0.104811 0.991252 -0.0802097 0.747339 0.599778 0.285921 0.0618627 0.954498 0.291729 0.598936 0.396234 0.695898 -0.548815 0.643665 0.533383 -0.123022 0.751224 0.648481 0.124893 0.478993 0.868889 -0.694453 0.140943 0.7056 -0.387937 -0.0767296 0.918487 -0.054632 0.0655785 0.996351 0.680673 -0.352867 -0.642004 0.744723 -0.529534 -0.406179 0.128434 0.962259 0.239921 0.152902 0.945602 0.287154 0.119835 0.988768 0.0893198 0.149565 0.978571 -0.141524 0.133972 0.972622 -0.189892 0.163204 0.890403 -0.424908 0.198865 0.847581 -0.491996 0.199974 0.82048 -0.535559 0.219556 0.753904 -0.619212 0.276289 0.641101 -0.715999 0.309158 0.602752 -0.735602 0.342607 0.448994 -0.825243 0.398666 0.316975 -0.860577 0.604053 -0.110077 -0.789305 0.612702 -0.164941 -0.772911 0.488893 0.117833 -0.864349 0.467565 0.222131 -0.855594 0.544321 -0.00993314 -0.838818 0.739406 -0.418077 -0.527723 -0.364927 0.87114 0.328547 -0.364471 0.868652 0.335566 -0.383799 0.919278 0.0873291 -0.387421 0.920858 0.0438806 -0.378082 0.903398 -0.202301 -0.377774 0.89869 -0.222808 -0.336691 0.802844 -0.492018 -0.338816 0.806584 -0.484383 -0.303553 0.723827 -0.619621 -0.299831 0.713531 -0.633225 -0.269198 0.643725 -0.716346 -0.243476 0.575708 -0.780564 -0.212108 0.510864 -0.833083 -0.144771 0.341445 -0.928686 -0.130423 0.311473 -0.941262 -0.079726 0.189577 -0.978624 -0.0600076 0.146222 -0.98743 -0.0274563 0.0613287 -0.99774 0.0388715 -0.088044 -0.995358 0.0745406 -0.181795 -0.980507 0.0978099 -0.232429 -0.967683 0.155607 -0.371871 -0.91515 0.170017 -0.401497 -0.899941 0.230823 -0.554444 -0.79957 0.268602 -0.634257 -0.724962 0.286193 -0.686273 -0.668673 0.343932 -0.815751 -0.465039 0.348441 -0.833045 -0.42968 -0.168336 -0.91259 -0.372615 -0.166405 -0.910447 -0.378677 -0.208037 -0.785313 -0.583098 -0.274927 -0.674918 -0.684764 -0.281471 -0.697283 -0.65922 -0.290093 -0.508386 -0.810796 -0.355454 -0.357673 -0.863552 -0.545832 -0.135274 -0.826903 -0.532117 -0.146071 -0.833975 -0.538105 -0.0370541 -0.842063 -0.561657 0.109897 -0.820039 -0.664401 0.31151 -0.679362 -0.740494 0.414273 -0.529195 -0.745516 0.362173 -0.559496 -0.742648 0.52303 -0.418226 -0.775021 0.600572 -0.196608 -0.789664 0.61283 0.0295084 -0.81075 0.579034 -0.0860532 -0.793716 0.499167 0.347632 -0.783243 0.551615 0.286796 -0.980856 0.157825 -0.11407 -0.873303 -0.0988026 -0.477053 -0.653074 -0.640453 -0.404122 0.369996 -0.890458 -0.264928 0.387747 -0.918374 -0.0790021 0.382157 -0.919161 0.0953878 0.379018 -0.896969 0.227581 0.337307 -0.814122 0.472683 0.260411 -0.626239 0.734854 0.209914 -0.4967 0.842155 0.194229 -0.463816 0.864378 0.111908 -0.265806 0.957509 0.105567 -0.252667 0.961777 -0.0204454 0.0417097 0.998921 0.00297534 -0.00603894 0.999977 -0.146536 0.362524 0.920382 -0.185914 0.439274 0.878905 -0.274509 0.653661 0.705246 -0.280765 0.672557 0.684717 -0.334059 0.792972 0.50951 -0.348673 0.839025 0.417688 -0.148095 0.353015 -0.923823 -0.148282 0.353159 -0.923738 -0.383577 0.914351 -0.129733 -0.383745 0.914226 -0.130118 -0.235643 0.561724 0.793056 -0.235803 0.560877 0.793608 0.148428 -0.353829 0.923458 0.147811 -0.353351 0.92374 0.235417 -0.561071 -0.793586 0.234642 -0.560558 -0.794177 0.383387 -0.914394 0.129996 0.383453 -0.914344 0.130148 0.922018 0.387147 0.000252269 0.872618 0.458023 0.169566 0.923424 0.383645 0.0101765 0.885147 0.464514 0.0272337 0.922161 0.386807 -2.20043e-05 0.922136 0.386867 2.97385e-05 0.922083 0.386992 0.000157602 0.92212 0.386903 0.000138738 0.922124 0.386894 0.000117024 0.315808 -0.744071 0.588747 0.920748 0.39013 -0.00470743 0.922142 0.386853 -4.99927e-05 0.922146 0.386842 3.40716e-05 0.922152 0.386828 -0.000119439 0.922138 0.386861 -4.48746e-05 0.922156 0.386818 4.24731e-05 -0.380441 0.897647 0.222473 -0.380304 0.923537 -0.0494732 -0.382631 0.909319 -0.163499 -0.348453 0.828183 -0.43897 -0.341257 0.815802 -0.466917 -0.29002 0.692524 -0.660529 -0.274692 0.648924 -0.709536 -0.220341 0.531799 -0.817704 -0.166817 0.391048 -0.905126 -0.0833799 0.211931 -0.973721 -0.0291841 0.0581024 -0.997884 0.12772 -0.294059 -0.947215 0.113079 -0.266985 -0.957043 0.247849 -0.589399 -0.768882 0.242683 -0.573016 -0.782789 0.313529 -0.751969 -0.579864 0.348295 -0.818525 -0.456846 -0.580712 -0.812799 0.0461678 -0.714202 -0.479452 0.509943 -0.891248 -0.057419 0.449866 -0.924907 -0.380184 -0.00261815 -0.922541 -0.385899 8.07418e-05 -0.922277 -0.386518 -0.00317591 -0.924614 -0.380904 -0.000823841 -0.920176 -0.391501 0.00182613 -0.922373 -0.386297 -0.00141897 -0.921597 -0.387751 -0.0175616 -0.919143 -0.393496 -0.018383 -0.92471 -0.380571 0.00877791 -0.922577 -0.385521 0.0149821 -0.919733 -0.392465 -0.00795102 -0.919917 -0.392031 -0.00796149 -0.921625 -0.388069 0.00321726 -0.920388 -0.390981 0.00438647 -0.920885 -0.389835 0.000393063 -0.922155 -0.386817 0.00143386 -0.736514 0.482999 0.473559 -0.690637 0.425831 0.584541 -0.640795 0.275048 0.71675 -0.562621 0.0488262 0.825272 -0.64052 0.107546 0.760374 -0.439538 -0.189983 0.877902 -0.413417 -0.406331 0.814851 -0.391743 -0.424762 0.816159 -0.284545 -0.570831 0.770186 -0.217377 -0.746658 0.628688 -0.243679 -0.815293 0.525279 -0.140302 -0.901684 0.409 -0.101251 -0.970852 0.217242 -0.153276 -0.98818 -0.00252561 -0.150288 -0.98864 0.00219748 -0.125513 -0.977489 -0.169595 0.376617 -0.896067 -0.234997 0.377757 -0.901728 -0.210205 0.387341 -0.921645 -0.0232028 0.386254 -0.922392 -0.000616689 0.374414 -0.891316 0.255675 0.374953 -0.894888 0.242046 0.342655 -0.818162 0.461734 0.340921 -0.811677 0.474293 0.273955 -0.650772 0.708127 0.265871 -0.636269 0.724206 0.179372 -0.426454 0.886545 0.182296 -0.435006 0.881781 0.0957096 -0.224747 0.969705 0.105118 -0.251291 0.962187 0.00382445 -0.0147505 0.999884 -0.0203853 0.0542244 0.998321 -0.117964 0.276574 0.953725 -0.12682 0.302623 0.944635 -0.207592 0.496657 0.842756 -0.223709 0.528715 0.818789 -0.275334 0.658888 0.700041 -0.289455 0.688298 0.665178 -0.318744 0.761809 0.563959 -0.328421 0.780763 0.531552 0.334078 0.572112 0.749053 0.295697 0.622873 0.724287 0.17021 0.838742 0.517242 0.242236 0.768901 0.591704 0.18333 0.855439 0.48437 0.782862 -0.58981 -0.198117 0.81241 -0.582617 -0.0234216 0.815667 -0.577405 -0.035925 0.772462 -0.594169 0.2242 0.749164 -0.508685 0.424255 0.74671 -0.41299 0.521405 0.691332 -0.379573 0.614805 0.592942 -0.197683 0.780603 0.537741 -0.0025078 0.843107 0.533809 0.0772867 0.842066 0.433871 0.236312 0.869432 0.35487 0.448785 0.820158 0.926381 0.376582 -0.00227157 0.932877 0.359409 0.0237835 0.866372 -0.357541 -0.348661 0.925862 0.377856 -0.0021977 0.920612 0.384384 0.0687195 0.941867 0.299902 0.151479 0.928115 0.350051 0.126758 0.931052 0.345414 0.117606 0.921108 0.389308 -2.75714e-05 -0.0416034 -0.507251 -0.860793 0.361143 0.868827 0.338697 0.130924 0.0389798 -0.990626 -0.0054376 0.575205 0.817991 0.877235 0.476395 0.059219 0.755895 0.516382 -0.402457 0.868562 0.495179 0.019935 0.625067 0.678443 -0.386014 0.767374 0.641197 -0.0016018 0.58485 0.702592 -0.405358 0.832261 0.55387 -0.0238646 0.841003 0.5348 -0.0818681 -0.564922 0.812067 -0.146324 -0.712616 0.681513 -0.166487 -0.613262 0.154023 -0.774717 -0.730596 -0.35796 -0.581458 -0.929648 0.20292 0.307537 -0.0733738 0.279504 -0.957337 -0.569725 -0.656264 -0.494703 0.173042 0.125911 -0.976833 0.322599 -0.280492 -0.904021 -0.571817 -0.654875 -0.494129 0.450742 -0.353419 -0.819712 0.803944 -0.307399 -0.509098 0.645957 0.551859 -0.527439 0.954278 -0.0560959 -0.293611 -0.0214057 0.846136 -0.532537 0.956063 0.180919 -0.230678 0.37062 0.863543 -0.341957 0.391452 0.91964 0.0320599 -0.225994 0.945218 0.235565 -0.942714 0.158236 0.293687 -0.572833 0.254027 0.779315 -0.737989 -0.59381 0.320566 0.113486 -0.990843 -0.0731454 0.214303 -0.97399 -0.0736062 -0.406462 -0.705974 0.579991 -0.169891 -0.484037 0.858397 0.42393 -0.905152 0.0313536 0.933172 0.339281 0.118652 0.614368 -0.663693 0.42669 0.791167 -0.434472 0.430451 0.605465 0.738427 0.296879 0.81006 -0.0929631 0.578931 0.263645 0.489787 0.831023 -0.146714 0.600537 0.786022 0.41637 0.115289 0.901856 0.0673223 -0.446659 0.892168 -0.16291 -0.617995 -0.769118 -0.300391 -0.673072 -0.675825 -0.433521 -0.704793 -0.561539 0.940014 -0.149723 0.306523 0.987087 -0.129626 0.0941063 0.989534 -0.142817 0.0206144 0.986988 -0.117753 -0.109495 0.963885 -0.125287 -0.235007 0.900568 -0.172153 -0.399175 0.874749 -0.205844 -0.438683 0.752437 -0.209443 -0.624477 0.637256 -0.259408 -0.725681 0.46377 -0.355586 -0.811465 0.490522 -0.355761 -0.795501 0.284588 -0.409529 -0.866773 0.172015 -0.46392 -0.869016 -0.250214 -0.668618 -0.700245 -0.00562877 -0.554444 -0.832202 0.0485575 -0.545197 -0.836901 0.862793 0.361079 0.35385 0.862377 0.360992 0.354952 0.91794 0.383807 0.100387 0.913179 0.383657 0.13752 0.921248 0.387506 -0.0337886 0.916108 0.383251 -0.117753 0.903757 0.380155 -0.196737 0.888173 0.371495 -0.270446 0.844577 0.355205 -0.400649 0.812172 0.338439 -0.475222 0.766866 0.32323 -0.554472 0.655673 0.272947 -0.703984 0.508311 0.211842 -0.834711 0.584225 0.247925 -0.772796 0.353702 0.149646 -0.92331 0.315693 0.131085 -0.939763 0.152963 0.0651912 -0.986079 0.112622 0.0464662 -0.992551 -0.0280131 -0.0124704 -0.99953 0.000675152 0.000698809 -1 -0.188417 -0.0784448 -0.978951 -0.228352 -0.0978447 -0.96865 -0.409032 -0.170394 -0.89647 -0.431408 -0.181196 -0.883773 -0.564814 -0.237097 -0.790424 -0.570286 -0.239024 -0.785901 -0.692856 -0.29037 -0.660027 -0.717763 -0.303245 -0.626784 -0.808541 -0.336936 -0.482427 -0.887712 0.156738 -0.432897 -0.797367 0.183764 -0.574836 -0.678144 0.270485 -0.683343 -0.552637 0.30043 -0.77739 -0.647145 0.302371 -0.699839 -0.352073 0.374107 -0.857956 -0.145563 0.520266 -0.841507 -0.219194 0.536262 -0.815093 -0.0709777 0.528163 -0.846171 0.135147 0.547241 -0.825992 0.351312 0.638532 -0.684731 0.427139 0.776928 -0.462531 0.428658 0.749164 -0.50498 0.543021 0.763754 -0.349012 0.584324 0.791085 -0.180969 0.569687 0.818569 -0.0734963 0.59708 0.802094 -0.0119162 0.61705 0.777088 0.124034 0.574831 0.764264 0.292353 0.151624 0.98136 -0.11808 -0.0977372 0.87682 -0.47078 -0.633761 0.66209 -0.399981 -0.839844 -0.347669 -0.416879 -0.912273 -0.38535 -0.138791 -0.920851 -0.385181 -0.0605732 -0.905914 -0.379071 0.188744 -0.911778 -0.383157 0.147826 -0.858412 -0.362195 0.36324 -0.815229 -0.339184 0.469421 -0.697518 -0.295889 0.652624 -0.636722 -0.265664 0.723884 -0.478959 -0.201828 0.854321 -0.44839 -0.186987 0.874061 -0.219513 -0.093396 0.971129 -0.177256 -0.0731706 0.981441 0.056031 0.0241774 0.998136 0.032002 0.0126757 0.999407 0.26942 0.11423 0.956224 0.313499 0.130374 0.940596 0.501343 0.211366 0.839035 0.531171 0.221498 0.8178 0.772387 0.326396 0.54487 0.75193 0.314295 0.579499 0.352793 0.147994 -0.923923 0.353109 0.148401 -0.923738 0.91437 0.383594 -0.129549 0.914179 0.38385 -0.13014 0.561467 0.235538 0.793269 0.560935 0.235637 0.793617 -0.353289 -0.148213 0.923699 -0.353209 -0.148149 0.92374 -0.353124 -0.148137 0.923774 -0.561231 -0.235035 -0.793586 -0.572083 -0.232989 -0.786408 -0.914053 -0.384147 0.130147 -0.914152 -0.383493 0.131378 0.391238 -0.920265 0.00673423 0.381061 -0.924542 -0.00384668 0.389331 -0.910954 -0.136326 0.451663 -0.871746 -0.189893 0.403488 -0.914958 0.00704181 0.386859 -0.922139 -1.44726e-05 0.386823 -0.922154 -9.62679e-05 0.385469 -0.92272 -0.00106612 0.386879 -0.922131 6.2382e-05 0.386773 -0.922175 -0.000155636 0.381269 -0.924463 0.00176837 0.387068 -0.922051 -0.000453424 0.386854 -0.922141 8.45089e-05 0.386815 -0.922157 -7.04202e-06 0.386817 -0.922157 -1.67637e-06 0.386746 -0.922186 0.000249676 0.386978 -0.922089 -0.000302594 0.907925 0.380254 0.17629 0.906202 0.378613 0.188282 0.918068 0.386436 -0.0884158 0.908953 0.378672 -0.174387 0.866725 0.365794 -0.33909 0.797981 0.331602 -0.503256 0.738693 0.312028 -0.597471 0.614256 0.255326 -0.746658 0.50903 0.215179 -0.833418 0.468896 0.196262 -0.861172 0.244229 0.103582 -0.96417 0.256895 0.107826 -0.960405 -0.144904 -0.0624161 -0.987475 -0.166739 -0.0698272 -0.983525 -0.411015 -0.173288 -0.895007 -0.451818 -0.193177 -0.870944 -0.634144 -0.261527 -0.727643 -0.771305 -0.328387 -0.545208 -0.81097 0.57393 0.113718 -0.633244 0.667635 0.391493 -0.386832 0.769633 0.507963 -0.0677129 0.887928 0.454972 -0.377677 0.925921 -0.00546719 -0.38802 0.921642 -0.00408248 -0.384439 0.923146 0.00302715 -0.378045 0.925786 -0.00128393 -0.386371 0.922343 -0.00122566 -0.390748 0.9203 -0.019067 -0.383706 0.923423 0.00774455 -0.384677 0.923046 0.00308818 -0.39454 0.918671 0.0195278 -0.402959 0.915097 -0.0149236 -0.394399 0.918877 -0.0107087 -0.394433 0.918705 0.0200959 -0.398905 0.916991 0.00168851 -0.384694 0.923023 -0.00629629 -0.395033 0.918444 0.0202498 0.426449 0.768747 0.476623 0.377521 0.776643 0.504286 0.339531 0.681617 0.648163 0.244474 0.60286 0.759468 0.0078705 0.511729 0.859111 -0.301658 0.514521 0.802664 -0.225179 0.490894 0.841616 -0.48476 0.317617 0.81494 -0.665593 0.256475 0.700861 -0.741662 0.272371 0.612986 -0.808763 0.196456 0.554353 -0.918313 0.116149 0.378432 -0.982012 0.144708 0.121292 -0.98266 0.157538 0.097776 -0.930241 0.179761 -0.319902 -0.991213 0.117867 -0.060032 -0.961236 0.135761 -0.239987 -0.852509 -0.359116 -0.37982 -0.884296 -0.369488 -0.28548 -0.902013 -0.379546 -0.205712 -0.919738 -0.384286 -0.0800455 -0.920845 -0.388628 0.0318249 -0.912127 -0.380456 0.152571 -0.885021 -0.373738 0.277591 -0.835185 -0.348116 0.425771 -0.716389 -0.299155 0.630311 -0.670875 -0.283612 0.685194 -0.543824 -0.225709 0.808276 -0.472158 -0.200416 0.858429 -0.32598 -0.134658 0.935737 -0.211144 -0.0917096 0.973143 -0.106159 -0.0417265 0.993473 0.0715957 0.026488 0.997082 0.217006 0.0941391 0.971621 0.299959 0.123766 0.945889 0.46907 0.198456 0.860575 0.544779 0.226349 0.807454 0.608197 0.25654 0.751188 0.723456 0.300815 0.621387 0.771065 0.325895 0.547038 0.678452 -0.276063 0.680802 0.685705 -0.26807 0.676718 0.918908 -0.172929 0.354547 0.819848 -0.183718 0.542307 -0.524237 -0.797159 -0.299522 -0.542587 -0.791952 -0.28002 -0.59203 -0.786876 -0.174146 -0.628432 -0.777431 0.0259669 -0.486877 -0.794191 0.363609 -0.575574 -0.782396 0.237847 -0.479855 -0.761355 0.435978 -0.802899 -0.33798 0.491042 -0.414203 -0.700956 0.5806 -0.206691 -0.623605 0.75392 -0.0867124 -0.608401 0.788879 0.00606638 -0.534737 0.844997 0.309592 -0.397733 0.863691 0.254524 -0.444741 0.858734 0.428703 -0.354886 0.830825 0.0909343 -0.975625 0.199716 0.230943 -0.969553 0.0814427 0.251829 -0.96721 0.0329565 0.227524 -0.959057 0.16865 -0.554165 -0.72701 -0.405411 0.258871 -0.938522 0.228391 0.262198 -0.941007 0.213912 0.0124945 -0.946484 0.322509 0.365812 -0.926021 0.0930911 0.390734 -0.914739 0.102859 -0.303484 -0.220182 -0.927048 0.37553 -0.926754 -0.0102005 0.489602 -0.0141773 0.871831 0.380028 -0.337343 0.861266 0.615863 -0.771806 0.158203 0.230253 -0.0174907 -0.972974 0.559892 -0.76396 -0.320758 0.798935 -0.572018 0.185737 0.619579 -0.783638 0.0450951 0.595922 -0.802764 -0.021157 0.664267 -0.69973 -0.262922 0.674895 -0.727731 -0.122164 0.884728 -0.293927 -0.36175 0.395261 0.759045 -0.51732 0.535187 0.78976 -0.299756 0.160152 0.775543 -0.610643 -0.0983277 0.535976 -0.838488 -0.421398 0.435151 -0.795655 0.100194 -0.0767424 -0.992004 -0.258341 -0.242954 -0.935004 -0.629582 -0.0606654 -0.774562 -0.753037 0.632694 -0.18065 -0.911437 0.393533 -0.120057 0.378704 -0.172538 -0.909293 -0.803595 -0.127451 -0.581371 -0.0271007 -0.863249 -0.504051 0.00313991 -0.870233 -0.49263 0.66499 -0.0791283 -0.742649 0.0917412 -0.916049 -0.390432 0.877958 -0.204096 -0.433053 0.825772 -0.523564 -0.209718 0.959464 0.26667 -0.0911906 0.262515 0.881558 0.392354 0.511409 0.475676 0.715677 -0.456184 0.889475 -0.0270444 -0.19874 0.892985 0.403831 0.122946 0.247268 0.961115 -0.395047 0.372093 0.839931 -0.811462 -0.513314 -0.279354 -0.492061 0.274651 0.826101 -0.947434 0.109072 0.300785 -0.726733 -0.649343 -0.224083 -0.939385 -0.153092 0.306789 -0.609462 -0.736173 0.294286 -0.700555 -0.493033 0.515889 -0.0256146 -0.955053 0.295327 0.757658 -0.527335 0.384541 0.19929 -0.813521 0.546322 0.771465 -0.212918 0.59959 0.819843 0.147041 0.553387 -0.477845 -0.311278 0.821444 0.0581738 -0.459352 0.886347 0.21135 -0.276321 0.937538 0.000224194 -0.0012222 -0.999999 -0.000462625 0.00016633 -1 0.000572771 0.866559 -0.499074 8.86551e-05 0.866069 -0.499924 0.000363928 0.865215 0.501401 -0.000491112 0.866085 0.499897 -0.00031917 0.000386603 1 -0.000100024 -5.70254e-05 1 0.000392015 -0.866833 0.498599 -0.000341958 -0.866084 0.499899 -0.00082587 -0.866756 -0.498732 -2.66552e-05 -0.865946 -0.500137 0.993409 -0.0961916 -0.062338 0.982576 0.0223119 -0.184516 0.993104 0.00218478 -0.117221 0.988878 -0.128042 0.0756647 0.988783 0.120215 -0.0886407 0.998981 0.00600563 0.0447277 0.991518 0.1036 0.0784845 -0.859011 -0.350613 0.373055 -0.864871 -0.238458 0.441743 -0.862148 -0.485701 0.144204 -0.862421 -0.0644456 0.502072 -0.861946 0.167637 0.478485 -0.859764 0.350385 0.371533 -0.861611 0.492951 0.120937 -0.8602 0.492105 -0.133747 -0.859758 0.361511 -0.360728 -0.862933 0.159805 -0.479384 -0.861933 -0.324436 -0.389632 -0.858724 -0.143536 -0.491925 -0.859093 -0.483939 -0.166618 -0.998668 0.0462906 0.022799 -0.999611 0.0221113 0.0169928 -0.99979 0.00350865 0.0201777 -0.99842 -0.00643351 0.055819 -0.998393 0.0563742 -0.00585051 -0.999294 0.0351068 -0.0134161 -0.999071 -0.0187979 0.0387822 -0.994402 0.0524654 -0.0917169 -0.999659 -0.0232548 0.0118389 -0.999316 -0.0308054 0.0204533 -0.998585 -0.0421942 -0.0323659 -0.999425 -0.0135267 -0.0311043 -0.999926 -0.0116159 -0.00366975 -0.99922 -0.0183358 -0.0349716 -0.778412 -0.626459 0.0402995 -0.691913 -0.71876 -0.0681185 -0.639493 -0.684982 -0.349069 -0.75018 -0.497457 -0.435622 -0.722653 -0.493004 -0.48448 -0.681907 -0.409035 -0.606377 -0.70236 -0.243942 -0.668717 -0.733578 -0.175487 -0.656557 -0.704682 -0.134896 -0.696582 -0.667446 0.0143933 -0.744519 -0.710146 0.202774 -0.674222 -0.777425 0.258578 -0.573366 -0.690318 0.412544 -0.594365 -0.655045 0.54546 -0.522867 -0.719642 0.623243 -0.306077 -0.754773 0.609663 -0.242133 -0.724082 0.659063 -0.203326 -0.683166 0.726302 -0.0759641 -0.698821 0.710216 0.0851006 -0.740234 0.655751 0.148469 -0.673006 0.686702 0.274779 -0.682654 0.571297 0.455635 -0.750545 0.41855 0.511368 -0.811679 0.310878 0.494501 -0.710221 0.259011 0.654599 -0.632018 0.120516 0.765525 -0.620817 -0.069099 0.780905 -0.728827 -0.25137 0.636886 -0.812058 -0.294183 0.504001 -0.742271 -0.411467 0.528893 -0.648841 -0.61172 0.452553 -0.639005 -0.689592 0.340786 -0.701456 -0.696551 0.150919 0.00011725 -0.978819 0.204728 -0.00100756 -0.974002 0.226537 0.000788102 -0.927923 0.372771 -0.000995868 -0.900186 0.435504 0.00126277 -0.837829 0.545931 -0.000870892 -0.805961 0.591968 0.00138486 -0.65639 0.754421 -0.00151587 -0.616165 0.787616 0.00137832 -0.417953 0.908468 -0.00151834 -0.363759 0.931492 0.00153847 -0.213269 0.976992 0.000407675 -0.0313199 0.999509 -0.00143577 -0.0791395 0.996863 0.000752331 0.173724 0.984794 -0.000352156 0.147795 0.989018 0.000820066 0.404202 0.914669 -0.0011845 0.371397 0.928473 -0.000759016 0.626621 0.779324 -0.000152589 0.635509 0.772094 0.000473639 0.77456 0.6325 -0.0020296 0.929314 0.369285 0.00269456 0.958763 0.284196 -0.00220205 0.99383 0.110895 0.00214366 0.999068 -0.0431114 -0.000716963 0.994177 -0.107761 0.000924478 0.944517 -0.32846 -0.000420069 0.954903 -0.296917 -0.00127486 0.889973 -0.456012 0.00291449 0.83112 -0.556085 -0.00218102 0.734998 -0.678065 0.00243983 0.592484 -0.805578 3.2766e-05 0.561073 -0.827767 0.000770372 0.272532 -0.962146 -0.000699029 0.293166 -0.956061 -0.000652875 0.0191746 -0.999816 0.00081484 -0.012761 -0.999918 -0.00113057 -0.179594 -0.98374 0.0024218 -0.288259 -0.957549 -0.00057697 -0.35048 -0.93657 -0.000352838 -0.558506 -0.8295 0.00309812 -0.616846 -0.787078 -0.00148726 -0.705068 -0.709138 0.00200848 -0.855478 -0.517835 -0.00257078 -0.890491 -0.454994 0.00287045 -0.969519 -0.244999 0.00102742 -0.99918 -0.040471 -0.00163727 -0.995766 -0.0919144 0.730062 0.678234 -0.083713 0.722049 0.690907 -0.0359678 0.694312 0.411498 -0.590424 0.716417 0.662962 -0.217319 0.704749 0.597611 -0.382348 0.700956 0.198442 -0.685042 0.716955 -0.00698503 -0.697085 0.714996 -0.200045 -0.669898 0.728981 -0.106051 -0.676269 0.720115 -0.693583 0.0194447 0.698041 -0.437472 -0.566884 0.728973 -0.683979 -0.0277711 0.696885 -0.61825 -0.36348 0.707877 -0.684142 -0.175672 0.714044 -0.685107 0.144118 0.72241 -0.0146496 0.69131 0.705641 -0.657893 0.263151 0.72802 0.0280239 0.684983 0.697827 -0.601661 0.388641 0.693972 -0.469377 0.545974 0.705049 0.287068 0.648458 0.699758 -0.304444 0.646261 0.712506 -0.138594 0.687843 0.718398 0.11253 0.68647 0.698294 0.452897 0.554318 0.694806 0.570734 0.437615 0.00296655 0.802166 0.597094 0.704572 0.683509 0.190771 0.996641 -0.0660466 -0.0484274 0.999723 -0.0209473 -0.0107244 0.772028 0.162063 0.61458 -0.161809 0.44765 0.879447 0.290656 -0.0569392 0.955132 -0.115726 -0.702203 0.702509 0.0415855 -0.812585 -0.581357 0.0605791 -0.379668 -0.923137 -0.683912 -0.430414 -0.589074 -0.914781 0.022707 -0.403311 -0.860944 -0.00319508 -0.508691 -0.831932 -0.543103 0.113702 -0.912906 -0.224393 0.340956 0.174964 0.983833 0.03822 0.0668478 0.245948 -0.966975 1 0.000648268 0.000394893 0.370569 -0.897494 -0.23913 0.999972 -0.0044371 -0.00599522 0.173985 0.349206 -0.920752 0.0702284 0.996135 -0.0527628 -0.107528 0.994178 0.00685623 0.836984 0.0397487 -0.545782 0.535284 0.825677 -0.178126 0.940005 -0.337331 -0.0509706 -0.448393 -0.809103 -0.379864 0.841275 0.00868044 -0.540538 -0.695299 0.593642 0.405152 -0.826269 0.547499 0.132377 -0.116682 -0.985725 -0.121377 0.359066 0.93076 -0.0689724 0.167208 0.777719 0.605965 -0.370959 0.708788 -0.600007 -0.0657205 -0.9907 -0.119137 -0.405233 0.287516 -0.867826 0.0569561 -0.435797 0.898241 -0.735839 -0.597201 0.319206 -0.170326 -0.524722 -0.83406 -0.733377 0.0948818 -0.673168 0.258398 0.929771 -0.262216 0.0614387 0.510756 0.857528 -0.343529 0.411871 0.844008 -0.148085 -0.987711 -0.0499738 -0.075998 -0.296121 -0.952122 0.189055 -0.267371 0.944866 0.166631 -0.985397 -0.0350229 0.653822 -0.312256 0.689212 0.445363 -0.895307 0.00880347 -0.262247 -0.96462 0.0270981 -0.428867 0.12618 0.894512 -0.0856312 -0.98144 0.171589 -0.388695 -0.904014 0.177977 -0.820186 -0.197349 -0.53698 0.428282 -0.264221 -0.864154 0.759677 -0.604276 0.240292 -0.147199 0.988758 -0.0262546 0.262046 0.393635 0.881126 -0.275886 0.59151 0.75763 -0.899526 0.433224 0.0562995 0.760547 -0.50637 0.406396 -0.88715 -0.258666 0.382175 -0.889393 -0.45091 0.0752372 0.448078 -0.00136431 -0.893993 0.955504 0.154213 -0.251455 0.773407 -0.00487397 0.633892 -0.736132 -0.326815 0.592707 0.900641 -0.39963 0.17071 -0.914151 -0.402205 -0.0505818 0.699673 -0.306669 -0.6453 -0.682813 0.0658211 -0.727622 -0.201355 0.965754 -0.163633 0.887302 0.337774 0.314011 0.958346 -0.258559 0.121325 0.372118 -0.902187 -0.218144 0.896533 0.0209376 -0.442482 -0.689719 0.0750005 -0.720183 0.22763 -0.555198 0.799963 0.961559 -0.263853 -0.0760586 -0.895662 -0.372212 -0.243408 -0.768093 0.0923621 -0.633642 0.0904682 0.800825 -0.592026 -0.754141 0.647228 -0.111209 0.520721 0.74878 0.410095 0.189789 -0.303172 -0.933845 0.542892 -0.138354 -0.828328 0.332923 0.750826 -0.570459 0.872862 0.474112 -0.115453 -0.906294 0.412779 -0.0907976 -0.448523 0.756754 0.475553 0.928145 -0.040535 0.370004 -0.958762 -0.0648682 0.276707 0.0740687 -0.977415 0.197923 0.910057 -0.372299 -0.182179 -0.772538 -0.625702 -0.108087 -0.236871 -0.2593 -0.936299 -0.561571 -0.0495015 -0.825947 0.405541 0.859307 0.311653 0.434376 -0.0295745 0.900246 0.935568 -0.286896 -0.205919 0.7016 0.608318 -0.371089 0.728694 0.59475 -0.339524 -0.436562 0.802617 0.406473 0.637436 0.332537 0.69505 -0.343965 -0.0799317 0.935574 -0.864972 -0.493822 0.0892327 0.926845 -0.3591 0.109567 -0.937682 -0.347169 0.0150068 0.339322 -0.25726 -0.904808 -0.544062 -0.142068 -0.82693 -0.89665 0.0390444 -0.441014 -0.576963 0.477701 0.662507 0.1539 -0.426205 0.89144 0.293855 -0.777843 -0.555527 0.0995985 -0.200205 -0.974679 0.32532 0.923455 -0.203464 0.681978 0.73137 0.00198324 0.711114 0.155271 0.685717 0.454026 -0.400824 0.795739 -0.804706 -0.334999 -0.490127 -0.919272 0.3089 -0.243965 -0.164754 0.727171 0.666391 -0.207687 -0.553435 0.806583 0.931153 0.333917 -0.146472 -0.704835 0.627269 -0.331271 -0.467484 0.401544 0.787541 -0.960612 -0.274709 0.0419381 0.0849972 0.979739 -0.181346 -0.80575 -0.309725 0.504815 0.828558 0.180396 0.530046 -0.955362 -0.0925405 0.280571 0.277046 -0.960854 -0.00245135 0.684909 -0.561658 -0.464155 -0.898475 0.417395 -0.136107 -0.434272 0.358305 -0.826453 0.0714478 0.0722497 -0.994824 0.242215 0.969404 -0.0398402 -0.223053 0.881489 0.416203 -0.200869 -0.389664 0.898785 0.342857 -0.0132061 0.939295 -0.0655864 -0.902327 -0.426034 0.165883 -0.956067 -0.2417 -1 0 0 -1 0 0 -0.0085613 0.862768 -0.505527 0.9894 -0.124156 0.075314 -0.774898 -0.598664 0.202816 -0.760546 -0.475158 0.442488 -0.735968 -0.22082 0.639993 -0.657825 0.357383 0.662981 0.729254 -0.0766353 -0.679938 0.820565 -0.101447 -0.562479 0.652396 -0.219723 -0.725329 0.608611 -0.790021 -0.0738936 0.896446 -0.438895 0.0612783 0.897914 -0.435802 0.0618668 0.680111 -0.690277 0.246914 0.91156 -0.121343 0.392854 0.800565 -0.111849 0.588715 0.641814 -0.0375921 0.765939 -0.0493167 -0.637307 0.76903 -0.920602 -0.28887 0.262767 0.00285122 -0.91042 0.413676 0.0268439 -0.883242 0.468149 -0.0156843 -0.991899 0.126058 -0.02815 -0.972715 -0.230287 -0.978658 -0.133817 -0.155956 -0.0244435 -0.48599 -0.873623 -0.0198757 -0.0203198 -0.999596 0.0311043 -0.261389 -0.964732 0.0218723 -0.610713 -0.79155 -0.0207115 -0.803551 -0.594875 0.0296521 -0.884157 -0.466249 0.020074 -0.999621 0.0188256 -0.0319388 -0.610594 0.791299 0.0078386 -0.202859 0.979177 0.00322783 -0.211157 0.977447 0.000271045 -0.111858 -0.993724 -0.000861497 -0.0636001 -0.997975 -0.000310382 -0.241143 -0.970489 0.000757372 -0.311971 -0.950091 -0.000550081 -0.392587 -0.919715 0.000561889 -0.550267 -0.834988 -0.000220376 -0.57201 -0.820246 0.00109683 -0.788439 -0.615112 -0.000217442 -0.764189 -0.644992 -0.00137772 -0.912356 -0.409396 0.00075632 -0.942516 -0.334161 0.000296431 -0.995137 -0.098505 -0.000772053 -0.990175 -0.139835 5.71765e-05 -0.993334 0.115274 -0.000308237 -0.99474 0.102428 0.000425112 -0.937356 0.348374 -0.000185748 -0.930548 0.36617 -0.000124956 -0.830802 0.556568 0.00110744 -0.806363 0.59142 -0.00140609 -0.653116 0.757256 0.00179942 -0.556654 0.830742 -0.00111519 -0.389816 0.920892 0.000846869 -0.298928 0.954275 0.00105264 -0.0626643 0.998034 -0.00079349 -0.147451 0.989069 -0.999999 0.00121273 -0.00042114 -0.999999 0.00110873 -0.000455342 -0.999999 0.00104396 -0.000896305 -1 0.000261789 0.000134849 -0.9999 -0.013466 0.00423146 -0.999998 -0.000194486 0.00182323 -0.999857 0.0106739 0.0130909 -0.999993 -0.00367567 -0.000646003 -0.999999 -0.000488606 0.00117915 -0.999999 0.00123 0.00116124 -0.999981 -0.00438944 0.00442385 -0.999993 0.00237407 -0.0029676 -0.999972 -0.00352169 -0.00662972 -0.999956 -0.00175412 -0.00924214 -0.999803 0.0171382 -0.0100502 -0.999994 0.00332888 -0.00104326 -0.999974 0.00705184 0.0018055 -0.999999 0.00116147 -0.000541543 -0.999751 0.00660354 -0.0212963 -1 0.000352902 -0.000710924 0.999616 0.0266662 -0.00750356 0.999998 0.00194373 -0.000165077 1 7.67736e-05 -0.000157793 0.999999 -0.0014928 0.000822771 0.998478 -0.0551582 -0.000148955 -0.00183756 0.126859 0.991919 0.0012917 0.257332 0.966322 0.000518457 0.486628 0.873609 -0.00110436 0.436132 0.899882 0.00078066 0.719289 0.69471 -0.000523775 0.691858 0.722033 -0.000682112 0.876525 0.481357 0.00222979 0.91187 0.410472 -0.00172602 0.991137 0.132836 0.000421952 0.997922 0.0644302 0.000221701 0.993003 -0.11809 -0.000280466 0.990052 -0.140705 0.000556838 0.948607 -0.316455 8.74769e-05 0.954406 -0.298513 -0.00147713 0.841465 -0.54031 0.00105131 0.802689 -0.596397 -0.00119489 0.582255 -0.813006 0.00111741 0.53455 -0.845136 -0.00106209 0.273562 -0.961854 0.00205963 0.185176 -0.982703 1 -0.000160267 -0.000109418 1 -0.000181047 0.000101506 1 -0.000155555 -0.000120846 1 4.64017e-05 2.2413e-05 1 -0.000335987 4.95458e-05 1 0.00015009 -7.33397e-05 1 -4.7366e-05 -0.000136041 1 -0.000383507 -8.13187e-05 1 4.58264e-05 -0.000141953 1 -0.000397333 0.000119269 1 -3.05477e-05 -0.000113304 1 -0.000246024 -0.000378173 1 5.29604e-05 9.25072e-05 1 -7.77864e-06 -9.48003e-05 1 4.3679e-05 6.5814e-05 1 -7.64502e-05 1.09779e-05 1 8.89235e-05 -6.16569e-05 0.999974 -0.00714134 -0.000269382 0.999987 -0.00412986 0.0028351 1 0.000131596 0.000240394 1 -0.000267412 0.000290264 1 -4.14473e-05 1.22965e-05 0.999987 -0.000350838 0.00505319 1 -8.50482e-05 0.000335425 1 -0.0001075 0.000317978 1 -5.68054e-05 -4.84884e-05 1 1.90517e-05 7.66545e-05 1 4.4938e-05 0.00027205 1 5.13322e-05 1.45798e-05 1 6.79612e-05 0.000273512 1 -7.96238e-05 0.000238105 1 4.80288e-05 3.58902e-05 1 7.31991e-05 0.000128311 1 2.81861e-05 -8.31633e-05 1 0.000115822 0.000110062 1 -0.000155073 0.000143787 1 -5.44706e-05 -1.85375e-05 0.0109141 0.241433 0.970356 0.0291744 0.689737 0.723472 0.0289667 0.960443 0.276964 -0.0178906 0.992743 -0.118916 0.0139044 0.977732 -0.209395 0.0143398 0.85565 -0.517356 0.0248876 0.551004 -0.834131 0.0208855 0.138528 -0.990138 -0.0157147 0.298106 -0.954403 -0.015047 0.634336 -0.772911 -0.0129663 0.894452 -0.446976 -0.890791 0.433255 -0.137044 -0.00446984 0.981562 0.191091 -0.82264 0.532548 0.199136 -0.0217948 0.883414 0.468086 -0.00857801 0.627259 0.778764 -0.00598969 0.272136 0.96224 0.366137 0.577206 0.729916 0.49809 0.834388 0.236016 0.324165 0.901084 -0.288036 0.898609 0.349446 -0.26531 0.848128 0.437522 -0.298752 -0.651296 0.758526 -0.0212369 -0.753495 0.470909 -0.458792 -0.756305 0.181572 -0.628518 -0.641569 -0.396689 -0.656527 -0.735811 -0.662743 -0.139118 -1 -1.68306e-06 -9.71598e-07 -1 1.24477e-10 -8.50525e-05 -1 -8.42856e-06 4.86558e-06 -1 0 0 -1 -5.97871e-05 3.45154e-05 -1 0 0 -1 0 0 -1 0 0 -1 -6.5301e-12 6.73484e-05 -1 2.6894e-05 1.55253e-05 -0.0122855 0.873582 0.486521 -0.0205218 -0.86925 -0.493946 -0.00364073 0.866249 -0.499599 -0.0075966 -0.863865 -0.503667 -0.00442117 -0.00314556 -0.999985 -0.0166145 -0.020722 -0.999647 -5.43986e-05 -0.867103 0.498129 -0.00534153 -0.864883 0.501946 1.24823e-05 -0.867352 -0.497695 0.000991667 -0.867759 -0.496984 0.00103 -0.00484114 0.999988 2.33206e-05 -0.00401129 0.999992 -0.0125846 -0.869219 0.494267 3.63598e-05 -0.864082 0.503351 -1.59587e-05 0.863294 0.504702 -0.00927613 0.867101 0.498047 -0.0160859 0.860301 -0.509532 5.87989e-05 0.00185894 0.999998 -0.036953 -0.0286767 0.998905 6.80203e-06 0.867181 -0.497993 -6.9784e-05 0.864936 0.501882 -0.000210697 0.00275157 -0.999996 -0.00237151 0.000936792 -0.999997</float_array>
                    <technique_common>
                        <accessor count="13928" source="#shape0-lib-normals-array" stride="3">
                            <param name="X" type="float"/>
                            <param name="Y" type="float"/>
                            <param name="Z" type="float"/>
                        </accessor>
                    </technique_common>
                </source>
                <vertices id="shape0-lib-vertices">
                    <input semantic="POSITION" source="#shape0-lib-positions"/>
                </vertices>
                <triangles count="13928">
                    <input offset="0" semantic="VERTEX" source="#shape0-lib-vertices"/>
                    <input offset="1" semantic="NORMAL" source="#shape0-lib-normals"/>
                    <p>877 0 1 0 556 0 556 1 1 1 0 1 0 2 1 2 2 2 1 3 3 3 2 3 2 4 3 4 4 4 3 5 5 5 4 5 4 6 5 6 6 6 5 7 7 7 6 7 6 8 7 8 8 8 7 9 10 9 8 9 8 10 10 10 9 10 9 11 10 11 11 11 10 12 12 12 11 12 11 13 12 13 13 13 12 14 14 14 13 14 13 15 14 15 15 15 15 16 16 16 578 16 14 17 16 17 15 17 17 18 19 18 18 18 18 19 19 19 20 19 19 20 21 20 20 20 20 21 21 21 22 21 21 22 23 22 22 22 23 23 24 23 22 23 22 24 24 24 25 24 24 25 26 25 25 25 25 26 26 26 27 26 26 27 28 27 27 27 27 28 28 28 29 28 28 29 30 29 29 29 29 30 30 30 591 30 32 31 33 31 31 31 33 32 35 32 34 32 35 33 845 33 36 33 36 34 845 34 37 34 845 35 38 35 37 35 37 36 38 36 39 36 39 37 38 37 40 37 38 38 41 38 40 38 41 39 44 39 42 39 42 40 44 40 43 40 43 41 44 41 45 41 44 42 287 42 45 42 543 43 902 43 46 43 902 44 47 44 46 44 46 45 47 45 48 45 47 46 49 46 48 46 48 47 49 47 51 47 49 48 50 48 51 48 50 49 52 49 51 49 51 50 52 50 53 50 52 51 54 51 53 51 53 52 54 52 55 52 54 53 56 53 55 53 55 54 56 54 57 54 56 55 58 55 57 55 57 56 58 56 59 56 58 57 60 57 59 57 59 58 60 58 61 58 60 59 62 59 61 59 61 60 62 60 63 60 62 61 65 61 63 61 63 62 65 62 64 62 64 63 65 63 66 63 65 64 908 64 66 64 32 65 31 65 67 65 67 66 31 66 68 66 68 67 33 67 69 67 31 68 33 68 68 68 69 69 34 69 70 69 33 70 34 70 69 70 34 71 35 71 70 71 70 72 35 72 71 72 35 73 36 73 71 73 71 74 36 74 72 74 36 75 37 75 72 75 72 76 37 76 73 76 37 77 39 77 73 77 73 78 39 78 74 78 39 79 40 79 74 79 74 80 40 80 75 80 40 81 41 81 75 81 41 82 42 82 75 82 75 83 42 83 76 83 42 84 43 84 76 84 76 85 45 85 77 85 43 86 45 86 76 86 876 87 78 87 86 87 89 88 81 88 82 88 81 89 83 89 82 89 78 90 79 90 87 90 87 91 79 91 88 91 79 92 80 92 88 92 88 93 80 93 94 93 80 94 81 94 94 94 94 95 81 95 89 95 89 96 82 96 90 96 82 97 83 97 90 97 90 98 83 98 92 98 83 99 91 99 92 99 91 100 85 100 92 100 92 101 85 101 93 101 85 102 84 102 93 102 877 103 86 103 1 103 78 104 87 104 86 104 86 105 87 105 1 105 1 106 87 106 3 106 87 107 88 107 3 107 3 108 88 108 5 108 88 109 94 109 5 109 5 110 94 110 7 110 94 111 89 111 7 111 7 112 89 112 10 112 89 113 90 113 10 113 90 114 92 114 10 114 10 115 92 115 12 115 92 116 93 116 12 116 12 117 93 117 14 117 84 118 95 118 93 118 14 119 95 119 16 119 93 120 95 120 14 120 97 121 96 121 98 121 96 122 99 122 98 122 99 123 100 123 106 123 100 124 101 124 108 124 103 125 96 125 104 125 104 126 96 126 105 126 105 127 96 127 97 127 97 128 98 128 111 128 98 129 99 129 111 129 99 130 106 130 111 130 106 131 100 131 107 131 100 132 108 132 107 132 107 133 108 133 109 133 108 134 101 134 109 134 101 135 102 135 110 135 103 136 104 136 858 136 17 137 104 137 19 137 858 138 104 138 17 138 104 139 105 139 19 139 19 140 105 140 21 140 105 141 97 141 21 141 21 142 97 142 23 142 23 143 111 143 24 143 97 144 111 144 23 144 111 145 106 145 24 145 24 146 106 146 26 146 106 147 107 147 26 147 26 148 107 148 28 148 107 149 109 149 28 149 101 150 110 150 109 150 28 151 110 151 30 151 109 152 110 152 28 152 112 153 115 153 113 153 113 154 115 154 114 154 114 155 115 155 116 155 115 156 119 156 116 156 116 157 119 157 117 157 117 158 119 158 118 158 118 159 119 159 120 159 119 160 123 160 120 160 120 161 123 161 121 161 121 162 123 162 122 162 123 163 124 163 122 163 122 164 124 164 125 164 125 165 124 165 126 165 126 166 124 166 127 166 124 167 130 167 127 167 127 168 130 168 128 168 128 169 130 169 129 169 129 170 130 170 131 170 112 171 113 171 132 171 132 172 113 172 133 172 113 173 114 173 133 173 133 174 114 174 134 174 114 175 116 175 134 175 134 176 116 176 135 176 135 177 117 177 136 177 116 178 117 178 135 178 136 179 118 179 137 179 117 180 118 180 136 180 118 181 120 181 137 181 137 182 120 182 138 182 138 183 120 183 139 183 120 184 121 184 139 184 139 185 121 185 140 185 121 186 122 186 140 186 140 187 122 187 141 187 122 188 125 188 141 188 141 189 125 189 142 189 125 190 126 190 142 190 126 191 127 191 142 191 142 192 127 192 143 192 127 193 128 193 143 193 143 194 128 194 144 194 128 195 129 195 144 195 144 196 129 196 145 196 145 197 129 197 146 197 129 198 131 198 146 198 146 199 131 199 147 199 828 200 150 200 148 200 148 201 150 201 149 201 149 202 150 202 152 202 150 203 151 203 152 203 152 204 151 204 153 204 153 205 151 205 154 205 154 206 151 206 155 206 155 207 151 207 156 207 151 208 160 208 156 208 156 209 160 209 157 209 157 210 160 210 158 210 158 211 160 211 159 211 159 212 160 212 161 212 161 213 554 213 162 213 160 214 554 214 161 214 162 215 554 215 815 215 828 216 148 216 560 216 560 217 148 217 163 217 163 218 148 218 164 218 148 219 149 219 164 219 164 220 152 220 165 220 149 221 152 221 164 221 165 222 152 222 166 222 152 223 153 223 166 223 166 224 153 224 167 224 153 225 154 225 167 225 167 226 154 226 168 226 154 227 155 227 168 227 155 228 156 228 168 228 168 229 156 229 169 229 169 230 156 230 170 230 156 231 157 231 170 231 157 232 158 232 170 232 170 233 158 233 171 233 171 234 158 234 172 234 158 235 159 235 172 235 172 236 159 236 173 236 159 237 161 237 173 237 173 238 161 238 174 238 161 239 162 239 174 239 162 240 815 240 174 240 174 241 815 241 175 241 675 242 178 242 362 242 362 243 178 243 179 243 178 244 673 244 179 244 183 245 629 245 182 245 180 246 181 246 184 246 184 247 181 247 185 247 181 248 183 248 185 248 185 249 183 249 182 249 182 250 629 250 806 250 191 251 186 251 192 251 652 252 187 252 653 252 653 253 188 253 189 253 187 254 188 254 653 254 188 255 190 255 189 255 189 256 191 256 192 256 190 257 191 257 189 257 193 258 195 258 194 258 194 259 195 259 196 259 195 260 198 260 196 260 196 261 198 261 197 261 198 262 199 262 197 262 204 263 200 263 201 263 202 264 200 264 204 264 203 265 200 265 202 265 207 266 204 266 201 266 205 267 200 267 203 267 205 268 709 268 206 268 205 269 206 269 200 269 205 270 177 270 709 270 205 271 209 271 208 271 205 272 208 272 177 272 210 273 209 273 205 273 213 274 207 274 201 274 211 275 213 275 201 275 211 276 212 276 213 276 214 277 212 277 211 277 214 278 218 278 215 278 214 279 215 279 212 279 216 280 218 280 214 280 217 281 218 281 216 281 219 282 218 282 217 282 220 283 218 283 219 283 221 284 218 284 220 284 224 285 223 285 759 285 224 286 222 286 223 286 225 287 222 287 224 287 225 288 235 288 222 288 227 289 228 289 226 289 227 290 226 290 230 290 229 291 227 291 230 291 228 292 231 292 226 292 229 293 230 293 234 293 232 294 231 294 228 294 232 295 233 295 231 295 236 296 229 296 234 296 236 297 234 297 235 297 239 298 233 298 232 298 239 299 279 299 233 299 237 300 236 300 235 300 767 301 237 301 235 301 767 302 235 302 225 302 238 303 239 303 240 303 241 304 238 304 240 304 241 305 242 305 238 305 243 306 244 306 242 306 243 307 242 307 241 307 243 308 245 308 244 308 246 309 245 309 243 309 247 310 245 310 246 310 248 311 247 311 246 311 249 312 247 312 248 312 250 313 249 313 248 313 251 314 252 314 250 314 251 315 253 315 252 315 254 316 253 316 251 316 255 317 253 317 254 317 255 318 254 318 256 318 257 319 255 319 256 319 258 320 257 320 256 320 258 321 256 321 259 321 269 322 258 322 259 322 262 323 258 323 269 323 261 324 267 324 260 324 442 325 260 325 266 325 264 326 265 326 263 326 273 327 267 327 261 327 272 328 442 328 266 328 268 329 265 329 264 329 273 330 274 330 267 330 271 331 265 331 268 331 272 332 266 332 270 332 275 333 262 333 269 333 275 334 269 334 274 334 271 335 270 335 265 335 276 336 270 336 271 336 277 337 274 337 273 337 277 338 275 338 274 338 276 339 272 339 270 339 238 340 210 340 278 340 238 341 278 341 279 341 238 342 279 342 239 342 263 343 218 343 264 343 264 344 218 344 221 344 205 345 278 345 210 345 280 346 281 346 285 346 281 347 130 347 285 347 130 348 124 348 285 348 286 349 130 349 281 349 286 350 282 350 130 350 286 351 283 351 282 351 286 352 41 352 283 352 41 353 38 353 283 353 286 354 44 354 41 354 38 355 845 355 283 355 286 356 287 356 44 356 845 357 35 357 284 357 119 358 285 358 123 358 35 359 33 359 284 359 286 360 609 360 287 360 609 361 288 361 287 361 609 362 612 362 288 362 291 363 289 363 115 363 285 364 289 364 300 364 119 365 289 365 285 365 115 366 289 366 119 366 291 367 290 367 289 367 33 368 290 368 284 368 32 369 290 369 33 369 292 370 290 370 32 370 284 371 290 371 291 371 613 372 293 372 896 372 292 373 294 373 290 373 616 374 294 374 292 374 293 375 616 375 896 375 123 376 285 376 124 376 295 377 301 377 296 377 301 378 302 378 296 378 296 379 302 379 297 379 298 380 747 380 745 380 298 381 746 381 747 381 298 382 299 382 280 382 298 383 285 383 746 383 280 384 285 384 298 384 746 385 285 385 757 385 285 386 300 386 757 386 305 387 303 387 304 387 306 388 305 388 304 388 306 389 304 389 308 389 307 390 306 390 308 390 309 391 307 391 308 391 309 392 308 392 311 392 310 393 309 393 311 393 312 394 310 394 311 394 312 395 311 395 313 395 314 396 313 396 315 396 316 397 314 397 315 397 316 398 315 398 318 398 317 399 318 399 320 399 319 400 317 400 320 400 321 401 320 401 323 401 321 402 319 402 320 402 322 403 321 403 323 403 324 404 322 404 323 404 325 405 324 405 326 405 327 406 325 406 326 406 328 407 329 407 330 407 328 408 330 408 332 408 331 409 328 409 332 409 333 410 332 410 334 410 333 411 331 411 332 411 336 412 333 412 334 412 335 413 336 413 334 413 336 414 335 414 339 414 337 415 336 415 339 415 338 416 337 416 339 416 338 417 339 417 340 417 341 418 338 418 340 418 341 419 340 419 343 419 342 420 341 420 343 420 344 421 342 421 343 421 344 422 343 422 345 422 346 423 345 423 347 423 348 424 347 424 349 424 348 425 346 425 347 425 350 426 349 426 351 426 352 427 350 427 351 427 182 428 425 428 705 428 806 429 425 429 182 429 185 430 182 430 705 430 353 431 184 431 185 431 353 432 185 432 705 432 354 433 353 433 705 433 194 434 184 434 353 434 355 435 356 435 357 435 194 436 357 436 184 436 196 437 357 437 194 437 196 438 355 438 357 438 197 439 355 439 196 439 359 440 354 440 705 440 359 441 358 441 360 441 359 442 179 442 358 442 359 443 360 443 354 443 362 444 179 444 359 444 179 445 361 445 358 445 364 446 361 446 179 446 713 447 362 447 359 447 363 448 366 448 361 448 363 449 361 449 364 449 363 450 364 450 365 450 363 451 355 451 197 451 363 452 197 452 366 452 367 453 201 453 200 453 368 454 210 454 238 454 368 455 369 455 210 455 433 456 264 456 221 456 433 457 435 457 264 457 370 458 371 458 688 458 373 459 372 459 370 459 370 460 372 460 371 460 372 461 376 461 371 461 727 462 376 462 372 462 726 463 376 463 727 463 725 464 376 464 726 464 724 465 376 465 725 465 724 466 695 466 376 466 723 467 695 467 724 467 723 468 377 468 695 468 695 469 377 469 378 469 377 470 381 470 378 470 379 471 380 471 692 471 381 472 380 472 379 472 377 473 380 473 381 473 374 474 382 474 383 474 375 475 382 475 374 475 384 476 382 476 375 476 384 477 385 477 382 477 380 478 386 478 692 478 384 479 720 479 385 479 386 480 722 480 692 480 722 481 721 481 692 481 384 482 721 482 720 482 692 483 721 483 384 483 374 484 370 484 387 484 374 485 387 485 698 485 374 486 698 486 375 486 387 487 370 487 388 487 388 488 370 488 688 488 389 489 390 489 391 489 390 490 305 490 391 490 389 491 729 491 390 491 390 492 303 492 305 492 394 493 393 493 392 493 394 494 395 494 393 494 396 495 395 495 394 495 396 496 394 496 651 496 397 497 396 497 651 497 397 498 651 498 398 498 399 499 397 499 398 499 400 500 399 500 398 500 403 501 399 501 400 501 404 502 402 502 401 502 405 503 403 503 400 503 406 504 405 504 400 504 406 505 402 505 404 505 406 506 400 506 402 506 676 507 411 507 242 507 242 508 368 508 238 508 411 509 368 509 242 509 713 510 787 510 365 510 701 511 787 511 713 511 701 512 713 512 707 512 708 513 701 513 707 513 407 514 701 514 708 514 407 515 700 515 701 515 710 516 700 516 407 516 176 517 700 517 710 517 711 518 700 518 176 518 408 519 700 519 711 519 712 520 700 520 408 520 409 521 700 521 712 521 410 522 409 522 712 522 416 523 401 523 415 523 411 524 412 524 413 524 411 525 413 525 414 525 411 526 414 526 421 526 676 527 412 527 411 527 676 528 417 528 412 528 418 529 416 529 415 529 419 530 417 530 676 530 420 531 418 531 415 531 420 532 415 532 417 532 420 533 417 533 419 533 712 534 411 534 421 534 712 535 421 535 410 535 791 536 669 536 412 536 791 537 782 537 669 537 668 538 413 538 669 538 669 539 413 539 412 539 422 540 660 540 668 540 668 541 660 541 413 541 422 542 659 542 660 542 659 543 700 543 409 543 659 544 423 544 700 544 422 545 423 545 659 545 806 546 703 546 425 546 424 547 425 547 703 547 428 548 425 548 424 548 428 549 426 549 425 549 428 550 427 550 426 550 428 551 429 551 427 551 428 552 430 552 429 552 428 553 432 553 430 553 428 554 433 554 431 554 428 555 431 555 432 555 434 556 435 556 433 556 434 557 433 557 428 557 434 558 436 558 435 558 434 559 437 559 436 559 438 560 437 560 434 560 438 561 439 561 437 561 440 562 439 562 438 562 441 563 439 563 440 563 813 564 441 564 440 564 442 565 441 565 813 565 392 566 442 566 813 566 326 567 330 567 327 567 327 568 330 568 329 568 443 569 444 569 445 569 446 570 443 570 445 570 447 571 445 571 448 571 447 572 446 572 445 572 447 573 448 573 449 573 450 574 447 574 449 574 451 575 449 575 453 575 451 576 450 576 449 576 452 577 451 577 453 577 452 578 453 578 454 578 455 579 452 579 454 579 455 580 454 580 456 580 457 581 455 581 456 581 458 582 457 582 456 582 458 583 456 583 459 583 461 584 458 584 459 584 461 585 459 585 460 585 462 586 461 586 460 586 463 587 460 587 464 587 463 588 462 588 460 588 465 589 464 589 466 589 465 590 463 590 464 590 467 591 465 591 466 591 467 592 466 592 468 592 469 593 468 593 471 593 469 594 467 594 468 594 470 595 469 595 471 595 470 596 471 596 473 596 472 597 470 597 473 597 351 598 738 598 352 598 738 599 443 599 352 599 716 600 444 600 738 600 738 601 444 601 443 601 476 602 475 602 477 602 476 603 474 603 475 603 478 604 477 604 479 604 478 605 476 605 477 605 480 606 479 606 481 606 480 607 478 607 479 607 482 608 480 608 481 608 482 609 481 609 483 609 484 610 482 610 483 610 484 611 483 611 485 611 486 612 484 612 485 612 486 613 485 613 487 613 488 614 486 614 487 614 488 615 487 615 489 615 490 616 488 616 489 616 490 617 489 617 491 617 492 618 490 618 491 618 492 619 491 619 493 619 494 620 492 620 493 620 494 621 493 621 495 621 496 622 495 622 497 622 496 623 494 623 495 623 498 624 497 624 500 624 498 625 496 625 497 625 499 626 498 626 500 626 501 627 500 627 502 627 501 628 499 628 500 628 503 629 502 629 504 629 503 630 501 630 502 630 505 631 504 631 506 631 505 632 503 632 504 632 391 633 505 633 506 633 391 634 506 634 389 634 473 635 475 635 472 635 472 636 475 636 474 636 507 637 295 637 296 637 143 638 507 638 296 638 144 639 507 639 143 639 142 640 143 640 296 640 145 641 507 641 144 641 141 642 142 642 296 642 146 643 507 643 145 643 147 644 508 644 507 644 147 645 507 645 146 645 509 646 508 646 147 646 510 647 508 647 509 647 511 648 508 648 510 648 61 649 511 649 512 649 61 650 508 650 511 650 59 651 61 651 512 651 63 652 508 652 61 652 64 653 508 653 63 653 59 654 512 654 513 654 57 655 59 655 513 655 57 656 513 656 514 656 55 657 57 657 514 657 66 658 508 658 64 658 296 659 138 659 139 659 296 660 137 660 138 660 55 661 514 661 515 661 53 662 55 662 515 662 519 663 66 663 516 663 519 664 508 664 66 664 53 665 515 665 518 665 517 666 519 666 516 666 51 667 53 667 518 667 51 668 518 668 520 668 521 669 519 669 517 669 521 670 522 670 519 670 524 671 522 671 521 671 51 672 520 672 535 672 523 673 522 673 524 673 48 674 51 674 535 674 525 675 523 675 524 675 526 676 136 676 137 676 526 677 135 677 136 677 526 678 134 678 135 678 526 679 133 679 134 679 526 680 137 680 296 680 526 681 132 681 133 681 526 682 296 682 297 682 527 683 524 683 528 683 527 684 525 684 524 684 529 685 527 685 528 685 529 686 528 686 530 686 536 687 529 687 530 687 531 688 46 688 48 688 531 689 543 689 46 689 531 690 48 690 535 690 531 691 132 691 526 691 531 692 532 692 132 692 531 693 533 693 532 693 531 694 534 694 533 694 531 695 535 695 534 695 536 696 530 696 538 696 537 697 536 697 538 697 540 698 537 698 538 698 540 699 538 699 539 699 541 700 540 700 539 700 546 701 539 701 547 701 546 702 541 702 539 702 542 703 544 703 543 703 542 704 545 704 544 704 542 705 547 705 545 705 542 706 543 706 531 706 548 707 547 707 542 707 548 708 546 708 547 708 140 709 296 709 139 709 296 710 140 710 141 710 78 711 370 711 79 711 78 712 549 712 370 712 876 713 549 713 78 713 150 714 876 714 151 714 150 715 549 715 876 715 151 716 876 716 884 716 151 717 884 717 883 717 150 718 550 718 549 718 151 719 883 719 881 719 831 720 550 720 150 720 160 721 151 721 881 721 160 722 881 722 880 722 551 723 550 723 831 723 160 724 880 724 878 724 830 725 550 725 551 725 96 726 550 726 830 726 103 727 550 727 96 727 99 728 96 728 830 728 374 729 85 729 91 729 374 730 84 730 85 730 597 731 550 731 103 731 865 732 597 732 103 732 99 733 830 733 829 733 864 734 597 734 865 734 100 735 99 735 829 735 101 736 100 736 829 736 864 737 598 737 597 737 552 738 554 738 160 738 552 739 160 739 878 739 552 740 84 740 374 740 552 741 878 741 84 741 598 742 864 742 863 742 600 743 598 743 863 743 553 744 829 744 554 744 553 745 554 745 552 745 553 746 102 746 101 746 553 747 101 747 829 747 601 748 600 748 863 748 601 749 863 749 861 749 604 750 601 750 861 750 604 751 861 751 860 751 604 752 860 752 859 752 605 753 102 753 553 753 605 754 859 754 102 754 605 755 604 755 859 755 370 756 374 756 81 756 81 757 374 757 83 757 83 758 374 758 91 758 370 759 81 759 80 759 370 760 80 760 79 760 301 761 0 761 2 761 555 762 0 762 301 762 555 763 556 763 0 763 164 764 165 764 556 764 556 765 165 765 557 765 555 766 164 766 556 766 165 767 166 767 557 767 555 768 163 768 164 768 557 769 167 769 559 769 166 770 167 770 557 770 555 771 560 771 163 771 167 772 168 772 559 772 558 773 560 773 555 773 168 774 169 774 559 774 559 775 169 775 563 775 558 776 561 776 560 776 169 777 170 777 563 777 558 778 562 778 561 778 563 779 171 779 565 779 170 780 171 780 563 780 558 781 564 781 562 781 558 782 566 782 564 782 171 783 172 783 565 783 172 784 173 784 565 784 558 785 567 785 566 785 15 786 302 786 13 786 578 787 302 787 15 787 558 788 20 788 567 788 20 789 22 789 567 789 567 790 22 790 568 790 572 791 18 791 558 791 558 792 18 792 20 792 22 793 25 793 568 793 568 794 25 794 569 794 569 795 25 795 570 795 572 796 573 796 18 796 25 797 27 797 570 797 570 798 27 798 571 798 574 799 575 799 572 799 572 800 575 800 573 800 571 801 27 801 585 801 574 802 576 802 575 802 565 803 577 803 578 803 174 804 577 804 173 804 175 805 577 805 174 805 173 806 577 806 565 806 578 807 577 807 302 807 576 808 579 808 575 808 579 809 580 809 575 809 575 810 580 810 586 810 580 811 581 811 586 811 175 812 582 812 577 812 29 813 582 813 27 813 591 814 582 814 29 814 583 815 582 815 175 815 584 816 582 816 583 816 585 817 582 817 584 817 27 818 582 818 585 818 586 819 581 819 592 819 581 820 587 820 592 820 587 821 588 821 592 821 588 822 589 822 592 822 589 823 593 823 592 823 594 824 590 824 591 824 591 825 590 825 582 825 592 826 593 826 594 826 593 827 595 827 594 827 594 828 595 828 590 828 302 829 301 829 8 829 302 830 8 830 9 830 302 831 9 831 11 831 302 832 11 832 13 832 8 833 301 833 6 833 6 834 301 834 4 834 4 835 301 835 2 835 574 836 596 836 597 836 574 837 572 837 596 837 574 838 597 838 598 838 576 839 574 839 598 839 579 840 598 840 599 840 579 841 576 841 598 841 580 842 599 842 600 842 580 843 579 843 599 843 581 844 600 844 601 844 581 845 580 845 600 845 581 846 601 846 602 846 587 847 581 847 602 847 587 848 602 848 603 848 588 849 587 849 603 849 588 850 603 850 604 850 589 851 588 851 604 851 593 852 589 852 604 852 593 853 604 853 605 853 595 854 593 854 605 854 595 855 605 855 606 855 590 856 595 856 606 856 608 857 519 857 522 857 608 858 607 858 519 858 609 859 608 859 522 859 609 860 522 860 523 860 609 861 523 861 525 861 610 862 609 862 525 862 611 863 610 863 525 863 611 864 525 864 527 864 611 865 527 865 529 865 612 866 611 866 529 866 612 867 529 867 536 867 613 868 612 868 536 868 613 869 536 869 537 869 614 870 613 870 537 870 615 871 614 871 537 871 615 872 537 872 540 872 293 873 615 873 540 873 293 874 540 874 541 874 293 875 541 875 546 875 616 876 293 876 546 876 617 877 616 877 546 877 617 878 546 878 548 878 294 879 617 879 548 879 294 880 548 880 542 880 618 881 294 881 542 881 312 882 313 882 314 882 317 883 316 883 318 883 310 884 312 884 314 884 319 885 316 885 317 885 309 886 310 886 314 886 321 887 316 887 319 887 321 888 314 888 316 888 325 889 321 889 322 889 325 890 322 890 324 890 305 891 309 891 314 891 305 892 314 892 321 892 305 893 307 893 309 893 305 894 321 894 325 894 305 895 306 895 307 895 305 896 325 896 327 896 331 897 329 897 328 897 333 898 329 898 331 898 337 899 333 899 336 899 338 900 333 900 337 900 342 901 338 901 341 901 342 902 333 902 338 902 344 903 333 903 342 903 346 904 344 904 345 904 350 905 329 905 333 905 350 906 348 906 349 906 350 907 333 907 344 907 350 908 344 908 346 908 350 909 346 909 348 909 352 910 305 910 327 910 352 911 329 911 350 911 352 912 327 912 329 912 499 913 501 913 503 913 499 914 505 914 391 914 499 915 503 915 505 915 498 916 499 916 391 916 496 917 498 917 391 917 494 918 496 918 391 918 492 919 494 919 391 919 490 920 492 920 391 920 488 921 490 921 391 921 486 922 488 922 391 922 484 923 486 923 391 923 482 924 484 924 391 924 478 925 480 925 482 925 474 926 482 926 391 926 474 927 478 927 482 927 474 928 476 928 478 928 443 929 474 929 391 929 443 930 472 930 474 930 443 931 305 931 352 931 443 932 391 932 305 932 450 933 446 933 447 933 451 934 443 934 446 934 451 935 446 935 450 935 452 936 443 936 451 936 463 937 467 937 469 937 463 938 469 938 470 938 463 939 470 939 472 939 463 940 465 940 467 940 455 941 443 941 452 941 461 942 462 942 463 942 457 943 443 943 455 943 458 944 472 944 443 944 458 945 463 945 472 945 458 946 461 946 463 946 458 947 443 947 457 947 399 948 258 948 262 948 399 949 403 949 258 949 264 950 435 950 268 950 619 951 214 951 211 951 178 952 675 952 620 952 621 953 620 953 675 953 674 954 621 954 675 954 623 955 178 955 622 955 622 956 178 956 620 956 623 957 673 957 178 957 624 958 673 958 623 958 624 959 674 959 673 959 625 960 674 960 624 960 625 961 621 961 674 961 181 962 193 962 627 962 180 963 193 963 181 963 180 964 195 964 193 964 626 965 622 965 620 965 626 966 183 966 181 966 626 967 181 967 627 967 626 968 627 968 622 968 672 969 195 969 180 969 672 970 198 970 195 970 629 971 183 971 626 971 628 972 198 972 672 972 628 973 672 973 629 973 628 974 629 974 626 974 628 975 199 975 198 975 628 976 621 976 199 976 199 977 621 977 625 977 632 978 630 978 639 978 631 979 639 979 630 979 633 980 632 980 639 980 620 981 633 981 639 981 187 982 636 982 634 982 187 983 634 983 635 983 187 984 637 984 636 984 188 985 187 985 635 985 187 986 638 986 637 986 187 987 639 987 638 987 652 988 639 988 187 988 190 989 188 989 635 989 652 990 620 990 639 990 190 991 635 991 640 991 191 992 190 992 640 992 191 993 640 993 641 993 191 994 641 994 642 994 658 995 620 995 652 995 643 996 620 996 658 996 644 997 191 997 642 997 645 998 191 998 644 998 645 999 186 999 191 999 626 1000 646 1000 186 1000 626 1001 656 1001 646 1001 626 1002 186 1002 645 1002 741 1003 626 1003 645 1003 647 1004 741 1004 645 1004 648 1005 647 1005 645 1005 649 1006 648 1006 645 1006 626 1007 620 1007 650 1007 650 1008 620 1008 643 1008 626 1009 650 1009 656 1009 354 1010 627 1010 353 1010 627 1011 193 1011 353 1011 353 1012 193 1012 194 1012 366 1013 197 1013 199 1013 366 1014 199 1014 625 1014 366 1015 625 1015 361 1015 625 1016 624 1016 361 1016 361 1017 624 1017 358 1017 624 1018 623 1018 358 1018 623 1019 622 1019 358 1019 358 1020 622 1020 360 1020 354 1021 360 1021 627 1021 627 1022 360 1022 622 1022 801 1023 800 1023 400 1023 800 1024 402 1024 400 1024 415 1025 796 1025 417 1025 796 1026 795 1026 417 1026 417 1027 791 1027 412 1027 805 1028 809 1028 434 1028 805 1029 434 1029 428 1029 392 1030 812 1030 394 1030 812 1031 811 1031 394 1031 811 1032 651 1032 394 1032 651 1033 807 1033 398 1033 657 1034 652 1034 653 1034 186 1035 646 1035 192 1035 192 1036 646 1036 654 1036 646 1037 656 1037 654 1037 654 1038 656 1038 655 1038 655 1039 658 1039 657 1039 656 1040 650 1040 655 1040 643 1041 655 1041 650 1041 658 1042 655 1042 643 1042 658 1043 652 1043 657 1043 715 1044 660 1044 714 1044 660 1045 659 1045 661 1045 421 1046 661 1046 410 1046 714 1047 661 1047 421 1047 714 1048 421 1048 715 1048 421 1049 414 1049 715 1049 715 1050 413 1050 660 1050 414 1051 413 1051 715 1051 659 1052 409 1052 661 1052 409 1053 410 1053 661 1053 774 1054 764 1054 663 1054 774 1055 663 1055 662 1055 663 1056 762 1056 670 1056 664 1057 763 1057 665 1057 759 1058 763 1058 664 1058 665 1059 670 1059 664 1059 663 1060 670 1060 665 1060 662 1061 663 1061 665 1061 671 1062 662 1062 665 1062 671 1063 665 1063 772 1063 777 1064 671 1064 772 1064 777 1065 772 1065 771 1065 778 1066 777 1066 771 1066 778 1067 771 1067 770 1067 778 1068 770 1068 667 1068 666 1069 778 1069 667 1069 668 1070 669 1070 666 1070 668 1071 666 1071 667 1071 670 1072 759 1072 664 1072 422 1073 668 1073 769 1073 668 1074 667 1074 769 1074 772 1075 665 1075 768 1075 768 1076 665 1076 763 1076 782 1077 780 1077 669 1077 780 1078 666 1078 669 1078 671 1079 773 1079 662 1079 773 1080 774 1080 662 1080 806 1081 629 1081 356 1081 629 1082 672 1082 356 1082 356 1083 672 1083 357 1083 672 1084 180 1084 357 1084 357 1085 180 1085 184 1085 179 1086 673 1086 364 1086 673 1087 674 1087 364 1087 364 1088 674 1088 365 1088 674 1089 675 1089 365 1089 365 1090 675 1090 362 1090 393 1091 395 1091 273 1091 273 1092 395 1092 277 1092 395 1093 396 1093 277 1093 396 1094 397 1094 277 1094 277 1095 397 1095 275 1095 275 1096 399 1096 262 1096 397 1097 399 1097 275 1097 393 1098 273 1098 261 1098 392 1099 261 1099 260 1099 392 1100 393 1100 261 1100 442 1101 392 1101 260 1101 268 1102 436 1102 271 1102 435 1103 436 1103 268 1103 271 1104 437 1104 276 1104 436 1105 437 1105 271 1105 437 1106 439 1106 276 1106 276 1107 439 1107 272 1107 439 1108 441 1108 272 1108 272 1109 441 1109 442 1109 416 1110 247 1110 249 1110 401 1111 416 1111 249 1111 401 1112 249 1112 250 1112 401 1113 250 1113 252 1113 404 1114 252 1114 253 1114 404 1115 401 1115 252 1115 258 1116 405 1116 257 1116 403 1117 405 1117 258 1117 257 1118 406 1118 255 1118 405 1119 406 1119 257 1119 406 1120 404 1120 255 1120 255 1121 404 1121 253 1121 416 1122 418 1122 247 1122 247 1123 420 1123 245 1123 418 1124 420 1124 247 1124 245 1125 420 1125 244 1125 420 1126 419 1126 244 1126 244 1127 419 1127 242 1127 419 1128 676 1128 242 1128 677 1129 693 1129 690 1129 678 1130 694 1130 679 1130 680 1131 694 1131 678 1131 684 1132 697 1132 687 1132 699 1133 697 1133 684 1133 681 1134 685 1134 682 1134 681 1135 682 1135 683 1135 682 1136 685 1136 686 1136 682 1137 686 1137 684 1137 687 1138 697 1138 696 1138 678 1139 682 1139 684 1139 678 1140 687 1140 696 1140 678 1141 696 1141 688 1141 678 1142 684 1142 687 1142 690 1143 689 1143 683 1143 690 1144 693 1144 689 1144 679 1145 683 1145 682 1145 679 1146 682 1146 678 1146 690 1147 683 1147 679 1147 691 1148 677 1148 690 1148 691 1149 690 1149 679 1149 683 1150 692 1150 681 1150 683 1151 689 1151 692 1151 692 1152 689 1152 379 1152 379 1153 689 1153 693 1153 679 1154 694 1154 691 1154 694 1155 695 1155 691 1155 695 1156 677 1156 691 1156 680 1157 678 1157 688 1157 686 1158 685 1158 698 1158 686 1159 699 1159 684 1159 432 1160 219 1160 430 1160 219 1161 217 1161 430 1161 430 1162 217 1162 429 1162 217 1163 216 1163 429 1163 429 1164 216 1164 427 1164 427 1165 619 1165 426 1165 216 1166 619 1166 427 1166 216 1167 214 1167 619 1167 619 1168 704 1168 426 1168 426 1169 704 1169 425 1169 423 1170 790 1170 700 1170 790 1171 701 1171 700 1171 702 1172 783 1172 365 1172 783 1173 363 1173 365 1173 787 1174 702 1174 365 1174 802 1175 428 1175 804 1175 804 1176 428 1176 424 1176 806 1177 356 1177 355 1177 704 1178 619 1178 211 1178 705 1179 704 1179 211 1179 201 1180 705 1180 211 1180 359 1181 705 1181 201 1181 706 1182 359 1182 201 1182 367 1183 706 1183 201 1183 713 1184 706 1184 707 1184 706 1185 367 1185 707 1185 707 1186 367 1186 708 1186 200 1187 206 1187 367 1187 367 1188 206 1188 708 1188 206 1189 709 1189 407 1189 710 1190 709 1190 177 1190 359 1191 706 1191 713 1191 704 1192 705 1192 425 1192 209 1193 210 1193 369 1193 209 1194 369 1194 408 1194 208 1195 408 1195 711 1195 208 1196 209 1196 408 1196 177 1197 208 1197 711 1197 177 1198 711 1198 176 1198 220 1199 219 1199 432 1199 220 1200 432 1200 431 1200 221 1201 431 1201 433 1201 221 1202 220 1202 431 1202 371 1203 376 1203 680 1203 680 1204 376 1204 694 1204 697 1205 388 1205 696 1205 388 1206 688 1206 696 1206 688 1207 371 1207 680 1207 376 1208 695 1208 694 1208 695 1209 378 1209 677 1209 387 1210 388 1210 699 1210 699 1211 388 1211 697 1211 693 1212 677 1212 378 1212 693 1213 378 1213 381 1213 685 1214 375 1214 698 1214 686 1215 387 1215 699 1215 698 1216 387 1216 686 1216 381 1217 379 1217 693 1217 692 1218 384 1218 681 1218 685 1219 681 1219 384 1219 685 1220 384 1220 375 1220 368 1221 411 1221 712 1221 712 1222 369 1222 368 1222 712 1223 408 1223 369 1223 206 1224 407 1224 708 1224 709 1225 710 1225 407 1225 177 1226 176 1226 710 1226 365 1227 362 1227 713 1227 661 1228 714 1228 660 1228 444 1229 383 1229 382 1229 757 1230 717 1230 744 1230 297 1231 716 1231 300 1231 300 1232 716 1232 757 1232 757 1233 719 1233 717 1233 757 1234 718 1234 719 1234 716 1235 718 1235 757 1235 444 1236 716 1236 297 1236 444 1237 297 1237 302 1237 444 1238 302 1238 383 1238 385 1239 444 1239 382 1239 448 1240 444 1240 385 1240 448 1241 445 1241 444 1241 385 1242 449 1242 448 1242 720 1243 449 1243 385 1243 720 1244 453 1244 449 1244 720 1245 454 1245 453 1245 720 1246 456 1246 454 1246 721 1247 456 1247 720 1247 721 1248 459 1248 456 1248 721 1249 460 1249 459 1249 722 1250 460 1250 721 1250 722 1251 464 1251 460 1251 722 1252 466 1252 464 1252 386 1253 466 1253 722 1253 386 1254 468 1254 466 1254 386 1255 471 1255 468 1255 380 1256 471 1256 386 1256 380 1257 473 1257 471 1257 475 1258 473 1258 377 1258 377 1259 473 1259 380 1259 377 1260 477 1260 475 1260 377 1261 479 1261 477 1261 723 1262 479 1262 377 1262 723 1263 481 1263 479 1263 723 1264 483 1264 481 1264 723 1265 485 1265 483 1265 724 1266 485 1266 723 1266 724 1267 487 1267 485 1267 724 1268 489 1268 487 1268 725 1269 491 1269 489 1269 725 1270 489 1270 724 1270 725 1271 493 1271 491 1271 725 1272 495 1272 493 1272 726 1273 495 1273 725 1273 726 1274 497 1274 495 1274 726 1275 500 1275 497 1275 727 1276 500 1276 726 1276 727 1277 502 1277 500 1277 727 1278 504 1278 502 1278 727 1279 372 1279 389 1279 727 1280 506 1280 504 1280 727 1281 389 1281 506 1281 745 1282 728 1282 298 1282 749 1283 728 1283 745 1283 728 1284 729 1284 298 1284 729 1285 299 1285 298 1285 729 1286 295 1286 299 1286 373 1287 389 1287 372 1287 729 1288 389 1288 295 1288 295 1289 389 1289 301 1289 301 1290 389 1290 373 1290 582 1291 590 1291 606 1291 582 1292 606 1292 730 1292 577 1293 730 1293 731 1293 577 1294 582 1294 730 1294 302 1295 731 1295 383 1295 302 1296 577 1296 731 1296 555 1297 301 1297 373 1297 555 1298 373 1298 732 1298 558 1299 732 1299 733 1299 558 1300 733 1300 596 1300 558 1301 555 1301 732 1301 572 1302 558 1302 596 1302 618 1303 542 1303 531 1303 734 1304 531 1304 526 1304 734 1305 618 1305 531 1305 735 1306 526 1306 297 1306 735 1307 734 1307 526 1307 300 1308 735 1308 297 1308 299 1309 295 1309 507 1309 736 1310 299 1310 507 1310 737 1311 507 1311 508 1311 737 1312 736 1312 507 1312 607 1313 508 1313 519 1313 607 1314 737 1314 508 1314 631 1315 351 1315 639 1315 739 1316 351 1316 631 1316 738 1317 351 1317 739 1317 330 1318 635 1318 634 1318 332 1319 330 1319 634 1319 334 1320 332 1320 634 1320 334 1321 634 1321 636 1321 335 1322 334 1322 636 1322 339 1323 335 1323 636 1323 340 1324 339 1324 636 1324 340 1325 636 1325 637 1325 343 1326 340 1326 637 1326 345 1327 637 1327 638 1327 345 1328 343 1328 637 1328 347 1329 345 1329 638 1329 349 1330 347 1330 638 1330 349 1331 638 1331 639 1331 351 1332 349 1332 639 1332 330 1333 326 1333 640 1333 330 1334 640 1334 635 1334 304 1335 303 1335 645 1335 304 1336 645 1336 644 1336 308 1337 304 1337 644 1337 311 1338 308 1338 644 1338 313 1339 311 1339 644 1339 313 1340 644 1340 642 1340 315 1341 313 1341 642 1341 318 1342 315 1342 642 1342 320 1343 318 1343 642 1343 320 1344 642 1344 641 1344 323 1345 320 1345 641 1345 323 1346 641 1346 640 1346 324 1347 323 1347 640 1347 326 1348 324 1348 640 1348 303 1349 740 1349 649 1349 303 1350 649 1350 645 1350 303 1351 390 1351 740 1351 741 1352 628 1352 626 1352 742 1353 741 1353 647 1353 742 1354 647 1354 648 1354 749 1355 742 1355 648 1355 749 1356 648 1356 649 1356 728 1357 749 1357 649 1357 728 1358 649 1358 740 1358 729 1359 728 1359 740 1359 729 1360 740 1360 390 1360 633 1361 620 1361 621 1361 633 1362 621 1362 755 1362 633 1363 755 1363 743 1363 632 1364 633 1364 743 1364 632 1365 743 1365 744 1365 632 1366 744 1366 717 1366 630 1367 632 1367 717 1367 631 1368 717 1368 719 1368 631 1369 630 1369 717 1369 739 1370 631 1370 719 1370 739 1371 719 1371 718 1371 738 1372 739 1372 718 1372 738 1373 718 1373 716 1373 732 1374 373 1374 370 1374 732 1375 370 1375 549 1375 733 1376 549 1376 550 1376 733 1377 732 1377 549 1377 596 1378 550 1378 597 1378 596 1379 733 1379 550 1379 553 1380 606 1380 605 1380 730 1381 606 1381 553 1381 552 1382 730 1382 553 1382 731 1383 730 1383 552 1383 374 1384 731 1384 552 1384 383 1385 731 1385 374 1385 599 1386 598 1386 600 1386 603 1387 601 1387 604 1387 603 1388 602 1388 601 1388 735 1389 300 1389 289 1389 734 1390 289 1390 290 1390 734 1391 735 1391 289 1391 618 1392 290 1392 294 1392 618 1393 734 1393 290 1393 617 1394 294 1394 616 1394 614 1395 293 1395 613 1395 614 1396 615 1396 293 1396 610 1397 612 1397 609 1397 610 1398 611 1398 612 1398 607 1399 608 1399 609 1399 607 1400 609 1400 286 1400 737 1401 607 1401 286 1401 281 1402 737 1402 286 1402 736 1403 737 1403 281 1403 280 1404 736 1404 281 1404 299 1405 736 1405 280 1405 747 1406 749 1406 745 1406 750 1407 749 1407 747 1407 747 1408 746 1408 748 1408 750 1409 747 1409 748 1409 753 1410 749 1410 750 1410 753 1411 750 1411 751 1411 753 1412 742 1412 749 1412 753 1413 751 1413 752 1413 742 1414 753 1414 754 1414 742 1415 628 1415 741 1415 742 1416 754 1416 628 1416 754 1417 621 1417 628 1417 755 1418 754 1418 753 1418 752 1419 755 1419 753 1419 756 1420 751 1420 750 1420 756 1421 752 1421 751 1421 756 1422 750 1422 748 1422 746 1423 756 1423 748 1423 755 1424 752 1424 756 1424 743 1425 756 1425 746 1425 743 1426 755 1426 756 1426 755 1427 621 1427 754 1427 757 1428 743 1428 746 1428 744 1429 743 1429 757 1429 758 1430 670 1430 762 1430 763 1431 759 1431 760 1431 758 1432 762 1432 761 1432 763 1433 760 1433 768 1433 765 1434 764 1434 773 1434 766 1435 764 1435 765 1435 764 1436 766 1436 663 1436 663 1437 766 1437 762 1437 761 1438 766 1438 767 1438 762 1439 766 1439 761 1439 775 1440 422 1440 769 1440 773 1441 764 1441 774 1441 423 1442 422 1442 790 1442 422 1443 775 1443 790 1443 778 1444 666 1444 779 1444 666 1445 780 1445 779 1445 781 1446 780 1446 782 1446 784 1447 783 1447 785 1447 783 1448 702 1448 785 1448 702 1449 787 1449 786 1449 786 1450 787 1450 788 1450 787 1451 701 1451 788 1451 788 1452 701 1452 789 1452 701 1453 790 1453 789 1453 789 1454 790 1454 776 1454 776 1455 790 1455 775 1455 782 1456 791 1456 781 1456 791 1457 792 1457 781 1457 784 1458 793 1458 783 1458 783 1459 793 1459 363 1459 793 1460 355 1460 363 1460 792 1461 791 1461 794 1461 791 1462 417 1462 794 1462 794 1463 417 1463 795 1463 796 1464 415 1464 797 1464 401 1465 797 1465 415 1465 401 1466 798 1466 797 1466 401 1467 402 1467 798 1467 402 1468 799 1468 798 1468 402 1469 800 1469 799 1469 803 1470 802 1470 804 1470 428 1471 802 1471 805 1471 806 1472 793 1472 703 1472 793 1473 806 1473 355 1473 400 1474 807 1474 801 1474 398 1475 807 1475 400 1475 803 1476 808 1476 802 1476 802 1477 809 1477 805 1477 810 1478 651 1478 811 1478 807 1479 651 1479 810 1479 392 1480 813 1480 812 1480 434 1481 814 1481 438 1481 814 1482 809 1482 808 1482 808 1483 809 1483 802 1483 434 1484 809 1484 814 1484 815 1485 816 1485 175 1485 175 1486 816 1486 583 1486 816 1487 817 1487 583 1487 583 1488 817 1488 584 1488 584 1489 818 1489 585 1489 817 1490 818 1490 584 1490 818 1491 819 1491 585 1491 585 1492 819 1492 571 1492 571 1493 819 1493 570 1493 819 1494 820 1494 570 1494 570 1495 820 1495 569 1495 820 1496 821 1496 569 1496 569 1497 821 1497 568 1497 821 1498 822 1498 568 1498 568 1499 822 1499 567 1499 822 1500 823 1500 567 1500 567 1501 823 1501 566 1501 823 1502 824 1502 566 1502 566 1503 824 1503 564 1503 824 1504 825 1504 564 1504 564 1505 825 1505 562 1505 825 1506 826 1506 562 1506 562 1507 827 1507 561 1507 826 1508 827 1508 562 1508 561 1509 828 1509 560 1509 827 1510 828 1510 561 1510 815 1511 554 1511 816 1511 816 1512 554 1512 817 1512 554 1513 829 1513 817 1513 817 1514 829 1514 818 1514 818 1515 829 1515 819 1515 819 1516 829 1516 820 1516 829 1517 830 1517 820 1517 820 1518 830 1518 821 1518 821 1519 830 1519 822 1519 822 1520 830 1520 823 1520 830 1521 551 1521 823 1521 823 1522 551 1522 824 1522 824 1523 551 1523 825 1523 825 1524 551 1524 826 1524 551 1525 831 1525 826 1525 826 1526 831 1526 827 1526 827 1527 831 1527 828 1527 828 1528 831 1528 150 1528 131 1529 832 1529 147 1529 147 1530 832 1530 509 1530 832 1531 833 1531 509 1531 509 1532 833 1532 510 1532 833 1533 834 1533 510 1533 510 1534 834 1534 511 1534 834 1535 835 1535 511 1535 511 1536 835 1536 512 1536 835 1537 836 1537 512 1537 512 1538 836 1538 513 1538 836 1539 837 1539 513 1539 513 1540 837 1540 514 1540 837 1541 838 1541 514 1541 514 1542 838 1542 515 1542 838 1543 839 1543 515 1543 515 1544 839 1544 518 1544 839 1545 840 1545 518 1545 518 1546 841 1546 520 1546 840 1547 841 1547 518 1547 841 1548 842 1548 520 1548 520 1549 842 1549 535 1549 535 1550 842 1550 534 1550 842 1551 843 1551 534 1551 534 1552 843 1552 533 1552 843 1553 844 1553 533 1553 533 1554 844 1554 532 1554 844 1555 112 1555 532 1555 532 1556 112 1556 132 1556 131 1557 282 1557 832 1557 130 1558 282 1558 131 1558 832 1559 282 1559 833 1559 282 1560 283 1560 833 1560 833 1561 283 1561 834 1561 834 1562 283 1562 835 1562 835 1563 283 1563 836 1563 836 1564 283 1564 837 1564 283 1565 845 1565 837 1565 837 1566 845 1566 838 1566 838 1567 845 1567 839 1567 839 1568 845 1568 840 1568 840 1569 284 1569 841 1569 845 1570 284 1570 840 1570 841 1571 284 1571 842 1571 842 1572 284 1572 843 1572 284 1573 291 1573 843 1573 843 1574 291 1574 844 1574 844 1575 291 1575 112 1575 112 1576 291 1576 115 1576 110 1577 846 1577 30 1577 30 1578 846 1578 847 1578 846 1579 848 1579 847 1579 847 1580 848 1580 850 1580 849 1581 848 1581 861 1581 848 1582 849 1582 850 1582 850 1583 849 1583 852 1583 849 1584 851 1584 852 1584 851 1585 855 1585 852 1585 853 1586 855 1586 851 1586 852 1587 855 1587 854 1587 855 1588 856 1588 854 1588 854 1589 856 1589 857 1589 857 1590 858 1590 17 1590 856 1591 858 1591 857 1591 110 1592 102 1592 846 1592 102 1593 859 1593 846 1593 846 1594 859 1594 848 1594 859 1595 860 1595 848 1595 860 1596 861 1596 848 1596 861 1597 862 1597 849 1597 849 1598 862 1598 851 1598 862 1599 853 1599 851 1599 853 1600 863 1600 855 1600 863 1601 864 1601 855 1601 855 1602 864 1602 856 1602 856 1603 865 1603 858 1603 861 1604 853 1604 862 1604 861 1605 863 1605 853 1605 864 1606 865 1606 856 1606 865 1607 103 1607 858 1607 16 1608 866 1608 867 1608 95 1609 866 1609 16 1609 879 1610 866 1610 878 1610 866 1611 879 1611 867 1611 867 1612 879 1612 869 1612 879 1613 868 1613 869 1613 869 1614 870 1614 871 1614 868 1615 870 1615 869 1615 870 1616 873 1616 871 1616 871 1617 873 1617 872 1617 874 1618 873 1618 883 1618 873 1619 874 1619 872 1619 872 1620 874 1620 877 1620 874 1621 875 1621 877 1621 877 1622 875 1622 86 1622 86 1623 875 1623 876 1623 84 1624 878 1624 95 1624 95 1625 878 1625 866 1625 879 1626 880 1626 868 1626 880 1627 881 1627 868 1627 868 1628 881 1628 870 1628 881 1629 882 1629 870 1629 870 1630 882 1630 873 1630 882 1631 883 1631 873 1631 883 1632 884 1632 874 1632 874 1633 876 1633 875 1633 884 1634 876 1634 874 1634 878 1635 880 1635 879 1635 881 1636 883 1636 882 1636 77 1637 45 1637 885 1637 45 1638 886 1638 885 1638 885 1639 886 1639 888 1639 886 1640 887 1640 888 1640 887 1641 288 1641 888 1641 888 1642 288 1642 889 1642 288 1643 890 1643 889 1643 889 1644 890 1644 891 1644 890 1645 892 1645 891 1645 891 1646 892 1646 893 1646 893 1647 892 1647 894 1647 892 1648 895 1648 894 1648 894 1649 896 1649 898 1649 895 1650 896 1650 894 1650 896 1651 897 1651 898 1651 898 1652 897 1652 899 1652 897 1653 900 1653 899 1653 899 1654 900 1654 901 1654 900 1655 292 1655 901 1655 901 1656 32 1656 67 1656 292 1657 32 1657 901 1657 50 1658 69 1658 70 1658 49 1659 69 1659 50 1659 49 1660 68 1660 69 1660 52 1661 50 1661 70 1661 52 1662 70 1662 71 1662 47 1663 68 1663 49 1663 54 1664 52 1664 71 1664 54 1665 71 1665 72 1665 47 1666 67 1666 68 1666 56 1667 54 1667 72 1667 902 1668 67 1668 47 1668 902 1669 901 1669 67 1669 56 1670 72 1670 73 1670 903 1671 901 1671 902 1671 58 1672 56 1672 73 1672 60 1673 58 1673 73 1673 904 1674 899 1674 901 1674 904 1675 901 1675 903 1675 60 1676 73 1676 74 1676 905 1677 899 1677 904 1677 60 1678 74 1678 75 1678 62 1679 60 1679 75 1679 898 1680 899 1680 905 1680 75 1681 65 1681 62 1681 898 1682 905 1682 906 1682 76 1683 65 1683 75 1683 894 1684 898 1684 906 1684 894 1685 906 1685 907 1685 893 1686 894 1686 907 1686 76 1687 908 1687 65 1687 77 1688 908 1688 76 1688 893 1689 907 1689 909 1689 77 1690 910 1690 908 1690 893 1691 909 1691 911 1691 885 1692 910 1692 77 1692 891 1693 893 1693 911 1693 885 1694 912 1694 910 1694 888 1695 912 1695 885 1695 889 1696 891 1696 911 1696 888 1697 913 1697 912 1697 889 1698 911 1698 913 1698 888 1699 889 1699 913 1699 66 1700 908 1700 516 1700 908 1701 910 1701 516 1701 516 1702 910 1702 517 1702 910 1703 912 1703 517 1703 517 1704 912 1704 521 1704 912 1705 913 1705 521 1705 521 1706 913 1706 524 1706 913 1707 911 1707 524 1707 524 1708 911 1708 528 1708 911 1709 909 1709 528 1709 528 1710 909 1710 530 1710 909 1711 907 1711 530 1711 530 1712 907 1712 538 1712 538 1713 907 1713 539 1713 907 1714 906 1714 539 1714 906 1715 905 1715 539 1715 539 1716 905 1716 547 1716 905 1717 904 1717 547 1717 547 1718 904 1718 545 1718 545 1719 904 1719 544 1719 904 1720 903 1720 544 1720 544 1721 903 1721 543 1721 903 1722 902 1722 543 1722 45 1723 287 1723 886 1723 886 1724 287 1724 887 1724 287 1725 288 1725 887 1725 288 1726 612 1726 890 1726 890 1727 612 1727 892 1727 612 1728 613 1728 892 1728 892 1729 613 1729 895 1729 613 1730 896 1730 895 1730 896 1731 616 1731 897 1731 897 1732 616 1732 900 1732 616 1733 292 1733 900 1733 30 1734 847 1734 591 1734 591 1735 847 1735 594 1735 847 1736 850 1736 594 1736 594 1737 850 1737 592 1737 850 1738 852 1738 592 1738 592 1739 852 1739 586 1739 586 1740 854 1740 575 1740 852 1741 854 1741 586 1741 854 1742 857 1742 575 1742 575 1743 857 1743 573 1743 857 1744 17 1744 573 1744 573 1745 17 1745 18 1745 16 1746 867 1746 578 1746 578 1747 867 1747 565 1747 867 1748 869 1748 565 1748 565 1749 869 1749 563 1749 869 1750 871 1750 563 1750 563 1751 871 1751 559 1751 871 1752 872 1752 559 1752 559 1753 872 1753 557 1753 872 1754 877 1754 557 1754 557 1755 877 1755 556 1755 657 1756 653 1756 189 1756 655 1757 657 1757 189 1757 654 1758 655 1758 189 1758 654 1759 189 1759 192 1759 800 1760 801 1760 259 1760 800 1761 259 1761 256 1761 799 1762 256 1762 254 1762 799 1763 800 1763 256 1763 798 1764 799 1764 254 1764 798 1765 254 1765 251 1765 798 1766 251 1766 250 1766 797 1767 250 1767 248 1767 797 1768 798 1768 250 1768 796 1769 248 1769 246 1769 796 1770 797 1770 248 1770 795 1771 246 1771 243 1771 795 1772 796 1772 246 1772 794 1773 243 1773 241 1773 794 1774 795 1774 243 1774 792 1775 794 1775 241 1775 801 1776 807 1776 259 1776 259 1777 807 1777 269 1777 814 1778 263 1778 265 1778 814 1779 808 1779 263 1779 438 1780 265 1780 270 1780 438 1781 814 1781 265 1781 440 1782 438 1782 270 1782 440 1783 270 1783 266 1783 813 1784 266 1784 260 1784 813 1785 440 1785 266 1785 812 1786 813 1786 260 1786 812 1787 260 1787 267 1787 811 1788 812 1788 267 1788 811 1789 267 1789 274 1789 810 1790 274 1790 269 1790 810 1791 811 1791 274 1791 807 1792 810 1792 269 1792 808 1793 218 1793 263 1793 808 1794 803 1794 218 1794 703 1795 793 1795 213 1795 703 1796 213 1796 212 1796 703 1797 212 1797 215 1797 424 1798 703 1798 215 1798 424 1799 215 1799 218 1799 804 1800 424 1800 218 1800 803 1801 804 1801 218 1801 793 1802 784 1802 213 1802 213 1803 784 1803 207 1803 789 1804 776 1804 205 1804 789 1805 205 1805 203 1805 788 1806 789 1806 203 1806 788 1807 203 1807 202 1807 786 1808 788 1808 202 1808 786 1809 202 1809 204 1809 702 1810 786 1810 204 1810 702 1811 204 1811 207 1811 785 1812 702 1812 207 1812 784 1813 785 1813 207 1813 776 1814 775 1814 205 1814 205 1815 775 1815 278 1815 772 1816 235 1816 234 1816 772 1817 768 1817 235 1817 771 1818 772 1818 234 1818 771 1819 234 1819 230 1819 770 1820 771 1820 230 1820 770 1821 230 1821 226 1821 667 1822 770 1822 226 1822 667 1823 226 1823 231 1823 769 1824 231 1824 233 1824 769 1825 667 1825 231 1825 769 1826 233 1826 279 1826 775 1827 279 1827 278 1827 775 1828 769 1828 279 1828 768 1829 760 1829 235 1829 235 1830 760 1830 222 1830 222 1831 760 1831 223 1831 760 1832 759 1832 223 1832 759 1833 670 1833 224 1833 670 1834 758 1834 224 1834 224 1835 758 1835 225 1835 758 1836 761 1836 225 1836 225 1837 761 1837 767 1837 767 1838 766 1838 237 1838 766 1839 765 1839 237 1839 765 1840 773 1840 237 1840 781 1841 240 1841 239 1841 780 1842 781 1842 239 1842 780 1843 239 1843 232 1843 779 1844 780 1844 232 1844 779 1845 232 1845 228 1845 778 1846 779 1846 228 1846 778 1847 228 1847 227 1847 777 1848 778 1848 227 1848 777 1849 227 1849 229 1849 671 1850 777 1850 229 1850 671 1851 229 1851 236 1851 773 1852 236 1852 237 1852 773 1853 671 1853 236 1853 781 1854 792 1854 240 1854 240 1855 792 1855 241 1855 917 1856 915 1856 914 1856 919 1857 916 1857 918 1857 919 1858 918 1858 921 1858 920 1859 919 1859 921 1859 923 1860 922 1860 924 1860 923 1861 920 1861 922 1861 928 1862 952 1862 953 1862 925 1863 953 1863 955 1863 925 1864 928 1864 953 1864 927 1865 928 1865 925 1865 947 1866 950 1866 928 1866 947 1867 928 1867 927 1867 945 1868 946 1868 929 1868 930 1869 945 1869 929 1869 930 1870 947 1870 927 1870 930 1871 929 1871 947 1871 931 1872 930 1872 927 1872 916 1873 915 1873 917 1873 919 1874 915 1874 916 1874 920 1875 915 1875 919 1875 923 1876 915 1876 920 1876 932 1877 931 1877 927 1877 932 1878 927 1878 915 1878 934 1879 932 1879 915 1879 935 1880 923 1880 933 1880 936 1881 934 1881 915 1881 938 1882 923 1882 935 1882 938 1883 936 1883 915 1883 938 1884 915 1884 923 1884 933 1885 923 1885 937 1885 935 1886 933 1886 937 1886 938 1887 935 1887 939 1887 936 1888 938 1888 940 1888 934 1889 936 1889 940 1889 932 1890 934 1890 942 1890 942 1891 943 1891 931 1891 942 1892 931 1892 932 1892 930 1893 931 1893 943 1893 930 1894 943 1894 944 1894 945 1895 930 1895 944 1895 947 1896 929 1896 948 1896 950 1897 947 1897 949 1897 928 1898 950 1898 951 1898 926 1899 928 1899 951 1899 952 1900 928 1900 926 1900 955 1901 953 1901 954 1901 925 1902 955 1902 956 1902 927 1903 925 1903 956 1903 927 1904 956 1904 957 1904 915 1905 927 1905 957 1905 914 1906 915 1906 957 1906 953 1907 952 1907 954 1907 954 1908 956 1908 955 1908 952 1909 956 1909 954 1909 926 1910 956 1910 952 1910 926 1911 957 1911 956 1911 951 1912 957 1912 926 1912 950 1913 949 1913 951 1913 951 1914 949 1914 957 1914 947 1915 948 1915 949 1915 929 1916 946 1916 948 1916 946 1917 944 1917 948 1917 945 1918 944 1918 946 1918 949 1919 944 1919 957 1919 948 1920 944 1920 949 1920 944 1921 943 1921 957 1921 917 1922 918 1922 916 1922 914 1923 918 1923 917 1923 914 1924 921 1924 918 1924 921 1925 922 1925 920 1925 914 1926 922 1926 921 1926 914 1927 924 1927 922 1927 957 1928 942 1928 914 1928 943 1929 942 1929 957 1929 924 1930 937 1930 923 1930 942 1931 941 1931 914 1931 934 1932 941 1932 942 1932 934 1933 940 1933 941 1933 924 1934 939 1934 937 1934 937 1935 939 1935 935 1935 941 1936 940 1936 914 1936 940 1937 939 1937 914 1937 938 1938 939 1938 940 1938 914 1939 939 1939 924 1939 958 1940 1101 1940 959 1940 1101 1941 960 1941 959 1941 959 1942 960 1942 961 1942 960 1943 962 1943 961 1943 961 1944 962 1944 964 1944 962 1945 963 1945 964 1945 964 1946 966 1946 965 1946 963 1947 966 1947 964 1947 965 1948 968 1948 967 1948 966 1949 968 1949 965 1949 970 1950 969 1950 1045 1950 970 1951 971 1951 972 1951 970 1952 972 1952 969 1952 970 1953 1045 1953 1049 1953 973 1954 970 1954 1049 1954 973 1955 1049 1955 1048 1955 973 1956 1048 1956 1050 1956 974 1957 973 1957 1050 1957 974 1958 1050 1958 1052 1958 1051 1959 974 1959 1052 1959 1055 1960 1051 1960 1053 1960 975 1961 1055 1961 1054 1961 975 1962 1056 1962 977 1962 976 1963 975 1963 977 1963 976 1964 977 1964 978 1964 978 1965 977 1965 1057 1965 978 1966 1057 1966 979 1966 980 1967 978 1967 979 1967 981 1968 980 1968 1058 1968 981 1969 1058 1969 1060 1969 1060 1970 1059 1970 1061 1970 1060 1971 1061 1971 982 1971 982 1972 1061 1972 1062 1972 983 1973 1062 1973 1063 1973 983 1974 982 1974 1062 1974 984 1975 983 1975 1063 1975 985 1976 1066 1976 1067 1976 984 1977 1066 1977 985 1977 986 1978 984 1978 985 1978 987 1979 984 1979 986 1979 988 1980 987 1980 986 1980 989 1981 986 1981 985 1981 989 1982 988 1982 986 1982 990 1983 985 1983 1067 1983 990 1984 989 1984 985 1984 1068 1985 990 1985 1067 1985 1071 1986 990 1986 1068 1986 991 1987 990 1987 1071 1987 991 1988 988 1988 989 1988 991 1989 989 1989 990 1989 991 1990 1070 1990 1072 1990 992 1991 991 1991 1072 1991 992 1992 1072 1992 1073 1992 993 1993 992 1993 1073 1993 993 1994 1074 1994 994 1994 994 1995 1076 1995 995 1995 995 1996 1076 1996 1077 1996 996 1997 995 1997 1077 1997 996 1998 1077 1998 1079 1998 996 1999 1079 1999 1078 1999 1080 2000 1078 2000 1079 2000 998 2001 1080 2001 997 2001 1000 2002 998 2002 999 2002 1001 2003 1082 2003 1085 2003 1001 2004 1085 2004 1002 2004 1003 2005 1001 2005 1002 2005 1004 2006 1001 2006 1003 2006 972 2007 971 2007 1004 2007 972 2008 1004 2008 1003 2008 969 2009 1003 2009 1002 2009 969 2010 972 2010 1003 2010 1007 2011 1006 2011 1005 2011 1007 2012 1008 2012 1006 2012 1007 2013 1011 2013 1009 2013 1005 2014 1011 2014 1007 2014 1012 2015 1011 2015 1010 2015 1011 2016 1012 2016 1009 2016 1010 2017 1013 2017 1012 2017 1010 2018 1014 2018 1015 2018 1010 2019 1015 2019 1013 2019 1014 2020 1016 2020 1017 2020 1015 2021 1014 2021 1017 2021 1016 2022 1018 2022 1021 2022 1016 2023 1021 2023 1017 2023 1020 2024 1021 2024 1018 2024 1021 2025 1020 2025 1019 2025 1020 2026 1023 2026 1024 2026 1020 2027 1024 2027 1019 2027 1022 2028 1024 2028 1023 2028 1025 2029 1024 2029 1022 2029 1025 2030 1029 2030 1026 2030 1022 2031 1029 2031 1025 2031 1027 2032 1028 2032 1029 2032 1029 2033 1028 2033 1026 2033 1026 2034 1028 2034 1116 2034 1030 2035 1028 2035 1027 2035 1030 2036 1031 2036 1028 2036 1030 2037 1032 2037 1033 2037 1030 2038 1033 2038 1031 2038 1037 2039 1033 2039 1032 2039 1035 2040 1037 2040 1032 2040 1034 2041 1037 2041 1035 2041 1036 2042 1037 2042 1034 2042 1034 2043 1038 2043 1041 2043 1034 2044 1041 2044 1036 2044 1039 2045 1040 2045 1038 2045 1040 2046 1041 2046 1038 2046 1040 2047 1006 2047 1008 2047 1039 2048 1006 2048 1040 2048 1042 2049 1066 2049 1096 2049 1045 2050 1046 2050 1044 2050 1045 2051 1047 2051 1046 2051 1045 2052 1086 2052 1047 2052 1045 2053 969 2053 1086 2053 1048 2054 1045 2054 1044 2054 1049 2055 1045 2055 1048 2055 1052 2056 1050 2056 1048 2056 1052 2057 1053 2057 1051 2057 1053 2058 1052 2058 1054 2058 1055 2059 1053 2059 1054 2059 1056 2060 975 2060 1054 2060 979 2061 1057 2061 1090 2061 980 2062 979 2062 1058 2062 1060 2063 1058 2063 1059 2063 1062 2064 1061 2064 1059 2064 1062 2065 1094 2065 1095 2065 1063 2066 1062 2066 1066 2066 1066 2067 984 2067 1063 2067 1066 2068 1042 2068 1064 2068 1066 2069 1064 2069 1065 2069 1066 2070 1065 2070 1067 2070 1068 2071 1067 2071 1065 2071 1071 2072 1068 2072 1065 2072 1071 2073 1065 2073 1064 2073 1069 2074 1071 2074 1064 2074 1069 2075 1064 2075 1042 2075 1069 2076 1042 2076 1096 2076 1002 2077 1085 2077 1086 2077 1070 2078 1071 2078 1069 2078 1070 2079 991 2079 1071 2079 1074 2080 993 2080 1073 2080 994 2081 1074 2081 1075 2081 1076 2082 994 2082 1075 2082 1080 2083 1079 2083 997 2083 999 2084 998 2084 997 2084 1081 2085 999 2085 997 2085 1081 2086 1000 2086 999 2086 1081 2087 1001 2087 1000 2087 1082 2088 1001 2088 1081 2088 1085 2089 1082 2089 1081 2089 1081 2090 1043 2090 1083 2090 1081 2091 1083 2091 1084 2091 1081 2092 1084 2092 1085 2092 1086 2093 969 2093 1002 2093 1047 2094 1086 2094 1085 2094 1047 2095 1085 2095 1084 2095 1046 2096 1084 2096 1083 2096 1046 2097 1047 2097 1084 2097 1044 2098 1083 2098 1043 2098 1044 2099 1046 2099 1083 2099 1087 2100 1054 2100 1052 2100 1089 2101 1054 2101 1087 2101 1088 2102 1052 2102 1048 2102 1088 2103 1087 2103 1052 2103 1089 2104 1056 2104 1054 2104 1089 2105 977 2105 1056 2105 1090 2106 1057 2106 977 2106 1090 2107 977 2107 1089 2107 1088 2108 1048 2108 1044 2108 1091 2109 1044 2109 1043 2109 1091 2110 1088 2110 1044 2110 1092 2111 979 2111 1090 2111 1092 2112 1058 2112 979 2112 1093 2113 1058 2113 1092 2113 1093 2114 1059 2114 1058 2114 1059 2115 1093 2115 1094 2115 1062 2116 1059 2116 1094 2116 1066 2117 1062 2117 1095 2117 1096 2118 1066 2118 1095 2118 1097 2119 1043 2119 1081 2119 1097 2120 1091 2120 1043 2120 1098 2121 1097 2121 1081 2121 1099 2122 1098 2122 1081 2122 1099 2123 1081 2123 997 2123 997 2124 1100 2124 1099 2124 1079 2125 1100 2125 997 2125 1077 2126 1100 2126 1079 2126 1077 2127 1101 2127 1100 2127 1069 2128 1096 2128 968 2128 1070 2129 1069 2129 968 2129 1070 2130 968 2130 966 2130 1076 2131 1101 2131 1077 2131 1076 2132 960 2132 1101 2132 1075 2133 960 2133 1076 2133 1072 2134 1070 2134 966 2134 1072 2135 966 2135 963 2135 1073 2136 1072 2136 963 2136 1075 2137 962 2137 960 2137 1074 2138 962 2138 1075 2138 1074 2139 963 2139 962 2139 1074 2140 1073 2140 963 2140 1102 2141 1098 2141 1103 2141 1097 2142 1098 2142 1102 2142 1103 2143 1098 2143 1104 2143 1098 2144 1099 2144 1104 2144 1104 2145 1099 2145 1105 2145 1099 2146 1100 2146 1105 2146 1105 2147 1100 2147 1106 2147 1106 2148 1100 2148 958 2148 1100 2149 1101 2149 958 2149 1097 2150 1102 2150 1091 2150 1091 2151 1102 2151 1107 2151 1096 2152 1095 2152 1108 2152 1108 2153 1095 2153 1109 2153 1095 2154 1094 2154 1109 2154 1109 2155 1094 2155 1110 2155 1110 2156 1093 2156 1111 2156 1094 2157 1093 2157 1110 2157 1093 2158 1092 2158 1111 2158 1111 2159 1092 2159 1112 2159 1092 2160 1090 2160 1112 2160 1112 2161 1090 2161 1113 2161 1090 2162 1089 2162 1113 2162 1113 2163 1089 2163 1114 2163 1089 2164 1087 2164 1114 2164 1114 2165 1087 2165 1115 2165 1115 2166 1087 2166 1116 2166 1087 2167 1088 2167 1116 2167 1116 2168 1088 2168 1117 2168 1117 2169 1091 2169 1107 2169 1088 2170 1091 2170 1117 2170 1108 2171 968 2171 1096 2171 1108 2172 967 2172 968 2172 1031 2173 1115 2173 1028 2173 1028 2174 1115 2174 1116 2174 1026 2175 1116 2175 1117 2175 1031 2176 1113 2176 1114 2176 1031 2177 1114 2177 1115 2177 1112 2178 1113 2178 1031 2178 1107 2179 1026 2179 1117 2179 1033 2180 1111 2180 1112 2180 1033 2181 1112 2181 1031 2181 1110 2182 1111 2182 1033 2182 1037 2183 1110 2183 1033 2183 1110 2184 1037 2184 1036 2184 1109 2185 1110 2185 1036 2185 1108 2186 1109 2186 1036 2186 1024 2187 1025 2187 1107 2187 1040 2188 1108 2188 1041 2188 1102 2189 1021 2189 1019 2189 1102 2190 1019 2190 1024 2190 1102 2191 1024 2191 1107 2191 1017 2192 1102 2192 1103 2192 1017 2193 1103 2193 1104 2193 1015 2194 1104 2194 1105 2194 1015 2195 1017 2195 1104 2195 1106 2196 1015 2196 1105 2196 958 2197 1015 2197 1106 2197 967 2198 1008 2198 1007 2198 1013 2199 1015 2199 958 2199 959 2200 1013 2200 958 2200 965 2201 967 2201 1009 2201 965 2202 1009 2202 1012 2202 961 2203 1013 2203 959 2203 964 2204 965 2204 1012 2204 964 2205 1013 2205 961 2205 964 2206 1012 2206 1013 2206 967 2207 1108 2207 1040 2207 967 2208 1040 2208 1008 2208 1007 2209 1009 2209 967 2209 1017 2210 1021 2210 1102 2210 1025 2211 1026 2211 1107 2211 1036 2212 1041 2212 1108 2212 1060 2213 1032 2213 981 2213 987 2214 988 2214 1006 2214 987 2215 1006 2215 1039 2215 1018 2216 1016 2216 1004 2216 1011 2217 1005 2217 988 2217 1038 2218 1034 2218 987 2218 1029 2219 1022 2219 971 2219 1016 2220 998 2220 1000 2220 1014 2221 998 2221 1016 2221 1014 2222 1080 2222 998 2222 1016 2223 1001 2223 1004 2223 1016 2224 1000 2224 1001 2224 1014 2225 1078 2225 1080 2225 1014 2226 996 2226 1078 2226 1014 2227 995 2227 996 2227 1010 2228 995 2228 1014 2228 1010 2229 994 2229 995 2229 1010 2230 993 2230 994 2230 1010 2231 992 2231 993 2231 992 2232 1010 2232 1011 2232 991 2233 992 2233 1011 2233 988 2234 991 2234 1011 2234 1020 2235 1018 2235 1004 2235 1006 2236 988 2236 1005 2236 1023 2237 1020 2237 1004 2237 971 2238 1022 2238 1023 2238 971 2239 1023 2239 1004 2239 1029 2240 970 2240 973 2240 1029 2241 971 2241 970 2241 1027 2242 1029 2242 973 2242 1027 2243 973 2243 974 2243 1051 2244 1027 2244 974 2244 1030 2245 1027 2245 1051 2245 1055 2246 1030 2246 1051 2246 975 2247 1030 2247 1055 2247 976 2248 1030 2248 975 2248 978 2249 1030 2249 976 2249 987 2250 1039 2250 1038 2250 978 2251 1032 2251 1030 2251 984 2252 987 2252 1034 2252 980 2253 1032 2253 978 2253 983 2254 984 2254 1034 2254 983 2255 1034 2255 1035 2255 982 2256 983 2256 1035 2256 981 2257 1032 2257 980 2257 1060 2258 982 2258 1035 2258 1060 2259 1035 2259 1032 2259 1118 2260 1165 2260 1193 2260 1119 2261 1120 2261 1121 2261 1121 2262 1120 2262 1128 2262 1128 2263 1130 2263 1121 2263 1122 2264 1121 2264 1130 2264 1122 2265 1123 2265 1121 2265 1121 2266 1123 2266 1119 2266 1124 2267 1119 2267 1123 2267 1125 2268 1119 2268 1124 2268 1119 2269 1125 2269 1126 2269 1120 2270 1119 2270 1126 2270 1128 2271 1120 2271 1126 2271 1128 2272 1126 2272 1127 2272 1128 2273 1127 2273 1129 2273 1128 2274 1129 2274 1130 2274 1122 2275 1130 2275 1129 2275 1122 2276 1129 2276 1131 2276 1122 2277 1131 2277 1124 2277 1123 2278 1122 2278 1124 2278 1150 2279 1124 2279 1132 2279 1132 2280 1124 2280 1133 2280 1133 2281 1131 2281 1134 2281 1124 2282 1131 2282 1133 2282 1149 2283 1125 2283 1150 2283 1150 2284 1125 2284 1124 2284 1131 2285 1129 2285 1134 2285 1134 2286 1129 2286 1135 2286 1149 2287 1147 2287 1125 2287 1147 2288 1126 2288 1125 2288 1147 2289 1146 2289 1126 2289 1129 2290 1143 2290 1135 2290 1127 2291 1143 2291 1129 2291 1127 2292 1136 2292 1143 2292 1126 2293 1146 2293 1127 2293 1146 2294 1136 2294 1127 2294 1132 2295 1137 2295 1150 2295 1133 2296 1138 2296 1132 2296 1133 2297 1139 2297 1138 2297 1133 2298 1140 2298 1139 2298 1134 2299 1140 2299 1133 2299 1135 2300 1141 2300 1134 2300 1135 2301 1142 2301 1141 2301 1135 2302 1143 2302 1142 2302 1146 2303 1144 2303 1136 2303 1146 2304 1145 2304 1144 2304 1146 2305 1147 2305 1145 2305 1149 2306 1148 2306 1147 2306 1150 2307 1137 2307 1163 2307 1150 2308 1163 2308 1151 2308 1149 2309 1150 2309 1151 2309 1149 2310 1151 2310 1152 2310 1148 2311 1149 2311 1152 2311 1148 2312 1152 2312 1153 2312 1147 2313 1148 2313 1153 2313 1145 2314 1153 2314 1154 2314 1145 2315 1147 2315 1153 2315 1144 2316 1145 2316 1154 2316 1144 2317 1154 2317 1155 2317 1136 2318 1144 2318 1155 2318 1136 2319 1155 2319 1156 2319 1143 2320 1136 2320 1156 2320 1142 2321 1143 2321 1156 2321 1142 2322 1156 2322 1157 2322 1141 2323 1157 2323 1158 2323 1141 2324 1142 2324 1157 2324 1141 2325 1158 2325 1159 2325 1134 2326 1141 2326 1159 2326 1134 2327 1159 2327 1160 2327 1140 2328 1134 2328 1160 2328 1139 2329 1140 2329 1160 2329 1139 2330 1160 2330 1161 2330 1138 2331 1139 2331 1161 2331 1138 2332 1161 2332 1162 2332 1132 2333 1138 2333 1162 2333 1132 2334 1162 2334 1163 2334 1137 2335 1132 2335 1163 2335 1166 2336 1165 2336 1158 2336 1158 2337 1165 2337 1159 2337 1158 2338 1164 2338 1166 2338 1157 2339 1164 2339 1158 2339 1159 2340 1165 2340 1160 2340 1156 2341 1164 2341 1157 2341 1160 2342 1165 2342 1161 2342 1155 2343 1164 2343 1156 2343 1161 2344 1165 2344 1162 2344 1118 2345 1162 2345 1165 2345 1155 2346 1154 2346 1164 2346 1118 2347 1163 2347 1162 2347 1164 2348 1154 2348 1168 2348 1154 2349 1153 2349 1168 2349 1118 2350 1151 2350 1163 2350 1169 2351 1151 2351 1118 2351 1153 2352 1152 2352 1168 2352 1169 2353 1152 2353 1151 2353 1168 2354 1152 2354 1169 2354 1165 2355 1166 2355 1193 2355 1166 2356 1164 2356 1167 2356 1167 2357 1164 2357 1173 2357 1164 2358 1168 2358 1173 2358 1167 2359 1171 2359 1205 2359 1167 2360 1172 2360 1171 2360 1167 2361 1174 2361 1172 2361 1173 2362 1174 2362 1167 2362 1173 2363 1175 2363 1174 2363 1173 2364 1176 2364 1175 2364 1173 2365 1177 2365 1176 2365 1173 2366 1178 2366 1177 2366 1173 2367 1179 2367 1178 2367 1168 2368 1179 2368 1173 2368 1168 2369 1180 2369 1179 2369 1168 2370 1181 2370 1180 2370 1168 2371 1182 2371 1181 2371 1168 2372 1183 2372 1182 2372 1169 2373 1183 2373 1168 2373 1169 2374 1184 2374 1183 2374 1169 2375 1185 2375 1184 2375 1169 2376 1170 2376 1185 2376 1186 2377 1170 2377 1169 2377 1169 2378 1187 2378 1186 2378 1118 2379 1187 2379 1169 2379 1118 2380 1188 2380 1187 2380 1118 2381 1189 2381 1188 2381 1118 2382 1190 2382 1189 2382 1118 2383 1191 2383 1190 2383 1193 2384 1191 2384 1118 2384 1193 2385 1192 2385 1191 2385 1193 2386 1194 2386 1192 2386 1193 2387 1195 2387 1194 2387 1193 2388 1196 2388 1195 2388 1193 2389 1197 2389 1196 2389 1166 2390 1197 2390 1193 2390 1166 2391 1198 2391 1197 2391 1166 2392 1199 2392 1198 2392 1166 2393 1200 2393 1199 2393 1166 2394 1201 2394 1200 2394 1166 2395 1202 2395 1201 2395 1167 2396 1203 2396 1202 2396 1167 2397 1202 2397 1166 2397 1167 2398 1204 2398 1203 2398 1167 2399 1205 2399 1204 2399 1204 2400 1206 2400 1207 2400 1204 2401 1205 2401 1206 2401 1203 2402 1207 2402 1208 2402 1203 2403 1204 2403 1207 2403 1202 2404 1208 2404 1209 2404 1202 2405 1203 2405 1208 2405 1201 2406 1209 2406 1210 2406 1201 2407 1202 2407 1209 2407 1200 2408 1210 2408 1211 2408 1200 2409 1201 2409 1210 2409 1199 2410 1200 2410 1211 2410 1199 2411 1211 2411 1212 2411 1198 2412 1199 2412 1212 2412 1198 2413 1212 2413 1213 2413 1197 2414 1213 2414 1214 2414 1197 2415 1198 2415 1213 2415 1197 2416 1214 2416 1215 2416 1196 2417 1197 2417 1215 2417 1195 2418 1196 2418 1215 2418 1195 2419 1215 2419 1216 2419 1195 2420 1216 2420 1217 2420 1194 2421 1195 2421 1217 2421 1194 2422 1217 2422 1218 2422 1192 2423 1194 2423 1218 2423 1191 2424 1192 2424 1218 2424 1191 2425 1218 2425 1219 2425 1191 2426 1219 2426 1220 2426 1190 2427 1191 2427 1220 2427 1190 2428 1220 2428 1221 2428 1189 2429 1190 2429 1221 2429 1189 2430 1221 2430 1222 2430 1189 2431 1222 2431 1223 2431 1188 2432 1189 2432 1223 2432 1188 2433 1223 2433 1224 2433 1188 2434 1224 2434 1225 2434 1187 2435 1188 2435 1225 2435 1187 2436 1225 2436 1226 2436 1186 2437 1226 2437 1227 2437 1186 2438 1187 2438 1226 2438 1170 2439 1227 2439 1228 2439 1170 2440 1186 2440 1227 2440 1185 2441 1170 2441 1228 2441 1185 2442 1228 2442 1229 2442 1184 2443 1185 2443 1229 2443 1184 2444 1229 2444 1230 2444 1183 2445 1230 2445 1231 2445 1183 2446 1184 2446 1230 2446 1183 2447 1231 2447 1232 2447 1182 2448 1183 2448 1232 2448 1182 2449 1232 2449 1233 2449 1181 2450 1182 2450 1233 2450 1181 2451 1233 2451 1234 2451 1180 2452 1181 2452 1234 2452 1180 2453 1234 2453 1235 2453 1180 2454 1235 2454 1236 2454 1179 2455 1180 2455 1236 2455 1179 2456 1236 2456 1237 2456 1179 2457 1237 2457 1238 2457 1178 2458 1179 2458 1238 2458 1177 2459 1238 2459 1239 2459 1177 2460 1178 2460 1238 2460 1176 2461 1239 2461 1240 2461 1176 2462 1177 2462 1239 2462 1175 2463 1240 2463 1241 2463 1175 2464 1176 2464 1240 2464 1174 2465 1175 2465 1241 2465 1174 2466 1241 2466 1242 2466 1172 2467 1242 2467 1243 2467 1172 2468 1174 2468 1242 2468 1171 2469 1243 2469 1244 2469 1171 2470 1172 2470 1243 2470 1171 2471 1244 2471 1206 2471 1205 2472 1171 2472 1206 2472 1211 2473 1245 2473 1246 2473 1211 2474 1246 2474 1212 2474 1210 2475 1245 2475 1211 2475 1212 2476 1246 2476 1213 2476 1209 2477 1245 2477 1210 2477 1213 2478 1246 2478 1214 2478 1208 2479 1245 2479 1209 2479 1214 2480 1246 2480 1215 2480 1215 2481 1246 2481 1216 2481 1207 2482 1245 2482 1208 2482 1206 2483 1245 2483 1207 2483 1216 2484 1246 2484 1217 2484 1244 2485 1245 2485 1206 2485 1246 2486 1247 2486 1217 2486 1217 2487 1247 2487 1218 2487 1218 2488 1247 2488 1219 2488 1243 2489 1245 2489 1244 2489 1243 2490 1248 2490 1245 2490 1219 2491 1247 2491 1220 2491 1242 2492 1248 2492 1243 2492 1241 2493 1248 2493 1242 2493 1220 2494 1247 2494 1221 2494 1247 2495 1222 2495 1221 2495 1241 2496 1240 2496 1248 2496 1247 2497 1223 2497 1222 2497 1247 2498 1224 2498 1223 2498 1249 2499 1225 2499 1247 2499 1247 2500 1225 2500 1224 2500 1240 2501 1239 2501 1248 2501 1249 2502 1226 2502 1225 2502 1239 2503 1238 2503 1248 2503 1249 2504 1227 2504 1226 2504 1238 2505 1237 2505 1248 2505 1249 2506 1228 2506 1227 2506 1237 2507 1236 2507 1248 2507 1249 2508 1229 2508 1228 2508 1236 2509 1235 2509 1248 2509 1235 2510 1234 2510 1248 2510 1249 2511 1230 2511 1229 2511 1234 2512 1233 2512 1248 2512 1248 2513 1233 2513 1249 2513 1249 2514 1231 2514 1230 2514 1233 2515 1232 2515 1249 2515 1232 2516 1231 2516 1249 2516 1245 2517 1252 2517 1250 2517 1246 2518 1245 2518 1250 2518 1246 2519 1250 2519 1264 2519 1247 2520 1246 2520 1264 2520 1249 2521 1247 2521 1264 2521 1249 2522 1264 2522 1251 2522 1248 2523 1249 2523 1251 2523 1248 2524 1251 2524 1255 2524 1248 2525 1255 2525 1252 2525 1245 2526 1248 2526 1252 2526 1252 2527 1254 2527 1253 2527 1254 2528 1252 2528 1255 2528 1255 2529 1256 2529 1254 2529 1255 2530 1257 2530 1256 2530 1255 2531 1258 2531 1257 2531 1251 2532 1258 2532 1255 2532 1251 2533 1259 2533 1258 2533 1251 2534 1260 2534 1259 2534 1251 2535 1261 2535 1260 2535 1264 2536 1261 2536 1251 2536 1264 2537 1262 2537 1261 2537 1264 2538 1263 2538 1262 2538 1250 2539 1265 2539 1263 2539 1250 2540 1263 2540 1264 2540 1250 2541 1266 2541 1265 2541 1252 2542 1266 2542 1250 2542 1252 2543 1253 2543 1266 2543 1253 2544 1267 2544 1268 2544 1266 2545 1253 2545 1268 2545 1265 2546 1266 2546 1268 2546 1265 2547 1268 2547 1269 2547 1263 2548 1265 2548 1269 2548 1263 2549 1269 2549 1270 2549 1263 2550 1270 2550 1277 2550 1262 2551 1263 2551 1277 2551 1262 2552 1277 2552 1271 2552 1261 2553 1262 2553 1271 2553 1260 2554 1271 2554 1278 2554 1260 2555 1261 2555 1271 2555 1259 2556 1260 2556 1278 2556 1259 2557 1278 2557 1272 2557 1258 2558 1259 2558 1272 2558 1258 2559 1272 2559 1275 2559 1257 2560 1258 2560 1275 2560 1257 2561 1275 2561 1273 2561 1256 2562 1257 2562 1273 2562 1254 2563 1256 2563 1273 2563 1254 2564 1273 2564 1274 2564 1253 2565 1274 2565 1267 2565 1253 2566 1254 2566 1274 2566 1275 2567 1272 2567 1278 2567 1276 2568 1273 2568 1275 2568 1276 2569 1274 2569 1273 2569 1276 2570 1267 2570 1274 2570 1276 2571 1268 2571 1267 2571 1276 2572 1269 2572 1268 2572 1270 2573 1269 2573 1276 2573 1278 2574 1271 2574 1277 2574 1270 2575 1275 2575 1277 2575 1277 2576 1275 2576 1278 2576 1276 2577 1275 2577 1270 2577 1739 2578 1740 2578 1281 2578 1740 2579 1283 2579 1281 2579 1281 2580 1283 2580 1282 2580 1283 2581 1286 2581 1282 2581 1282 2582 1286 2582 1284 2582 1284 2583 1286 2583 1285 2583 1285 2584 1286 2584 1287 2584 1286 2585 1280 2585 1287 2585 1287 2586 1280 2586 1279 2586 1280 2587 1742 2587 1279 2587 1739 2588 1281 2588 1598 2588 1598 2589 1281 2589 1288 2589 1281 2590 1282 2590 1288 2590 1288 2591 1282 2591 1289 2591 1282 2592 1284 2592 1289 2592 1289 2593 1284 2593 1290 2593 1284 2594 1285 2594 1290 2594 1290 2595 1285 2595 1291 2595 1285 2596 1287 2596 1291 2596 1291 2597 1287 2597 1594 2597 1287 2598 1279 2598 1594 2598 1729 2599 1295 2599 1293 2599 1293 2600 1295 2600 1294 2600 1295 2601 1298 2601 1294 2601 1294 2602 1298 2602 1296 2602 1296 2603 1298 2603 1297 2603 1298 2604 1292 2604 1297 2604 1297 2605 1292 2605 1299 2605 1299 2606 1292 2606 1724 2606 1592 2607 1293 2607 1300 2607 1729 2608 1293 2608 1592 2608 1300 2609 1294 2609 1301 2609 1293 2610 1294 2610 1300 2610 1301 2611 1294 2611 1302 2611 1294 2612 1296 2612 1302 2612 1296 2613 1297 2613 1302 2613 1302 2614 1297 2614 1303 2614 1303 2615 1297 2615 1304 2615 1297 2616 1299 2616 1304 2616 1304 2617 1299 2617 1305 2617 1299 2618 1724 2618 1305 2618 1305 2619 1724 2619 1588 2619 1307 2620 1310 2620 1308 2620 1720 2621 1310 2621 1307 2621 1308 2622 1310 2622 1309 2622 1310 2623 1311 2623 1309 2623 1309 2624 1311 2624 1312 2624 1311 2625 1313 2625 1312 2625 1312 2626 1313 2626 1314 2626 1314 2627 1667 2627 1306 2627 1313 2628 1667 2628 1314 2628 1605 2629 1307 2629 1315 2629 1307 2630 1308 2630 1315 2630 1315 2631 1308 2631 1316 2631 1308 2632 1309 2632 1316 2632 1316 2633 1309 2633 1317 2633 1309 2634 1312 2634 1317 2634 1317 2635 1312 2635 1318 2635 1312 2636 1314 2636 1318 2636 1318 2637 1314 2637 1319 2637 1314 2638 1306 2638 1319 2638 1319 2639 1306 2639 1601 2639 1712 2640 1324 2640 1322 2640 1654 2641 1324 2641 1712 2641 1322 2642 1324 2642 1323 2642 1324 2643 1328 2643 1323 2643 1323 2644 1328 2644 1325 2644 1325 2645 1327 2645 1326 2645 1328 2646 1327 2646 1325 2646 1326 2647 1327 2647 1320 2647 1327 2648 1321 2648 1320 2648 1712 2649 1322 2649 1329 2649 1329 2650 1322 2650 1330 2650 1322 2651 1323 2651 1330 2651 1330 2652 1323 2652 1331 2652 1331 2653 1323 2653 1332 2653 1323 2654 1325 2654 1332 2654 1332 2655 1325 2655 1333 2655 1325 2656 1326 2656 1333 2656 1333 2657 1326 2657 1334 2657 1326 2658 1320 2658 1334 2658 1334 2659 1320 2659 1608 2659 1336 2660 1386 2660 1335 2660 1336 2661 1384 2661 1386 2661 1335 2662 1386 2662 1337 2662 1338 2663 1335 2663 1337 2663 1338 2664 1337 2664 1344 2664 1339 2665 1383 2665 1384 2665 1339 2666 1384 2666 1336 2666 1340 2667 1383 2667 1339 2667 1341 2668 1338 2668 1344 2668 1342 2669 1383 2669 1340 2669 1342 2670 1343 2670 1383 2670 1345 2671 1344 2671 1346 2671 1345 2672 1341 2672 1344 2672 1347 2673 1345 2673 1346 2673 1347 2674 1346 2674 1402 2674 1348 2675 1347 2675 1402 2675 1348 2676 1402 2676 1350 2676 1349 2677 1348 2677 1350 2677 1351 2678 1349 2678 1350 2678 1352 2679 1351 2679 1350 2679 1352 2680 1353 2680 1351 2680 1409 2681 1353 2681 1352 2681 1354 2682 1353 2682 1409 2682 1354 2683 1355 2683 1353 2683 1356 2684 1343 2684 1342 2684 1356 2685 1357 2685 1343 2685 1358 2686 1357 2686 1356 2686 1358 2687 1442 2687 1357 2687 1359 2688 1442 2688 1358 2688 1359 2689 1440 2689 1442 2689 1359 2690 1361 2690 1440 2690 1360 2691 1361 2691 1359 2691 1361 2692 1360 2692 1362 2692 1363 2693 1361 2693 1362 2693 1363 2694 1362 2694 1364 2694 1366 2695 1363 2695 1364 2695 1366 2696 1364 2696 1365 2696 1367 2697 1366 2697 1365 2697 1367 2698 1365 2698 1369 2698 1368 2699 1355 2699 1354 2699 1368 2700 1370 2700 1355 2700 1371 2701 1367 2701 1369 2701 1375 2702 1370 2702 1368 2702 1371 2703 1369 2703 1372 2703 1375 2704 1374 2704 1370 2704 1371 2705 1372 2705 1373 2705 1424 2706 1371 2706 1373 2706 1376 2707 1374 2707 1375 2707 1376 2708 1377 2708 1374 2708 1424 2709 1373 2709 1378 2709 1422 2710 1424 2710 1378 2710 1422 2711 1377 2711 1376 2711 1422 2712 1378 2712 1377 2712 1379 2713 1380 2713 1381 2713 1382 2714 1379 2714 1381 2714 1382 2715 1381 2715 1701 2715 1383 2716 1382 2716 1701 2716 1384 2717 1383 2717 1701 2717 1384 2718 1701 2718 1385 2718 1386 2719 1384 2719 1385 2719 1386 2720 1385 2720 1387 2720 1388 2721 1386 2721 1387 2721 1388 2722 1387 2722 1389 2722 1390 2723 1388 2723 1389 2723 1391 2724 1389 2724 1392 2724 1391 2725 1390 2725 1389 2725 1394 2726 1391 2726 1392 2726 1394 2727 1392 2727 1393 2727 1396 2728 1393 2728 1395 2728 1396 2729 1394 2729 1393 2729 1399 2730 1397 2730 1398 2730 1400 2731 1398 2731 1401 2731 1400 2732 1399 2732 1398 2732 1402 2733 1400 2733 1401 2733 1402 2734 1401 2734 1403 2734 1350 2735 1402 2735 1403 2735 1350 2736 1403 2736 1404 2736 1405 2737 1350 2737 1404 2737 1405 2738 1404 2738 1407 2738 1406 2739 1405 2739 1407 2739 1352 2740 1407 2740 1408 2740 1352 2741 1406 2741 1407 2741 1409 2742 1352 2742 1408 2742 1409 2743 1408 2743 1410 2743 1411 2744 1409 2744 1410 2744 1412 2745 1410 2745 1413 2745 1412 2746 1411 2746 1410 2746 1414 2747 1379 2747 1415 2747 1414 2748 1380 2748 1379 2748 1395 2749 1398 2749 1396 2749 1396 2750 1398 2750 1397 2750 1416 2751 1417 2751 1418 2751 1419 2752 1416 2752 1418 2752 1419 2753 1418 2753 1420 2753 1375 2754 1419 2754 1420 2754 1375 2755 1420 2755 1421 2755 1376 2756 1375 2756 1421 2756 1422 2757 1376 2757 1421 2757 1422 2758 1421 2758 1423 2758 1424 2759 1422 2759 1423 2759 1424 2760 1423 2760 1425 2760 1371 2761 1424 2761 1425 2761 1371 2762 1425 2762 1426 2762 1427 2763 1371 2763 1426 2763 1427 2764 1426 2764 1428 2764 1429 2765 1427 2765 1428 2765 1413 2766 1416 2766 1412 2766 1413 2767 1417 2767 1416 2767 1430 2768 1431 2768 1433 2768 1432 2769 1430 2769 1433 2769 1432 2770 1433 2770 1434 2770 1363 2771 1432 2771 1434 2771 1435 2772 1363 2772 1434 2772 1435 2773 1434 2773 1436 2773 1437 2774 1435 2774 1436 2774 1438 2775 1437 2775 1436 2775 1438 2776 1436 2776 1439 2776 1440 2777 1438 2777 1439 2777 1440 2778 1439 2778 1441 2778 1442 2779 1440 2779 1441 2779 1442 2780 1441 2780 1443 2780 1444 2781 1442 2781 1443 2781 1444 2782 1443 2782 1700 2782 1444 2783 1700 2783 1414 2783 1415 2784 1444 2784 1414 2784 1428 2785 1431 2785 1429 2785 1429 2786 1431 2786 1430 2786 1555 2787 1445 2787 1446 2787 1445 2788 1447 2788 1446 2788 1446 2789 1448 2789 1449 2789 1447 2790 1448 2790 1446 2790 1449 2791 1448 2791 1450 2791 1450 2792 1448 2792 1451 2792 1448 2793 1452 2793 1451 2793 1452 2794 1453 2794 1451 2794 1451 2795 1453 2795 1454 2795 1454 2796 1456 2796 1455 2796 1453 2797 1456 2797 1454 2797 1455 2798 1458 2798 1459 2798 1456 2799 1458 2799 1455 2799 1461 2800 1460 2800 1457 2800 1458 2801 1461 2801 1457 2801 1458 2802 1457 2802 1459 2802 1460 2803 1462 2803 1465 2803 1461 2804 1462 2804 1460 2804 1462 2805 1463 2805 1465 2805 1463 2806 1464 2806 1465 2806 1465 2807 1464 2807 1466 2807 1464 2808 1467 2808 1466 2808 1466 2809 1467 2809 1468 2809 1467 2810 1469 2810 1468 2810 1468 2811 1471 2811 1470 2811 1469 2812 1471 2812 1468 2812 1471 2813 1472 2813 1473 2813 1471 2814 1473 2814 1470 2814 1473 2815 1474 2815 1475 2815 1472 2816 1474 2816 1473 2816 1474 2817 1819 2817 1475 2817 1475 2818 1819 2818 1476 2818 1819 2819 1477 2819 1476 2819 1476 2820 1477 2820 1478 2820 1477 2821 1817 2821 1478 2821 1817 2822 1479 2822 1478 2822 1478 2823 1479 2823 1480 2823 1479 2824 1486 2824 1480 2824 1480 2825 1486 2825 1487 2825 1490 2826 1488 2826 1483 2826 1481 2827 1490 2827 1483 2827 1482 2828 1481 2828 1483 2828 1482 2829 1483 2829 1485 2829 1484 2830 1482 2830 1485 2830 1484 2831 1485 2831 1487 2831 1486 2832 1484 2832 1487 2832 1488 2833 1490 2833 1489 2833 1490 2834 1491 2834 1489 2834 1489 2835 1492 2835 1493 2835 1491 2836 1492 2836 1489 2836 1492 2837 1494 2837 1493 2837 1493 2838 1494 2838 1495 2838 1494 2839 1496 2839 1495 2839 1495 2840 1497 2840 1498 2840 1496 2841 1497 2841 1495 2841 1497 2842 1499 2842 1501 2842 1497 2843 1501 2843 1498 2843 1499 2844 1500 2844 1501 2844 1501 2845 1502 2845 1503 2845 1500 2846 1502 2846 1501 2846 1503 2847 1502 2847 1504 2847 1502 2848 1505 2848 1504 2848 1504 2849 1505 2849 1506 2849 1505 2850 1507 2850 1506 2850 1506 2851 1507 2851 1509 2851 1507 2852 1508 2852 1509 2852 1509 2853 1511 2853 1510 2853 1508 2854 1511 2854 1509 2854 1510 2855 1515 2855 1516 2855 1511 2856 1515 2856 1510 2856 1513 2857 1517 2857 1512 2857 1513 2858 1512 2858 1514 2858 1515 2859 1513 2859 1514 2859 1515 2860 1514 2860 1516 2860 1512 2861 1517 2861 1518 2861 1517 2862 1519 2862 1518 2862 1518 2863 1519 2863 1520 2863 1519 2864 1522 2864 1520 2864 1520 2865 1522 2865 1521 2865 1522 2866 1523 2866 1521 2866 1521 2867 1523 2867 1524 2867 1523 2868 1525 2868 1524 2868 1524 2869 1525 2869 1529 2869 1525 2870 1526 2870 1529 2870 1526 2871 1527 2871 1529 2871 1527 2872 1528 2872 1529 2872 1528 2873 1530 2873 1529 2873 1530 2874 1531 2874 1532 2874 1530 2875 1532 2875 1529 2875 1531 2876 1533 2876 1532 2876 1533 2877 1534 2877 1532 2877 1534 2878 1535 2878 1532 2878 1532 2879 1535 2879 1536 2879 1536 2880 1537 2880 1538 2880 1535 2881 1537 2881 1536 2881 1537 2882 1844 2882 1538 2882 1538 2883 1844 2883 1539 2883 1844 2884 1540 2884 1539 2884 1539 2885 1540 2885 1542 2885 1540 2886 1541 2886 1542 2886 1542 2887 1543 2887 1544 2887 1541 2888 1543 2888 1542 2888 1543 2889 1546 2889 1544 2889 1548 2890 1545 2890 1547 2890 1546 2891 1548 2891 1547 2891 1546 2892 1547 2892 1544 2892 1545 2893 1548 2893 1549 2893 1548 2894 1551 2894 1549 2894 1549 2895 1551 2895 1550 2895 1550 2896 1553 2896 1552 2896 1551 2897 1553 2897 1550 2897 1552 2898 1850 2898 1554 2898 1553 2899 1850 2899 1552 2899 1554 2900 1850 2900 1555 2900 1850 2901 1445 2901 1555 2901 1356 2902 1342 2902 1556 2902 1356 2903 1556 2903 1557 2903 1338 2904 1558 2904 1559 2904 1338 2905 1341 2905 1558 2905 1338 2906 1559 2906 1560 2906 1335 2907 1338 2907 1560 2907 1335 2908 1560 2908 1561 2908 1335 2909 1561 2909 1562 2909 1336 2910 1335 2910 1562 2910 1336 2911 1562 2911 1563 2911 1336 2912 1563 2912 1564 2912 1339 2913 1336 2913 1564 2913 1340 2914 1564 2914 1565 2914 1340 2915 1339 2915 1564 2915 1340 2916 1565 2916 1556 2916 1342 2917 1340 2917 1556 2917 1341 2918 1345 2918 1572 2918 1341 2919 1572 2919 1558 2919 1353 2920 1355 2920 1566 2920 1353 2921 1566 2921 1567 2921 1351 2922 1353 2922 1567 2922 1351 2923 1567 2923 1568 2923 1349 2924 1351 2924 1568 2924 1349 2925 1568 2925 1569 2925 1348 2926 1349 2926 1569 2926 1348 2927 1569 2927 1570 2927 1347 2928 1570 2928 1571 2928 1347 2929 1348 2929 1570 2929 1345 2930 1571 2930 1572 2930 1345 2931 1347 2931 1571 2931 1566 2932 1370 2932 1580 2932 1355 2933 1370 2933 1566 2933 1372 2934 1369 2934 1573 2934 1372 2935 1573 2935 1574 2935 1373 2936 1372 2936 1574 2936 1373 2937 1574 2937 1575 2937 1378 2938 1373 2938 1575 2938 1378 2939 1575 2939 1576 2939 1377 2940 1378 2940 1576 2940 1377 2941 1576 2941 1577 2941 1377 2942 1577 2942 1578 2942 1374 2943 1377 2943 1578 2943 1374 2944 1578 2944 1579 2944 1370 2945 1579 2945 1580 2945 1370 2946 1374 2946 1579 2946 1369 2947 1365 2947 1587 2947 1369 2948 1587 2948 1573 2948 1358 2949 1356 2949 1557 2949 1358 2950 1557 2950 1581 2950 1358 2951 1581 2951 1582 2951 1359 2952 1358 2952 1582 2952 1359 2953 1582 2953 1583 2953 1360 2954 1359 2954 1583 2954 1360 2955 1583 2955 1584 2955 1362 2956 1360 2956 1584 2956 1362 2957 1584 2957 1585 2957 1362 2958 1585 2958 1586 2958 1364 2959 1362 2959 1586 2959 1364 2960 1586 2960 1587 2960 1365 2961 1364 2961 1587 2961 1304 2962 1562 2962 1561 2962 1305 2963 1562 2963 1304 2963 1303 2964 1304 2964 1561 2964 1302 2965 1303 2965 1561 2965 1588 2966 1562 2966 1305 2966 1302 2967 1561 2967 1560 2967 1588 2968 1563 2968 1562 2968 1301 2969 1302 2969 1560 2969 1589 2970 1563 2970 1588 2970 1478 2971 1559 2971 1476 2971 1489 2972 1493 2972 1564 2972 1478 2973 1560 2973 1559 2973 1489 2974 1564 2974 1563 2974 1478 2975 1301 2975 1560 2975 1488 2976 1563 2976 1589 2976 1488 2977 1489 2977 1563 2977 1493 2978 1565 2978 1564 2978 1478 2979 1300 2979 1301 2979 1480 2980 1300 2980 1478 2980 1488 2981 1589 2981 1590 2981 1495 2982 1565 2982 1493 2982 1475 2983 1476 2983 1559 2983 1475 2984 1559 2984 1558 2984 1488 2985 1590 2985 1591 2985 1480 2986 1592 2986 1300 2986 1487 2987 1592 2987 1480 2987 1483 2988 1488 2988 1591 2988 1473 2989 1475 2989 1558 2989 1495 2990 1556 2990 1565 2990 1487 2991 1593 2991 1592 2991 1485 2992 1593 2992 1487 2992 1498 2993 1556 2993 1495 2993 1483 2994 1591 2994 1593 2994 1485 2995 1483 2995 1593 2995 1470 2996 1473 2996 1558 2996 1470 2997 1558 2997 1572 2997 1470 2998 1572 2998 1571 2998 1468 2999 1470 2999 1571 2999 1466 3000 1468 3000 1571 3000 1466 3001 1571 3001 1570 3001 1465 3002 1466 3002 1570 3002 1291 3003 1465 3003 1290 3003 1290 3004 1465 3004 1570 3004 1291 3005 1460 3005 1465 3005 1290 3006 1570 3006 1569 3006 1594 3007 1460 3007 1291 3007 1289 3008 1290 3008 1569 3008 1594 3009 1457 3009 1460 3009 1595 3010 1457 3010 1594 3010 1288 3011 1289 3011 1569 3011 1596 3012 1457 3012 1595 3012 1568 3013 1288 3013 1569 3013 1459 3014 1457 3014 1596 3014 1598 3015 1288 3015 1568 3015 1459 3016 1596 3016 1597 3016 1568 3017 1600 3017 1598 3017 1455 3018 1597 3018 1599 3018 1455 3019 1459 3019 1597 3019 1455 3020 1599 3020 1600 3020 1454 3021 1455 3021 1600 3021 1454 3022 1600 3022 1568 3022 1567 3023 1454 3023 1568 3023 1567 3024 1451 3024 1454 3024 1567 3025 1450 3025 1451 3025 1566 3026 1449 3026 1450 3026 1566 3027 1450 3027 1567 3027 1501 3028 1557 3028 1556 3028 1501 3029 1556 3029 1498 3029 1501 3030 1581 3030 1557 3030 1503 3031 1581 3031 1501 3031 1504 3032 1581 3032 1503 3032 1504 3033 1582 3033 1581 3033 1506 3034 1582 3034 1504 3034 1509 3035 1582 3035 1506 3035 1318 3036 1582 3036 1509 3036 1319 3037 1583 3037 1582 3037 1319 3038 1582 3038 1318 3038 1318 3039 1509 3039 1510 3039 1317 3040 1318 3040 1510 3040 1601 3041 1583 3041 1319 3041 1317 3042 1510 3042 1516 3042 1316 3043 1317 3043 1516 3043 1602 3044 1583 3044 1601 3044 1584 3045 1583 3045 1602 3045 1514 3046 1316 3046 1516 3046 1315 3047 1316 3047 1514 3047 1584 3048 1602 3048 1603 3048 1512 3049 1315 3049 1514 3049 1512 3050 1605 3050 1315 3050 1518 3051 1605 3051 1512 3051 1584 3052 1603 3052 1604 3052 1518 3053 1606 3053 1605 3053 1585 3054 1584 3054 1604 3054 1585 3055 1604 3055 1607 3055 1520 3056 1606 3056 1518 3056 1520 3057 1607 3057 1606 3057 1520 3058 1585 3058 1607 3058 1585 3059 1520 3059 1521 3059 1586 3060 1585 3060 1521 3060 1586 3061 1521 3061 1524 3061 1587 3062 1586 3062 1524 3062 1587 3063 1524 3063 1529 3063 1334 3064 1547 3064 1333 3064 1333 3065 1547 3065 1545 3065 1332 3066 1333 3066 1545 3066 1334 3067 1544 3067 1547 3067 1608 3068 1544 3068 1334 3068 1332 3069 1545 3069 1549 3069 1608 3070 1542 3070 1544 3070 1573 3071 1529 3071 1532 3071 1573 3072 1587 3072 1529 3072 1580 3073 1449 3073 1566 3073 1580 3074 1555 3074 1446 3074 1580 3075 1446 3075 1449 3075 1331 3076 1332 3076 1549 3076 1609 3077 1542 3077 1608 3077 1330 3078 1331 3078 1549 3078 1330 3079 1549 3079 1550 3079 1609 3080 1539 3080 1542 3080 1573 3081 1532 3081 1536 3081 1329 3082 1330 3082 1550 3082 1610 3083 1539 3083 1609 3083 1579 3084 1555 3084 1580 3084 1579 3085 1554 3085 1555 3085 1574 3086 1536 3086 1538 3086 1574 3087 1573 3087 1536 3087 1579 3088 1552 3088 1554 3088 1578 3089 1552 3089 1579 3089 1578 3090 1550 3090 1552 3090 1574 3091 1538 3091 1539 3091 1578 3092 1329 3092 1550 3092 1575 3093 1574 3093 1539 3093 1575 3094 1539 3094 1610 3094 1575 3095 1610 3095 1611 3095 1577 3096 1329 3096 1578 3096 1577 3097 1612 3097 1329 3097 1577 3098 1613 3098 1612 3098 1575 3099 1611 3099 1614 3099 1576 3100 1613 3100 1577 3100 1576 3101 1575 3101 1614 3101 1576 3102 1614 3102 1613 3102 1452 3103 1448 3103 1453 3103 1467 3104 1471 3104 1469 3104 1458 3105 1615 3105 1461 3105 1615 3106 1616 3106 1461 3106 1456 3107 1615 3107 1458 3107 1453 3108 1615 3108 1456 3108 1448 3109 1615 3109 1453 3109 1464 3110 1616 3110 1467 3110 1467 3111 1616 3111 1471 3111 1463 3112 1616 3112 1464 3112 1462 3113 1616 3113 1463 3113 1461 3114 1616 3114 1462 3114 1616 3115 1618 3115 1471 3115 1448 3116 1617 3116 1615 3116 1448 3117 1619 3117 1617 3117 1618 3118 1472 3118 1471 3118 1620 3119 1472 3119 1618 3119 1620 3120 1621 3120 1472 3120 1474 3121 1477 3121 1819 3121 1817 3122 1622 3122 1479 3122 1477 3123 1622 3123 1817 3123 1621 3124 1622 3124 1472 3124 1474 3125 1622 3125 1477 3125 1472 3126 1622 3126 1474 3126 1622 3127 1486 3127 1479 3127 1622 3128 1484 3128 1486 3128 1484 3129 1622 3129 1482 3129 1482 3130 1623 3130 1481 3130 1622 3131 1623 3131 1482 3131 1481 3132 1623 3132 1490 3132 1623 3133 1491 3133 1490 3133 1623 3134 1492 3134 1491 3134 1623 3135 1494 3135 1492 3135 1623 3136 1496 3136 1494 3136 1624 3137 1497 3137 1623 3137 1623 3138 1497 3138 1496 3138 1624 3139 1625 3139 1497 3139 1448 3140 1447 3140 1619 3140 1619 3141 1447 3141 1626 3141 1447 3142 1627 3142 1626 3142 1850 3143 1553 3143 1445 3143 1445 3144 1627 3144 1447 3144 1553 3145 1627 3145 1445 3145 1551 3146 1627 3146 1553 3146 1551 3147 1548 3147 1627 3147 1627 3148 1548 3148 1628 3148 1546 3149 1628 3149 1548 3149 1543 3150 1628 3150 1546 3150 1541 3151 1628 3151 1543 3151 1540 3152 1628 3152 1541 3152 1540 3153 1844 3153 1628 3153 1844 3154 1534 3154 1628 3154 1537 3155 1534 3155 1844 3155 1535 3156 1534 3156 1537 3156 1534 3157 1533 3157 1628 3157 1533 3158 1531 3158 1628 3158 1629 3159 1531 3159 1630 3159 1628 3160 1531 3160 1629 3160 1513 3161 1515 3161 1635 3161 1635 3162 1515 3162 1634 3162 1632 3163 1499 3163 1631 3163 1634 3164 1499 3164 1632 3164 1631 3165 1499 3165 1625 3165 1625 3166 1499 3166 1497 3166 1531 3167 1530 3167 1630 3167 1633 3168 1530 3168 1635 3168 1630 3169 1530 3169 1633 3169 1635 3170 1517 3170 1513 3170 1634 3171 1500 3171 1499 3171 1530 3172 1528 3172 1635 3172 1634 3173 1502 3173 1500 3173 1515 3174 1511 3174 1634 3174 1635 3175 1519 3175 1517 3175 1527 3176 1526 3176 1528 3176 1526 3177 1525 3177 1528 3177 1511 3178 1508 3178 1634 3178 1525 3179 1523 3179 1528 3179 1502 3180 1507 3180 1505 3180 1523 3181 1522 3181 1528 3181 1635 3182 1522 3182 1519 3182 1528 3183 1522 3183 1635 3183 1634 3184 1507 3184 1502 3184 1508 3185 1507 3185 1634 3185 1636 3186 1286 3186 1283 3186 1741 3187 1637 3187 1740 3187 1286 3188 1636 3188 1705 3188 1743 3189 1637 3189 1741 3189 1280 3190 1286 3190 1705 3190 1743 3191 1638 3191 1637 3191 1280 3192 1705 3192 1639 3192 1640 3193 1743 3193 1742 3193 1693 3194 1640 3194 1742 3194 1693 3195 1742 3195 1280 3195 1695 3196 1280 3196 1639 3196 1695 3197 1693 3197 1280 3197 1640 3198 1638 3198 1743 3198 1691 3199 1638 3199 1640 3199 1643 3200 1695 3200 1639 3200 1641 3201 1638 3201 1691 3201 1642 3202 1643 3202 1639 3202 1644 3203 1643 3203 1642 3203 1295 3204 1642 3204 1702 3204 1298 3205 1295 3205 1702 3205 1295 3206 1644 3206 1642 3206 1733 3207 1644 3207 1295 3207 1698 3208 1644 3208 1733 3208 1698 3209 1733 3209 1732 3209 1645 3210 1698 3210 1732 3210 1646 3211 1730 3211 1292 3211 1645 3212 1732 3212 1731 3212 1646 3213 1731 3213 1730 3213 1647 3214 1731 3214 1646 3214 1647 3215 1645 3215 1731 3215 1647 3216 1648 3216 1645 3216 1649 3217 1648 3217 1647 3217 1650 3218 1638 3218 1641 3218 1650 3219 1641 3219 1651 3219 1650 3220 1651 3220 1652 3220 1324 3221 1653 3221 1650 3221 1328 3222 1324 3222 1650 3222 1328 3223 1650 3223 1652 3223 1328 3224 1652 3224 1687 3224 1654 3225 1653 3225 1324 3225 1327 3226 1328 3226 1687 3226 1656 3227 1327 3227 1687 3227 1321 3228 1327 3228 1656 3228 1703 3229 1655 3229 1713 3229 1656 3230 1657 3230 1321 3230 1658 3231 1657 3231 1656 3231 1703 3232 1713 3232 1657 3232 1704 3233 1703 3233 1657 3233 1704 3234 1658 3234 1659 3234 1704 3235 1657 3235 1658 3235 1310 3236 1660 3236 1681 3236 1311 3237 1310 3237 1681 3237 1720 3238 1660 3238 1310 3238 1313 3239 1311 3239 1681 3239 1661 3240 1659 3240 1684 3240 1661 3241 1684 3241 1660 3241 1661 3242 1704 3242 1659 3242 1661 3243 1660 3243 1720 3243 1662 3244 1649 3244 1647 3244 1662 3245 1313 3245 1681 3245 1662 3246 1681 3246 1663 3246 1662 3247 1663 3247 1664 3247 1662 3248 1664 3248 1649 3248 1666 3249 1313 3249 1662 3249 1665 3250 1661 3250 1720 3250 1665 3251 1720 3251 1719 3251 1699 3252 1665 3252 1719 3252 1666 3253 1667 3253 1313 3253 1699 3254 1719 3254 1723 3254 1722 3255 1699 3255 1723 3255 1668 3256 1626 3256 1689 3256 1626 3257 1627 3257 1689 3257 1689 3258 1627 3258 1688 3258 1627 3259 1628 3259 1688 3259 1688 3260 1628 3260 1686 3260 1628 3261 1629 3261 1686 3261 1686 3262 1629 3262 1685 3262 1629 3263 1630 3263 1685 3263 1685 3264 1630 3264 1669 3264 1630 3265 1633 3265 1669 3265 1669 3266 1633 3266 1670 3266 1633 3267 1635 3267 1670 3267 1670 3268 1635 3268 1683 3268 1635 3269 1634 3269 1683 3269 1683 3270 1634 3270 1682 3270 1634 3271 1632 3271 1682 3271 1682 3272 1632 3272 1671 3272 1671 3273 1632 3273 1672 3273 1632 3274 1631 3274 1672 3274 1672 3275 1631 3275 1673 3275 1626 3276 1674 3276 1619 3276 1668 3277 1674 3277 1626 3277 1675 3278 1624 3278 1676 3278 1625 3279 1624 3279 1675 3279 1676 3280 1624 3280 1677 3280 1624 3281 1623 3281 1677 3281 1623 3282 1622 3282 1677 3282 1677 3283 1622 3283 1697 3283 1697 3284 1622 3284 1678 3284 1622 3285 1621 3285 1678 3285 1678 3286 1621 3286 1696 3286 1621 3287 1620 3287 1696 3287 1620 3288 1618 3288 1696 3288 1696 3289 1618 3289 1679 3289 1679 3290 1618 3290 1694 3290 1618 3291 1616 3291 1694 3291 1694 3292 1616 3292 1692 3292 1616 3293 1615 3293 1692 3293 1692 3294 1615 3294 1680 3294 1615 3295 1617 3295 1680 3295 1680 3296 1617 3296 1690 3296 1617 3297 1619 3297 1690 3297 1690 3298 1619 3298 1674 3298 1675 3299 1673 3299 1631 3299 1675 3300 1631 3300 1625 3300 1675 3301 1664 3301 1673 3301 1649 3302 1664 3302 1675 3302 1673 3303 1663 3303 1672 3303 1664 3304 1663 3304 1673 3304 1663 3305 1671 3305 1672 3305 1681 3306 1671 3306 1663 3306 1671 3307 1681 3307 1682 3307 1660 3308 1683 3308 1681 3308 1681 3309 1683 3309 1682 3309 1683 3310 1660 3310 1670 3310 1684 3311 1670 3311 1660 3311 1670 3312 1684 3312 1669 3312 1659 3313 1669 3313 1684 3313 1659 3314 1685 3314 1669 3314 1658 3315 1685 3315 1659 3315 1658 3316 1686 3316 1685 3316 1656 3317 1686 3317 1658 3317 1686 3318 1656 3318 1688 3318 1656 3319 1687 3319 1688 3319 1687 3320 1689 3320 1688 3320 1652 3321 1689 3321 1687 3321 1668 3322 1689 3322 1651 3322 1651 3323 1689 3323 1652 3323 1691 3324 1690 3324 1641 3324 1641 3325 1690 3325 1674 3325 1640 3326 1680 3326 1691 3326 1691 3327 1680 3327 1690 3327 1680 3328 1640 3328 1692 3328 1693 3329 1692 3329 1640 3329 1692 3330 1693 3330 1694 3330 1695 3331 1694 3331 1693 3331 1694 3332 1695 3332 1679 3332 1643 3333 1679 3333 1695 3333 1679 3334 1643 3334 1696 3334 1644 3335 1696 3335 1643 3335 1696 3336 1644 3336 1678 3336 1644 3337 1697 3337 1678 3337 1644 3338 1698 3338 1697 3338 1697 3339 1698 3339 1677 3339 1645 3340 1677 3340 1698 3340 1677 3341 1645 3341 1676 3341 1645 3342 1648 3342 1676 3342 1676 3343 1648 3343 1675 3343 1675 3344 1648 3344 1649 3344 1668 3345 1641 3345 1674 3345 1651 3346 1641 3346 1668 3346 1380 3347 1414 3347 1662 3347 1380 3348 1662 3348 1647 3348 1665 3349 1433 3349 1431 3349 1665 3350 1431 3350 1661 3350 1699 3351 1433 3351 1665 3351 1699 3352 1434 3352 1433 3352 1722 3353 1434 3353 1699 3353 1722 3354 1436 3354 1434 3354 1436 3355 1722 3355 1721 3355 1721 3356 1439 3356 1436 3356 1439 3357 1721 3357 1667 3357 1441 3358 1439 3358 1667 3358 1441 3359 1667 3359 1666 3359 1666 3360 1443 3360 1441 3360 1700 3361 1443 3361 1666 3361 1700 3362 1666 3362 1662 3362 1700 3363 1662 3363 1414 3363 1647 3364 1381 3364 1380 3364 1701 3365 1381 3365 1647 3365 1646 3366 1701 3366 1647 3366 1646 3367 1385 3367 1701 3367 1292 3368 1385 3368 1646 3368 1292 3369 1387 3369 1385 3369 1292 3370 1389 3370 1387 3370 1298 3371 1389 3371 1292 3371 1702 3372 1389 3372 1298 3372 1702 3373 1392 3373 1389 3373 1702 3374 1393 3374 1392 3374 1642 3375 1393 3375 1702 3375 1642 3376 1395 3376 1393 3376 1661 3377 1428 3377 1704 3377 1431 3378 1428 3378 1661 3378 1398 3379 1395 3379 1642 3379 1398 3380 1642 3380 1639 3380 1650 3381 1418 3381 1417 3381 1653 3382 1420 3382 1418 3382 1653 3383 1418 3383 1650 3383 1653 3384 1421 3384 1420 3384 1654 3385 1421 3385 1653 3385 1654 3386 1423 3386 1421 3386 1423 3387 1654 3387 1655 3387 1703 3388 1423 3388 1655 3388 1703 3389 1425 3389 1423 3389 1704 3390 1425 3390 1703 3390 1704 3391 1426 3391 1425 3391 1428 3392 1426 3392 1704 3392 1705 3393 1401 3393 1398 3393 1705 3394 1398 3394 1639 3394 1705 3395 1403 3395 1401 3395 1403 3396 1705 3396 1636 3396 1636 3397 1404 3397 1403 3397 1404 3398 1636 3398 1283 3398 1283 3399 1407 3399 1404 3399 1407 3400 1283 3400 1740 3400 1740 3401 1408 3401 1407 3401 1637 3402 1408 3402 1740 3402 1637 3403 1410 3403 1408 3403 1637 3404 1638 3404 1413 3404 1637 3405 1413 3405 1410 3405 1417 3406 1413 3406 1638 3406 1417 3407 1638 3407 1650 3407 1415 3408 1379 3408 1343 3408 1415 3409 1343 3409 1357 3409 1394 3410 1396 3410 1344 3410 1391 3411 1394 3411 1344 3411 1391 3412 1344 3412 1337 3412 1390 3413 1391 3413 1337 3413 1388 3414 1390 3414 1337 3414 1388 3415 1337 3415 1386 3415 1379 3416 1383 3416 1343 3416 1379 3417 1382 3417 1383 3417 1444 3418 1415 3418 1357 3418 1444 3419 1357 3419 1442 3419 1438 3420 1440 3420 1361 3420 1437 3421 1438 3421 1361 3421 1435 3422 1437 3422 1361 3422 1435 3423 1361 3423 1363 3423 1432 3424 1363 3424 1366 3424 1430 3425 1432 3425 1366 3425 1396 3426 1397 3426 1346 3426 1396 3427 1346 3427 1344 3427 1367 3428 1430 3428 1366 3428 1429 3429 1430 3429 1367 3429 1411 3430 1412 3430 1354 3430 1411 3431 1354 3431 1409 3431 1406 3432 1352 3432 1350 3432 1405 3433 1406 3433 1350 3433 1400 3434 1402 3434 1346 3434 1399 3435 1400 3435 1346 3435 1397 3436 1399 3436 1346 3436 1427 3437 1429 3437 1367 3437 1427 3438 1367 3438 1371 3438 1416 3439 1375 3439 1368 3439 1416 3440 1419 3440 1375 3440 1412 3441 1416 3441 1368 3441 1412 3442 1368 3442 1354 3442 1320 3443 1706 3443 1608 3443 1608 3444 1706 3444 1609 3444 1706 3445 1707 3445 1609 3445 1609 3446 1707 3446 1610 3446 1707 3447 1708 3447 1610 3447 1610 3448 1708 3448 1611 3448 1708 3449 1709 3449 1611 3449 1611 3450 1709 3450 1614 3450 1709 3451 1710 3451 1614 3451 1614 3452 1710 3452 1613 3452 1710 3453 1711 3453 1613 3453 1613 3454 1711 3454 1612 3454 1711 3455 1712 3455 1612 3455 1612 3456 1712 3456 1329 3456 1320 3457 1321 3457 1706 3457 1321 3458 1657 3458 1706 3458 1706 3459 1657 3459 1707 3459 1657 3460 1713 3460 1707 3460 1707 3461 1713 3461 1708 3461 1708 3462 1655 3462 1709 3462 1713 3463 1655 3463 1708 3463 1709 3464 1655 3464 1710 3464 1710 3465 1655 3465 1711 3465 1655 3466 1654 3466 1711 3466 1711 3467 1654 3467 1712 3467 1601 3468 1714 3468 1602 3468 1306 3469 1714 3469 1601 3469 1602 3470 1714 3470 1603 3470 1714 3471 1715 3471 1603 3471 1715 3472 1716 3472 1603 3472 1603 3473 1716 3473 1604 3473 1604 3474 1716 3474 1607 3474 1716 3475 1717 3475 1607 3475 1607 3476 1717 3476 1606 3476 1717 3477 1718 3477 1606 3477 1718 3478 1307 3478 1606 3478 1606 3479 1307 3479 1605 3479 1306 3480 1667 3480 1714 3480 1667 3481 1721 3481 1714 3481 1714 3482 1721 3482 1715 3482 1721 3483 1722 3483 1715 3483 1715 3484 1722 3484 1716 3484 1722 3485 1723 3485 1716 3485 1716 3486 1723 3486 1717 3486 1723 3487 1719 3487 1717 3487 1717 3488 1719 3488 1718 3488 1719 3489 1720 3489 1718 3489 1718 3490 1720 3490 1307 3490 1724 3491 1725 3491 1588 3491 1588 3492 1725 3492 1589 3492 1589 3493 1726 3493 1590 3493 1725 3494 1726 3494 1589 3494 1590 3495 1726 3495 1591 3495 1726 3496 1727 3496 1591 3496 1591 3497 1727 3497 1593 3497 1727 3498 1728 3498 1593 3498 1593 3499 1728 3499 1592 3499 1728 3500 1729 3500 1592 3500 1724 3501 1730 3501 1725 3501 1292 3502 1730 3502 1724 3502 1730 3503 1731 3503 1725 3503 1725 3504 1731 3504 1726 3504 1731 3505 1732 3505 1726 3505 1726 3506 1732 3506 1727 3506 1732 3507 1733 3507 1727 3507 1727 3508 1733 3508 1728 3508 1728 3509 1733 3509 1729 3509 1733 3510 1295 3510 1729 3510 1279 3511 1734 3511 1594 3511 1594 3512 1734 3512 1595 3512 1595 3513 1734 3513 1596 3513 1734 3514 1735 3514 1596 3514 1735 3515 1736 3515 1596 3515 1596 3516 1736 3516 1597 3516 1597 3517 1736 3517 1599 3517 1736 3518 1737 3518 1599 3518 1737 3519 1738 3519 1599 3519 1599 3520 1738 3520 1600 3520 1738 3521 1739 3521 1600 3521 1600 3522 1739 3522 1598 3522 1279 3523 1742 3523 1734 3523 1734 3524 1742 3524 1735 3524 1742 3525 1743 3525 1735 3525 1735 3526 1743 3526 1736 3526 1736 3527 1743 3527 1737 3527 1743 3528 1741 3528 1737 3528 1737 3529 1741 3529 1738 3529 1738 3530 1741 3530 1739 3530 1741 3531 1740 3531 1739 3531 1800 3532 1744 3532 1745 3532 1744 3533 1746 3533 1745 3533 1746 3534 1794 3534 1745 3534 1745 3535 1794 3535 1747 3535 1748 3536 1750 3536 1749 3536 1749 3537 1750 3537 1752 3537 1750 3538 1751 3538 1752 3538 1751 3539 1753 3539 1752 3539 1752 3540 1753 3540 1789 3540 1779 3541 1754 3541 1755 3541 1754 3542 1757 3542 1755 3542 1755 3543 1757 3543 1756 3543 1757 3544 1758 3544 1756 3544 1765 3545 1802 3545 1759 3545 1759 3546 1802 3546 1760 3546 1763 3547 1761 3547 1762 3547 1763 3548 1762 3548 1764 3548 1763 3549 1764 3549 1765 3549 1759 3550 1763 3550 1765 3550 1762 3551 1761 3551 1770 3551 1762 3552 1770 3552 1769 3552 1768 3553 1766 3553 1767 3553 1768 3554 1767 3554 1769 3554 1770 3555 1768 3555 1769 3555 1775 3556 1766 3556 1774 3556 1775 3557 1767 3557 1766 3557 1772 3558 1771 3558 1773 3558 1772 3559 1773 3559 1775 3559 1774 3560 1772 3560 1775 3560 1776 3561 1773 3561 1804 3561 1804 3562 1773 3562 1771 3562 1777 3563 1780 3563 1778 3563 1778 3564 1780 3564 1779 3564 1780 3565 1781 3565 1779 3565 1781 3566 1754 3566 1779 3566 1782 3567 1758 3567 1783 3567 1782 3568 1756 3568 1758 3568 1782 3569 1783 3569 1784 3569 1783 3570 1785 3570 1784 3570 1784 3571 1785 3571 1786 3571 1785 3572 1787 3572 1786 3572 1786 3573 1787 3573 1788 3573 1787 3574 1777 3574 1788 3574 1753 3575 1791 3575 1789 3575 1789 3576 1791 3576 1790 3576 1790 3577 1791 3577 1793 3577 1791 3578 1792 3578 1793 3578 1792 3579 1748 3579 1793 3579 1793 3580 1748 3580 1749 3580 1747 3581 1794 3581 1796 3581 1794 3582 1795 3582 1796 3582 1795 3583 1798 3583 1796 3583 1796 3584 1798 3584 1797 3584 1797 3585 1798 3585 1799 3585 1798 3586 1801 3586 1799 3586 1799 3587 1801 3587 1800 3587 1801 3588 1744 3588 1800 3588 1778 3589 1788 3589 1777 3589 1803 3590 1760 3590 1802 3590 1803 3591 1802 3591 1805 3591 1804 3592 1803 3592 1805 3592 1804 3593 1805 3593 1776 3593 1747 3594 1769 3594 1745 3594 1745 3595 1769 3595 1767 3595 1762 3596 1769 3596 1747 3596 1796 3597 1762 3597 1747 3597 1764 3598 1762 3598 1796 3598 1779 3599 1745 3599 1767 3599 1779 3600 1800 3600 1745 3600 1778 3601 1779 3601 1767 3601 1765 3602 1764 3602 1796 3602 1755 3603 1800 3603 1779 3603 1765 3604 1797 3604 1799 3604 1765 3605 1796 3605 1797 3605 1755 3606 1799 3606 1800 3606 1755 3607 1765 3607 1799 3607 1756 3608 1765 3608 1755 3608 1775 3609 1788 3609 1778 3609 1775 3610 1778 3610 1767 3610 1775 3611 1786 3611 1788 3611 1752 3612 1786 3612 1775 3612 1789 3613 1786 3613 1752 3613 1789 3614 1784 3614 1786 3614 1752 3615 1775 3615 1773 3615 1749 3616 1752 3616 1773 3616 1802 3617 1782 3617 1784 3617 1802 3618 1784 3618 1789 3618 1802 3619 1790 3619 1793 3619 1802 3620 1789 3620 1790 3620 1776 3621 1793 3621 1749 3621 1776 3622 1749 3622 1773 3622 1805 3623 1793 3623 1776 3623 1805 3624 1802 3624 1793 3624 1802 3625 1765 3625 1782 3625 1782 3626 1765 3626 1756 3626 1770 3627 1794 3627 1746 3627 1770 3628 1746 3628 1768 3628 1768 3629 1746 3629 1766 3629 1746 3630 1744 3630 1766 3630 1770 3631 1761 3631 1794 3631 1761 3632 1795 3632 1794 3632 1763 3633 1795 3633 1761 3633 1744 3634 1781 3634 1766 3634 1781 3635 1780 3635 1766 3635 1780 3636 1777 3636 1766 3636 1744 3637 1754 3637 1781 3637 1801 3638 1754 3638 1744 3638 1763 3639 1759 3639 1795 3639 1795 3640 1759 3640 1798 3640 1798 3641 1754 3641 1801 3641 1759 3642 1757 3642 1798 3642 1798 3643 1757 3643 1754 3643 1759 3644 1758 3644 1757 3644 1787 3645 1774 3645 1777 3645 1777 3646 1774 3646 1766 3646 1753 3647 1751 3647 1787 3647 1785 3648 1753 3648 1787 3648 1787 3649 1751 3649 1774 3649 1751 3650 1750 3650 1774 3650 1774 3651 1750 3651 1772 3651 1750 3652 1771 3652 1772 3652 1785 3653 1791 3653 1753 3653 1748 3654 1771 3654 1750 3654 1792 3655 1804 3655 1748 3655 1748 3656 1804 3656 1771 3656 1791 3657 1760 3657 1792 3657 1785 3658 1760 3658 1791 3658 1783 3659 1760 3659 1785 3659 1760 3660 1803 3660 1792 3660 1792 3661 1803 3661 1804 3661 1759 3662 1760 3662 1758 3662 1758 3663 1760 3663 1783 3663 1807 3664 1809 3664 1806 3664 1807 3665 1806 3665 1452 3665 1806 3666 1809 3666 1808 3666 1809 3667 1811 3667 1808 3667 1810 3668 1813 3668 1469 3668 1810 3669 1469 3669 1812 3669 1811 3670 1810 3670 1812 3670 1811 3671 1812 3671 1463 3671 1811 3672 1463 3672 1462 3672 1811 3673 1462 3673 1808 3673 1810 3674 1814 3674 1472 3674 1810 3675 1472 3675 1813 3675 1814 3676 1819 3676 1472 3676 1816 3677 1820 3677 1815 3677 1816 3678 1815 3678 1486 3678 1816 3679 1486 3679 1817 3679 1818 3680 1816 3680 1817 3680 1818 3681 1817 3681 1819 3681 1814 3682 1818 3682 1819 3682 1815 3683 1820 3683 1822 3683 1820 3684 1821 3684 1822 3684 1824 3685 1826 3685 1823 3685 1824 3686 1823 3686 1492 3686 1824 3687 1492 3687 1491 3687 1824 3688 1491 3688 1822 3688 1821 3689 1824 3689 1822 3689 1825 3690 1497 3690 1823 3690 1826 3691 1825 3691 1823 3691 1825 3692 1827 3692 1499 3692 1825 3693 1499 3693 1497 3693 1831 3694 1830 3694 1500 3694 1827 3695 1500 3695 1499 3695 1827 3696 1831 3696 1500 3696 1832 3697 1833 3697 1511 3697 1832 3698 1511 3698 1828 3698 1829 3699 1832 3699 1828 3699 1829 3700 1828 3700 1830 3700 1831 3701 1829 3701 1830 3701 1832 3702 1839 3702 1833 3702 1835 3703 1527 3703 1526 3703 1835 3704 1526 3704 1834 3704 1836 3705 1835 3705 1834 3705 1836 3706 1834 3706 1522 3706 1837 3707 1836 3707 1522 3707 1837 3708 1522 3708 1838 3708 1839 3709 1837 3709 1838 3709 1839 3710 1838 3710 1517 3710 1839 3711 1517 3711 1833 3711 1835 3712 1840 3712 1528 3712 1835 3713 1528 3713 1527 3713 1835 3714 1842 3714 1531 3714 1835 3715 1531 3715 1840 3715 1842 3716 1841 3716 1533 3716 1842 3717 1533 3717 1531 3717 1843 3718 1847 3718 1543 3718 1843 3719 1543 3719 1541 3719 1843 3720 1541 3720 1844 3720 1845 3721 1843 3721 1844 3721 1845 3722 1844 3722 1841 3722 1842 3723 1845 3723 1841 3723 1843 3724 1846 3724 1847 3724 1846 3725 1851 3725 1847 3725 1849 3726 1848 3726 1854 3726 1849 3727 1854 3727 1850 3727 1849 3728 1850 3728 1852 3728 1851 3729 1849 3729 1852 3729 1851 3730 1852 3730 1548 3730 1851 3731 1548 3731 1847 3731 1848 3732 1853 3732 1447 3732 1848 3733 1447 3733 1854 3733 1853 3734 1855 3734 1856 3734 1853 3735 1856 3735 1447 3735 1855 3736 1452 3736 1856 3736 1855 3737 1807 3737 1452 3737 1528 3738 1526 3738 1527 3738 1528 3739 1834 3739 1526 3739 1859 3740 1517 3740 1838 3740 1859 3741 1833 3741 1517 3741 1859 3742 1857 3742 1833 3742 1858 3743 1833 3743 1857 3743 1858 3744 1511 3744 1833 3744 1858 3745 1828 3745 1511 3745 1858 3746 1830 3746 1828 3746 1859 3747 1522 3747 1834 3747 1859 3748 1838 3748 1522 3748 1859 3749 1528 3749 1840 3749 1859 3750 1834 3750 1528 3750 1858 3751 1500 3751 1830 3751 1858 3752 1499 3752 1500 3752 1860 3753 1499 3753 1858 3753 1861 3754 1859 3754 1840 3754 1863 3755 1861 3755 1840 3755 1862 3756 1499 3756 1860 3756 1531 3757 1863 3757 1840 3757 1864 3758 1863 3758 1531 3758 1865 3759 1864 3759 1531 3759 1865 3760 1531 3760 1533 3760 1865 3761 1533 3761 1841 3761 1865 3762 1841 3762 1844 3762 1541 3763 1865 3763 1844 3763 1543 3764 1865 3764 1541 3764 1847 3765 1865 3765 1543 3765 1847 3766 1866 3766 1865 3766 1867 3767 1548 3767 1852 3767 1867 3768 1866 3768 1847 3768 1867 3769 1847 3769 1548 3769 1850 3770 1867 3770 1852 3770 1854 3771 1867 3771 1850 3771 1447 3772 1867 3772 1854 3772 1447 3773 1868 3773 1867 3773 1869 3774 1868 3774 1447 3774 1497 3775 1871 3775 1870 3775 1497 3776 1499 3776 1862 3776 1497 3777 1862 3777 1871 3777 1872 3778 1497 3778 1870 3778 1872 3779 1823 3779 1497 3779 1872 3780 1492 3780 1823 3780 1872 3781 1491 3781 1492 3781 1872 3782 1822 3782 1491 3782 1822 3783 1872 3783 1873 3783 1873 3784 1815 3784 1822 3784 1874 3785 1815 3785 1873 3785 1874 3786 1486 3786 1815 3786 1874 3787 1817 3787 1486 3787 1819 3788 1817 3788 1874 3788 1472 3789 1819 3789 1874 3789 1472 3790 1874 3790 1875 3790 1876 3791 1472 3791 1875 3791 1879 3792 1869 3792 1447 3792 1808 3793 1877 3793 1882 3793 1813 3794 1472 3794 1876 3794 1813 3795 1876 3795 1878 3795 1856 3796 1879 3796 1447 3796 1856 3797 1880 3797 1879 3797 1856 3798 1881 3798 1880 3798 1856 3799 1882 3799 1881 3799 1806 3800 1808 3800 1882 3800 1813 3801 1878 3801 1877 3801 1452 3802 1882 3802 1856 3802 1469 3803 1813 3803 1877 3803 1462 3804 1877 3804 1808 3804 1463 3805 1877 3805 1462 3805 1812 3806 1877 3806 1463 3806 1812 3807 1469 3807 1877 3807 1806 3808 1882 3808 1452 3808 1883 3809 1885 3809 1839 3809 1832 3810 1883 3810 1839 3810 1839 3811 1885 3811 1837 3811 1829 3812 1884 3812 1832 3812 1832 3813 1884 3813 1883 3813 1836 3814 1885 3814 1835 3814 1837 3815 1885 3815 1836 3815 1827 3816 1884 3816 1831 3816 1831 3817 1884 3817 1829 3817 1827 3818 1888 3818 1884 3818 1885 3819 1886 3819 1835 3819 1886 3820 1887 3820 1835 3820 1827 3821 1889 3821 1888 3821 1887 3822 1842 3822 1835 3822 1890 3823 1842 3823 1887 3823 1890 3824 1891 3824 1842 3824 1845 3825 1891 3825 1843 3825 1842 3826 1891 3826 1845 3826 1891 3827 1846 3827 1843 3827 1891 3828 1892 3828 1846 3828 1846 3829 1892 3829 1851 3829 1892 3830 1893 3830 1851 3830 1893 3831 1849 3831 1851 3831 1893 3832 1848 3832 1849 3832 1894 3833 1853 3833 1893 3833 1893 3834 1853 3834 1848 3834 1894 3835 1895 3835 1853 3835 1889 3836 1825 3836 1897 3836 1827 3837 1825 3837 1889 3837 1897 3838 1825 3838 1896 3838 1825 3839 1898 3839 1896 3839 1826 3840 1898 3840 1825 3840 1824 3841 1898 3841 1826 3841 1821 3842 1898 3842 1824 3842 1898 3843 1821 3843 1899 3843 1821 3844 1820 3844 1899 3844 1820 3845 1900 3845 1899 3845 1816 3846 1900 3846 1820 3846 1816 3847 1818 3847 1900 3847 1818 3848 1814 3848 1900 3848 1900 3849 1814 3849 1901 3849 1814 3850 1904 3850 1901 3850 1908 3851 1809 3851 1902 3851 1814 3852 1810 3852 1904 3852 1904 3853 1810 3853 1903 3853 1906 3854 1855 3854 1905 3854 1907 3855 1855 3855 1906 3855 1902 3856 1855 3856 1907 3856 1905 3857 1855 3857 1895 3857 1895 3858 1855 3858 1853 3858 1903 3859 1810 3859 1908 3859 1908 3860 1811 3860 1809 3860 1902 3861 1807 3861 1855 3861 1809 3862 1807 3862 1902 3862 1810 3863 1811 3863 1908 3863 1889 3864 1871 3864 1862 3864 1889 3865 1897 3865 1871 3865 1905 3866 1880 3866 1906 3866 1879 3867 1880 3867 1905 3867 1906 3868 1880 3868 1907 3868 1880 3869 1881 3869 1907 3869 1907 3870 1882 3870 1902 3870 1881 3871 1882 3871 1907 3871 1902 3872 1882 3872 1908 3872 1882 3873 1877 3873 1908 3873 1877 3874 1878 3874 1908 3874 1908 3875 1878 3875 1903 3875 1903 3876 1876 3876 1904 3876 1878 3877 1876 3877 1903 3877 1904 3878 1876 3878 1901 3878 1876 3879 1875 3879 1901 3879 1901 3880 1874 3880 1900 3880 1875 3881 1874 3881 1901 3881 1874 3882 1873 3882 1900 3882 1900 3883 1873 3883 1899 3883 1873 3884 1872 3884 1899 3884 1899 3885 1872 3885 1898 3885 1872 3886 1870 3886 1898 3886 1898 3887 1870 3887 1896 3887 1896 3888 1871 3888 1897 3888 1870 3889 1871 3889 1896 3889 1905 3890 1895 3890 1879 3890 1879 3891 1895 3891 1869 3891 1862 3892 1860 3892 1889 3892 1889 3893 1860 3893 1888 3893 1888 3894 1858 3894 1884 3894 1860 3895 1858 3895 1888 3895 1884 3896 1857 3896 1883 3896 1858 3897 1857 3897 1884 3897 1883 3898 1857 3898 1885 3898 1857 3899 1859 3899 1885 3899 1885 3900 1859 3900 1886 3900 1859 3901 1861 3901 1886 3901 1886 3902 1861 3902 1887 3902 1861 3903 1863 3903 1887 3903 1887 3904 1863 3904 1890 3904 1863 3905 1864 3905 1890 3905 1890 3906 1865 3906 1891 3906 1864 3907 1865 3907 1890 3907 1865 3908 1866 3908 1891 3908 1891 3909 1866 3909 1892 3909 1866 3910 1867 3910 1892 3910 1892 3911 1867 3911 1893 3911 1867 3912 1868 3912 1893 3912 1893 3913 1868 3913 1894 3913 1894 3914 1869 3914 1895 3914 1868 3915 1869 3915 1894 3915 1913 3916 1910 3916 1909 3916 1913 3917 1911 3917 1910 3917 1913 3918 1912 3918 1911 3918 1913 3919 1915 3919 1914 3919 1913 3920 1944 3920 1915 3920 1941 3921 1947 3921 1909 3921 1920 3922 1941 3922 1909 3922 1920 3923 1909 3923 1910 3923 1921 3924 1920 3924 1910 3924 1921 3925 1910 3925 1911 3925 1922 3926 1921 3926 1911 3926 1922 3927 1911 3927 1912 3927 1923 3928 1922 3928 1912 3928 1923 3929 1912 3929 1913 3929 1924 3930 1923 3930 1913 3930 1924 3931 1913 3931 1914 3931 1925 3932 1924 3932 1914 3932 1925 3933 1914 3933 1915 3933 1926 3934 1924 3934 1925 3934 1934 3935 1941 3935 1920 3935 1927 3936 1934 3936 1920 3936 1927 3937 1920 3937 1921 3937 1930 3938 1927 3938 1921 3938 1930 3939 1921 3939 1922 3939 1928 3940 1930 3940 1922 3940 1928 3941 1922 3941 1923 3941 1928 3942 1923 3942 1924 3942 1926 3943 1928 3943 1924 3943 1929 3944 1931 3944 1934 3944 1929 3945 1934 3945 1927 3945 1930 3946 1929 3946 1927 3946 1933 3947 1928 3947 1926 3947 1917 3948 1916 3948 1931 3948 1931 3949 1916 3949 1932 3949 1929 3950 1917 3950 1931 3950 1932 3951 1916 3951 1933 3951 1929 3952 1918 3952 1917 3952 1929 3953 1930 3953 1918 3953 1918 3954 1933 3954 1916 3954 1918 3955 1928 3955 1933 3955 1930 3956 1928 3956 1918 3956 1933 3957 1926 3957 1936 3957 1932 3958 1933 3958 1936 3958 1931 3959 1932 3959 1934 3959 1926 3960 1925 3960 1935 3960 1936 3961 1935 3961 1937 3961 1936 3962 1926 3962 1935 3962 1936 3963 1937 3963 1938 3963 1936 3964 1938 3964 1939 3964 1932 3965 1936 3965 1939 3965 1932 3966 1939 3966 1940 3966 1934 3967 1932 3967 1940 3967 1934 3968 1940 3968 1941 3968 1935 3969 1925 3969 1915 3969 1935 3970 1915 3970 1942 3970 1937 3971 1935 3971 1942 3971 1937 3972 1942 3972 1943 3972 1938 3973 1937 3973 1943 3973 1938 3974 1943 3974 1944 3974 1939 3975 1944 3975 1945 3975 1939 3976 1938 3976 1944 3976 1940 3977 1939 3977 1945 3977 1940 3978 1945 3978 1946 3978 1941 3979 1940 3979 1946 3979 1941 3980 1946 3980 1947 3980 1944 3981 1909 3981 1947 3981 1913 3982 1909 3982 1944 3982 1919 3983 1948 3983 1949 3983 1949 3984 1917 3984 1919 3984 1918 3985 1916 3985 1948 3985 1916 3986 1949 3986 1948 3986 1916 3987 1917 3987 1949 3987 1919 3988 1917 3988 1918 3988 1918 3989 1948 3989 1919 3989 1944 3990 1942 3990 1915 3990 1944 3991 1943 3991 1942 3991 1944 3992 1946 3992 1945 3992 1944 3993 1947 3993 1946 3993 1953 3994 1951 3994 1950 3994 1953 3995 1952 3995 1951 3995 1953 3996 1977 3996 1954 3996 1956 3997 1971 3997 1986 3997 1956 3998 1986 3998 1950 3998 1957 3999 1956 3999 1950 3999 1957 4000 1950 4000 1951 4000 1957 4001 1951 4001 1952 4001 1958 4002 1957 4002 1952 4002 1958 4003 1952 4003 1953 4003 1959 4004 1958 4004 1953 4004 1960 4005 1959 4005 1953 4005 1960 4006 1953 4006 1954 4006 1972 4007 1954 4007 1977 4007 1972 4008 1960 4008 1954 4008 1961 4009 1964 4009 1960 4009 1961 4010 1960 4010 1972 4010 1962 4011 1971 4011 1956 4011 1962 4012 1970 4012 1971 4012 1963 4013 1962 4013 1956 4013 1963 4014 1956 4014 1957 4014 1964 4015 1963 4015 1957 4015 1964 4016 1957 4016 1958 4016 1964 4017 1958 4017 1959 4017 1964 4018 1959 4018 1960 4018 1966 4019 1970 4019 1962 4019 1963 4020 1966 4020 1962 4020 1966 4021 1967 4021 1965 4021 1965 4022 1967 4022 1968 4022 1967 4023 1983 4023 1968 4023 1966 4024 1963 4024 1955 4024 1963 4025 1964 4025 1955 4025 1983 4026 1961 4026 1968 4026 1955 4027 1961 4027 1983 4027 1964 4028 1961 4028 1955 4028 1965 4029 1968 4029 1969 4029 1965 4030 1969 4030 1970 4030 1966 4031 1965 4031 1970 4031 1970 4032 1976 4032 1971 4032 1968 4033 1961 4033 1972 4033 1968 4034 1972 4034 1973 4034 1968 4035 1973 4035 1974 4035 1969 4036 1968 4036 1974 4036 1969 4037 1974 4037 1975 4037 1970 4038 1969 4038 1975 4038 1970 4039 1975 4039 1976 4039 1972 4040 1977 4040 1978 4040 1973 4041 1972 4041 1978 4041 1973 4042 1978 4042 1979 4042 1974 4043 1973 4043 1979 4043 1974 4044 1979 4044 1980 4044 1975 4045 1974 4045 1980 4045 1975 4046 1980 4046 1981 4046 1976 4047 1975 4047 1981 4047 1976 4048 1981 4048 1982 4048 1971 4049 1976 4049 1982 4049 1971 4050 1982 4050 1986 4050 1979 4051 1950 4051 1980 4051 1980 4052 1950 4052 1986 4052 1953 4053 1950 4053 1979 4053 1985 4054 1984 4054 1967 4054 1985 4055 1955 4055 1984 4055 1955 4056 1983 4056 1984 4056 1983 4057 1967 4057 1984 4057 1967 4058 1966 4058 1985 4058 1966 4059 1955 4059 1985 4059 1979 4060 1977 4060 1953 4060 1979 4061 1978 4061 1977 4061 1986 4062 1981 4062 1980 4062 1986 4063 1982 4063 1981 4063 1990 4064 1988 4064 1987 4064 1990 4065 1989 4065 1988 4065 1990 4066 1992 4066 1991 4066 1993 4067 1992 4067 1990 4067 1994 4068 2024 4068 2022 4068 1997 4069 1996 4069 1987 4069 1997 4070 1987 4070 1988 4070 1998 4071 1997 4071 1988 4071 1998 4072 1988 4072 1989 4072 1999 4073 1998 4073 1989 4073 1999 4074 1989 4074 1990 4074 1999 4075 1990 4075 1991 4075 2000 4076 1999 4076 1991 4076 2001 4077 2000 4077 1991 4077 2001 4078 1991 4078 1992 4078 2001 4079 1992 4079 1993 4079 2002 4080 2001 4080 1993 4080 2004 4081 2001 4081 2002 4081 2004 4082 2002 4082 2009 4082 2003 4083 1996 4083 1997 4083 2003 4084 2008 4084 1996 4084 2003 4085 1997 4085 1998 4085 2003 4086 1998 4086 1999 4086 2005 4087 2003 4087 1999 4087 2005 4088 1999 4088 2000 4088 2004 4089 2005 4089 2000 4089 2004 4090 2000 4090 2001 4090 1994 4091 2008 4091 2003 4091 2005 4092 1994 4092 2003 4092 2005 4093 2004 4093 1995 4093 2008 4094 2022 4094 2006 4094 2006 4095 2022 4095 2007 4095 1994 4096 2022 4096 2008 4096 2022 4097 2020 4097 2007 4097 1995 4098 2007 4098 2020 4098 1995 4099 2009 4099 2007 4099 1995 4100 2004 4100 2009 4100 1994 4101 2005 4101 1995 4101 2007 4102 2009 4102 2012 4102 2006 4103 2007 4103 2012 4103 2008 4104 2006 4104 2014 4104 2008 4105 2014 4105 1996 4105 2009 4106 2002 4106 2010 4106 2012 4107 2009 4107 2010 4107 2012 4108 2010 4108 2011 4108 2012 4109 2011 4109 2013 4109 2006 4110 2012 4110 2013 4110 2006 4111 2013 4111 2014 4111 2002 4112 1993 4112 2015 4112 2010 4113 2002 4113 2015 4113 2010 4114 2015 4114 2016 4114 2011 4115 2010 4115 2016 4115 2011 4116 2016 4116 2017 4116 2013 4117 2011 4117 2017 4117 2013 4118 2017 4118 2018 4118 2014 4119 2013 4119 2018 4119 2014 4120 2018 4120 2019 4120 2014 4121 2019 4121 1987 4121 1996 4122 2014 4122 1987 4122 1993 4123 1990 4123 2017 4123 2017 4124 1987 4124 2019 4124 1990 4125 1987 4125 2017 4125 2022 4126 2021 4126 2020 4126 2021 4127 2024 4127 2023 4127 2020 4128 2021 4128 2023 4128 1995 4129 2020 4129 2023 4129 2022 4130 2024 4130 2021 4130 1994 4131 1995 4131 2024 4131 1995 4132 2023 4132 2024 4132 2017 4133 2015 4133 1993 4133 2017 4134 2016 4134 2015 4134 2019 4135 2018 4135 2017 4135 2026 4136 2027 4136 2025 4136 2030 4137 2029 4137 2028 4137 2032 4138 2048 4138 2026 4138 2032 4139 2026 4139 2025 4139 2033 4140 2032 4140 2025 4140 2033 4141 2025 4141 2027 4141 2033 4142 2027 4142 2028 4142 2034 4143 2033 4143 2028 4143 2035 4144 2034 4144 2028 4144 2035 4145 2028 4145 2029 4145 2035 4146 2029 4146 2030 4146 2036 4147 2035 4147 2030 4147 2036 4148 2030 4148 2057 4148 2044 4149 2037 4149 2036 4149 2049 4150 2048 4150 2032 4150 2038 4151 2049 4151 2032 4151 2038 4152 2032 4152 2033 4152 2039 4153 2033 4153 2034 4153 2039 4154 2038 4154 2033 4154 2039 4155 2034 4155 2035 4155 2037 4156 2039 4156 2035 4156 2037 4157 2035 4157 2036 4157 2038 4158 2042 4158 2049 4158 2040 4159 2038 4159 2039 4159 2037 4160 2040 4160 2039 4160 2042 4161 2062 4161 2041 4161 2041 4162 2062 4162 2043 4162 2042 4163 2031 4163 2062 4163 2038 4164 2031 4164 2042 4164 2062 4165 2063 4165 2043 4165 2043 4166 2063 4166 2044 4166 2038 4167 2040 4167 2031 4167 2031 4168 2040 4168 2063 4168 2063 4169 2037 4169 2044 4169 2040 4170 2037 4170 2063 4170 2041 4171 2045 4171 2054 4171 2041 4172 2043 4172 2045 4172 2041 4173 2054 4173 2046 4173 2042 4174 2041 4174 2046 4174 2042 4175 2046 4175 2049 4175 2049 4176 2046 4176 2047 4176 2049 4177 2047 4177 2048 4177 2044 4178 2036 4178 2050 4178 2044 4179 2050 4179 2051 4179 2043 4180 2051 4180 2052 4180 2043 4181 2044 4181 2051 4181 2045 4182 2043 4182 2052 4182 2045 4183 2052 4183 2053 4183 2054 4184 2045 4184 2053 4184 2054 4185 2053 4185 2055 4185 2046 4186 2054 4186 2055 4186 2046 4187 2055 4187 2056 4187 2046 4188 2056 4188 2047 4188 2050 4189 2036 4189 2057 4189 2050 4190 2057 4190 2058 4190 2051 4191 2050 4191 2058 4191 2051 4192 2058 4192 2066 4192 2052 4193 2051 4193 2066 4193 2052 4194 2066 4194 2059 4194 2053 4195 2052 4195 2059 4195 2053 4196 2059 4196 2067 4196 2055 4197 2053 4197 2067 4197 2055 4198 2067 4198 2060 4198 2056 4199 2055 4199 2060 4199 2047 4200 2056 4200 2060 4200 2047 4201 2060 4201 2061 4201 2048 4202 2061 4202 2026 4202 2048 4203 2047 4203 2061 4203 2030 4204 2026 4204 2066 4204 2027 4205 2026 4205 2028 4205 2066 4206 2026 4206 2067 4206 2028 4207 2026 4207 2030 4207 2031 4208 2063 4208 2065 4208 2065 4209 2063 4209 2064 4209 2065 4210 2064 4210 2062 4210 2063 4211 2062 4211 2064 4211 2031 4212 2065 4212 2062 4212 2030 4213 2058 4213 2057 4213 2066 4214 2058 4214 2030 4214 2067 4215 2059 4215 2066 4215 2067 4216 2061 4216 2060 4216 2026 4217 2061 4217 2067 4217 2069 4218 2068 4218 2170 4218 2069 4219 2170 4219 2175 4219 2069 4220 2175 4220 2191 4220 2069 4221 2191 4221 2090 4221 2070 4222 2090 4222 2191 4222 2072 4223 2071 4223 2176 4223 2073 4224 2177 4224 2182 4224 2073 4225 2072 4225 2177 4225 2073 4226 2182 4226 2183 4226 2074 4227 2073 4227 2183 4227 2074 4228 2183 4228 2075 4228 2076 4229 2184 4229 2077 4229 2079 4230 2078 4230 2178 4230 2082 4231 2081 4231 2181 4231 2082 4232 2181 4232 2171 4232 2089 4233 2302 4233 2085 4233 2089 4234 2088 4234 2302 4234 2073 4235 2070 4235 2071 4235 2073 4236 2090 4236 2070 4236 2097 4237 2078 4237 2079 4237 2083 4238 2073 4238 2076 4238 2083 4239 2076 4239 2097 4239 2084 4240 2086 4240 2083 4240 2087 4241 2085 4241 2086 4241 2087 4242 2086 4242 2084 4242 2073 4243 2071 4243 2072 4243 2090 4244 2315 4244 2068 4244 2076 4245 2078 4245 2097 4245 2097 4246 2079 4246 2080 4246 2097 4247 2080 4247 2082 4247 2089 4248 2085 4248 2096 4248 2096 4249 2087 4249 2095 4249 2096 4250 2099 4250 2089 4250 2096 4251 2095 4251 2100 4251 2073 4252 2074 4252 2076 4252 2076 4253 2077 4253 2078 4253 2091 4254 2315 4254 2090 4254 2082 4255 2080 4255 2081 4255 2091 4256 2092 4256 2315 4256 2091 4257 2073 4257 2083 4257 2083 4258 2097 4258 2093 4258 2094 4259 2092 4259 2091 4259 2091 4260 2083 4260 2086 4260 2084 4261 2083 4261 2093 4261 2094 4262 2091 4262 2086 4262 2317 4263 2084 4263 2307 4263 2085 4264 2309 4264 2316 4264 2087 4265 2317 4265 2318 4265 2095 4266 2087 4266 2318 4266 2085 4267 2087 4267 2096 4267 2299 4268 2095 4268 2318 4268 2300 4269 2299 4269 2318 4269 2090 4270 2073 4270 2091 4270 2085 4271 2094 4271 2086 4271 2084 4272 2317 4272 2087 4272 2090 4273 2068 4273 2069 4273 2098 4274 2088 4274 2089 4274 2099 4275 2098 4275 2089 4275 2120 4276 2099 4276 2096 4276 2100 4277 2120 4277 2096 4277 2100 4278 2095 4278 2299 4278 2101 4279 2100 4279 2299 4279 2294 4280 2101 4280 2299 4280 2285 4281 2107 4281 2102 4281 2119 4282 2088 4282 2098 4282 2122 4283 2120 4283 2124 4283 2123 4284 2122 4284 2124 4284 2123 4285 2124 4285 2105 4285 2106 4286 2105 4286 2124 4286 2125 4287 2123 4287 2105 4287 2125 4288 2109 4288 2285 4288 2118 4289 2110 4289 2105 4289 2111 4290 2112 4290 2118 4290 2111 4291 2103 4291 2112 4291 2119 4292 2098 4292 2099 4292 2101 4293 2120 4293 2100 4293 2288 4294 2101 4294 2294 4294 2109 4295 2108 4295 2107 4295 2109 4296 2107 4296 2285 4296 2109 4297 2114 4297 2113 4297 2125 4298 2114 4298 2109 4298 2125 4299 2129 4299 2114 4299 2105 4300 2116 4300 2115 4300 2105 4301 2117 4301 2116 4301 2105 4302 2110 4302 2117 4302 2111 4303 2105 4303 2293 4303 2122 4304 2119 4304 2099 4304 2120 4305 2122 4305 2099 4305 2288 4306 2120 4306 2101 4306 2121 4307 2120 4307 2288 4307 2121 4308 2124 4308 2120 4308 2128 4309 2124 4309 2121 4309 2123 4310 2127 4310 2122 4310 2285 4311 2291 4311 2123 4311 2127 4312 2119 4312 2122 4312 2288 4313 2128 4313 2121 4313 2124 4314 2128 4314 2106 4314 2123 4315 2291 4315 2127 4315 2123 4316 2125 4316 2285 4316 2106 4317 2126 4317 2105 4317 2125 4318 2115 4318 2129 4318 2125 4319 2105 4319 2115 4319 2118 4320 2105 4320 2111 4320 2131 4321 2130 4321 2102 4321 2131 4322 2102 4322 2107 4322 2132 4323 2131 4323 2107 4323 2132 4324 2107 4324 2108 4324 2133 4325 2132 4325 2108 4325 2133 4326 2108 4326 2109 4326 2134 4327 2109 4327 2113 4327 2134 4328 2133 4328 2109 4328 2135 4329 2134 4329 2113 4329 2135 4330 2113 4330 2114 4330 2155 4331 2135 4331 2114 4331 2155 4332 2114 4332 2129 4332 2136 4333 2155 4333 2129 4333 2136 4334 2129 4334 2115 4334 2137 4335 2136 4335 2115 4335 2137 4336 2115 4336 2116 4336 2138 4337 2137 4337 2116 4337 2139 4338 2138 4338 2116 4338 2139 4339 2116 4339 2117 4339 2139 4340 2117 4340 2110 4340 2140 4341 2139 4341 2110 4341 2141 4342 2110 4342 2118 4342 2141 4343 2140 4343 2110 4343 2142 4344 2141 4344 2118 4344 2142 4345 2118 4345 2112 4345 2143 4346 2142 4346 2112 4346 2144 4347 2112 4347 2103 4347 2144 4348 2143 4348 2112 4348 2144 4349 2103 4349 2111 4349 2145 4350 2144 4350 2111 4350 2145 4351 2111 4351 2104 4351 2254 4352 2144 4352 2145 4352 2156 4353 2139 4353 2140 4353 2156 4354 2140 4354 2141 4354 2156 4355 2141 4355 2142 4355 2156 4356 2142 4356 2143 4356 2147 4357 2155 4357 2156 4357 2148 4358 2147 4358 2156 4358 2160 4359 2148 4359 2158 4359 2160 4360 2158 4360 2149 4360 2134 4361 2154 4361 2133 4361 2134 4362 2135 4362 2155 4362 2155 4363 2136 4363 2137 4363 2254 4364 2156 4364 2143 4364 2153 4365 2152 4365 2149 4365 2146 4366 2168 4366 2163 4366 2154 4367 2134 4367 2161 4367 2156 4368 2137 4368 2138 4368 2156 4369 2138 4369 2139 4369 2156 4370 2155 4370 2137 4370 2254 4371 2143 4371 2144 4371 2147 4372 2161 4372 2134 4372 2147 4373 2134 4373 2155 4373 2249 4374 2148 4374 2156 4374 2157 4375 2147 4375 2148 4375 2158 4376 2148 4376 2249 4376 2159 4377 2148 4377 2160 4377 2162 4378 2158 4378 2251 4378 2150 4379 2160 4379 2149 4379 2151 4380 2253 4380 2150 4380 2153 4381 2149 4381 2260 4381 2152 4382 2150 4382 2149 4382 2154 4383 2131 4383 2132 4383 2154 4384 2132 4384 2133 4384 2254 4385 2249 4385 2156 4385 2147 4386 2157 4386 2161 4386 2158 4387 2249 4387 2251 4387 2157 4388 2148 4388 2159 4388 2159 4389 2160 4389 2253 4389 2158 4390 2162 4390 2149 4390 2160 4391 2150 4391 2253 4391 2162 4392 2260 4392 2149 4392 2151 4393 2234 4393 2253 4393 2151 4394 2150 4394 2165 4394 2153 4395 2260 4395 2163 4395 2231 4396 2163 4396 2260 4396 2152 4397 2165 4397 2150 4397 2146 4398 2163 4398 2231 4398 2154 4399 2130 4399 2131 4399 2164 4400 2151 4400 2165 4400 2166 4401 2165 4401 2152 4401 2167 4402 2172 4402 2152 4402 2167 4403 2152 4403 2153 4403 2168 4404 2153 4404 2163 4404 2168 4405 2146 4405 2215 4405 2221 4406 2170 4406 2169 4406 2191 4407 2170 4407 2221 4407 2191 4408 2175 4408 2170 4408 2194 4409 2171 4409 2181 4409 2173 4410 2172 4410 2187 4410 2167 4411 2187 4411 2172 4411 2174 4412 2173 4412 2187 4412 2174 4413 2187 4413 2192 4413 2188 4414 2174 4414 2192 4414 2189 4415 2192 4415 2187 4415 2182 4416 2188 4416 2192 4416 2191 4417 2177 4417 2176 4417 2182 4418 2177 4418 2191 4418 2077 4419 2179 4419 2178 4419 2181 4420 2077 4420 2190 4420 2181 4421 2081 4421 2180 4421 2164 4422 2165 4422 2166 4422 2164 4423 2166 4423 2173 4423 2167 4424 2153 4424 2168 4424 2182 4425 2075 4425 2183 4425 2077 4426 2178 4426 2078 4426 2181 4427 2179 4427 2077 4427 2190 4428 2229 4428 2194 4428 2181 4429 2180 4429 2179 4429 2181 4430 2190 4430 2194 4430 2225 4431 2164 4431 2173 4431 2172 4432 2166 4432 2152 4432 2172 4433 2173 4433 2166 4433 2167 4434 2168 4434 2185 4434 2174 4435 2225 4435 2173 4435 2187 4436 2167 4436 2185 4436 2228 4437 2174 4437 2188 4437 2190 4438 2189 4438 2227 4438 2192 4439 2189 4439 2190 4439 2191 4440 2221 4440 2188 4440 2192 4441 2077 4441 2184 4441 2185 4442 2186 4442 2187 4442 2189 4443 2187 4443 2186 4443 2182 4444 2191 4444 2188 4444 2192 4445 2075 4445 2182 4445 2192 4446 2184 4446 2075 4446 2190 4447 2077 4447 2192 4447 2068 4448 2169 4448 2170 4448 2070 4449 2191 4449 2176 4449 2071 4450 2070 4450 2176 4450 2177 4451 2072 4451 2176 4451 2076 4452 2074 4452 2075 4452 2076 4453 2075 4453 2184 4453 2079 4454 2178 4454 2179 4454 2080 4455 2079 4455 2179 4455 2080 4456 2179 4456 2180 4456 2081 4457 2080 4457 2180 4457 2082 4458 2171 4458 2193 4458 2197 4459 2196 4459 2195 4459 2303 4460 2197 4460 2198 4460 2303 4461 2198 4461 2199 4461 2201 4462 2319 4462 2200 4462 2201 4463 2200 4463 2202 4463 2311 4464 2201 4464 2202 4464 2312 4465 2204 4465 2206 4465 2205 4466 2312 4466 2206 4466 2205 4467 2206 4467 2207 4467 2209 4468 2208 4468 2210 4468 2211 4469 2305 4469 2210 4469 2320 4470 2321 4470 2213 4470 2322 4471 2213 4471 2214 4471 2322 4472 2214 4472 2169 4472 2194 4473 2193 4473 2171 4473 2215 4474 2232 4474 2222 4474 2222 4475 2223 4475 2218 4475 2216 4476 2218 4476 2223 4476 2217 4477 2218 4477 2216 4477 2220 4478 2218 4478 2219 4478 2228 4479 2219 4479 2218 4479 2227 4480 2220 4480 2219 4480 2227 4481 2219 4481 2229 4481 2224 4482 2229 4482 2219 4482 2224 4483 2219 4483 2228 4483 2202 4484 2229 4484 2224 4484 2198 4485 2195 4485 2194 4485 2202 4486 2199 4486 2198 4486 2202 4487 2200 4487 2199 4487 2224 4488 2212 4488 2211 4488 2221 4489 2212 4489 2224 4489 2221 4490 2213 4490 2212 4490 2221 4491 2169 4491 2214 4491 2229 4492 2198 4492 2194 4492 2198 4493 2229 4493 2202 4493 2198 4494 2197 4494 2195 4494 2202 4495 2224 4495 2203 4495 2224 4496 2207 4496 2206 4496 2224 4497 2208 4497 2207 4497 2224 4498 2210 4498 2208 4498 2224 4499 2211 4499 2210 4499 2221 4500 2214 4500 2213 4500 2185 4501 2168 4501 2215 4501 2223 4502 2240 4502 2216 4502 2230 4503 2225 4503 2216 4503 2226 4504 2222 4504 2218 4504 2217 4505 2216 4505 2225 4505 2226 4506 2186 4506 2185 4506 2226 4507 2218 4507 2220 4507 2217 4508 2225 4508 2174 4508 2217 4509 2228 4509 2218 4509 2227 4510 2189 4510 2220 4510 2228 4511 2188 4511 2221 4511 2224 4512 2228 4512 2221 4512 2215 4513 2231 4513 2232 4513 2226 4514 2185 4514 2215 4514 2222 4515 2226 4515 2215 4515 2226 4516 2220 4516 2186 4516 2186 4517 2220 4517 2189 4517 2228 4518 2217 4518 2174 4518 2227 4519 2229 4519 2190 4519 2224 4520 2204 4520 2203 4520 2224 4521 2206 4521 2204 4521 2146 4522 2231 4522 2215 4522 2230 4523 2164 4523 2225 4523 2222 4524 2232 4524 2233 4524 2223 4525 2222 4525 2233 4525 2223 4526 2233 4526 2240 4526 2216 4527 2240 4527 2234 4527 2230 4528 2216 4528 2234 4528 2164 4529 2230 4529 2234 4529 2164 4530 2234 4530 2151 4530 2258 4531 2130 4531 2154 4531 2256 4532 2255 4532 2266 4532 2256 4533 2266 4533 2235 4533 2256 4534 2235 4534 2236 4534 2258 4535 2237 4535 2257 4535 2252 4536 2243 4536 2246 4536 2252 4537 2250 4537 2243 4537 2238 4538 2250 4538 2252 4538 2259 4539 2250 4539 2238 4539 2259 4540 2238 4540 2239 4540 2239 4541 2240 4541 2259 4541 2240 4542 2239 4542 2253 4542 2256 4543 2236 4543 2241 4543 2256 4544 2241 4544 2242 4544 2243 4545 2272 4545 2244 4545 2243 4546 2244 4546 2248 4546 2246 4547 2237 4547 2258 4547 2243 4548 2250 4548 2256 4548 2232 4549 2240 4549 2233 4549 2254 4550 2247 4550 2255 4550 2243 4551 2256 4551 2242 4551 2246 4552 2243 4552 2248 4552 2246 4553 2248 4553 2245 4553 2249 4554 2254 4554 2256 4554 2252 4555 2246 4555 2258 4555 2154 4556 2252 4556 2258 4556 2161 4557 2252 4557 2154 4557 2259 4558 2251 4558 2250 4558 2259 4559 2260 4559 2162 4559 2232 4560 2231 4560 2260 4560 2234 4561 2240 4561 2253 4561 2254 4562 2261 4562 2247 4562 2254 4563 2255 4563 2256 4563 2250 4564 2249 4564 2256 4564 2251 4565 2249 4565 2250 4565 2157 4566 2252 4566 2161 4566 2252 4567 2157 4567 2238 4567 2238 4568 2157 4568 2239 4568 2251 4569 2259 4569 2162 4569 2157 4570 2159 4570 2239 4570 2260 4571 2259 4571 2240 4571 2159 4572 2253 4572 2239 4572 2232 4573 2260 4573 2240 4573 2254 4574 2145 4574 2261 4574 2258 4575 2262 4575 2130 4575 2261 4576 2104 4576 2293 4576 2261 4577 2145 4577 2104 4577 2261 4578 2293 4578 2263 4578 2247 4579 2261 4579 2263 4579 2247 4580 2263 4580 2264 4580 2255 4581 2247 4581 2264 4581 2266 4582 2264 4582 2265 4582 2266 4583 2255 4583 2264 4583 2236 4584 2235 4584 2267 4584 2236 4585 2267 4585 2268 4585 2241 4586 2236 4586 2268 4586 2241 4587 2268 4587 2269 4587 2242 4588 2241 4588 2269 4588 2242 4589 2269 4589 2270 4589 2243 4590 2242 4590 2270 4590 2243 4591 2270 4591 2271 4591 2272 4592 2243 4592 2271 4592 2244 4593 2272 4593 2273 4593 2244 4594 2273 4594 2274 4594 2244 4595 2274 4595 2275 4595 2248 4596 2244 4596 2275 4596 2245 4597 2275 4597 2276 4597 2245 4598 2248 4598 2275 4598 2245 4599 2276 4599 2277 4599 2246 4600 2245 4600 2277 4600 2237 4601 2277 4601 2278 4601 2237 4602 2246 4602 2277 4602 2237 4603 2278 4603 2279 4603 2257 4604 2237 4604 2279 4604 2257 4605 2279 4605 2280 4605 2258 4606 2257 4606 2280 4606 2262 4607 2280 4607 2281 4607 2262 4608 2258 4608 2280 4608 2130 4609 2281 4609 2102 4609 2130 4610 2262 4610 2281 4610 2298 4611 2088 4611 2119 4611 2293 4612 2104 4612 2111 4612 2285 4613 2281 4613 2280 4613 2285 4614 2102 4614 2281 4614 2287 4615 2294 4615 2310 4615 2298 4616 2282 4616 2283 4616 2298 4617 2283 4617 2302 4617 2284 4618 2296 4618 2295 4618 2284 4619 2289 4619 2296 4619 2292 4620 2289 4620 2284 4620 2292 4621 2290 4621 2289 4621 2285 4622 2290 4622 2292 4622 2286 4623 2290 4623 2273 4623 2285 4624 2273 4624 2290 4624 2297 4625 2264 4625 2263 4625 2297 4626 2263 4626 2293 4626 2297 4627 2267 4627 2235 4627 2285 4628 2279 4628 2278 4628 2297 4629 2235 4629 2266 4629 2297 4630 2265 4630 2264 4630 2297 4631 2266 4631 2265 4631 2286 4632 2267 4632 2297 4632 2286 4633 2268 4633 2267 4633 2286 4634 2269 4634 2268 4634 2286 4635 2270 4635 2269 4635 2286 4636 2271 4636 2270 4636 2285 4637 2276 4637 2275 4637 2285 4638 2277 4638 2276 4638 2285 4639 2278 4639 2277 4639 2285 4640 2280 4640 2279 4640 2288 4641 2294 4641 2287 4641 2282 4642 2295 4642 2287 4642 2296 4643 2287 4643 2295 4643 2288 4644 2287 4644 2296 4644 2298 4645 2295 4645 2282 4645 2296 4646 2128 4646 2288 4646 2127 4647 2295 4647 2119 4647 2284 4648 2295 4648 2127 4648 2128 4649 2296 4649 2289 4649 2289 4650 2106 4650 2128 4650 2291 4651 2292 4651 2284 4651 2106 4652 2289 4652 2126 4652 2290 4653 2126 4653 2289 4653 2105 4654 2126 4654 2297 4654 2293 4655 2105 4655 2297 4655 2292 4656 2291 4656 2285 4656 2273 4657 2271 4657 2286 4657 2295 4658 2298 4658 2119 4658 2127 4659 2291 4659 2284 4659 2290 4660 2297 4660 2126 4660 2290 4661 2286 4661 2297 4661 2273 4662 2285 4662 2275 4662 2273 4663 2272 4663 2271 4663 2273 4664 2275 4664 2274 4664 2294 4665 2299 4665 2300 4665 2310 4666 2294 4666 2300 4666 2287 4667 2310 4667 2301 4667 2282 4668 2287 4668 2301 4668 2282 4669 2301 4669 2283 4669 2088 4670 2298 4670 2302 4670 2196 4671 2197 4671 2303 4671 2319 4672 2196 4672 2303 4672 2306 4673 2304 4673 2209 4673 2321 4674 2306 4674 2209 4674 2315 4675 2323 4675 2306 4675 2307 4676 2306 4676 2323 4676 2316 4677 2307 4677 2323 4677 2316 4678 2308 4678 2307 4678 2309 4679 2308 4679 2316 4679 2309 4680 2301 4680 2308 4680 2310 4681 2308 4681 2301 4681 2319 4682 2201 4682 2311 4682 2319 4683 2312 4683 2205 4683 2321 4684 2209 4684 2305 4684 2319 4685 2311 4685 2313 4685 2319 4686 2313 4686 2312 4686 2097 4687 2082 4687 2196 4687 2306 4688 2319 4688 2205 4688 2306 4689 2205 4689 2314 4689 2306 4690 2314 4690 2304 4690 2321 4691 2320 4691 2322 4691 2315 4692 2306 4692 2321 4692 2068 4693 2315 4693 2321 4693 2319 4694 2306 4694 2093 4694 2093 4695 2306 4695 2307 4695 2307 4696 2084 4696 2093 4696 2323 4697 2092 4697 2094 4697 2316 4698 2323 4698 2094 4698 2316 4699 2094 4699 2085 4699 2307 4700 2308 4700 2317 4700 2309 4701 2283 4701 2301 4701 2283 4702 2309 4702 2302 4702 2082 4703 2324 4703 2196 4703 2319 4704 2093 4704 2097 4704 2323 4705 2315 4705 2092 4705 2318 4706 2317 4706 2308 4706 2308 4707 2310 4707 2318 4707 2318 4708 2310 4708 2300 4708 2309 4709 2085 4709 2302 4709 2097 4710 2196 4710 2319 4710 2068 4711 2321 4711 2322 4711 2068 4712 2322 4712 2169 4712 2324 4713 2082 4713 2193 4713 2324 4714 2193 4714 2194 4714 2196 4715 2194 4715 2195 4715 2196 4716 2324 4716 2194 4716 2319 4717 2199 4717 2200 4717 2319 4718 2303 4718 2199 4718 2311 4719 2202 4719 2203 4719 2313 4720 2311 4720 2203 4720 2312 4721 2313 4721 2203 4721 2312 4722 2203 4722 2204 4722 2314 4723 2205 4723 2207 4723 2304 4724 2314 4724 2207 4724 2304 4725 2207 4725 2208 4725 2209 4726 2304 4726 2208 4726 2209 4727 2210 4727 2305 4727 2321 4728 2211 4728 2212 4728 2321 4729 2305 4729 2211 4729 2321 4730 2212 4730 2213 4730 2322 4731 2320 4731 2213 4731 2344 4732 2327 4732 2325 4732 2344 4733 2325 4733 2340 4733 2344 4734 2449 4734 2326 4734 2344 4735 2326 4735 2327 4735 2329 4736 2328 4736 2447 4736 2329 4737 2330 4737 2328 4737 2329 4738 2331 4738 2330 4738 2334 4739 2331 4739 2329 4739 2334 4740 2332 4740 2331 4740 2334 4741 2335 4741 2332 4741 2334 4742 2336 4742 2335 4742 2334 4743 2337 4743 2336 4743 2333 4744 2337 4744 2334 4744 2333 4745 2338 4745 2337 4745 2338 4746 2333 4746 2341 4746 2341 4747 2339 4747 2338 4747 2341 4748 2342 4748 2339 4748 2343 4749 2342 4749 2341 4749 2340 4750 2325 4750 2343 4750 2340 4751 2343 4751 2341 4751 2345 4752 2328 4752 2330 4752 2345 4753 2416 4753 2328 4753 2345 4754 2330 4754 2331 4754 2346 4755 2345 4755 2331 4755 2346 4756 2331 4756 2332 4756 2347 4757 2346 4757 2332 4757 2347 4758 2332 4758 2335 4758 2348 4759 2347 4759 2335 4759 2348 4760 2335 4760 2336 4760 2349 4761 2336 4761 2337 4761 2349 4762 2348 4762 2336 4762 2359 4763 2349 4763 2337 4763 2338 4764 2359 4764 2337 4764 2350 4765 2359 4765 2338 4765 2350 4766 2338 4766 2339 4766 2351 4767 2339 4767 2342 4767 2351 4768 2350 4768 2339 4768 2352 4769 2351 4769 2342 4769 2352 4770 2342 4770 2343 4770 2353 4771 2352 4771 2343 4771 2353 4772 2343 4772 2325 4772 2353 4773 2325 4773 2327 4773 2354 4774 2353 4774 2327 4774 2354 4775 2327 4775 2326 4775 2355 4776 2354 4776 2326 4776 2356 4777 2354 4777 2355 4777 2357 4778 2354 4778 2356 4778 2357 4779 2353 4779 2354 4779 2357 4780 2352 4780 2353 4780 2357 4781 2351 4781 2352 4781 2358 4782 2351 4782 2357 4782 2358 4783 2350 4783 2351 4783 2358 4784 2359 4784 2350 4784 2360 4785 2359 4785 2358 4785 2360 4786 2349 4786 2359 4786 2360 4787 2348 4787 2349 4787 2360 4788 2347 4788 2348 4788 2361 4789 2347 4789 2360 4789 2361 4790 2346 4790 2347 4790 2361 4791 2345 4791 2346 4791 2361 4792 2416 4792 2345 4792 2411 4793 2362 4793 2363 4793 2364 4794 2412 4794 2411 4794 2363 4795 2364 4795 2411 4795 2398 4796 2366 4796 2409 4796 2409 4797 2366 4797 2365 4797 2366 4798 2368 4798 2365 4798 2365 4799 2368 4799 2367 4799 2367 4800 2370 4800 2369 4800 2369 4801 2370 4801 2371 4801 2370 4802 2372 4802 2371 4802 2372 4803 2373 4803 2371 4803 2371 4804 2373 4804 2333 4804 2333 4805 2373 4805 2374 4805 2374 4806 2376 4806 2375 4806 2376 4807 2377 4807 2375 4807 2375 4808 2377 4808 2378 4808 2379 4809 2340 4809 2378 4809 2340 4810 2380 4810 2381 4810 2380 4811 2393 4811 2381 4811 2381 4812 2393 4812 2400 4812 2383 4813 2363 4813 2382 4813 2383 4814 2364 4814 2363 4814 2382 4815 2363 4815 2384 4815 2363 4816 2362 4816 2384 4816 2413 4817 2384 4817 2362 4817 2413 4818 2385 4818 2384 4818 2385 4819 2413 4819 2386 4819 2413 4820 2410 4820 2386 4820 2383 4821 2412 4821 2364 4821 2387 4822 2412 4822 2383 4822 2386 4823 2412 4823 2387 4823 2386 4824 2410 4824 2412 4824 2388 4825 2389 4825 2399 4825 2392 4826 2394 4826 2391 4826 2390 4827 2394 4827 2392 4827 2394 4828 2395 4828 2405 4828 2393 4829 2380 4829 2389 4829 2394 4830 2396 4830 2395 4830 2340 4831 2379 4831 2380 4831 2378 4832 2377 4832 2379 4832 2396 4833 2398 4833 2397 4833 2374 4834 2373 4834 2376 4834 2398 4835 2368 4835 2366 4835 2394 4836 2368 4836 2396 4836 2396 4837 2368 4837 2398 4837 2399 4838 2368 4838 2390 4838 2390 4839 2368 4839 2394 4839 2368 4840 2370 4840 2367 4840 2373 4841 2370 4841 2376 4841 2372 4842 2370 4842 2373 4842 2399 4843 2370 4843 2368 4843 2380 4844 2370 4844 2389 4844 2389 4845 2370 4845 2399 4845 2379 4846 2370 4846 2380 4846 2377 4847 2370 4847 2379 4847 2376 4848 2370 4848 2377 4848 2393 4849 2389 4849 2400 4849 2400 4850 2389 4850 2401 4850 2401 4851 2388 4851 2402 4851 2389 4852 2388 4852 2401 4852 2402 4853 2399 4853 2403 4853 2388 4854 2399 4854 2402 4854 2403 4855 2390 4855 2404 4855 2399 4856 2390 4856 2403 4856 2404 4857 2392 4857 2391 4857 2390 4858 2392 4858 2404 4858 2391 4859 2394 4859 2405 4859 2405 4860 2395 4860 2406 4860 2395 4861 2396 4861 2406 4861 2406 4862 2396 4862 2407 4862 2396 4863 2397 4863 2407 4863 2407 4864 2397 4864 2408 4864 2397 4865 2398 4865 2408 4865 2408 4866 2398 4866 2409 4866 2412 4867 2410 4867 2411 4867 2410 4868 2413 4868 2411 4868 2413 4869 2362 4869 2411 4869 2382 4870 2428 4870 2414 4870 2382 4871 2431 4871 2428 4871 2384 4872 2356 4872 2431 4872 2384 4873 2431 4873 2382 4873 2357 4874 2356 4874 2384 4874 2383 4875 2382 4875 2414 4875 2383 4876 2414 4876 2423 4876 2419 4877 2383 4877 2423 4877 2385 4878 2357 4878 2384 4878 2358 4879 2357 4879 2385 4879 2387 4880 2419 4880 2415 4880 2387 4881 2383 4881 2419 4881 2360 4882 2358 4882 2385 4882 2361 4883 2387 4883 2415 4883 2386 4884 2360 4884 2385 4884 2361 4885 2386 4885 2387 4885 2361 4886 2360 4886 2386 4886 2415 4887 2416 4887 2361 4887 2415 4888 2417 4888 2416 4888 2419 4889 2418 4889 2417 4889 2419 4890 2417 4890 2415 4890 2419 4891 2420 4891 2418 4891 2421 4892 2419 4892 2423 4892 2421 4893 2420 4893 2419 4893 2423 4894 2422 4894 2421 4894 2423 4895 2424 4895 2422 4895 2414 4896 2424 4896 2423 4896 2414 4897 2425 4897 2424 4897 2414 4898 2426 4898 2425 4898 2428 4899 2426 4899 2414 4899 2428 4900 2427 4900 2426 4900 2430 4901 2428 4901 2431 4901 2428 4902 2429 4902 2427 4902 2428 4903 2430 4903 2429 4903 2431 4904 2432 4904 2430 4904 2356 4905 2433 4905 2432 4905 2356 4906 2432 4906 2431 4906 2356 4907 2355 4907 2433 4907 2355 4908 2326 4908 2434 4908 2433 4909 2355 4909 2434 4909 2432 4910 2434 4910 2435 4910 2432 4911 2433 4911 2434 4911 2432 4912 2435 4912 2436 4912 2430 4913 2432 4913 2436 4913 2429 4914 2436 4914 2437 4914 2429 4915 2430 4915 2436 4915 2427 4916 2429 4916 2437 4916 2427 4917 2437 4917 2438 4917 2426 4918 2427 4918 2438 4918 2426 4919 2438 4919 2439 4919 2425 4920 2426 4920 2439 4920 2425 4921 2439 4921 2440 4921 2424 4922 2440 4922 2441 4922 2424 4923 2425 4923 2440 4923 2422 4924 2441 4924 2442 4924 2422 4925 2424 4925 2441 4925 2422 4926 2442 4926 2443 4926 2421 4927 2422 4927 2443 4927 2421 4928 2443 4928 2444 4928 2420 4929 2421 4929 2444 4929 2420 4930 2444 4930 2446 4930 2418 4931 2446 4931 2445 4931 2418 4932 2420 4932 2446 4932 2417 4933 2418 4933 2445 4933 2417 4934 2445 4934 2448 4934 2416 4935 2448 4935 2328 4935 2416 4936 2417 4936 2448 4936 2446 4937 2444 4937 2451 4937 2451 4938 2445 4938 2446 4938 2447 4939 2445 4939 2451 4939 2448 4940 2447 4940 2328 4940 2447 4941 2448 4941 2445 4941 2449 4942 2435 4942 2434 4942 2449 4943 2434 4943 2326 4943 2449 4944 2436 4944 2435 4944 2450 4945 2437 4945 2436 4945 2450 4946 2436 4946 2449 4946 2450 4947 2438 4947 2437 4947 2450 4948 2439 4948 2438 4948 2450 4949 2440 4949 2439 4949 2452 4950 2440 4950 2450 4950 2452 4951 2441 4951 2440 4951 2452 4952 2442 4952 2441 4952 2452 4953 2443 4953 2442 4953 2451 4954 2443 4954 2452 4954 2451 4955 2444 4955 2443 4955 2369 4956 2371 4956 2334 4956 2369 4957 2334 4957 2329 4957 2367 4958 2369 4958 2329 4958 2371 4959 2333 4959 2334 4959 2365 4960 2367 4960 2329 4960 2365 4961 2329 4961 2447 4961 2374 4962 2341 4962 2333 4962 2409 4963 2365 4963 2447 4963 2375 4964 2341 4964 2374 4964 2408 4965 2409 4965 2447 4965 2378 4966 2341 4966 2375 4966 2408 4967 2447 4967 2451 4967 2407 4968 2408 4968 2451 4968 2340 4969 2341 4969 2378 4969 2406 4970 2407 4970 2451 4970 2405 4971 2406 4971 2451 4971 2344 4972 2340 4972 2381 4972 2452 4973 2405 4973 2451 4973 2452 4974 2391 4974 2405 4974 2344 4975 2381 4975 2400 4975 2449 4976 2344 4976 2400 4976 2452 4977 2404 4977 2391 4977 2449 4978 2400 4978 2401 4978 2450 4979 2404 4979 2452 4979 2449 4980 2401 4980 2402 4980 2450 4981 2402 4981 2403 4981 2450 4982 2449 4982 2402 4982 2450 4983 2403 4983 2404 4983 2454 4984 2453 4984 2458 4984 2461 4985 2454 4985 2458 4985 2460 4986 2453 4986 2454 4986 2461 4987 2458 4987 2455 4987 2461 4988 2460 4988 2454 4988 2464 4989 2461 4989 2455 4989 2457 4990 2464 4990 2455 4990 2459 4991 2457 4991 2455 4991 2456 4992 2459 4992 2455 4992 2456 4993 2455 4993 2458 4993 2459 4994 2467 4994 2457 4994 2453 4995 2456 4995 2458 4995 2468 4996 2459 4996 2456 4996 2453 4997 2469 4997 2456 4997 2469 4998 2468 4998 2456 4998 2462 4999 2469 4999 2453 4999 2462 5000 2453 5000 2460 5000 2463 5001 2460 5001 2461 5001 2463 5002 2461 5002 2464 5002 2465 5003 2462 5003 2460 5003 2465 5004 2460 5004 2463 5004 2457 5005 2466 5005 2464 5005 2463 5006 2464 5006 2466 5006 2467 5007 2462 5007 2465 5007 2466 5008 2457 5008 2467 5008 2465 5009 2463 5009 2466 5009 2468 5010 2467 5010 2459 5010 2467 5011 2465 5011 2466 5011 2470 5012 2467 5012 2468 5012 2470 5013 2468 5013 2469 5013 2470 5014 2469 5014 2462 5014 2467 5015 2470 5015 2462 5015 2577 5016 2473 5016 2471 5016 2471 5017 2473 5017 2472 5017 2473 5018 2474 5018 2472 5018 2472 5019 2474 5019 2475 5019 2474 5020 2477 5020 2475 5020 2475 5021 2477 5021 2476 5021 2477 5022 2588 5022 2476 5022 2476 5023 2588 5023 2478 5023 2479 5024 2481 5024 2550 5024 2550 5025 2481 5025 2480 5025 2481 5026 2483 5026 2480 5026 2480 5027 2483 5027 2482 5027 2483 5028 2484 5028 2482 5028 2482 5029 2484 5029 2485 5029 2484 5030 2487 5030 2485 5030 2485 5031 2487 5031 2486 5031 2487 5032 2488 5032 2486 5032 2486 5033 2488 5033 2489 5033 2489 5034 2647 5034 2490 5034 2488 5035 2647 5035 2489 5035 2491 5036 2492 5036 2494 5036 2493 5037 2491 5037 2494 5037 2496 5038 2494 5038 2495 5038 2496 5039 2493 5039 2494 5039 2497 5040 2495 5040 2498 5040 2497 5041 2496 5041 2495 5041 2497 5042 2498 5042 2499 5042 2500 5043 2497 5043 2499 5043 2500 5044 2499 5044 2501 5044 2502 5045 2500 5045 2501 5045 2502 5046 2501 5046 2503 5046 2504 5047 2502 5047 2503 5047 2504 5048 2503 5048 2505 5048 2506 5049 2504 5049 2505 5049 2506 5050 2505 5050 2508 5050 2507 5051 2506 5051 2508 5051 2509 5052 2508 5052 2510 5052 2509 5053 2507 5053 2508 5053 2511 5054 2510 5054 2512 5054 2511 5055 2509 5055 2510 5055 2513 5056 2512 5056 2514 5056 2513 5057 2511 5057 2512 5057 2515 5058 2517 5058 2516 5058 2516 5059 2517 5059 2518 5059 2517 5060 2519 5060 2518 5060 2518 5061 2519 5061 2520 5061 2519 5062 2522 5062 2520 5062 2520 5063 2522 5063 2521 5063 2521 5064 2522 5064 2523 5064 2522 5065 2524 5065 2523 5065 2524 5066 2525 5066 2523 5066 2523 5067 2525 5067 2526 5067 2526 5068 2525 5068 2528 5068 2525 5069 2527 5069 2528 5069 2528 5070 2527 5070 2529 5070 2527 5071 2530 5071 2529 5071 2529 5072 2530 5072 2531 5072 2530 5073 2532 5073 2531 5073 2531 5074 2532 5074 2533 5074 2532 5075 2534 5075 2533 5075 2533 5076 2534 5076 2535 5076 2534 5077 2536 5077 2535 5077 2535 5078 2536 5078 2537 5078 2536 5079 2538 5079 2537 5079 2537 5080 2538 5080 2539 5080 2538 5081 2540 5081 2539 5081 2540 5082 2541 5082 2539 5082 2539 5083 2541 5083 2542 5083 2542 5084 2541 5084 2544 5084 2541 5085 2543 5085 2544 5085 2543 5086 2545 5086 2544 5086 2544 5087 2545 5087 2546 5087 2545 5088 2560 5088 2546 5088 2547 5089 2480 5089 2482 5089 2547 5090 2482 5090 2548 5090 2547 5091 2549 5091 2480 5091 2480 5092 2549 5092 2550 5092 2549 5093 2551 5093 2550 5093 2482 5094 2485 5094 2548 5094 2552 5095 2551 5095 2549 5095 2485 5096 2486 5096 2548 5096 2551 5097 2552 5097 2553 5097 2486 5098 2489 5098 2548 5098 2552 5099 2554 5099 2553 5099 2554 5100 2556 5100 2553 5100 2553 5101 2556 5101 2555 5101 2556 5102 2557 5102 2555 5102 2555 5103 2557 5103 2559 5103 2557 5104 2558 5104 2559 5104 2489 5105 2558 5105 2548 5105 2559 5106 2558 5106 2490 5106 2490 5107 2558 5107 2489 5107 2546 5108 2560 5108 2561 5108 2560 5109 2562 5109 2561 5109 2561 5110 2562 5110 2563 5110 2562 5111 2564 5111 2563 5111 2563 5112 2564 5112 2565 5112 2565 5113 2567 5113 2566 5113 2564 5114 2567 5114 2565 5114 2566 5115 2568 5115 2569 5115 2567 5116 2568 5116 2566 5116 2568 5117 2570 5117 2569 5117 2569 5118 2570 5118 2571 5118 2570 5119 2572 5119 2571 5119 2571 5120 2572 5120 2573 5120 2572 5121 2574 5121 2573 5121 2573 5122 2574 5122 2575 5122 2574 5123 2547 5123 2575 5123 2575 5124 2547 5124 2548 5124 2657 5125 2576 5125 2516 5125 2576 5126 2515 5126 2516 5126 2473 5127 2577 5127 2651 5127 2651 5128 2474 5128 2473 5128 2651 5129 2477 5129 2474 5129 2577 5130 2578 5130 2651 5130 2651 5131 2656 5131 2477 5131 2577 5132 2579 5132 2578 5132 2656 5133 2588 5133 2477 5133 2579 5134 2580 5134 2578 5134 2582 5135 2580 5135 2579 5135 2582 5136 2581 5136 2580 5136 2584 5137 2581 5137 2582 5137 2584 5138 2583 5138 2581 5138 2585 5139 2586 5139 2584 5139 2584 5140 2586 5140 2583 5140 2656 5141 2587 5141 2588 5141 2588 5142 2587 5142 2585 5142 2585 5143 2587 5143 2586 5143 2648 5144 2471 5144 2472 5144 2472 5145 2475 5145 2648 5145 2648 5146 2590 5146 2471 5146 2471 5147 2590 5147 2592 5147 2475 5148 2589 5148 2648 5148 2476 5149 2589 5149 2475 5149 2590 5150 2591 5150 2592 5150 2476 5151 2478 5151 2589 5151 2592 5152 2591 5152 2594 5152 2591 5153 2593 5153 2594 5153 2593 5154 2595 5154 2594 5154 2594 5155 2595 5155 2596 5155 2596 5156 2598 5156 2597 5156 2595 5157 2598 5157 2596 5157 2598 5158 2599 5158 2597 5158 2478 5159 2599 5159 2589 5159 2597 5160 2599 5160 2478 5160 2600 5161 2601 5161 2655 5161 2655 5162 2601 5162 2650 5162 2601 5163 2600 5163 2602 5163 2604 5164 2601 5164 2602 5164 2604 5165 2602 5165 2603 5165 2605 5166 2604 5166 2603 5166 2605 5167 2603 5167 2606 5167 2607 5168 2605 5168 2606 5168 2607 5169 2606 5169 2608 5169 2610 5170 2608 5170 2609 5170 2610 5171 2607 5171 2608 5171 2611 5172 2610 5172 2609 5172 2611 5173 2609 5173 2612 5173 2611 5174 2612 5174 2613 5174 2614 5175 2611 5175 2613 5175 2615 5176 2614 5176 2613 5176 2615 5177 2613 5177 2616 5177 2615 5178 2616 5178 2618 5178 2617 5179 2615 5179 2618 5179 2620 5180 2617 5180 2618 5180 2620 5181 2618 5181 2619 5181 2620 5182 2619 5182 2621 5182 2622 5183 2620 5183 2621 5183 2622 5184 2621 5184 2623 5184 2624 5185 2622 5185 2623 5185 2624 5186 2623 5186 2625 5186 2626 5187 2624 5187 2625 5187 2626 5188 2625 5188 2627 5188 2628 5189 2626 5189 2627 5189 2628 5190 2627 5190 2629 5190 2630 5191 2629 5191 2631 5191 2630 5192 2628 5192 2629 5192 2632 5193 2630 5193 2631 5193 2632 5194 2631 5194 2633 5194 2634 5195 2633 5195 2635 5195 2634 5196 2632 5196 2633 5196 2636 5197 2635 5197 2637 5197 2636 5198 2634 5198 2635 5198 2491 5199 2637 5199 2492 5199 2491 5200 2636 5200 2637 5200 2483 5201 2481 5201 2513 5201 2513 5202 2484 5202 2483 5202 2514 5203 2484 5203 2513 5203 2479 5204 2638 5204 2481 5204 2481 5205 2638 5205 2513 5205 2514 5206 2487 5206 2484 5206 2639 5207 2638 5207 2479 5207 2514 5208 2488 5208 2487 5208 2639 5209 2640 5209 2638 5209 2641 5210 2640 5210 2639 5210 2642 5211 2643 5211 2641 5211 2641 5212 2643 5212 2640 5212 2644 5213 2645 5213 2642 5213 2642 5214 2645 5214 2643 5214 2514 5215 2646 5215 2488 5215 2488 5216 2646 5216 2647 5216 2647 5217 2646 5217 2644 5217 2644 5218 2646 5218 2645 5218 2610 5219 2524 5219 2607 5219 2524 5220 2522 5220 2607 5220 2610 5221 2525 5221 2524 5221 2611 5222 2525 5222 2610 5222 2607 5223 2522 5223 2605 5223 2611 5224 2527 5224 2525 5224 2614 5225 2527 5225 2611 5225 2522 5226 2519 5226 2605 5226 2615 5227 2527 5227 2614 5227 2615 5228 2530 5228 2527 5228 2605 5229 2519 5229 2604 5229 2617 5230 2530 5230 2615 5230 2617 5231 2532 5231 2530 5231 2519 5232 2517 5232 2604 5232 2604 5233 2517 5233 2601 5233 2620 5234 2532 5234 2617 5234 2590 5235 2648 5235 2578 5235 2517 5236 2515 5236 2601 5236 2601 5237 2515 5237 2650 5237 2620 5238 2534 5238 2532 5238 2622 5239 2534 5239 2620 5239 2624 5240 2534 5240 2622 5240 2649 5241 2651 5241 2648 5241 2650 5242 2576 5242 2649 5242 2515 5243 2576 5243 2650 5243 2624 5244 2536 5244 2534 5244 2576 5245 2652 5245 2649 5245 2649 5246 2653 5246 2651 5246 2649 5247 2654 5247 2653 5247 2652 5248 2654 5248 2649 5248 2626 5249 2536 5249 2624 5249 2626 5250 2538 5250 2536 5250 2628 5251 2538 5251 2626 5251 2628 5252 2540 5252 2538 5252 2628 5253 2630 5253 2540 5253 2630 5254 2541 5254 2540 5254 2630 5255 2632 5255 2541 5255 2541 5256 2634 5256 2543 5256 2632 5257 2634 5257 2541 5257 2543 5258 2634 5258 2545 5258 2634 5259 2636 5259 2545 5259 2545 5260 2491 5260 2560 5260 2636 5261 2491 5261 2545 5261 2547 5262 2511 5262 2513 5262 2574 5263 2511 5263 2547 5263 2560 5264 2491 5264 2562 5264 2574 5265 2509 5265 2511 5265 2491 5266 2493 5266 2562 5266 2572 5267 2509 5267 2574 5267 2493 5268 2496 5268 2562 5268 2572 5269 2507 5269 2509 5269 2562 5270 2496 5270 2564 5270 2496 5271 2497 5271 2564 5271 2572 5272 2506 5272 2507 5272 2570 5273 2506 5273 2572 5273 2570 5274 2504 5274 2506 5274 2568 5275 2504 5275 2570 5275 2497 5276 2500 5276 2564 5276 2564 5277 2500 5277 2567 5277 2500 5278 2502 5278 2567 5278 2568 5279 2502 5279 2504 5279 2567 5280 2502 5280 2568 5280 2549 5281 2547 5281 2513 5281 2549 5282 2513 5282 2638 5282 2651 5283 2578 5283 2648 5283 2521 5284 2523 5284 2608 5284 2523 5285 2609 5285 2608 5285 2526 5286 2609 5286 2523 5286 2526 5287 2612 5287 2609 5287 2521 5288 2608 5288 2606 5288 2520 5289 2521 5289 2606 5289 2528 5290 2613 5290 2612 5290 2528 5291 2612 5291 2526 5291 2528 5292 2616 5292 2613 5292 2529 5293 2616 5293 2528 5293 2520 5294 2606 5294 2603 5294 2529 5295 2618 5295 2616 5295 2518 5296 2520 5296 2603 5296 2531 5297 2618 5297 2529 5297 2518 5298 2603 5298 2602 5298 2531 5299 2619 5299 2618 5299 2516 5300 2602 5300 2600 5300 2516 5301 2518 5301 2602 5301 2589 5302 2599 5302 2587 5302 2533 5303 2619 5303 2531 5303 2516 5304 2600 5304 2655 5304 2533 5305 2621 5305 2619 5305 2535 5306 2621 5306 2533 5306 2535 5307 2623 5307 2621 5307 2657 5308 2516 5308 2655 5308 2656 5309 2659 5309 2589 5309 2535 5310 2625 5310 2623 5310 2657 5311 2655 5311 2659 5311 2658 5312 2659 5312 2656 5312 2660 5313 2657 5313 2659 5313 2661 5314 2659 5314 2658 5314 2661 5315 2660 5315 2659 5315 2537 5316 2625 5316 2535 5316 2537 5317 2627 5317 2625 5317 2537 5318 2629 5318 2627 5318 2539 5319 2629 5319 2537 5319 2631 5320 2629 5320 2539 5320 2542 5321 2631 5321 2539 5321 2633 5322 2631 5322 2542 5322 2635 5323 2633 5323 2542 5323 2635 5324 2542 5324 2544 5324 2637 5325 2635 5325 2544 5325 2637 5326 2544 5326 2546 5326 2492 5327 2637 5327 2546 5327 2514 5328 2575 5328 2548 5328 2512 5329 2575 5329 2514 5329 2512 5330 2573 5330 2575 5330 2492 5331 2546 5331 2561 5331 2510 5332 2573 5332 2512 5332 2494 5333 2492 5333 2561 5333 2495 5334 2561 5334 2563 5334 2495 5335 2494 5335 2561 5335 2508 5336 2573 5336 2510 5336 2508 5337 2571 5337 2573 5337 2498 5338 2495 5338 2563 5338 2505 5339 2569 5339 2571 5339 2505 5340 2571 5340 2508 5340 2498 5341 2563 5341 2565 5341 2499 5342 2498 5342 2565 5342 2501 5343 2565 5343 2566 5343 2501 5344 2499 5344 2565 5344 2503 5345 2569 5345 2505 5345 2503 5346 2566 5346 2569 5346 2503 5347 2501 5347 2566 5347 2587 5348 2656 5348 2589 5348 2548 5349 2558 5349 2514 5349 2514 5350 2558 5350 2646 5350 2586 5351 2587 5351 2599 5351 2586 5352 2599 5352 2598 5352 2583 5353 2586 5353 2598 5353 2583 5354 2598 5354 2595 5354 2581 5355 2583 5355 2595 5355 2581 5356 2595 5356 2593 5356 2580 5357 2581 5357 2593 5357 2580 5358 2593 5358 2591 5358 2578 5359 2591 5359 2590 5359 2578 5360 2580 5360 2591 5360 2646 5361 2558 5361 2557 5361 2645 5362 2646 5362 2557 5362 2645 5363 2557 5363 2556 5363 2643 5364 2645 5364 2556 5364 2643 5365 2556 5365 2554 5365 2640 5366 2643 5366 2554 5366 2640 5367 2554 5367 2552 5367 2638 5368 2640 5368 2552 5368 2638 5369 2552 5369 2549 5369 2490 5370 2647 5370 2559 5370 2647 5371 2644 5371 2559 5371 2559 5372 2644 5372 2555 5372 2644 5373 2642 5373 2555 5373 2642 5374 2641 5374 2555 5374 2555 5375 2641 5375 2553 5375 2641 5376 2639 5376 2553 5376 2553 5377 2639 5377 2551 5377 2639 5378 2479 5378 2551 5378 2551 5379 2479 5379 2550 5379 2588 5380 2585 5380 2478 5380 2478 5381 2585 5381 2597 5381 2585 5382 2584 5382 2597 5382 2597 5383 2584 5383 2596 5383 2584 5384 2582 5384 2596 5384 2596 5385 2582 5385 2594 5385 2582 5386 2579 5386 2594 5386 2594 5387 2579 5387 2592 5387 2579 5388 2577 5388 2592 5388 2592 5389 2577 5389 2471 5389 2652 5390 2657 5390 2660 5390 2652 5391 2576 5391 2657 5391 2654 5392 2652 5392 2660 5392 2654 5393 2660 5393 2661 5393 2653 5394 2661 5394 2658 5394 2653 5395 2654 5395 2661 5395 2651 5396 2658 5396 2656 5396 2651 5397 2653 5397 2658 5397 2648 5398 2589 5398 2649 5398 2589 5399 2659 5399 2649 5399 2659 5400 2655 5400 2649 5400 2649 5401 2655 5401 2650 5401 2756 5402 2759 5402 2708 5402 2665 5403 2667 5403 2666 5403 2706 5404 2665 5404 2754 5404 2754 5405 2665 5405 2666 5405 2666 5406 2667 5406 2668 5406 2667 5407 2662 5407 2668 5407 2662 5408 2663 5408 2669 5408 2663 5409 2664 5409 2669 5409 2672 5410 2673 5410 2671 5410 2676 5411 2673 5411 2672 5411 2676 5412 2674 5412 2673 5412 2676 5413 2675 5413 2674 5413 2679 5414 2677 5414 2676 5414 2679 5415 2678 5415 2677 5415 2682 5416 2681 5416 2680 5416 2682 5417 2680 5417 2683 5417 2683 5418 2695 5418 2682 5418 2684 5419 2694 5419 2683 5419 2685 5420 2684 5420 2683 5420 2685 5421 2693 5421 2684 5421 2687 5422 2692 5422 2685 5422 2687 5423 2686 5423 2692 5423 2687 5424 2691 5424 2686 5424 2688 5425 2691 5425 2687 5425 2688 5426 2687 5426 2739 5426 2688 5427 2690 5427 2691 5427 2689 5428 2690 5428 2688 5428 2689 5429 2688 5429 2739 5429 2689 5430 2734 5430 2690 5430 2685 5431 2692 5431 2693 5431 2684 5432 2693 5432 2694 5432 2683 5433 2694 5433 2695 5433 2682 5434 2695 5434 2681 5434 2680 5435 2681 5435 2696 5435 2697 5436 2670 5436 2672 5436 2697 5437 2729 5437 2670 5437 2697 5438 2672 5438 2671 5438 2698 5439 2697 5439 2671 5439 2699 5440 2671 5440 2673 5440 2699 5441 2698 5441 2671 5441 2699 5442 2673 5442 2674 5442 2700 5443 2699 5443 2674 5443 2701 5444 2674 5444 2675 5444 2701 5445 2700 5445 2674 5445 2702 5446 2675 5446 2676 5446 2702 5447 2701 5447 2675 5447 2702 5448 2676 5448 2677 5448 2703 5449 2702 5449 2677 5449 2703 5450 2677 5450 2678 5450 2704 5451 2703 5451 2678 5451 2705 5452 2704 5452 2678 5452 2705 5453 2678 5453 2679 5453 2709 5454 2705 5454 2679 5454 2709 5455 2679 5455 2710 5455 2741 5456 2667 5456 2742 5456 2739 5457 2667 5457 2741 5457 2667 5458 2665 5458 2742 5458 2739 5459 2662 5459 2667 5459 2665 5460 2706 5460 2742 5460 2739 5461 2663 5461 2662 5461 2687 5462 2663 5462 2739 5462 2742 5463 2706 5463 2744 5463 2706 5464 2750 5464 2744 5464 2750 5465 2707 5465 2744 5465 2663 5466 2687 5466 2664 5466 2687 5467 2685 5467 2664 5467 2707 5468 2745 5468 2744 5468 2708 5469 2745 5469 2707 5469 2708 5470 2680 5470 2745 5470 2664 5471 2685 5471 2749 5471 2685 5472 2683 5472 2749 5472 2749 5473 2680 5473 2708 5473 2749 5474 2683 5474 2680 5474 2676 5475 2672 5475 2679 5475 2747 5476 2672 5476 2717 5476 2679 5477 2672 5477 2747 5477 2717 5478 2672 5478 2726 5478 2711 5479 2710 5479 2712 5479 2711 5480 2709 5480 2710 5480 2713 5481 2711 5481 2712 5481 2713 5482 2712 5482 2715 5482 2714 5483 2713 5483 2715 5483 2714 5484 2715 5484 2747 5484 2716 5485 2714 5485 2747 5485 2716 5486 2747 5486 2717 5486 2718 5487 2716 5487 2717 5487 2720 5488 2717 5488 2719 5488 2720 5489 2718 5489 2717 5489 2720 5490 2719 5490 2721 5490 2722 5491 2720 5491 2721 5491 2722 5492 2721 5492 2725 5492 2723 5493 2722 5493 2725 5493 2724 5494 2723 5494 2725 5494 2724 5495 2725 5495 2726 5495 2727 5496 2724 5496 2726 5496 2727 5497 2726 5497 2728 5497 2729 5498 2728 5498 2670 5498 2729 5499 2727 5499 2728 5499 2713 5500 2714 5500 2735 5500 2746 5501 2713 5501 2735 5501 2735 5502 2714 5502 2736 5502 2714 5503 2716 5503 2736 5503 2746 5504 2711 5504 2713 5504 2716 5505 2718 5505 2736 5505 2736 5506 2718 5506 2730 5506 2696 5507 2711 5507 2746 5507 2696 5508 2709 5508 2711 5508 2718 5509 2720 5509 2730 5509 2730 5510 2720 5510 2738 5510 2738 5511 2720 5511 2731 5511 2720 5512 2722 5512 2731 5512 2696 5513 2705 5513 2709 5513 2681 5514 2705 5514 2696 5514 2722 5515 2723 5515 2731 5515 2695 5516 2705 5516 2681 5516 2695 5517 2704 5517 2705 5517 2731 5518 2724 5518 2732 5518 2723 5519 2724 5519 2731 5519 2704 5520 2695 5520 2703 5520 2695 5521 2694 5521 2703 5521 2724 5522 2733 5522 2732 5522 2727 5523 2733 5523 2724 5523 2727 5524 2734 5524 2733 5524 2703 5525 2694 5525 2702 5525 2729 5526 2734 5526 2727 5526 2694 5527 2693 5527 2702 5527 2702 5528 2693 5528 2701 5528 2729 5529 2690 5529 2734 5529 2697 5530 2690 5530 2729 5530 2697 5531 2691 5531 2690 5531 2693 5532 2692 5532 2701 5532 2701 5533 2692 5533 2700 5533 2698 5534 2691 5534 2697 5534 2692 5535 2686 5535 2700 5535 2700 5536 2686 5536 2699 5536 2699 5537 2691 5537 2698 5537 2699 5538 2686 5538 2691 5538 2735 5539 2745 5539 2746 5539 2744 5540 2735 5540 2736 5540 2737 5541 2736 5541 2730 5541 2743 5542 2737 5542 2730 5542 2738 5543 2743 5543 2730 5543 2742 5544 2738 5544 2731 5544 2741 5545 2731 5545 2732 5545 2740 5546 2732 5546 2733 5546 2739 5547 2733 5547 2734 5547 2739 5548 2734 5548 2689 5548 2741 5549 2740 5549 2739 5549 2740 5550 2733 5550 2739 5550 2732 5551 2740 5551 2741 5551 2742 5552 2731 5552 2741 5552 2743 5553 2738 5553 2742 5553 2737 5554 2743 5554 2742 5554 2744 5555 2737 5555 2742 5555 2744 5556 2736 5556 2737 5556 2745 5557 2735 5557 2744 5557 2680 5558 2746 5558 2745 5558 2680 5559 2696 5559 2746 5559 2679 5560 2712 5560 2710 5560 2747 5561 2712 5561 2679 5561 2747 5562 2715 5562 2712 5562 2717 5563 2721 5563 2719 5563 2726 5564 2725 5564 2721 5564 2726 5565 2721 5565 2717 5565 2672 5566 2728 5566 2726 5566 2672 5567 2670 5567 2728 5567 2664 5568 2749 5568 2748 5568 2749 5569 2708 5569 2751 5569 2708 5570 2707 5570 2752 5570 2753 5571 2707 5571 2750 5571 2752 5572 2707 5572 2753 5572 2754 5573 2750 5573 2706 5573 2756 5574 2708 5574 2755 5574 2759 5575 2756 5575 2755 5575 2757 5576 2755 5576 2753 5576 2760 5577 2757 5577 2758 5577 2762 5578 2761 5578 2759 5578 2762 5579 2755 5579 2757 5579 2762 5580 2757 5580 2760 5580 2762 5581 2759 5581 2755 5581 2764 5582 2762 5582 2760 5582 2763 5583 2764 5583 2760 5583 2764 5584 2765 5584 2762 5584 2662 5585 2763 5585 2668 5585 2757 5586 2753 5586 2750 5586 2751 5587 2708 5587 2759 5587 2708 5588 2752 5588 2755 5588 2752 5589 2753 5589 2755 5589 2750 5590 2754 5590 2757 5590 2757 5591 2754 5591 2758 5591 2754 5592 2666 5592 2758 5592 2758 5593 2666 5593 2760 5593 2666 5594 2668 5594 2760 5594 2668 5595 2763 5595 2760 5595 2662 5596 2669 5596 2764 5596 2662 5597 2764 5597 2763 5597 2765 5598 2764 5598 2664 5598 2669 5599 2664 5599 2764 5599 2765 5600 2748 5600 2762 5600 2664 5601 2748 5601 2765 5601 2748 5602 2749 5602 2761 5602 2748 5603 2761 5603 2762 5603 2751 5604 2759 5604 2761 5604 2749 5605 2751 5605 2761 5605 2766 5606 2767 5606 2952 5606 2768 5607 2770 5607 2769 5607 2774 5608 2776 5608 2775 5608 2775 5609 2776 5609 2777 5609 2776 5610 2778 5610 2958 5610 2964 5611 2783 5611 2784 5611 2788 5612 2789 5612 2970 5612 2790 5613 2791 5613 2972 5613 2973 5614 2792 5614 2974 5614 2794 5615 2795 5615 2978 5615 2796 5616 2797 5616 2981 5616 2800 5617 2799 5617 2801 5617 2847 5618 2849 5618 2848 5618 2854 5619 2855 5619 4506 5619 4506 5620 2855 5620 2856 5620 2855 5621 2857 5621 2856 5621 2856 5622 2857 5622 2858 5622 2857 5623 2859 5623 2858 5623 2858 5624 2859 5624 2860 5624 2859 5625 2861 5625 2860 5625 2860 5626 2861 5626 2862 5626 2861 5627 2863 5627 2862 5627 2862 5628 2863 5628 2864 5628 2863 5629 2865 5629 2864 5629 2864 5630 2865 5630 2866 5630 2865 5631 2867 5631 2866 5631 2866 5632 2867 5632 2868 5632 2867 5633 2869 5633 2868 5633 2868 5634 2869 5634 2870 5634 2869 5635 2872 5635 2870 5635 2870 5636 2872 5636 2871 5636 2872 5637 2873 5637 2871 5637 2871 5638 2873 5638 2874 5638 2873 5639 2875 5639 2874 5639 4438 5640 2876 5640 2877 5640 2876 5641 2879 5641 2877 5641 2877 5642 2879 5642 2878 5642 2878 5643 2881 5643 2880 5643 2879 5644 2881 5644 2878 5644 2880 5645 2881 5645 2882 5645 2881 5646 2883 5646 2882 5646 2883 5647 2885 5647 2882 5647 2882 5648 2885 5648 2884 5648 2884 5649 2885 5649 2886 5649 2885 5650 2887 5650 2886 5650 2886 5651 2887 5651 2889 5651 2887 5652 2888 5652 2889 5652 2889 5653 2888 5653 2891 5653 2888 5654 2890 5654 2891 5654 2891 5655 2893 5655 2892 5655 2890 5656 2893 5656 2891 5656 2892 5657 2895 5657 2894 5657 2893 5658 2895 5658 2892 5658 2894 5659 4484 5659 4443 5659 2895 5660 4484 5660 2894 5660 2896 5661 4452 5661 2897 5661 4452 5662 2901 5662 2897 5662 2897 5663 2901 5663 2898 5663 2898 5664 2901 5664 2899 5664 2899 5665 2901 5665 2900 5665 2900 5666 2901 5666 2902 5666 2901 5667 2903 5667 2902 5667 2902 5668 2903 5668 2904 5668 2904 5669 2903 5669 2905 5669 2905 5670 2903 5670 2906 5670 2906 5671 4483 5671 4474 5671 2903 5672 4483 5672 2906 5672 2896 5673 2897 5673 2907 5673 2907 5674 2897 5674 2908 5674 2908 5675 2898 5675 2909 5675 2897 5676 2898 5676 2908 5676 2898 5677 2899 5677 2909 5677 2909 5678 2899 5678 2910 5678 2910 5679 2899 5679 2911 5679 2899 5680 2900 5680 2911 5680 2900 5681 2902 5681 2912 5681 2912 5682 2902 5682 2913 5682 2902 5683 2904 5683 2913 5683 2913 5684 2904 5684 2914 5684 2914 5685 2905 5685 2915 5685 2904 5686 2905 5686 2914 5686 2905 5687 2906 5687 2915 5687 2915 5688 2906 5688 2916 5688 2906 5689 4474 5689 2916 5689 2908 5690 4470 5690 2907 5690 2912 5691 2913 5691 4470 5691 2909 5692 4470 5692 2908 5692 2910 5693 4470 5693 2909 5693 2911 5694 4470 5694 2910 5694 2900 5695 2912 5695 2911 5695 2911 5696 2912 5696 4470 5696 2914 5697 4470 5697 2913 5697 2914 5698 2915 5698 4470 5698 2916 5699 4470 5699 2915 5699 4390 5700 2917 5700 4387 5700 4387 5701 2917 5701 2918 5701 2917 5702 2919 5702 2918 5702 2918 5703 2919 5703 2920 5703 2919 5704 3687 5704 2920 5704 3687 5705 2922 5705 2920 5705 2920 5706 2922 5706 2921 5706 2922 5707 2923 5707 2921 5707 4387 5708 2918 5708 4383 5708 2918 5709 2920 5709 4383 5709 2920 5710 2921 5710 4383 5710 4382 5711 2926 5711 2924 5711 2924 5712 2926 5712 2925 5712 2926 5713 2927 5713 2925 5713 2925 5714 2927 5714 2929 5714 2927 5715 2928 5715 2929 5715 2929 5716 2928 5716 4378 5716 2928 5717 2930 5717 4378 5717 4377 5718 2924 5718 2931 5718 2924 5719 2925 5719 2931 5719 2925 5720 2929 5720 2931 5720 2931 5721 2929 5721 2932 5721 2932 5722 2929 5722 2933 5722 2929 5723 4378 5723 2933 5723 2933 5724 4378 5724 4374 5724 2931 5725 4375 5725 4377 5725 2932 5726 2933 5726 4375 5726 2932 5727 4375 5727 2931 5727 4375 5728 2933 5728 4374 5728 4373 5729 2934 5729 4369 5729 4369 5730 2934 5730 2935 5730 2934 5731 2936 5731 2935 5731 2935 5732 2936 5732 2942 5732 2942 5733 2938 5733 2937 5733 2936 5734 2938 5734 2942 5734 4367 5735 4369 5735 2939 5735 4369 5736 2935 5736 2939 5736 2939 5737 2935 5737 2940 5737 2935 5738 2942 5738 2940 5738 2940 5739 2942 5739 2941 5739 2942 5740 2937 5740 2941 5740 2939 5741 2943 5741 4367 5741 2939 5742 2940 5742 2943 5742 2941 5743 2943 5743 2940 5743 3956 5744 2946 5744 2945 5744 2946 5745 2947 5745 2945 5745 2945 5746 2947 5746 2948 5746 3936 5747 2949 5747 3540 5747 2950 5748 4328 5748 3309 5748 3982 5749 2766 5749 2951 5749 2951 5750 2766 5750 2952 5750 2952 5751 2767 5751 2953 5751 2767 5752 2768 5752 2953 5752 2953 5753 2768 5753 2769 5753 2769 5754 2770 5754 2954 5754 2770 5755 2771 5755 2954 5755 2954 5756 2771 5756 2955 5756 2771 5757 2772 5757 2955 5757 2955 5758 2772 5758 2956 5758 2772 5759 2773 5759 2956 5759 2956 5760 2773 5760 2957 5760 2773 5761 2774 5761 2957 5761 2957 5762 2774 5762 2775 5762 2776 5763 2958 5763 2777 5763 2958 5764 2778 5764 2959 5764 2778 5765 2779 5765 2959 5765 2959 5766 2779 5766 2960 5766 2779 5767 2780 5767 2960 5767 2960 5768 2780 5768 2961 5768 2780 5769 2781 5769 2961 5769 2961 5770 2781 5770 2962 5770 2781 5771 2782 5771 2962 5771 2962 5772 2782 5772 2963 5772 2782 5773 2783 5773 2963 5773 2963 5774 2783 5774 2964 5774 2964 5775 2784 5775 2965 5775 2965 5776 2784 5776 2966 5776 2784 5777 2785 5777 2966 5777 2785 5778 2786 5778 2966 5778 2966 5779 2786 5779 2967 5779 2786 5780 2787 5780 2967 5780 2967 5781 2787 5781 2968 5781 2968 5782 2788 5782 2969 5782 2787 5783 2788 5783 2968 5783 2788 5784 2970 5784 2969 5784 2970 5785 2789 5785 2971 5785 2789 5786 2790 5786 2971 5786 2971 5787 2790 5787 2972 5787 2972 5788 2792 5788 2973 5788 2791 5789 2792 5789 2972 5789 2974 5790 2792 5790 2975 5790 2792 5791 2793 5791 2975 5791 2975 5792 2793 5792 2976 5792 2793 5793 2794 5793 2976 5793 2976 5794 2794 5794 2977 5794 2794 5795 2978 5795 2977 5795 2978 5796 2795 5796 2979 5796 2795 5797 2796 5797 2979 5797 2979 5798 2796 5798 2980 5798 2796 5799 2981 5799 2980 5799 2981 5800 2797 5800 2982 5800 2797 5801 2798 5801 2982 5801 2982 5802 2798 5802 2983 5802 2798 5803 2799 5803 2983 5803 2983 5804 2799 5804 2800 5804 2800 5805 2801 5805 2984 5805 2984 5806 2801 5806 2985 5806 2801 5807 2802 5807 2985 5807 2985 5808 2802 5808 2986 5808 2802 5809 2803 5809 2986 5809 2986 5810 2803 5810 2987 5810 2803 5811 2804 5811 2987 5811 2987 5812 2804 5812 2988 5812 2988 5813 2805 5813 2989 5813 2804 5814 2805 5814 2988 5814 2989 5815 2805 5815 2990 5815 3523 5816 2992 5816 3824 5816 3824 5817 2992 5817 2991 5817 2991 5818 2992 5818 2993 5818 2992 5819 2994 5819 2993 5819 2995 5820 2998 5820 2996 5820 2998 5821 3000 5821 2996 5821 2996 5822 3000 5822 2997 5822 2997 5823 3000 5823 2999 5823 2999 5824 3000 5824 3001 5824 3000 5825 3002 5825 3001 5825 3001 5826 3002 5826 3003 5826 3003 5827 3004 5827 3005 5827 3002 5828 3004 5828 3003 5828 3005 5829 3004 5829 3006 5829 3004 5830 3008 5830 3006 5830 3006 5831 3008 5831 3007 5831 3007 5832 3833 5832 4280 5832 3008 5833 3833 5833 3007 5833 4267 5834 2995 5834 3009 5834 2995 5835 2996 5835 3009 5835 3009 5836 2996 5836 3010 5836 2996 5837 2997 5837 3010 5837 3010 5838 2997 5838 3011 5838 2997 5839 2999 5839 3011 5839 3011 5840 2999 5840 3012 5840 2999 5841 3001 5841 3012 5841 3012 5842 3001 5842 3013 5842 3001 5843 3003 5843 3013 5843 3013 5844 3003 5844 3014 5844 3014 5845 3005 5845 3015 5845 3003 5846 3005 5846 3014 5846 3015 5847 3005 5847 3016 5847 3005 5848 3006 5848 3016 5848 3016 5849 3007 5849 3017 5849 3006 5850 3007 5850 3016 5850 3017 5851 3007 5851 4278 5851 3007 5852 4280 5852 4278 5852 4278 5853 4279 5853 3017 5853 4279 5854 3018 5854 3017 5854 3017 5855 3018 5855 3016 5855 3016 5856 3018 5856 3015 5856 3018 5857 3019 5857 3015 5857 3015 5858 3019 5858 3014 5858 3019 5859 3020 5859 3014 5859 3014 5860 3020 5860 3013 5860 3013 5861 3020 5861 3012 5861 3012 5862 3020 5862 3011 5862 3020 5863 3021 5863 3011 5863 3011 5864 3021 5864 3010 5864 3010 5865 3021 5865 3009 5865 3009 5866 3021 5866 4267 5866 4267 5867 3021 5867 4271 5867 3022 5868 3029 5868 3023 5868 3023 5869 3029 5869 3024 5869 3024 5870 3029 5870 3025 5870 3025 5871 3029 5871 3026 5871 3026 5872 3029 5872 3027 5872 3027 5873 3029 5873 3028 5873 3028 5874 3029 5874 3030 5874 3029 5875 3034 5875 3030 5875 3030 5876 3034 5876 3031 5876 3031 5877 3034 5877 3032 5877 3032 5878 3034 5878 3033 5878 3033 5879 3034 5879 3035 5879 3034 5880 3036 5880 3035 5880 3035 5881 3036 5881 3037 5881 3037 5882 3036 5882 3038 5882 3038 5883 3036 5883 3039 5883 3039 5884 3036 5884 4178 5884 4161 5885 3022 5885 3040 5885 3022 5886 3023 5886 3040 5886 3040 5887 3023 5887 3041 5887 3023 5888 3024 5888 3041 5888 3041 5889 3024 5889 3042 5889 3024 5890 3025 5890 3042 5890 3042 5891 3025 5891 3043 5891 3025 5892 3026 5892 3043 5892 3043 5893 3026 5893 3044 5893 3026 5894 3027 5894 3044 5894 3044 5895 3027 5895 3045 5895 3045 5896 3027 5896 3046 5896 3027 5897 3028 5897 3046 5897 3028 5898 3030 5898 3046 5898 3046 5899 3030 5899 3047 5899 3047 5900 3031 5900 3048 5900 3030 5901 3031 5901 3047 5901 3031 5902 3032 5902 3048 5902 3048 5903 3032 5903 3049 5903 3032 5904 3033 5904 3049 5904 3049 5905 3033 5905 3050 5905 3033 5906 3035 5906 3050 5906 3050 5907 3035 5907 3051 5907 3035 5908 3037 5908 3051 5908 3051 5909 3038 5909 3052 5909 3037 5910 3038 5910 3051 5910 3052 5911 3039 5911 3053 5911 3038 5912 3039 5912 3052 5912 3053 5913 4178 5913 4177 5913 3039 5914 4178 5914 3053 5914 4177 5915 4176 5915 3053 5915 3053 5916 4176 5916 3052 5916 3052 5917 4176 5917 3051 5917 3051 5918 4176 5918 3050 5918 4176 5919 3054 5919 3050 5919 3050 5920 3054 5920 3049 5920 3049 5921 3054 5921 3048 5921 3048 5922 3054 5922 3047 5922 3047 5923 3054 5923 3046 5923 3054 5924 3045 5924 3046 5924 3044 5925 3045 5925 3043 5925 3045 5926 3055 5926 3043 5926 3043 5927 3055 5927 3042 5927 3042 5928 3055 5928 3041 5928 3041 5929 3055 5929 3040 5929 3040 5930 3055 5930 4161 5930 3056 5931 3058 5931 3057 5931 3057 5932 3058 5932 3059 5932 3058 5933 4156 5933 3059 5933 4155 5934 3869 5934 3060 5934 3869 5935 3056 5935 3060 5935 3060 5936 3056 5936 3063 5936 3056 5937 3057 5937 3063 5937 3063 5938 3057 5938 3061 5938 3057 5939 3059 5939 3061 5939 3061 5940 3059 5940 4153 5940 3059 5941 4156 5941 4153 5941 4155 5942 3060 5942 3062 5942 3060 5943 3063 5943 3062 5943 3061 5944 3062 5944 3063 5944 3061 5945 4153 5945 3062 5945 4152 5946 3064 5946 4150 5946 4152 5947 3066 5947 3064 5947 3064 5948 3066 5948 3065 5948 3066 5949 3067 5949 3065 5949 4151 5950 3067 5950 3066 5950 4151 5951 4148 5951 3067 5951 4150 5952 3064 5952 4147 5952 4147 5953 3064 5953 3070 5953 3064 5954 3065 5954 3070 5954 3070 5955 3065 5955 3068 5955 3065 5956 3067 5956 3068 5956 3068 5957 3067 5957 4145 5957 3067 5958 4148 5958 4145 5958 4147 5959 3070 5959 3069 5959 3068 5960 3069 5960 3070 5960 4145 5961 3069 5961 3068 5961 3072 5962 3074 5962 3071 5962 3074 5963 3073 5963 3071 5963 3073 5964 3075 5964 3071 5964 3078 5965 3076 5965 4134 5965 3078 5966 4134 5966 3077 5966 3079 5967 3078 5967 3077 5967 3079 5968 3077 5968 3080 5968 3081 5969 3079 5969 3080 5969 3082 5970 3081 5970 3080 5970 3082 5971 3080 5971 3083 5971 3626 5972 3082 5972 3083 5972 3626 5973 3083 5973 4137 5973 4129 5974 3084 5974 3085 5974 3086 5975 4129 5975 3085 5975 3088 5976 3086 5976 3085 5976 3088 5977 3085 5977 3087 5977 3089 5978 3088 5978 3087 5978 3089 5979 3087 5979 3090 5979 3091 5980 3089 5980 3090 5980 3091 5981 3090 5981 3092 5981 3093 5982 3091 5982 3092 5982 3093 5983 3092 5983 3094 5983 3095 5984 3093 5984 3094 5984 3097 5985 3094 5985 3096 5985 3097 5986 3095 5986 3094 5986 3880 5987 3097 5987 3096 5987 3100 5988 3098 5988 3099 5988 3101 5989 3100 5989 3099 5989 3102 5990 3099 5990 3103 5990 3102 5991 3101 5991 3099 5991 3104 5992 3102 5992 3103 5992 3105 5993 3103 5993 3106 5993 3105 5994 3104 5994 3103 5994 3107 5995 3105 5995 3106 5995 3108 5996 3107 5996 3106 5996 3109 5997 3108 5997 3106 5997 3110 5998 3106 5998 3111 5998 3110 5999 3109 5999 3106 5999 3112 6000 3110 6000 3111 6000 3113 6001 3112 6001 3111 6001 3114 6002 3113 6002 3111 6002 3114 6003 3111 6003 3115 6003 3116 6004 3114 6004 3115 6004 3117 6005 3116 6005 3115 6005 3118 6006 3116 6006 3117 6006 3119 6007 3118 6007 3117 6007 3120 6008 3119 6008 3117 6008 3121 6009 3120 6009 3117 6009 3122 6010 3120 6010 3121 6010 3123 6011 3122 6011 3121 6011 3124 6012 3123 6012 3121 6012 3125 6013 3123 6013 3124 6013 3126 6014 3125 6014 3124 6014 3128 6015 3126 6015 3124 6015 3127 6016 3126 6016 3128 6016 3129 6017 3127 6017 3128 6017 3130 6018 3129 6018 3128 6018 3131 6019 3129 6019 3130 6019 3132 6020 3131 6020 3130 6020 3134 6021 3132 6021 3130 6021 3133 6022 3132 6022 3134 6022 3135 6023 3133 6023 3134 6023 3136 6024 3135 6024 3134 6024 3137 6025 3135 6025 3136 6025 3138 6026 3137 6026 3136 6026 3139 6027 3138 6027 3136 6027 3140 6028 3139 6028 3136 6028 3141 6029 3139 6029 3140 6029 3142 6030 3141 6030 3140 6030 3143 6031 3142 6031 3140 6031 3144 6032 3142 6032 3143 6032 3145 6033 3144 6033 3143 6033 3146 6034 3145 6034 3143 6034 3147 6035 3146 6035 3143 6035 3149 6036 3147 6036 3143 6036 3148 6037 3147 6037 3149 6037 3150 6038 3148 6038 3149 6038 3151 6039 3150 6039 3149 6039 3152 6040 3150 6040 3151 6040 3153 6041 3152 6041 3151 6041 3154 6042 3153 6042 3151 6042 3155 6043 3154 6043 3151 6043 3156 6044 3154 6044 3155 6044 3157 6045 3156 6045 3155 6045 3158 6046 3155 6046 3159 6046 3158 6047 3157 6047 3155 6047 3160 6048 3158 6048 3159 6048 3161 6049 3160 6049 3159 6049 3162 6050 3161 6050 3159 6050 3163 6051 3161 6051 3162 6051 3164 6052 3163 6052 3162 6052 3165 6053 3164 6053 3162 6053 3166 6054 3165 6054 3162 6054 3167 6055 3166 6055 3162 6055 3168 6056 3166 6056 3167 6056 3169 6057 3168 6057 3167 6057 3170 6058 3169 6058 3167 6058 3172 6059 3170 6059 3167 6059 3171 6060 3170 6060 3172 6060 3173 6061 3171 6061 3172 6061 3174 6062 3173 6062 3172 6062 3174 6063 3172 6063 3175 6063 3176 6064 3174 6064 3175 6064 3177 6065 3176 6065 3175 6065 3178 6066 3177 6066 3175 6066 3178 6067 3175 6067 3179 6067 3180 6068 3178 6068 3179 6068 3181 6069 3180 6069 3179 6069 3182 6070 3181 6070 3179 6070 3183 6071 3182 6071 3179 6071 3184 6072 3183 6072 3179 6072 3185 6073 3183 6073 3184 6073 3186 6074 3185 6074 3184 6074 3187 6075 3186 6075 3184 6075 3188 6076 3187 6076 3184 6076 3189 6077 3187 6077 3188 6077 3190 6078 3188 6078 3191 6078 3190 6079 3189 6079 3188 6079 3192 6080 3190 6080 3191 6080 3193 6081 3192 6081 3191 6081 3194 6082 3193 6082 3191 6082 3195 6083 3194 6083 3191 6083 3196 6084 3194 6084 3195 6084 3197 6085 3195 6085 3198 6085 3197 6086 3196 6086 3195 6086 3199 6087 3197 6087 3198 6087 3200 6088 3199 6088 3198 6088 3201 6089 3200 6089 3198 6089 3204 6090 3203 6090 3202 6090 3206 6091 3204 6091 3202 6091 3205 6092 3204 6092 3206 6092 3207 6093 3205 6093 3206 6093 3208 6094 3207 6094 3206 6094 3209 6095 3208 6095 3206 6095 3210 6096 3208 6096 3209 6096 3211 6097 3210 6097 3209 6097 3212 6098 3211 6098 3209 6098 3213 6099 3211 6099 3212 6099 3214 6100 3213 6100 3212 6100 3215 6101 3213 6101 3214 6101 3216 6102 3215 6102 3214 6102 3218 6103 3216 6103 3214 6103 3217 6104 3216 6104 3218 6104 3219 6105 3217 6105 3218 6105 3220 6106 3219 6106 3218 6106 3221 6107 3220 6107 3218 6107 3222 6108 3221 6108 3218 6108 3223 6109 3221 6109 3222 6109 3224 6110 3223 6110 3222 6110 3225 6111 3224 6111 3222 6111 3226 6112 3225 6112 3222 6112 3227 6113 3225 6113 3226 6113 3228 6114 3227 6114 3226 6114 3229 6115 3228 6115 3226 6115 3230 6116 3229 6116 3226 6116 3232 6117 3230 6117 3226 6117 3231 6118 3230 6118 3232 6118 3233 6119 3231 6119 3232 6119 3234 6120 3233 6120 3232 6120 3235 6121 3234 6121 3232 6121 3238 6122 3235 6122 3232 6122 3236 6123 3235 6123 3238 6123 3237 6124 3236 6124 3238 6124 3239 6125 3237 6125 3238 6125 3240 6126 3239 6126 3238 6126 3241 6127 3239 6127 3240 6127 3242 6128 3241 6128 3240 6128 3243 6129 3241 6129 3242 6129 3244 6130 3243 6130 3242 6130 3245 6131 3244 6131 3242 6131 3246 6132 3245 6132 3242 6132 3247 6133 3246 6133 3242 6133 3248 6134 3246 6134 3247 6134 3249 6135 3248 6135 3247 6135 3250 6136 3249 6136 3247 6136 3252 6137 3250 6137 3247 6137 3251 6138 3250 6138 3252 6138 3254 6139 3251 6139 3252 6139 3253 6140 3254 6140 3252 6140 3255 6141 3254 6141 3253 6141 3257 6142 3255 6142 3253 6142 3256 6143 3255 6143 3257 6143 3258 6144 3256 6144 3257 6144 3259 6145 3258 6145 3257 6145 3260 6146 3259 6146 3257 6146 3262 6147 3260 6147 3257 6147 3261 6148 3260 6148 3262 6148 3263 6149 3261 6149 3262 6149 3264 6150 3263 6150 3262 6150 3265 6151 3264 6151 3262 6151 3266 6152 3264 6152 3265 6152 3267 6153 3265 6153 3268 6153 3267 6154 3266 6154 3265 6154 3269 6155 3267 6155 3268 6155 3270 6156 3269 6156 3268 6156 3271 6157 3270 6157 3268 6157 3272 6158 3270 6158 3271 6158 3273 6159 3272 6159 3271 6159 3274 6160 3273 6160 3271 6160 3276 6161 3274 6161 3271 6161 3275 6162 3274 6162 3276 6162 3277 6163 3275 6163 3276 6163 3278 6164 3277 6164 3276 6164 3279 6165 3278 6165 3276 6165 3282 6166 3279 6166 3276 6166 3280 6167 3279 6167 3282 6167 3281 6168 3280 6168 3282 6168 3283 6169 3281 6169 3282 6169 3284 6170 3283 6170 3282 6170 3285 6171 3283 6171 3284 6171 3286 6172 3285 6172 3284 6172 3287 6173 3286 6173 3284 6173 3288 6174 3284 6174 3290 6174 3288 6175 3287 6175 3284 6175 3289 6176 3288 6176 3290 6176 3291 6177 3290 6177 3292 6177 3291 6178 3289 6178 3290 6178 3293 6179 3291 6179 3292 6179 3294 6180 3293 6180 3292 6180 3295 6181 3294 6181 3292 6181 3296 6182 3294 6182 3295 6182 3299 6183 3296 6183 3295 6183 3297 6184 3296 6184 3299 6184 3298 6185 3297 6185 3299 6185 3300 6186 3298 6186 3299 6186 3301 6187 3300 6187 3299 6187 3302 6188 3299 6188 3589 6188 3302 6189 3301 6189 3299 6189 3304 6190 3305 6190 3306 6190 3303 6191 3305 6191 3304 6191 3305 6192 3308 6192 3306 6192 3306 6193 3308 6193 3307 6193 3307 6194 3308 6194 3309 6194 3308 6195 3310 6195 3309 6195 3311 6196 2806 6196 3312 6196 3590 6197 2806 6197 3311 6197 2806 6198 2807 6198 3312 6198 3312 6199 2807 6199 3313 6199 3313 6200 2808 6200 3314 6200 2807 6201 2808 6201 3313 6201 2808 6202 2809 6202 3314 6202 3314 6203 2809 6203 4333 6203 4333 6204 2810 6204 4331 6204 2809 6205 2810 6205 4333 6205 4331 6206 2810 6206 3315 6206 2810 6207 2811 6207 3315 6207 3315 6208 2811 6208 3316 6208 3316 6209 2812 6209 3317 6209 2811 6210 2812 6210 3316 6210 2812 6211 2813 6211 3317 6211 3317 6212 2813 6212 3318 6212 2813 6213 2814 6213 3318 6213 3318 6214 2814 6214 3319 6214 2814 6215 2815 6215 3319 6215 3319 6216 2815 6216 3320 6216 3320 6217 2816 6217 3321 6217 2815 6218 2816 6218 3320 6218 3321 6219 2816 6219 3322 6219 3322 6220 2817 6220 3323 6220 2816 6221 2817 6221 3322 6221 2817 6222 2818 6222 3323 6222 3323 6223 2818 6223 3324 6223 2818 6224 2819 6224 3324 6224 3324 6225 2819 6225 3325 6225 3325 6226 2819 6226 3326 6226 2819 6227 2820 6227 3326 6227 3326 6228 2820 6228 3327 6228 2820 6229 2821 6229 3327 6229 3327 6230 2821 6230 3328 6230 2821 6231 2822 6231 3328 6231 3328 6232 2822 6232 3329 6232 3329 6233 2822 6233 3330 6233 2822 6234 2823 6234 3330 6234 3330 6235 2823 6235 3331 6235 3331 6236 2823 6236 3332 6236 2823 6237 2824 6237 3332 6237 3332 6238 2824 6238 3333 6238 3333 6239 2824 6239 4354 6239 4354 6240 2825 6240 3335 6240 2824 6241 2825 6241 4354 6241 3335 6242 3334 6242 3959 6242 3335 6243 2825 6243 3334 6243 2825 6244 2826 6244 3334 6244 3334 6245 2826 6245 3336 6245 3336 6246 2827 6246 3337 6246 2826 6247 2827 6247 3336 6247 2827 6248 2828 6248 3337 6248 3337 6249 2828 6249 3338 6249 2828 6250 2829 6250 3338 6250 3338 6251 2829 6251 3339 6251 3339 6252 2830 6252 3340 6252 2829 6253 2830 6253 3339 6253 2830 6254 2831 6254 3340 6254 3340 6255 2831 6255 3341 6255 3341 6256 2831 6256 3342 6256 2831 6257 2832 6257 3342 6257 3342 6258 2832 6258 3343 6258 2832 6259 2833 6259 3343 6259 3343 6260 2833 6260 3344 6260 2833 6261 2834 6261 3344 6261 3344 6262 2834 6262 3345 6262 3345 6263 2834 6263 3346 6263 2834 6264 2835 6264 3346 6264 3346 6265 2835 6265 3347 6265 3347 6266 2836 6266 3348 6266 2835 6267 2836 6267 3347 6267 3348 6268 2837 6268 3349 6268 2836 6269 2837 6269 3348 6269 3349 6270 2837 6270 3350 6270 2837 6271 2838 6271 3350 6271 3350 6272 2838 6272 3351 6272 3351 6273 2838 6273 3352 6273 2838 6274 2839 6274 3352 6274 3352 6275 2840 6275 3353 6275 2839 6276 2840 6276 3352 6276 3353 6277 2840 6277 4324 6277 4325 6278 3354 6278 3355 6278 2840 6279 2841 6279 4324 6279 4325 6280 2841 6280 3354 6280 4324 6281 2841 6281 4325 6281 2841 6282 2842 6282 3354 6282 3354 6283 2842 6283 3356 6283 3356 6284 2843 6284 3357 6284 2842 6285 2843 6285 3356 6285 3357 6286 2844 6286 3358 6286 2843 6287 2844 6287 3357 6287 3358 6288 2844 6288 3359 6288 3359 6289 2845 6289 3360 6289 2844 6290 2845 6290 3359 6290 3360 6291 2846 6291 3361 6291 2845 6292 2846 6292 3360 6292 3361 6293 2847 6293 3362 6293 2846 6294 2847 6294 3361 6294 3362 6295 2848 6295 3363 6295 2847 6296 2848 6296 3362 6296 3363 6297 2849 6297 3364 6297 2848 6298 2849 6298 3363 6298 3364 6299 2850 6299 3365 6299 2849 6300 2850 6300 3364 6300 2850 6301 2851 6301 3365 6301 3365 6302 2851 6302 3366 6302 2851 6303 2852 6303 3366 6303 3366 6304 2852 6304 3367 6304 2852 6305 2853 6305 3367 6305 3367 6306 2853 6306 3368 6306 3368 6307 2853 6307 3575 6307 3369 6308 3372 6308 3370 6308 3372 6309 3371 6309 3370 6309 3372 6310 3375 6310 3371 6310 3715 6311 3373 6311 3826 6311 3826 6312 3373 6312 3374 6312 3375 6313 3377 6313 3371 6313 3373 6314 3376 6314 3374 6314 3374 6315 3376 6315 3377 6315 3377 6316 3376 6316 3371 6316 3371 6317 3376 6317 3378 6317 3376 6318 3379 6318 3378 6318 3378 6319 3379 6319 3380 6319 3379 6320 3381 6320 3380 6320 3381 6321 4335 6321 3380 6321 3380 6322 4335 6322 3382 6322 4335 6323 4334 6323 3382 6323 3382 6324 4334 6324 3383 6324 4334 6325 3384 6325 3383 6325 3384 6326 3385 6326 3383 6326 3383 6327 3385 6327 3386 6327 3386 6328 3387 6328 3388 6328 3385 6329 3387 6329 3386 6329 3387 6330 3389 6330 3388 6330 3388 6331 3389 6331 3390 6331 3390 6332 3391 6332 3392 6332 3389 6333 3391 6333 3390 6333 3392 6334 3393 6334 3394 6334 3391 6335 3393 6335 3392 6335 3393 6336 3395 6336 3394 6336 3394 6337 3395 6337 3396 6337 3395 6338 3397 6338 3396 6338 3396 6339 3397 6339 3398 6339 3397 6340 3399 6340 3398 6340 3398 6341 3399 6341 3400 6341 3399 6342 3401 6342 3400 6342 3400 6343 3401 6343 3402 6343 3401 6344 3403 6344 3402 6344 3402 6345 3403 6345 3404 6345 3403 6346 3405 6346 3404 6346 3404 6347 3405 6347 3406 6347 3405 6348 3407 6348 3406 6348 3406 6349 3407 6349 3408 6349 3407 6350 3409 6350 3408 6350 3408 6351 3409 6351 3410 6351 3409 6352 3411 6352 3410 6352 3410 6353 3411 6353 3412 6353 3411 6354 3413 6354 3412 6354 3412 6355 3413 6355 3415 6355 3413 6356 3414 6356 3415 6356 3415 6357 3416 6357 3417 6357 3414 6358 3416 6358 3415 6358 3417 6359 3418 6359 3419 6359 3416 6360 3418 6360 3417 6360 3418 6361 3420 6361 3419 6361 3419 6362 3420 6362 3421 6362 3421 6363 3422 6363 3424 6363 3420 6364 3422 6364 3421 6364 3422 6365 3423 6365 3424 6365 3423 6366 3425 6366 3424 6366 3424 6367 3425 6367 3426 6367 3425 6368 4356 6368 3426 6368 4356 6369 4357 6369 3426 6369 3426 6370 4357 6370 3427 6370 3427 6371 3428 6371 3429 6371 4357 6372 3428 6372 3427 6372 3429 6373 3430 6373 3432 6373 3428 6374 3430 6374 3429 6374 3430 6375 3431 6375 3432 6375 3431 6376 3433 6376 3432 6376 3432 6377 3433 6377 3434 6377 3433 6378 3435 6378 3434 6378 3434 6379 3435 6379 3436 6379 3435 6380 3437 6380 3436 6380 3436 6381 3437 6381 3438 6381 3437 6382 3439 6382 3438 6382 3438 6383 3439 6383 3440 6383 3439 6384 3441 6384 3440 6384 3440 6385 3441 6385 3442 6385 3441 6386 3443 6386 3442 6386 3442 6387 3443 6387 3445 6387 3443 6388 3444 6388 3445 6388 3445 6389 3446 6389 3447 6389 3444 6390 3446 6390 3445 6390 3447 6391 3448 6391 3449 6391 3446 6392 3448 6392 3447 6392 3449 6393 3450 6393 3452 6393 3448 6394 3450 6394 3449 6394 3450 6395 3451 6395 3452 6395 3452 6396 3453 6396 3454 6396 3451 6397 3453 6397 3452 6397 3454 6398 3455 6398 3456 6398 3453 6399 3455 6399 3454 6399 3456 6400 3457 6400 3458 6400 3455 6401 3457 6401 3456 6401 3457 6402 3459 6402 3458 6402 3458 6403 3459 6403 3460 6403 3460 6404 3461 6404 3462 6404 3459 6405 3461 6405 3460 6405 3461 6406 3463 6406 3462 6406 3463 6407 3464 6407 3462 6407 3462 6408 3464 6408 3465 6408 3465 6409 3466 6409 3467 6409 3464 6410 3466 6410 3465 6410 3467 6411 3468 6411 3469 6411 3466 6412 3468 6412 3467 6412 3469 6413 3470 6413 3471 6413 3468 6414 3470 6414 3469 6414 3471 6415 3473 6415 3472 6415 3470 6416 3473 6416 3471 6416 3473 6417 4329 6417 3472 6417 4329 6418 4327 6418 3472 6418 3472 6419 4327 6419 3474 6419 4327 6420 3475 6420 3474 6420 3475 6421 3476 6421 3474 6421 3474 6422 3476 6422 3477 6422 3476 6423 3478 6423 3477 6423 3477 6424 3478 6424 3479 6424 3478 6425 3480 6425 3479 6425 3479 6426 3480 6426 3481 6426 3480 6427 3482 6427 3481 6427 3481 6428 3482 6428 3483 6428 3482 6429 3484 6429 3483 6429 3483 6430 3484 6430 3485 6430 3484 6431 3486 6431 3485 6431 3485 6432 3486 6432 3487 6432 3486 6433 3488 6433 3487 6433 3487 6434 3488 6434 3490 6434 3488 6435 3489 6435 3490 6435 3489 6436 3491 6436 3490 6436 3490 6437 3491 6437 3492 6437 3492 6438 3493 6438 3494 6438 3491 6439 3493 6439 3492 6439 3493 6440 3495 6440 3494 6440 3494 6441 3495 6441 3496 6441 3496 6442 3497 6442 3499 6442 3495 6443 3497 6443 3496 6443 3497 6444 3498 6444 3499 6444 3498 6445 3500 6445 3499 6445 3499 6446 3500 6446 3501 6446 3500 6447 3502 6447 3501 6447 3501 6448 3502 6448 3503 6448 3502 6449 3504 6449 3503 6449 3503 6450 3504 6450 3505 6450 3504 6451 3506 6451 3505 6451 3505 6452 3506 6452 3507 6452 3506 6453 3508 6453 3507 6453 3507 6454 3508 6454 3509 6454 3508 6455 3552 6455 3509 6455 3511 6456 3098 6456 3100 6456 3511 6457 3100 6457 3101 6457 3511 6458 3510 6458 3098 6458 3512 6459 3101 6459 3102 6459 3512 6460 3511 6460 3101 6460 3513 6461 3102 6461 3104 6461 3513 6462 3512 6462 3102 6462 3514 6463 3104 6463 3105 6463 3514 6464 3513 6464 3104 6464 3515 6465 3105 6465 3107 6465 3515 6466 3514 6466 3105 6466 3516 6467 3107 6467 3108 6467 3516 6468 3515 6468 3107 6468 3517 6469 3108 6469 3109 6469 3517 6470 3516 6470 3108 6470 3518 6471 3109 6471 3110 6471 3518 6472 3517 6472 3109 6472 3519 6473 3110 6473 3112 6473 3519 6474 3518 6474 3110 6474 3520 6475 3112 6475 3113 6475 3520 6476 3519 6476 3112 6476 3521 6477 3113 6477 3114 6477 3521 6478 3520 6478 3113 6478 3523 6479 3114 6479 2992 6479 2994 6480 2992 6480 3114 6480 3116 6481 2994 6481 3114 6481 3522 6482 3521 6482 3114 6482 3522 6483 3114 6483 3523 6483 3528 6484 2994 6484 3116 6484 3524 6485 3522 6485 3523 6485 3524 6486 3523 6486 3525 6486 3526 6487 3524 6487 3525 6487 3526 6488 3525 6488 3527 6488 3302 6489 3526 6489 3527 6489 3118 6490 3528 6490 3116 6490 3529 6491 3528 6491 3118 6491 3530 6492 3529 6492 3118 6492 3119 6493 3533 6493 3530 6493 3119 6494 3530 6494 3118 6494 3301 6495 3302 6495 3527 6495 3301 6496 3527 6496 3531 6496 3300 6497 3301 6497 3531 6497 3300 6498 3531 6498 3532 6498 3298 6499 3300 6499 3532 6499 3298 6500 3533 6500 3119 6500 3298 6501 3532 6501 3533 6501 3297 6502 3119 6502 3120 6502 3297 6503 3298 6503 3119 6503 3296 6504 3120 6504 3122 6504 3296 6505 3297 6505 3120 6505 3294 6506 3122 6506 3123 6506 3294 6507 3296 6507 3122 6507 3534 6508 3123 6508 3125 6508 3534 6509 3294 6509 3123 6509 4336 6510 3534 6510 3125 6510 3535 6511 3294 6511 3534 6511 4336 6512 3125 6512 3126 6512 3536 6513 4336 6513 3126 6513 3293 6514 3294 6514 3535 6514 4332 6515 3293 6515 3535 6515 3537 6516 3536 6516 3126 6516 3537 6517 3126 6517 3127 6517 3540 6518 3537 6518 3127 6518 3129 6519 3540 6519 3127 6519 3293 6520 4332 6520 3538 6520 3291 6521 3538 6521 3539 6521 3291 6522 3293 6522 3538 6522 3291 6523 3539 6523 3540 6523 3289 6524 3540 6524 3129 6524 3289 6525 3291 6525 3540 6525 3288 6526 3289 6526 3129 6526 3288 6527 3129 6527 3131 6527 3287 6528 3288 6528 3131 6528 3287 6529 3131 6529 3132 6529 3286 6530 3132 6530 3133 6530 3286 6531 3287 6531 3132 6531 3285 6532 3133 6532 3135 6532 3285 6533 3286 6533 3133 6533 3283 6534 3135 6534 3137 6534 3283 6535 3285 6535 3135 6535 3281 6536 3137 6536 3138 6536 3281 6537 3283 6537 3137 6537 3280 6538 3138 6538 3139 6538 3280 6539 3281 6539 3138 6539 3279 6540 3139 6540 3141 6540 3279 6541 3280 6541 3139 6541 3278 6542 3141 6542 3142 6542 3278 6543 3279 6543 3141 6543 3277 6544 3142 6544 3144 6544 3277 6545 3278 6545 3142 6545 3275 6546 3144 6546 3145 6546 3275 6547 3277 6547 3144 6547 3274 6548 3145 6548 3146 6548 3274 6549 3275 6549 3145 6549 3273 6550 3146 6550 3147 6550 3273 6551 3274 6551 3146 6551 3272 6552 3147 6552 3148 6552 3272 6553 3273 6553 3147 6553 3270 6554 3148 6554 3150 6554 3270 6555 3272 6555 3148 6555 3269 6556 3270 6556 3150 6556 3269 6557 3150 6557 3152 6557 3267 6558 3269 6558 3152 6558 3267 6559 3152 6559 3153 6559 3266 6560 3267 6560 3153 6560 3266 6561 3153 6561 3154 6561 3264 6562 3266 6562 3154 6562 3264 6563 3154 6563 3156 6563 3263 6564 3264 6564 3156 6564 3263 6565 3156 6565 3157 6565 3261 6566 3263 6566 3157 6566 3261 6567 3157 6567 3158 6567 3260 6568 3158 6568 3160 6568 3260 6569 3261 6569 3158 6569 3259 6570 3160 6570 3161 6570 3259 6571 3260 6571 3160 6571 3258 6572 3259 6572 3161 6572 3258 6573 3161 6573 3163 6573 3256 6574 3163 6574 3164 6574 3256 6575 3258 6575 3163 6575 3255 6576 3164 6576 3165 6576 3255 6577 3256 6577 3164 6577 3254 6578 3165 6578 3166 6578 3254 6579 3255 6579 3165 6579 3541 6580 3166 6580 3168 6580 3541 6581 3254 6581 3166 6581 3541 6582 3168 6582 3542 6582 3542 6583 3168 6583 3169 6583 4358 6584 3542 6584 3169 6584 4353 6585 3254 6585 3541 6585 4358 6586 3169 6586 3170 6586 4355 6587 4358 6587 3170 6587 3251 6588 4353 6588 4351 6588 3251 6589 3254 6589 4353 6589 3543 6590 4355 6590 3170 6590 3543 6591 3170 6591 3171 6591 3251 6592 4351 6592 4352 6592 3250 6593 3251 6593 4352 6593 3250 6594 3543 6594 3171 6594 3250 6595 4352 6595 3543 6595 3249 6596 3171 6596 3173 6596 3249 6597 3250 6597 3171 6597 3248 6598 3173 6598 3174 6598 3248 6599 3249 6599 3173 6599 3246 6600 3174 6600 3176 6600 3246 6601 3248 6601 3174 6601 3245 6602 3176 6602 3177 6602 3245 6603 3246 6603 3176 6603 3244 6604 3177 6604 3178 6604 3244 6605 3245 6605 3177 6605 3243 6606 3178 6606 3180 6606 3243 6607 3244 6607 3178 6607 3241 6608 3180 6608 3181 6608 3241 6609 3243 6609 3180 6609 3239 6610 3181 6610 3182 6610 3239 6611 3241 6611 3181 6611 3237 6612 3182 6612 3183 6612 3237 6613 3239 6613 3182 6613 3236 6614 3183 6614 3185 6614 3236 6615 3237 6615 3183 6615 3235 6616 3185 6616 3186 6616 3235 6617 3236 6617 3185 6617 3234 6618 3186 6618 3187 6618 3234 6619 3187 6619 3189 6619 3234 6620 3235 6620 3186 6620 3233 6621 3234 6621 3189 6621 3231 6622 3189 6622 3190 6622 3231 6623 3190 6623 3192 6623 3231 6624 3233 6624 3189 6624 3230 6625 3231 6625 3192 6625 3229 6626 3230 6626 3192 6626 3229 6627 3192 6627 3193 6627 3228 6628 3229 6628 3193 6628 3228 6629 3193 6629 3194 6629 3227 6630 3228 6630 3194 6630 3227 6631 3194 6631 3196 6631 3225 6632 3227 6632 3196 6632 3225 6633 3196 6633 3197 6633 3224 6634 3225 6634 3197 6634 3224 6635 3197 6635 3199 6635 3223 6636 3224 6636 3199 6636 3223 6637 3199 6637 3200 6637 3223 6638 3200 6638 3201 6638 3221 6639 3223 6639 3201 6639 3691 6640 3544 6640 3072 6640 3072 6641 3544 6641 3074 6641 3544 6642 3545 6642 3074 6642 3074 6643 3546 6643 3073 6643 3074 6644 3545 6644 3546 6644 3546 6645 3689 6645 3073 6645 3689 6646 3075 6646 3073 6646 3688 6647 3548 6647 2923 6647 3548 6648 3547 6648 2923 6648 3549 6649 3547 6649 3548 6649 3550 6650 3551 6650 3552 6650 3508 6651 3550 6651 3552 6651 3553 6652 3550 6652 3508 6652 3506 6653 3553 6653 3508 6653 3504 6654 3553 6654 3506 6654 3554 6655 3553 6655 3504 6655 3502 6656 3554 6656 3504 6656 3500 6657 3554 6657 3502 6657 3498 6658 3554 6658 3500 6658 3555 6659 3554 6659 3498 6659 3497 6660 3555 6660 3498 6660 3556 6661 3555 6661 3497 6661 3556 6662 3497 6662 3495 6662 3557 6663 3476 6663 4330 6663 3559 6664 3556 6664 3495 6664 3559 6665 3495 6665 3493 6665 3557 6666 3478 6666 3476 6666 3559 6667 3493 6667 3491 6667 3558 6668 3478 6668 3557 6668 3559 6669 3491 6669 3489 6669 3558 6670 3480 6670 3478 6670 3560 6671 3559 6671 3489 6671 3560 6672 3489 6672 3488 6672 3562 6673 3482 6673 3480 6673 3562 6674 3480 6674 3558 6674 3560 6675 3488 6675 3486 6675 3561 6676 3486 6676 3484 6676 3561 6677 3560 6677 3486 6677 3562 6678 3484 6678 3482 6678 3562 6679 3561 6679 3484 6679 4330 6680 3563 6680 3557 6680 3557 6681 3564 6681 3558 6681 3563 6682 3564 6682 3557 6682 3564 6683 3565 6683 3558 6683 3558 6684 3565 6684 3562 6684 3565 6685 3566 6685 3562 6685 3562 6686 3566 6686 3561 6686 3561 6687 3567 6687 3560 6687 3566 6688 3567 6688 3561 6688 3567 6689 3568 6689 3560 6689 3560 6690 3568 6690 3559 6690 3568 6691 3569 6691 3559 6691 3559 6692 3569 6692 3556 6692 3556 6693 3570 6693 3555 6693 3569 6694 3570 6694 3556 6694 3555 6695 3571 6695 3554 6695 3570 6696 3571 6696 3555 6696 3554 6697 3571 6697 3553 6697 3571 6698 3572 6698 3553 6698 3553 6699 3572 6699 3550 6699 3572 6700 3573 6700 3550 6700 3550 6701 3573 6701 3551 6701 3573 6702 3574 6702 3551 6702 3574 6703 3573 6703 3575 6703 3573 6704 3368 6704 3575 6704 3573 6705 3572 6705 3368 6705 3572 6706 3367 6706 3368 6706 3572 6707 3571 6707 3367 6707 3571 6708 3366 6708 3367 6708 3571 6709 3365 6709 3366 6709 3571 6710 3570 6710 3365 6710 3365 6711 3570 6711 3364 6711 3354 6712 3563 6712 3355 6712 3570 6713 3569 6713 3364 6713 3364 6714 3569 6714 3363 6714 3354 6715 3564 6715 3563 6715 3356 6716 3564 6716 3354 6716 3363 6717 3569 6717 3362 6717 3356 6718 3565 6718 3564 6718 3569 6719 3568 6719 3362 6719 3362 6720 3568 6720 3361 6720 3357 6721 3565 6721 3356 6721 3358 6722 3566 6722 3357 6722 3357 6723 3566 6723 3565 6723 3361 6724 3568 6724 3360 6724 3360 6725 3567 6725 3359 6725 3568 6726 3567 6726 3360 6726 3359 6727 3566 6727 3358 6727 3567 6728 3566 6728 3359 6728 3577 6729 3998 6729 3576 6729 3998 6730 3579 6730 3578 6730 3578 6731 3579 6731 3580 6731 3579 6732 4514 6732 3580 6732 3581 6733 3582 6733 4265 6733 3582 6734 3584 6734 3583 6734 3240 6735 2829 6735 3242 6735 2829 6736 2828 6736 3242 6736 3238 6737 2830 6737 3240 6737 3240 6738 2830 6738 2829 6738 3242 6739 2827 6739 3247 6739 2828 6740 2827 6740 3242 6740 3238 6741 2831 6741 2830 6741 2827 6742 2826 6742 3247 6742 3232 6743 2831 6743 3238 6743 2826 6744 2825 6744 3247 6744 3247 6745 2825 6745 3252 6745 3232 6746 2832 6746 2831 6746 3232 6747 2833 6747 2832 6747 3226 6748 2833 6748 3232 6748 2825 6749 2824 6749 3252 6749 3252 6750 2824 6750 3253 6750 3226 6751 2834 6751 2833 6751 2824 6752 2823 6752 3253 6752 3253 6753 2823 6753 3257 6753 3226 6754 2835 6754 2834 6754 3222 6755 2835 6755 3226 6755 3222 6756 2836 6756 2835 6756 2823 6757 2822 6757 3257 6757 3257 6758 2822 6758 3262 6758 3222 6759 2837 6759 2836 6759 3218 6760 2837 6760 3222 6760 3218 6761 2838 6761 2837 6761 2822 6762 2821 6762 3262 6762 2821 6763 3265 6763 3262 6763 3218 6764 3214 6764 2838 6764 2821 6765 2820 6765 3265 6765 2820 6766 3268 6766 3265 6766 3214 6767 2839 6767 2838 6767 2820 6768 2819 6768 3268 6768 3214 6769 2840 6769 2839 6769 3214 6770 3212 6770 2840 6770 2819 6771 3271 6771 3268 6771 2819 6772 2818 6772 3271 6772 3212 6773 2841 6773 2840 6773 3212 6774 3209 6774 2841 6774 2818 6775 2817 6775 3271 6775 3209 6776 2842 6776 2841 6776 3209 6777 3206 6777 2842 6777 2817 6778 3276 6778 3271 6778 2817 6779 2816 6779 3276 6779 3206 6780 2843 6780 2842 6780 3206 6781 2844 6781 2843 6781 3206 6782 3202 6782 2844 6782 2816 6783 2815 6783 3276 6783 2815 6784 3282 6784 3276 6784 2815 6785 2814 6785 3282 6785 3202 6786 2845 6786 2844 6786 3202 6787 3585 6787 2845 6787 2845 6788 3585 6788 2846 6788 2814 6789 3284 6789 3282 6789 2813 6790 3284 6790 2814 6790 3585 6791 2847 6791 2846 6791 2812 6792 3284 6792 2813 6792 3585 6793 3586 6793 2847 6793 3586 6794 2849 6794 2847 6794 2812 6795 3290 6795 3284 6795 2811 6796 3290 6796 2812 6796 2849 6797 3586 6797 2850 6797 2811 6798 3292 6798 3290 6798 2810 6799 3292 6799 2811 6799 2850 6800 3586 6800 2851 6800 2809 6801 3292 6801 2810 6801 3586 6802 3587 6802 2851 6802 2809 6803 2808 6803 3292 6803 2808 6804 3295 6804 3292 6804 2852 6805 3587 6805 2853 6805 2851 6806 3587 6806 2852 6806 2807 6807 3299 6807 2808 6807 2808 6808 3299 6808 3295 6808 3587 6809 3588 6809 2853 6809 4459 6810 4455 6810 4458 6810 2806 6811 3299 6811 2807 6811 3588 6812 4455 6812 2853 6812 2853 6813 4455 6813 4459 6813 2806 6814 3589 6814 3299 6814 3590 6815 3589 6815 2806 6815 4463 6816 3889 6816 4460 6816 3913 6817 3589 6817 3590 6817 3592 6818 3591 6818 3913 6818 3913 6819 3591 6819 3589 6819 3593 6820 4508 6820 3588 6820 3588 6821 4508 6821 4455 6821 3909 6822 3591 6822 3592 6822 3593 6823 3581 6823 4508 6823 4508 6824 3581 6824 4507 6824 3909 6825 3594 6825 3591 6825 3595 6826 3581 6826 3593 6826 3595 6827 3582 6827 3581 6827 3907 6828 3594 6828 3909 6828 3611 6829 3597 6829 3595 6829 3595 6830 3597 6830 3582 6830 3904 6831 3594 6831 3907 6831 3904 6832 3598 6832 3594 6832 3902 6833 3598 6833 3904 6833 3599 6834 3598 6834 3902 6834 3899 6835 3600 6835 3599 6835 3599 6836 3600 6836 3598 6836 3897 6837 3600 6837 3899 6837 3897 6838 3601 6838 3600 6838 3895 6839 3601 6839 3897 6839 3602 6840 3601 6840 3895 6840 3602 6841 3603 6841 3601 6841 3891 6842 3604 6842 3602 6842 3889 6843 3604 6843 3891 6843 3602 6844 3604 6844 3603 6844 4463 6845 3604 6845 3889 6845 3596 6846 3604 6846 4463 6846 4260 6847 3605 6847 4510 6847 4510 6848 3605 6848 3596 6848 3596 6849 3605 6849 3604 6849 4260 6850 3606 6850 3605 6850 4257 6851 3606 6851 4260 6851 4257 6852 3607 6852 3606 6852 3608 6853 3607 6853 4257 6853 3609 6854 3610 6854 3611 6854 3609 6855 4241 6855 3610 6855 3608 6856 3612 6856 3607 6856 3613 6857 3614 6857 3612 6857 3613 6858 4252 6858 3614 6858 4243 6859 3685 6859 4245 6859 3615 6860 3685 6860 4243 6860 4241 6861 3685 6861 3615 6861 3609 6862 3685 6862 4241 6862 4245 6863 4418 6863 4247 6863 3685 6864 4418 6864 4245 6864 4250 6865 3616 6865 4252 6865 3617 6866 3616 6866 4250 6866 4247 6867 3616 6867 3617 6867 3618 6868 3616 6868 4418 6868 4252 6869 3616 6869 3614 6869 4418 6870 3616 6870 4247 6870 3610 6871 3597 6871 3611 6871 3608 6872 3613 6872 3612 6872 2927 6873 2926 6873 3619 6873 2927 6874 3619 6874 3620 6874 4382 6875 3619 6875 2926 6875 4382 6876 3621 6876 3619 6876 2928 6877 2927 6877 3620 6877 2928 6878 3620 6878 3624 6878 3686 6879 3623 6879 3622 6879 3625 6880 3686 6880 3622 6880 3625 6881 3622 6881 3621 6881 2936 6882 2934 6882 3624 6882 2934 6883 2928 6883 3624 6883 3625 6884 3621 6884 4382 6884 2936 6885 3624 6885 4415 6885 4373 6886 2928 6886 2934 6886 3625 6887 4382 6887 4381 6887 2936 6888 4415 6888 3631 6888 4373 6889 2930 6889 2928 6889 2938 6890 2936 6890 3631 6890 3688 6891 3625 6891 4381 6891 3549 6892 4121 6892 4120 6892 3549 6893 4120 6893 4119 6893 3081 6894 3082 6894 2930 6894 3082 6895 4381 6895 2930 6895 3082 6896 3688 6896 4381 6896 3081 6897 2930 6897 4373 6897 3626 6898 3688 6898 3082 6898 3081 6899 4373 6899 4371 6899 3626 6900 3548 6900 3688 6900 4121 6901 3549 6901 3548 6901 3079 6902 3081 6902 4371 6902 3627 6903 3548 6903 3626 6903 3079 6904 4371 6904 4370 6904 3078 6905 3079 6905 4370 6905 3627 6906 4121 6906 3548 6906 3078 6907 4370 6907 2938 6907 3628 6908 4121 6908 3627 6908 3629 6909 3076 6909 3078 6909 3630 6910 3629 6910 3078 6910 3630 6911 3078 6911 2938 6911 3630 6912 2938 6912 3631 6912 3633 6913 3630 6913 3631 6913 3633 6914 3631 6914 3632 6914 3634 6915 3633 6915 3632 6915 3635 6916 3633 6916 3634 6916 3636 6917 3637 6917 3638 6917 3639 6918 3638 6918 3640 6918 3639 6919 3636 6919 3638 6919 3641 6920 3640 6920 3642 6920 3641 6921 3639 6921 3640 6921 3643 6922 3641 6922 3642 6922 3643 6923 3642 6923 4363 6923 3644 6924 4363 6924 3645 6924 3644 6925 3643 6925 4363 6925 3646 6926 3645 6926 3647 6926 3646 6927 3644 6927 3645 6927 3648 6928 3646 6928 3647 6928 3648 6929 3647 6929 3649 6929 3650 6930 3648 6930 3649 6930 3650 6931 3649 6931 3651 6931 3652 6932 3650 6932 3651 6932 3652 6933 3651 6933 3653 6933 3654 6934 3652 6934 3653 6934 3654 6935 3653 6935 3655 6935 3656 6936 3654 6936 3655 6936 3656 6937 3655 6937 3657 6937 3658 6938 3656 6938 3657 6938 3658 6939 3657 6939 3659 6939 3660 6940 3658 6940 3659 6940 3660 6941 3659 6941 3661 6941 3663 6942 3660 6942 3661 6942 3663 6943 3661 6943 3662 6943 3663 6944 3662 6944 3664 6944 3665 6945 3663 6945 3664 6945 3665 6946 3664 6946 3666 6946 3667 6947 3665 6947 3666 6947 3667 6948 3666 6948 3668 6948 3669 6949 3667 6949 3668 6949 3669 6950 3668 6950 3670 6950 3671 6951 3669 6951 3670 6951 3671 6952 3670 6952 3672 6952 3673 6953 3671 6953 3672 6953 3673 6954 3672 6954 3674 6954 3675 6955 3674 6955 3676 6955 3675 6956 3673 6956 3674 6956 3677 6957 3676 6957 3678 6957 3677 6958 3675 6958 3676 6958 3679 6959 3677 6959 3678 6959 3679 6960 3678 6960 3680 6960 3681 6961 3680 6961 3682 6961 3681 6962 3679 6962 3680 6962 3683 6963 3682 6963 3684 6963 3683 6964 3681 6964 3682 6964 3618 6965 3684 6965 3616 6965 3618 6966 3683 6966 3684 6966 3636 6967 4109 6967 3637 6967 4419 6968 4109 6968 3636 6968 3632 6969 4416 6969 4417 6969 3632 6970 4417 6970 3685 6970 3634 6971 3685 6971 3609 6971 3634 6972 3632 6972 3685 6972 3686 6973 3625 6973 3687 6973 3687 6974 3625 6974 2922 6974 3625 6975 3688 6975 2922 6975 2922 6976 3688 6976 2923 6976 3689 6977 3690 6977 3075 6977 3075 6978 3690 6978 4140 6978 3690 6979 4142 6979 4140 6979 4142 6980 3884 6980 4140 6980 4140 6981 3884 6981 4141 6981 3884 6982 3691 6982 4141 6982 4141 6983 3691 6983 3072 6983 3220 6984 3221 6984 3201 6984 3220 6985 3201 6985 3692 6985 3219 6986 3692 6986 3693 6986 3219 6987 3220 6987 3692 6987 3217 6988 3693 6988 3694 6988 3217 6989 3219 6989 3693 6989 3216 6990 3694 6990 3695 6990 3216 6991 3217 6991 3694 6991 3215 6992 3695 6992 3696 6992 3215 6993 3216 6993 3695 6993 3213 6994 3696 6994 3697 6994 3213 6995 3215 6995 3696 6995 2950 6996 3697 6996 3698 6996 4328 6997 2950 6997 3698 6997 2950 6998 3213 6998 3697 6998 4328 6999 3698 6999 3699 6999 4323 7000 3213 7000 2950 7000 4326 7001 4328 7001 3699 7001 4326 7002 3699 7002 3700 7002 3701 7003 4326 7003 3700 7003 3704 7004 3701 7004 3700 7004 3211 7005 3213 7005 4323 7005 3211 7006 4323 7006 3702 7006 3704 7007 3700 7007 3703 7007 3211 7008 3702 7008 3705 7008 3210 7009 3211 7009 3705 7009 3210 7010 3704 7010 3703 7010 3210 7011 3705 7011 3704 7011 3208 7012 3703 7012 3706 7012 3208 7013 3210 7013 3703 7013 3207 7014 3706 7014 3707 7014 3207 7015 3208 7015 3706 7015 3205 7016 3207 7016 3707 7016 3205 7017 3707 7017 3708 7017 3204 7018 3205 7018 3708 7018 3204 7019 3708 7019 3709 7019 3203 7020 3204 7020 3709 7020 3203 7021 3709 7021 3710 7021 3379 7022 3712 7022 3711 7022 3379 7023 3711 7023 3381 7023 3376 7024 3712 7024 3379 7024 3713 7025 3712 7025 3376 7025 3373 7026 3713 7026 3376 7026 3714 7027 3713 7027 3373 7027 3715 7028 3714 7028 3373 7028 3717 7029 3714 7029 3715 7029 3716 7030 3717 7030 3715 7030 3718 7031 3717 7031 3716 7031 3719 7032 3717 7032 3718 7032 3720 7033 3719 7033 3718 7033 3722 7034 3719 7034 3720 7034 3721 7035 3722 7035 3720 7035 3723 7036 3722 7036 3721 7036 3724 7037 3722 7037 3723 7037 3725 7038 3724 7038 3723 7038 3726 7039 3724 7039 3725 7039 3727 7040 3724 7040 3726 7040 3728 7041 3727 7041 3726 7041 3729 7042 3727 7042 3728 7042 3730 7043 3729 7043 3728 7043 3731 7044 3729 7044 3730 7044 3732 7045 3731 7045 3730 7045 3733 7046 3731 7046 3732 7046 3734 7047 3731 7047 3733 7047 3735 7048 3734 7048 3733 7048 3734 7049 3735 7049 3736 7049 3737 7050 3736 7050 3738 7050 3737 7051 3734 7051 3736 7051 3739 7052 3738 7052 3740 7052 3739 7053 3737 7053 3738 7053 3742 7054 3739 7054 3740 7054 3741 7055 3742 7055 3740 7055 3808 7056 3742 7056 3741 7056 3918 7057 3742 7057 3808 7057 3393 7058 3743 7058 3744 7058 3395 7059 3393 7059 3744 7059 3391 7060 3745 7060 3743 7060 3391 7061 3743 7061 3393 7061 3389 7062 3745 7062 3391 7062 3397 7063 3744 7063 3746 7063 3397 7064 3395 7064 3744 7064 3399 7065 3746 7065 3748 7065 3399 7066 3397 7066 3746 7066 3387 7067 3747 7067 3745 7067 3387 7068 3745 7068 3389 7068 3401 7069 3399 7069 3748 7069 3385 7070 3747 7070 3387 7070 3403 7071 3401 7071 3748 7071 3384 7072 2949 7072 3747 7072 3384 7073 3747 7073 3385 7073 3749 7074 3403 7074 3748 7074 3405 7075 3403 7075 3749 7075 3407 7076 3749 7076 3750 7076 3407 7077 3405 7077 3749 7077 3409 7078 3407 7078 3750 7078 3411 7079 3750 7079 3751 7079 3411 7080 3409 7080 3750 7080 3413 7081 3411 7081 3751 7081 3414 7082 3751 7082 3752 7082 3414 7083 3413 7083 3751 7083 3416 7084 3414 7084 3752 7084 3416 7085 3752 7085 3753 7085 3418 7086 3753 7086 3754 7086 3418 7087 3416 7087 3753 7087 3420 7088 3418 7088 3754 7088 3422 7089 3754 7089 3755 7089 3422 7090 3420 7090 3754 7090 3423 7091 3422 7091 3755 7091 3423 7092 3755 7092 3950 7092 3098 7093 3756 7093 3757 7093 3510 7094 3756 7094 3098 7094 3757 7095 3758 7095 3759 7095 3756 7096 3758 7096 3757 7096 3758 7097 3760 7097 3759 7097 3759 7098 3760 7098 3761 7098 3760 7099 3762 7099 3761 7099 3761 7100 3762 7100 3763 7100 3763 7101 3765 7101 3764 7101 3765 7102 4342 7102 3764 7102 3762 7103 3765 7103 3763 7103 3762 7104 3769 7104 3765 7104 3764 7105 4342 7105 3766 7105 4342 7106 3767 7106 3766 7106 3769 7107 3768 7107 3770 7107 3762 7108 3768 7108 3769 7108 3768 7109 4346 7109 3770 7109 3766 7110 3767 7110 3771 7110 3767 7111 4338 7111 3771 7111 4338 7112 2947 7112 3771 7112 3768 7113 3772 7113 4346 7113 4346 7114 3772 7114 4348 7114 3771 7115 2947 7115 3773 7115 2947 7116 2946 7116 3773 7116 3775 7117 3774 7117 2946 7117 3776 7118 3774 7118 3775 7118 4348 7119 3774 7119 3776 7119 3772 7120 3774 7120 4348 7120 2946 7121 3777 7121 3773 7121 3774 7122 3777 7122 2946 7122 3773 7123 3778 7123 3779 7123 3777 7124 3778 7124 3773 7124 3779 7125 3780 7125 3781 7125 3778 7126 3780 7126 3779 7126 3781 7127 3782 7127 3783 7127 3780 7128 3782 7128 3781 7128 3783 7129 3784 7129 3785 7129 3782 7130 3784 7130 3783 7130 3785 7131 3786 7131 3787 7131 3784 7132 3786 7132 3785 7132 3787 7133 3788 7133 3789 7133 3786 7134 3788 7134 3787 7134 3789 7135 3790 7135 3791 7135 3788 7136 3790 7136 3789 7136 3791 7137 3792 7137 3793 7137 3790 7138 3792 7138 3791 7138 3794 7139 2948 7139 3795 7139 3796 7140 2948 7140 3794 7140 3797 7141 3796 7141 3794 7141 3798 7142 3796 7142 3797 7142 3799 7143 3796 7143 3798 7143 3799 7144 3798 7144 3800 7144 3801 7145 3799 7145 3800 7145 3800 7146 3798 7146 4322 7146 4322 7147 3798 7147 3802 7147 3802 7148 3797 7148 3803 7148 3798 7149 3797 7149 3802 7149 3797 7150 3794 7150 3803 7150 3803 7151 3794 7151 3804 7151 3794 7152 3795 7152 3804 7152 3795 7153 4344 7153 3804 7153 4344 7154 4343 7154 3804 7154 3804 7155 4343 7155 3805 7155 3805 7156 3806 7156 3807 7156 4343 7157 3806 7157 3805 7157 3806 7158 4337 7158 3807 7158 4337 7159 3808 7159 3807 7159 3808 7160 3741 7160 3807 7160 3807 7161 3741 7161 3809 7161 3741 7162 3740 7162 3809 7162 3809 7163 3740 7163 3810 7163 3740 7164 3738 7164 3810 7164 3810 7165 3738 7165 3811 7165 3738 7166 3736 7166 3811 7166 3811 7167 3736 7167 3812 7167 3736 7168 3735 7168 3812 7168 3812 7169 3735 7169 3813 7169 3735 7170 3733 7170 3813 7170 3813 7171 3733 7171 3814 7171 3733 7172 3732 7172 3814 7172 3814 7173 3732 7173 3815 7173 3732 7174 3730 7174 3815 7174 3815 7175 3730 7175 3816 7175 3730 7176 3728 7176 3816 7176 3816 7177 3728 7177 3817 7177 3728 7178 3726 7178 3817 7178 3817 7179 3726 7179 3818 7179 3726 7180 3725 7180 3818 7180 3818 7181 3725 7181 3819 7181 3819 7182 3723 7182 3820 7182 3725 7183 3723 7183 3819 7183 3723 7184 3721 7184 3820 7184 3820 7185 3720 7185 3821 7185 3721 7186 3720 7186 3820 7186 3821 7187 3718 7187 3822 7187 3720 7188 3718 7188 3821 7188 3822 7189 2991 7189 3823 7189 3822 7190 3824 7190 2991 7190 2991 7191 2993 7191 3823 7191 2993 7192 3370 7192 3823 7192 3822 7193 3718 7193 3824 7193 3824 7194 3718 7194 3825 7194 2993 7195 3369 7195 3370 7195 3718 7196 3716 7196 3825 7196 3716 7197 3715 7197 3825 7197 3825 7198 3715 7198 3826 7198 4238 7199 3828 7199 3827 7199 3828 7200 4421 7200 3829 7200 3578 7201 3576 7201 3998 7201 3830 7202 3008 7202 3004 7202 3830 7203 3004 7203 4424 7203 3828 7204 3008 7204 4421 7204 4421 7205 3008 7205 3830 7205 3004 7206 3002 7206 4424 7206 4424 7207 3002 7207 3832 7207 3828 7208 3831 7208 3008 7208 3008 7209 3831 7209 3833 7209 3832 7210 3002 7210 4429 7210 3002 7211 3000 7211 4429 7211 3831 7212 4289 7212 3833 7212 3834 7213 4289 7213 3831 7213 4429 7214 3000 7214 3835 7214 3835 7215 3000 7215 3576 7215 3834 7216 3836 7216 4289 7216 3836 7217 3837 7217 4289 7217 2998 7218 3838 7218 3000 7218 3839 7219 3838 7219 2998 7219 3000 7220 3838 7220 3576 7220 3837 7221 3840 7221 4289 7221 4289 7222 3840 7222 3839 7222 3839 7223 3841 7223 3838 7223 3840 7224 3842 7224 3839 7224 3839 7225 3842 7225 3841 7225 3843 7226 3835 7226 3844 7226 3844 7227 3835 7227 3580 7227 3580 7228 3835 7228 3578 7228 3578 7229 3835 7229 3576 7229 4237 7230 3827 7230 3845 7230 3845 7231 3827 7231 3828 7231 3845 7232 3828 7232 3829 7232 3845 7233 3829 7233 3846 7233 3847 7234 3852 7234 3792 7234 3852 7235 3793 7235 3792 7235 3848 7236 4201 7236 3847 7236 3849 7237 3847 7237 3792 7237 3849 7238 3848 7238 3847 7238 4219 7239 3851 7239 3848 7239 3854 7240 3793 7240 3852 7240 3854 7241 3852 7241 3850 7241 3854 7242 3851 7242 4220 7242 3854 7243 3850 7243 3851 7243 3853 7244 3848 7244 3849 7244 3855 7245 3849 7245 3792 7245 3859 7246 3857 7246 3853 7246 3857 7247 3848 7247 3853 7247 3859 7248 3853 7248 3860 7248 3856 7249 3855 7249 3792 7249 3858 7250 3860 7250 3849 7250 4218 7251 4220 7251 4221 7251 4211 7252 3860 7252 3858 7252 4218 7253 3854 7253 4220 7253 3862 7254 4221 7254 3865 7254 3858 7255 3855 7255 3856 7255 3868 7256 3856 7256 3792 7256 3868 7257 3861 7257 3856 7257 4212 7258 3860 7258 4211 7258 4212 7259 4203 7259 3859 7259 3863 7260 3854 7260 4218 7260 3863 7261 4218 7261 4217 7261 3864 7262 3862 7262 3865 7262 3864 7263 4217 7263 3862 7263 3867 7264 4203 7264 4212 7264 3869 7265 3867 7265 3056 7265 3863 7266 4217 7266 3864 7266 3058 7267 3868 7267 3872 7267 3058 7268 3056 7268 3868 7268 3869 7269 4203 7269 3867 7269 3870 7270 3864 7270 3866 7270 3870 7271 3863 7271 3864 7271 3874 7272 3872 7272 3871 7272 3874 7273 3058 7273 3872 7273 3875 7274 3870 7274 3866 7274 4207 7275 3871 7275 3872 7275 3877 7276 4207 7276 3872 7276 3873 7277 3058 7277 3874 7277 3095 7278 3866 7278 4203 7278 3097 7279 3866 7279 3095 7279 3095 7280 4203 7280 3869 7280 3095 7281 3869 7281 4159 7281 3873 7282 4156 7282 3058 7282 4205 7283 3873 7283 3874 7283 4208 7284 4205 7284 3874 7284 4204 7285 4156 7285 3873 7285 3097 7286 3875 7286 3866 7286 4209 7287 4207 7287 3877 7287 3093 7288 3095 7288 4159 7288 3880 7289 3875 7289 3097 7289 3093 7290 4159 7290 3878 7290 3876 7291 4204 7291 4205 7291 3879 7292 4204 7292 3876 7292 3881 7293 3875 7293 3880 7293 3091 7294 3093 7294 3878 7294 4152 7295 4204 7295 3879 7295 4152 7296 4156 7296 4204 7296 3066 7297 4152 7297 3879 7297 3882 7298 4209 7298 3877 7298 4152 7299 3878 7299 4156 7299 4152 7300 3091 7300 3878 7300 4149 7301 3091 7301 4152 7301 3066 7302 3882 7302 3883 7302 3089 7303 3091 7303 4149 7303 3883 7304 4151 7304 3066 7304 4143 7305 3089 7305 4149 7305 4144 7306 4143 7306 4149 7306 4144 7307 4149 7307 4151 7307 4143 7308 3088 7308 3089 7308 3884 7309 3088 7309 4143 7309 3886 7310 4151 7310 3883 7310 3884 7311 3086 7311 3088 7311 3885 7312 3086 7312 3884 7312 3886 7313 4144 7313 4151 7313 4123 7314 4144 7314 3886 7314 3887 7315 4129 7315 3086 7315 3887 7316 3086 7316 3885 7316 4126 7317 3885 7317 3888 7317 4125 7318 3885 7318 4126 7318 4125 7319 3887 7319 3885 7319 3860 7320 3853 7320 3849 7320 3848 7321 3864 7321 4219 7321 4219 7322 3864 7322 3865 7322 3866 7323 3848 7323 3857 7323 3866 7324 3857 7324 4203 7324 3856 7325 3867 7325 4211 7325 4211 7326 3867 7326 4212 7326 3856 7327 4211 7327 3858 7327 3867 7328 3861 7328 3868 7328 3867 7329 3868 7329 3056 7329 3882 7330 3876 7330 4208 7330 4208 7331 3876 7331 4205 7331 3882 7332 4208 7332 4209 7332 3879 7333 3882 7333 3066 7333 4460 7334 3889 7334 4020 7334 4020 7335 3889 7335 3890 7335 3889 7336 3891 7336 3890 7336 3890 7337 3891 7337 3892 7337 3891 7338 3602 7338 3892 7338 3892 7339 3602 7339 4345 7339 4345 7340 3602 7340 3894 7340 4347 7341 3895 7341 3893 7341 3602 7342 3895 7342 3894 7342 3894 7343 3895 7343 4347 7343 3893 7344 3895 7344 3896 7344 3895 7345 3897 7345 3896 7345 3896 7346 3897 7346 3898 7346 3897 7347 3899 7347 3898 7347 3898 7348 3899 7348 3900 7348 3899 7349 3599 7349 3900 7349 3900 7350 3599 7350 3901 7350 3599 7351 3902 7351 3901 7351 3901 7352 3902 7352 3903 7352 3902 7353 3904 7353 3903 7353 3903 7354 3904 7354 3905 7354 3904 7355 3907 7355 3905 7355 3905 7356 3907 7356 3906 7356 3906 7357 3907 7357 3908 7357 3907 7358 3909 7358 3908 7358 3908 7359 3909 7359 3910 7359 3910 7360 3592 7360 3911 7360 3909 7361 3592 7361 3910 7361 3911 7362 3592 7362 3912 7362 3912 7363 3913 7363 3914 7363 3592 7364 3913 7364 3912 7364 3914 7365 3915 7365 3916 7365 3913 7366 3915 7366 3914 7366 3916 7367 3917 7367 3311 7367 3915 7368 3917 7368 3916 7368 3917 7369 3590 7369 3311 7369 3919 7370 3742 7370 3918 7370 3919 7371 3920 7371 3742 7371 3921 7372 3920 7372 3919 7372 3742 7373 3920 7373 3739 7373 3920 7374 3922 7374 3739 7374 3739 7375 3922 7375 3737 7375 3922 7376 3923 7376 3737 7376 3737 7377 3923 7377 3734 7377 3734 7378 3924 7378 3731 7378 3923 7379 3924 7379 3734 7379 3924 7380 3925 7380 3731 7380 3731 7381 3925 7381 3729 7381 3925 7382 3926 7382 3729 7382 3729 7383 3926 7383 3727 7383 3926 7384 3927 7384 3727 7384 3727 7385 3927 7385 3724 7385 3927 7386 3928 7386 3724 7386 3724 7387 3928 7387 3722 7387 3928 7388 3929 7388 3722 7388 3722 7389 3929 7389 3719 7389 3929 7390 3930 7390 3719 7390 3719 7391 3930 7391 3717 7391 3930 7392 3931 7392 3717 7392 3717 7393 3931 7393 3714 7393 3931 7394 3932 7394 3714 7394 3714 7395 3932 7395 3713 7395 3932 7396 3933 7396 3713 7396 3713 7397 3934 7397 3712 7397 3933 7398 3934 7398 3713 7398 3712 7399 3934 7399 3711 7399 3934 7400 3935 7400 3711 7400 3936 7401 3747 7401 2949 7401 3937 7402 3938 7402 3936 7402 3936 7403 3938 7403 3747 7403 3747 7404 3939 7404 3745 7404 3938 7405 3939 7405 3747 7405 3939 7406 3940 7406 3745 7406 3745 7407 3940 7407 3743 7407 3743 7408 3941 7408 3744 7408 3940 7409 3941 7409 3743 7409 3941 7410 3942 7410 3744 7410 3744 7411 3942 7411 3746 7411 3942 7412 3943 7412 3746 7412 3746 7413 3943 7413 3748 7413 3943 7414 3944 7414 3748 7414 3748 7415 3944 7415 3749 7415 3944 7416 3945 7416 3749 7416 3749 7417 3945 7417 3750 7417 3945 7418 3946 7418 3750 7418 3750 7419 3946 7419 3751 7419 3946 7420 3947 7420 3751 7420 3751 7421 3947 7421 3752 7421 3947 7422 3948 7422 3752 7422 3752 7423 3948 7423 3753 7423 3753 7424 3949 7424 3754 7424 3948 7425 3949 7425 3753 7425 3949 7426 3951 7426 3754 7426 3754 7427 3951 7427 3755 7427 3755 7428 3952 7428 3950 7428 3755 7429 3951 7429 3952 7429 3941 7430 3319 7430 3942 7430 3318 7431 3319 7431 3941 7431 3940 7432 3318 7432 3941 7432 3940 7433 3317 7433 3318 7433 3942 7434 3320 7434 3943 7434 3319 7435 3320 7435 3942 7435 3939 7436 3317 7436 3940 7436 3320 7437 3321 7437 3943 7437 3939 7438 3316 7438 3317 7438 3938 7439 3315 7439 3939 7439 3939 7440 3315 7440 3316 7440 3321 7441 3322 7441 3943 7441 3322 7442 3944 7442 3943 7442 3322 7443 3323 7443 3944 7443 3937 7444 4331 7444 3938 7444 3938 7445 4331 7445 3315 7445 3944 7446 3324 7446 3945 7446 3323 7447 3324 7447 3944 7447 3324 7448 3325 7448 3945 7448 3945 7449 3326 7449 3946 7449 3325 7450 3326 7450 3945 7450 3326 7451 3327 7451 3946 7451 3946 7452 3327 7452 3947 7452 3947 7453 3328 7453 3948 7453 3327 7454 3328 7454 3947 7454 3328 7455 3329 7455 3948 7455 3948 7456 3330 7456 3949 7456 3329 7457 3330 7457 3948 7457 3330 7458 3331 7458 3949 7458 3949 7459 3331 7459 3951 7459 3331 7460 3332 7460 3951 7460 3332 7461 3333 7461 3951 7461 3951 7462 3333 7462 3952 7462 3953 7463 3954 7463 3801 7463 3801 7464 3954 7464 3799 7464 3799 7465 3955 7465 3796 7465 3954 7466 3955 7466 3799 7466 3796 7467 2945 7467 2948 7467 3796 7468 3956 7468 2945 7468 3796 7469 3955 7469 3956 7469 3955 7470 3957 7470 3956 7470 3934 7471 3314 7471 3935 7471 3934 7472 3313 7472 3314 7472 3934 7473 3933 7473 3313 7473 3933 7474 3312 7474 3313 7474 3933 7475 3311 7475 3312 7475 3933 7476 3932 7476 3311 7476 3932 7477 3916 7477 3311 7477 3932 7478 3931 7478 3916 7478 3931 7479 3914 7479 3916 7479 3931 7480 3930 7480 3914 7480 3930 7481 3912 7481 3914 7481 3930 7482 3929 7482 3912 7482 3929 7483 3911 7483 3912 7483 3929 7484 3910 7484 3911 7484 3929 7485 3928 7485 3910 7485 3928 7486 3908 7486 3910 7486 3928 7487 3927 7487 3908 7487 3927 7488 3906 7488 3908 7488 3927 7489 3926 7489 3906 7489 3926 7490 3905 7490 3906 7490 3926 7491 3925 7491 3905 7491 3925 7492 3903 7492 3905 7492 3925 7493 3924 7493 3903 7493 3924 7494 3901 7494 3903 7494 3924 7495 3923 7495 3901 7495 3923 7496 3900 7496 3901 7496 3900 7497 3923 7497 3898 7497 3923 7498 3922 7498 3898 7498 3898 7499 3920 7499 3896 7499 3922 7500 3920 7500 3898 7500 3920 7501 3893 7501 3896 7501 3920 7502 3921 7502 3893 7502 3959 7503 3960 7503 2944 7503 3958 7504 3960 7504 3961 7504 2944 7505 3960 7505 3958 7505 3960 7506 3962 7506 3961 7506 3961 7507 3962 7507 3963 7507 3962 7508 3964 7508 3963 7508 3963 7509 3964 7509 3965 7509 3964 7510 3966 7510 3965 7510 3965 7511 3966 7511 3967 7511 3966 7512 3968 7512 3967 7512 3967 7513 3968 7513 3969 7513 3968 7514 3970 7514 3969 7514 3969 7515 3970 7515 3971 7515 3970 7516 3972 7516 3971 7516 3971 7517 3972 7517 3973 7517 3973 7518 3974 7518 3975 7518 3972 7519 3974 7519 3973 7519 3974 7520 3976 7520 3975 7520 3975 7521 3976 7521 3977 7521 3976 7522 3978 7522 3977 7522 3977 7523 3978 7523 3979 7523 3978 7524 3980 7524 3979 7524 3980 7525 3303 7525 3979 7525 3979 7526 3303 7526 3304 7526 3958 7527 4357 7527 2944 7527 3428 7528 4357 7528 3958 7528 3961 7529 3428 7529 3958 7529 3430 7530 3428 7530 3961 7530 3431 7531 3430 7531 3961 7531 3963 7532 3431 7532 3961 7532 3433 7533 3431 7533 3963 7533 3435 7534 3433 7534 3963 7534 3965 7535 3435 7535 3963 7535 3437 7536 3435 7536 3965 7536 3965 7537 3439 7537 3437 7537 3967 7538 3439 7538 3965 7538 3967 7539 3441 7539 3439 7539 3967 7540 3443 7540 3441 7540 3969 7541 3443 7541 3967 7541 3969 7542 3444 7542 3443 7542 3969 7543 3446 7543 3444 7543 3971 7544 3446 7544 3969 7544 3971 7545 3448 7545 3446 7545 3971 7546 3450 7546 3448 7546 3973 7547 3450 7547 3971 7547 3973 7548 3451 7548 3450 7548 3975 7549 3451 7549 3973 7549 3975 7550 3453 7550 3451 7550 3975 7551 3455 7551 3453 7551 3975 7552 3457 7552 3455 7552 3977 7553 3457 7553 3975 7553 3977 7554 3459 7554 3457 7554 3979 7555 3459 7555 3977 7555 3979 7556 3461 7556 3459 7556 3304 7557 3461 7557 3979 7557 3304 7558 3463 7558 3461 7558 3464 7559 3463 7559 3304 7559 3466 7560 3464 7560 3304 7560 3306 7561 3466 7561 3304 7561 3468 7562 3466 7562 3306 7562 3470 7563 3468 7563 3306 7563 3307 7564 3470 7564 3306 7564 3473 7565 3470 7565 3307 7565 3309 7566 3473 7566 3307 7566 3959 7567 3334 7567 3960 7567 3334 7568 3962 7568 3960 7568 3334 7569 3336 7569 3962 7569 3336 7570 3964 7570 3962 7570 3336 7571 3337 7571 3964 7571 3337 7572 3338 7572 3964 7572 3338 7573 3966 7573 3964 7573 3339 7574 3966 7574 3338 7574 3339 7575 3968 7575 3966 7575 3340 7576 3968 7576 3339 7576 3341 7577 3968 7577 3340 7577 3341 7578 3970 7578 3968 7578 3342 7579 3970 7579 3341 7579 3342 7580 3972 7580 3970 7580 3343 7581 3972 7581 3342 7581 3343 7582 3974 7582 3972 7582 3344 7583 3974 7583 3343 7583 3344 7584 3976 7584 3974 7584 3345 7585 3976 7585 3344 7585 3346 7586 3976 7586 3345 7586 3347 7587 3978 7587 3346 7587 3346 7588 3978 7588 3976 7588 3348 7589 3980 7589 3347 7589 3347 7590 3980 7590 3978 7590 3349 7591 3303 7591 3348 7591 3348 7592 3303 7592 3980 7592 3349 7593 3350 7593 3303 7593 3350 7594 3351 7594 3303 7594 3351 7595 3305 7595 3303 7595 3351 7596 3352 7596 3305 7596 3352 7597 3308 7597 3305 7597 3352 7598 3353 7598 3308 7598 3353 7599 3310 7599 3308 7599 2772 7600 3179 7600 2773 7600 2774 7601 2773 7601 3179 7601 2774 7602 3179 7602 3175 7602 2772 7603 3184 7603 3179 7603 2776 7604 2774 7604 3175 7604 2771 7605 3184 7605 2772 7605 2776 7606 3175 7606 3172 7606 2771 7607 3188 7607 3184 7607 2778 7608 2776 7608 3172 7608 2770 7609 3188 7609 2771 7609 2770 7610 3191 7610 3188 7610 2778 7611 3172 7611 3167 7611 2768 7612 3191 7612 2770 7612 2779 7613 2778 7613 3167 7613 2779 7614 3167 7614 3162 7614 3195 7615 3191 7615 2768 7615 2767 7616 3195 7616 2768 7616 3198 7617 3195 7617 2767 7617 2780 7618 2779 7618 3162 7618 2766 7619 3198 7619 2767 7619 2780 7620 3162 7620 3159 7620 2781 7621 2780 7621 3159 7621 3982 7622 3198 7622 2766 7622 3981 7623 3198 7623 3982 7623 2781 7624 3159 7624 3155 7624 4316 7625 3981 7625 3982 7625 2782 7626 2781 7626 3155 7626 4314 7627 3981 7627 4316 7627 3983 7628 3981 7628 4314 7628 2783 7629 2782 7629 3155 7629 2783 7630 3155 7630 3151 7630 4312 7631 3983 7631 4314 7631 3984 7632 3983 7632 4312 7632 2783 7633 3151 7633 3149 7633 2784 7634 2783 7634 3149 7634 3985 7635 3984 7635 4312 7635 2784 7636 3149 7636 3143 7636 4310 7637 3985 7637 4312 7637 2785 7638 2784 7638 3143 7638 4309 7639 3985 7639 4310 7639 4306 7640 3985 7640 4309 7640 3986 7641 3985 7641 4306 7641 2786 7642 2785 7642 3143 7642 2786 7643 3143 7643 3140 7643 3987 7644 3986 7644 4306 7644 2787 7645 2786 7645 3140 7645 4304 7646 3987 7646 4306 7646 2787 7647 3140 7647 3136 7647 4302 7648 3987 7648 4304 7648 2788 7649 2787 7649 3136 7649 3988 7650 3987 7650 4302 7650 3134 7651 2788 7651 3136 7651 4301 7652 3988 7652 4302 7652 3130 7653 2788 7653 3134 7653 4298 7654 3988 7654 4301 7654 3989 7655 3988 7655 4298 7655 2789 7656 2788 7656 3130 7656 4296 7657 3989 7657 4298 7657 2790 7658 2789 7658 3130 7658 3128 7659 2790 7659 3130 7659 3990 7660 3989 7660 4296 7660 3991 7661 3990 7661 4296 7661 2791 7662 2790 7662 3128 7662 3124 7663 2791 7663 3128 7663 3992 7664 3990 7664 3991 7664 3121 7665 2791 7665 3124 7665 3121 7666 2792 7666 2791 7666 3993 7667 3990 7667 3992 7667 3117 7668 2792 7668 3121 7668 3993 7669 3992 7669 3994 7669 3117 7670 2793 7670 2792 7670 3996 7671 3994 7671 3995 7671 3996 7672 3995 7672 4456 7672 3115 7673 2793 7673 3117 7673 3115 7674 2794 7674 2793 7674 3111 7675 2794 7675 3115 7675 3111 7676 2795 7676 2794 7676 4513 7677 3997 7677 3993 7677 4513 7678 3993 7678 3994 7678 4513 7679 3994 7679 3996 7679 3106 7680 2795 7680 3111 7680 3106 7681 2796 7681 2795 7681 4514 7682 3997 7682 4513 7682 3579 7683 3997 7683 4514 7683 3579 7684 4000 7684 3997 7684 3998 7685 4000 7685 3579 7685 3999 7686 4462 7686 2805 7686 4001 7687 4002 7687 4000 7687 4001 7688 4000 7688 3998 7688 3103 7689 2796 7689 3106 7689 3103 7690 2797 7690 2796 7690 4511 7691 3846 7691 3999 7691 3099 7692 2797 7692 3103 7692 3099 7693 2798 7693 2797 7693 3099 7694 2799 7694 2798 7694 4003 7695 2799 7695 3099 7695 4005 7696 2799 7696 4003 7696 4005 7697 2801 7697 2799 7697 4004 7698 4002 7698 4001 7698 4005 7699 2802 7699 2801 7699 4237 7700 4511 7700 3999 7700 4006 7701 2802 7701 4005 7701 4006 7702 2803 7702 2802 7702 4007 7703 2803 7703 4006 7703 4007 7704 2804 7704 2803 7704 4008 7705 2804 7705 4007 7705 4008 7706 3999 7706 2805 7706 4008 7707 2805 7707 2804 7707 4009 7708 4237 7708 3999 7708 4009 7709 3999 7709 4008 7709 4009 7710 4238 7710 4237 7710 4010 7711 4238 7711 4009 7711 4014 7712 4238 7712 4010 7712 4014 7713 4011 7713 4238 7713 4013 7714 4012 7714 4234 7714 4015 7715 4016 7715 4017 7715 4229 7716 4016 7716 4015 7716 4018 7717 4012 7717 4013 7717 4018 7718 4013 7718 4233 7718 4018 7719 4233 7719 4232 7719 4018 7720 4232 7720 4231 7720 4019 7721 4229 7721 4015 7721 4019 7722 4018 7722 4231 7722 4019 7723 4231 7723 4230 7723 4019 7724 4230 7724 4229 7724 4001 7725 4234 7725 4012 7725 4001 7726 4012 7726 4004 7726 4016 7727 4011 7727 4017 7727 4017 7728 4011 7728 4014 7728 3957 7729 3955 7729 3892 7729 3955 7730 3890 7730 3892 7730 3955 7731 3954 7731 3890 7731 3954 7732 4020 7732 3890 7732 3954 7733 3953 7733 4020 7733 3635 7734 4021 7734 4022 7734 3634 7735 4021 7735 3635 7735 4022 7736 4023 7736 4024 7736 4021 7737 4023 7737 4022 7737 4024 7738 4025 7738 4026 7738 4023 7739 4025 7739 4024 7739 4026 7740 4027 7740 4028 7740 4025 7741 4027 7741 4026 7741 4028 7742 4029 7742 4030 7742 4027 7743 4029 7743 4028 7743 4030 7744 4031 7744 4032 7744 4029 7745 4031 7745 4030 7745 4033 7746 4035 7746 4034 7746 4036 7747 4035 7747 4033 7747 4033 7748 2854 7748 4036 7748 4032 7749 2854 7749 4033 7749 4031 7750 2854 7750 4032 7750 4035 7751 4037 7751 4034 7751 4037 7752 4038 7752 4034 7752 2854 7753 4039 7753 2855 7753 4031 7754 4039 7754 2854 7754 4037 7755 4040 7755 4038 7755 4039 7756 2857 7756 2855 7756 4040 7757 4042 7757 4038 7757 4042 7758 4041 7758 4038 7758 4042 7759 4044 7759 4041 7759 4039 7760 4043 7760 2857 7760 2857 7761 4043 7761 2859 7761 4043 7762 2861 7762 2859 7762 4044 7763 4045 7763 4041 7763 4045 7764 4046 7764 4041 7764 4043 7765 4047 7765 2861 7765 2861 7766 4047 7766 2863 7766 4045 7767 4048 7767 4046 7767 4047 7768 2865 7768 2863 7768 4048 7769 4049 7769 4046 7769 2875 7770 4050 7770 4049 7770 4049 7771 4050 7771 4046 7771 4047 7772 4051 7772 2865 7772 2867 7773 4051 7773 2869 7773 2865 7774 4051 7774 2867 7774 2873 7775 4052 7775 2875 7775 2872 7776 4052 7776 2873 7776 2869 7777 4052 7777 2872 7777 4051 7778 4052 7778 2869 7778 4052 7779 4053 7779 2875 7779 2875 7780 4053 7780 4050 7780 4050 7781 4054 7781 4055 7781 4053 7782 4054 7782 4050 7782 4055 7783 4056 7783 4057 7783 4054 7784 4056 7784 4055 7784 4057 7785 4058 7785 4059 7785 4056 7786 4058 7786 4057 7786 4059 7787 3203 7787 3710 7787 4058 7788 3203 7788 4059 7788 4112 7789 4060 7789 4061 7789 4110 7790 4060 7790 4112 7790 4061 7791 4062 7791 4063 7791 4060 7792 4062 7792 4061 7792 4063 7793 4064 7793 4065 7793 4062 7794 4064 7794 4063 7794 4066 7795 4067 7795 4068 7795 4065 7796 4067 7796 4066 7796 4064 7797 4067 7797 4065 7797 4067 7798 4069 7798 4068 7798 4070 7799 4071 7799 4072 7799 4068 7800 4071 7800 4070 7800 4069 7801 4071 7801 4068 7801 4071 7802 4073 7802 4072 7802 4072 7803 4074 7803 4075 7803 4073 7804 4074 7804 4072 7804 4076 7805 4077 7805 4078 7805 4075 7806 4077 7806 4076 7806 4074 7807 4077 7807 4075 7807 4077 7808 4079 7808 4078 7808 4078 7809 4080 7809 4081 7809 4079 7810 4080 7810 4078 7810 4081 7811 4082 7811 4083 7811 4080 7812 4082 7812 4081 7812 4084 7813 4085 7813 4086 7813 4083 7814 4085 7814 4084 7814 4082 7815 4085 7815 4083 7815 4085 7816 4087 7816 4086 7816 4086 7817 4088 7817 4089 7817 4087 7818 4088 7818 4086 7818 4088 7819 4018 7819 4089 7819 4089 7820 4018 7820 4019 7820 4090 7821 4091 7821 4092 7821 4090 7822 4092 7822 4093 7822 4094 7823 4090 7823 4093 7823 4094 7824 4093 7824 4096 7824 4095 7825 4094 7825 4096 7825 4095 7826 4096 7826 4097 7826 4098 7827 4095 7827 4097 7827 4098 7828 4097 7828 4099 7828 4100 7829 4098 7829 4099 7829 4100 7830 4099 7830 4102 7830 4101 7831 4100 7831 4102 7831 4101 7832 4102 7832 4104 7832 4103 7833 4101 7833 4104 7833 4103 7834 4104 7834 4105 7834 4106 7835 4103 7835 4105 7835 4106 7836 4105 7836 4107 7836 4108 7837 4106 7837 4107 7837 4419 7838 4108 7838 4107 7838 4419 7839 4107 7839 4109 7839 4118 7840 4092 7840 4091 7840 4117 7841 4092 7841 4118 7841 4111 7842 4110 7842 4112 7842 4111 7843 4112 7843 4114 7843 4113 7844 4111 7844 4114 7844 4113 7845 4114 7845 4116 7845 4115 7846 4113 7846 4116 7846 4115 7847 4116 7847 4117 7847 4118 7848 4115 7848 4117 7848 4120 7849 4106 7849 4108 7849 4120 7850 4108 7850 4119 7850 4120 7851 4103 7851 4106 7851 4120 7852 4101 7852 4103 7852 4120 7853 4100 7853 4101 7853 4121 7854 4098 7854 4100 7854 4121 7855 4100 7855 4120 7855 4121 7856 4095 7856 4098 7856 4121 7857 4094 7857 4095 7857 4121 7858 4090 7858 4094 7858 4121 7859 4091 7859 4090 7859 3628 7860 4135 7860 4118 7860 4091 7861 3628 7861 4118 7861 4121 7862 3628 7862 4091 7862 4135 7863 4115 7863 4118 7863 4122 7864 4113 7864 4115 7864 4122 7865 4115 7865 4135 7865 4122 7866 4111 7866 4113 7866 4122 7867 4110 7867 4111 7867 4110 7868 4122 7868 4060 7868 4060 7869 3076 7869 4062 7869 4122 7870 3076 7870 4060 7870 4062 7871 3076 7871 4064 7871 4064 7872 3076 7872 4067 7872 4067 7873 3629 7873 4069 7873 3076 7874 3629 7874 4067 7874 4069 7875 3629 7875 4071 7875 4071 7876 3629 7876 4073 7876 4073 7877 3629 7877 4074 7877 4074 7878 3629 7878 4077 7878 4077 7879 3630 7879 4079 7879 3629 7880 3630 7880 4077 7880 4079 7881 3630 7881 4080 7881 4080 7882 3630 7882 4082 7882 4082 7883 3630 7883 4085 7883 4085 7884 3630 7884 4087 7884 4087 7885 3633 7885 4088 7885 3630 7886 3633 7886 4087 7886 3633 7887 4018 7887 4088 7887 3609 7888 4021 7888 3634 7888 3609 7889 3611 7889 4021 7889 3611 7890 4023 7890 4021 7890 3611 7891 4025 7891 4023 7891 3611 7892 4027 7892 4025 7892 3611 7893 3595 7893 4027 7893 3595 7894 4029 7894 4027 7894 3595 7895 4031 7895 4029 7895 3595 7896 3593 7896 4031 7896 3593 7897 4039 7897 4031 7897 3593 7898 4043 7898 4039 7898 3593 7899 3588 7899 4043 7899 3588 7900 4047 7900 4043 7900 3588 7901 3587 7901 4047 7901 3587 7902 4051 7902 4047 7902 3587 7903 4052 7903 4051 7903 3587 7904 3586 7904 4052 7904 3586 7905 4053 7905 4052 7905 3586 7906 4054 7906 4053 7906 4054 7907 3585 7907 4056 7907 3586 7908 3585 7908 4054 7908 4056 7909 3585 7909 4058 7909 3585 7910 3203 7910 4058 7910 3585 7911 3202 7911 3203 7911 4012 7912 4018 7912 3635 7912 3635 7913 4018 7913 3633 7913 3526 7914 3302 7914 3589 7914 3524 7915 3526 7915 3589 7915 3522 7916 3524 7916 3589 7916 3521 7917 3589 7917 3591 7917 3521 7918 3522 7918 3589 7918 3520 7919 3521 7919 3591 7919 3519 7920 3520 7920 3591 7920 3518 7921 3519 7921 3591 7921 3517 7922 3591 7922 3594 7922 3517 7923 3518 7923 3591 7923 3516 7924 3517 7924 3594 7924 3515 7925 3516 7925 3594 7925 3514 7926 3515 7926 3594 7926 3513 7927 3594 7927 3598 7927 3513 7928 3514 7928 3594 7928 3512 7929 3513 7929 3598 7929 3511 7930 3512 7930 3598 7930 3510 7931 3511 7931 3598 7931 3987 7932 3988 7932 3710 7932 3710 7933 3988 7933 4059 7933 4059 7934 3988 7934 4057 7934 3988 7935 4055 7935 4057 7935 3988 7936 3989 7936 4055 7936 3989 7937 4050 7937 4055 7937 3989 7938 3990 7938 4050 7938 3990 7939 4046 7939 4050 7939 3990 7940 4041 7940 4046 7940 3990 7941 4038 7941 4041 7941 3990 7942 3993 7942 4038 7942 3993 7943 4034 7943 4038 7943 3993 7944 4033 7944 4034 7944 3993 7945 3997 7945 4033 7945 3997 7946 4032 7946 4033 7946 3997 7947 4030 7947 4032 7947 3997 7948 4000 7948 4030 7948 4000 7949 4028 7949 4030 7949 4000 7950 4026 7950 4028 7950 4000 7951 4002 7951 4026 7951 4002 7952 4024 7952 4026 7952 4002 7953 4004 7953 4024 7953 4004 7954 4022 7954 4024 7954 4004 7955 4012 7955 4022 7955 4012 7956 3635 7956 4022 7956 3510 7957 3600 7957 3756 7957 3598 7958 3600 7958 3510 7958 3756 7959 3600 7959 3758 7959 3758 7960 3601 7960 3760 7960 3600 7961 3601 7961 3758 7961 3760 7962 3601 7962 3762 7962 3762 7963 3601 7963 3768 7963 3768 7964 3603 7964 3772 7964 3601 7965 3603 7965 3768 7965 3772 7966 3604 7966 3774 7966 3603 7967 3604 7967 3772 7967 3774 7968 3604 7968 3777 7968 3604 7969 3778 7969 3777 7969 3604 7970 3605 7970 3778 7970 3605 7971 3780 7971 3778 7971 3605 7972 3606 7972 3780 7972 3606 7973 3782 7973 3780 7973 3606 7974 3607 7974 3782 7974 3607 7975 3784 7975 3782 7975 3607 7976 3786 7976 3784 7976 3607 7977 3612 7977 3786 7977 3612 7978 3788 7978 3786 7978 3612 7979 3790 7979 3788 7979 3612 7980 3792 7980 3790 7980 3612 7981 3614 7981 3792 7981 3981 7982 3201 7982 3198 7982 3692 7983 3201 7983 3981 7983 3693 7984 3692 7984 3981 7984 3694 7985 3693 7985 3981 7985 3983 7986 3694 7986 3981 7986 3695 7987 3694 7987 3983 7987 3696 7988 3695 7988 3983 7988 3697 7989 3696 7989 3983 7989 3984 7990 3697 7990 3983 7990 3698 7991 3697 7991 3984 7991 3699 7992 3698 7992 3984 7992 3985 7993 3699 7993 3984 7993 3700 7994 3699 7994 3985 7994 3703 7995 3700 7995 3985 7995 3706 7996 3703 7996 3985 7996 3986 7997 3706 7997 3985 7997 3707 7998 3706 7998 3986 7998 3708 7999 3707 7999 3986 7999 3987 8000 3708 8000 3986 8000 3709 8001 3708 8001 3987 8001 3710 8002 3709 8002 3987 8002 3616 8003 3792 8003 3614 8003 3868 8004 3792 8004 3616 8004 4015 8005 3791 8005 3793 8005 4015 8006 4017 8006 3791 8006 4017 8007 3789 8007 3791 8007 4017 8008 4014 8008 3789 8008 4014 8009 3787 8009 3789 8009 4014 8010 3785 8010 3787 8010 4014 8011 3783 8011 3785 8011 4014 8012 4010 8012 3783 8012 4010 8013 3781 8013 3783 8013 4010 8014 4009 8014 3781 8014 4009 8015 3779 8015 3781 8015 4009 8016 3773 8016 3779 8016 4009 8017 4008 8017 3773 8017 4008 8018 3771 8018 3773 8018 4008 8019 4007 8019 3771 8019 4007 8020 3766 8020 3771 8020 4007 8021 3764 8021 3766 8021 4007 8022 4006 8022 3764 8022 4006 8023 3763 8023 3764 8023 4006 8024 3761 8024 3763 8024 4006 8025 4005 8025 3761 8025 4005 8026 3759 8026 3761 8026 4005 8027 3757 8027 3759 8027 4005 8028 4003 8028 3757 8028 4003 8029 3098 8029 3757 8029 4003 8030 3099 8030 3098 8030 4363 8031 4124 8031 4123 8031 3645 8032 4363 8032 4123 8032 3645 8033 4123 8033 3886 8033 3647 8034 3645 8034 3886 8034 3649 8035 3647 8035 3886 8035 3651 8036 3886 8036 3883 8036 3651 8037 3649 8037 3886 8037 3653 8038 3651 8038 3883 8038 3655 8039 3653 8039 3883 8039 3657 8040 3655 8040 3883 8040 3659 8041 3657 8041 3883 8041 3661 8042 3659 8042 3883 8042 3662 8043 3661 8043 3883 8043 3662 8044 3883 8044 3882 8044 3664 8045 3662 8045 3882 8045 3666 8046 3664 8046 3882 8046 3666 8047 3882 8047 3877 8047 3668 8048 3666 8048 3877 8048 3670 8049 3668 8049 3877 8049 3672 8050 3670 8050 3877 8050 3672 8051 3877 8051 3872 8051 3674 8052 3672 8052 3872 8052 3676 8053 3674 8053 3872 8053 3678 8054 3676 8054 3872 8054 3680 8055 3678 8055 3872 8055 3682 8056 3680 8056 3872 8056 3684 8057 3872 8057 3868 8057 3684 8058 3682 8058 3872 8058 3616 8059 3684 8059 3868 8059 4019 8060 4015 8060 3854 8060 3854 8061 4015 8061 3793 8061 4127 8062 4126 8062 3888 8062 4019 8063 3854 8063 4089 8063 4089 8064 3854 8064 4086 8064 4086 8065 3854 8065 4084 8065 4084 8066 3854 8066 4083 8066 4083 8067 3863 8067 4081 8067 3854 8068 3863 8068 4083 8068 4081 8069 3863 8069 4078 8069 4078 8070 3863 8070 4076 8070 4076 8071 3863 8071 4075 8071 4075 8072 3870 8072 4072 8072 3863 8073 3870 8073 4075 8073 4072 8074 3875 8074 4070 8074 3870 8075 3875 8075 4072 8075 4070 8076 3875 8076 4068 8076 4068 8077 3875 8077 4066 8077 4066 8078 3875 8078 4065 8078 4065 8079 3881 8079 4063 8079 3875 8080 3881 8080 4065 8080 4063 8081 3881 8081 4061 8081 3881 8082 4128 8082 4061 8082 4061 8083 4128 8083 4112 8083 3887 8084 4093 8084 4092 8084 3887 8085 4096 8085 4093 8085 3887 8086 4097 8086 4096 8086 3887 8087 4099 8087 4097 8087 4125 8088 4102 8088 4099 8088 4125 8089 4099 8089 3887 8089 4125 8090 4104 8090 4102 8090 4126 8091 4104 8091 4125 8091 4126 8092 4105 8092 4104 8092 4126 8093 4107 8093 4105 8093 4126 8094 4127 8094 4107 8094 4128 8095 4114 8095 4112 8095 4128 8096 4116 8096 4114 8096 4128 8097 4129 8097 4117 8097 4128 8098 4117 8098 4116 8098 4092 8099 4129 8099 3887 8099 4092 8100 4117 8100 4129 8100 4128 8101 3881 8101 4130 8101 3880 8102 3096 8102 4130 8102 3881 8103 3880 8103 4130 8103 4132 8104 3084 8104 4129 8104 4129 8105 4128 8105 4132 8105 3029 8106 3096 8106 3094 8106 3029 8107 3094 8107 3092 8107 3034 8108 3029 8108 3092 8108 3029 8109 4130 8109 3096 8109 4131 8110 4130 8110 3029 8110 3034 8111 3092 8111 3090 8111 4132 8112 4130 8112 4131 8112 3090 8113 3036 8113 3034 8113 4132 8114 4131 8114 4192 8114 3087 8115 3036 8115 3090 8115 3084 8116 4132 8116 4192 8116 3085 8117 4133 8117 3036 8117 3085 8118 3036 8118 3087 8118 3085 8119 4192 8119 4133 8119 3085 8120 3084 8120 4192 8120 4130 8121 4132 8121 4128 8121 3076 8122 4122 8122 4134 8122 4134 8123 4122 8123 4136 8123 4122 8124 4135 8124 4136 8124 4135 8125 3628 8125 4139 8125 3627 8126 4137 8126 4138 8126 3627 8127 3626 8127 4137 8127 3627 8128 4138 8128 4139 8128 3628 8129 3627 8129 4139 8129 4163 8130 4136 8130 4167 8130 4163 8131 4134 8131 4136 8131 3055 8132 4134 8132 4163 8132 4167 8133 4136 8133 4139 8133 3055 8134 3077 8134 4134 8134 4171 8135 4167 8135 4139 8135 4171 8136 4139 8136 4138 8136 3045 8137 3077 8137 3055 8137 3077 8138 3045 8138 3054 8138 4137 8139 4171 8139 4138 8139 3080 8140 3077 8140 3054 8140 4137 8141 4176 8141 4171 8141 3083 8142 4176 8142 4137 8142 3083 8143 3054 8143 4176 8143 3083 8144 3080 8144 3054 8144 4139 8145 4136 8145 4135 8145 3075 8146 4140 8146 3071 8146 3071 8147 4140 8147 4141 8147 3072 8148 3071 8148 4141 8148 4142 8149 3885 8149 3884 8149 3884 8150 4143 8150 3691 8150 3691 8151 4143 8151 3544 8151 4144 8152 3544 8152 4143 8152 3544 8153 4144 8153 3545 8153 4145 8154 4146 8154 3069 8154 4147 8155 3069 8155 4146 8155 4145 8156 4148 8156 4146 8156 4148 8157 4149 8157 4146 8157 4146 8158 4150 8158 4147 8158 4149 8159 4150 8159 4146 8159 4149 8160 4148 8160 4151 8160 4149 8161 4152 8161 4150 8161 4153 8162 4154 8162 3062 8162 4154 8163 4155 8163 3062 8163 4156 8164 4157 8164 4153 8164 4153 8165 4157 8165 4154 8165 4157 8166 4158 8166 4154 8166 4154 8167 4158 8167 4155 8167 4158 8168 4159 8168 4155 8168 4159 8169 3869 8169 4155 8169 4156 8170 3878 8170 4157 8170 4157 8171 3878 8171 4158 8171 3878 8172 4159 8172 4158 8172 4161 8173 3055 8173 4160 8173 4160 8174 3055 8174 4162 8174 3055 8175 4163 8175 4162 8175 4163 8176 4167 8176 4164 8176 4164 8177 4167 8177 4165 8177 4165 8178 4167 8178 4166 8178 4166 8179 4167 8179 4168 8179 4168 8180 4167 8180 4169 8180 4167 8181 4171 8181 4169 8181 4169 8182 4171 8182 4170 8182 4170 8183 4171 8183 4172 8183 4172 8184 4171 8184 4173 8184 4173 8185 4171 8185 4174 8185 4174 8186 4171 8186 4175 8186 4175 8187 4176 8187 4177 8187 4171 8188 4176 8188 4175 8188 4177 8189 4178 8189 4175 8189 4178 8190 4179 8190 4175 8190 4175 8191 4179 8191 4174 8191 4179 8192 4180 8192 4174 8192 4174 8193 4180 8193 4173 8193 4180 8194 4181 8194 4173 8194 4173 8195 4181 8195 4172 8195 4181 8196 4182 8196 4172 8196 4182 8197 4183 8197 4172 8197 4172 8198 4183 8198 4170 8198 4183 8199 4184 8199 4170 8199 4170 8200 4184 8200 4169 8200 4184 8201 4185 8201 4169 8201 4169 8202 4185 8202 4168 8202 4185 8203 4186 8203 4168 8203 4168 8204 4186 8204 4166 8204 4186 8205 4187 8205 4166 8205 4166 8206 4187 8206 4165 8206 4187 8207 4188 8207 4165 8207 4165 8208 4188 8208 4164 8208 4164 8209 4188 8209 4163 8209 4188 8210 4189 8210 4163 8210 4163 8211 4189 8211 4162 8211 4189 8212 4190 8212 4162 8212 4162 8213 4191 8213 4160 8213 4190 8214 4191 8214 4162 8214 4160 8215 4191 8215 4161 8215 4191 8216 3022 8216 4161 8216 4178 8217 3036 8217 4179 8217 3036 8218 4133 8218 4179 8218 4179 8219 4133 8219 4180 8219 4180 8220 4133 8220 4181 8220 4181 8221 4133 8221 4182 8221 4182 8222 4133 8222 4183 8222 4133 8223 4192 8223 4183 8223 4183 8224 4192 8224 4184 8224 4184 8225 4192 8225 4185 8225 4185 8226 4192 8226 4186 8226 4186 8227 4192 8227 4187 8227 4192 8228 4131 8228 4187 8228 4187 8229 4131 8229 4188 8229 4188 8230 4131 8230 4189 8230 4189 8231 4131 8231 4190 8231 4190 8232 4131 8232 4191 8232 4191 8233 4131 8233 3022 8233 3022 8234 4131 8234 3029 8234 3864 8235 4194 8235 4193 8235 3864 8236 3848 8236 4194 8236 3866 8237 3864 8237 4193 8237 3848 8238 4193 8238 4194 8238 3848 8239 3866 8239 4193 8239 3867 8240 4196 8240 4195 8240 3867 8241 3856 8241 4196 8241 3861 8242 4195 8242 4196 8242 3861 8243 3867 8243 4195 8243 3856 8244 3861 8244 4196 8244 3876 8245 4198 8245 4197 8245 3876 8246 3882 8246 4198 8246 3879 8247 3876 8247 4197 8247 3882 8248 3879 8248 4198 8248 4198 8249 3879 8249 4197 8249 4201 8250 3848 8250 4199 8250 3847 8251 4201 8251 4200 8251 3852 8252 3847 8252 4200 8252 3850 8253 3852 8253 4200 8253 3851 8254 3850 8254 4199 8254 3848 8255 3851 8255 4199 8255 4201 8256 4202 8256 4200 8256 3850 8257 4202 8257 4199 8257 4202 8258 3850 8258 4200 8258 4199 8259 4202 8259 4201 8259 3859 8260 4203 8260 3857 8260 3873 8261 4205 8261 4204 8261 4206 8262 3874 8262 3871 8262 4208 8263 3874 8263 4206 8263 4207 8264 4210 8264 3871 8264 3871 8265 4210 8265 4206 8265 4206 8266 4210 8266 4208 8266 4210 8267 4209 8267 4208 8267 3860 8268 4212 8268 3859 8268 3849 8269 3855 8269 4213 8269 3849 8270 4213 8270 4214 8270 3858 8271 3849 8271 4214 8271 3858 8272 4214 8272 4215 8272 3855 8273 3858 8273 4215 8273 3855 8274 4215 8274 4213 8274 4215 8275 4216 8275 4213 8275 4216 8276 4214 8276 4213 8276 4215 8277 4214 8277 4216 8277 3862 8278 4218 8278 4221 8278 4218 8279 3862 8279 4217 8279 3851 8280 4219 8280 4222 8280 3851 8281 4222 8281 4220 8281 3865 8282 4221 8282 4223 8282 3865 8283 4223 8283 4224 8283 4219 8284 3865 8284 4224 8284 4224 8285 4222 8285 4219 8285 4221 8286 4220 8286 4223 8286 4225 8287 4220 8287 4222 8287 4227 8288 4225 8288 4222 8288 4226 8289 4223 8289 4220 8289 4225 8290 4226 8290 4220 8290 4226 8291 4224 8291 4223 8291 4226 8292 4227 8292 4224 8292 4227 8293 4222 8293 4224 8293 4209 8294 4210 8294 4207 8294 4226 8295 4225 8295 4227 8295 3831 8296 4228 8296 3834 8296 4228 8297 4229 8297 3834 8297 3834 8298 4230 8298 3836 8298 4230 8299 4231 8299 3836 8299 3836 8300 4231 8300 3837 8300 3837 8301 4231 8301 3840 8301 4231 8302 4232 8302 3840 8302 4232 8303 3842 8303 3840 8303 3842 8304 4233 8304 3841 8304 4233 8305 4013 8305 3841 8305 3841 8306 4013 8306 3838 8306 4013 8307 4234 8307 3838 8307 4234 8308 4235 8308 3838 8308 3828 8309 4228 8309 3831 8309 4236 8310 4228 8310 3828 8310 4237 8311 4238 8311 3827 8311 4238 8312 4236 8312 3828 8312 3838 8313 3577 8313 3576 8313 4235 8314 3577 8314 3838 8314 4239 8315 4241 8315 4240 8315 4240 8316 4241 8316 4242 8316 4242 8317 3615 8317 4244 8317 3615 8318 4243 8318 4244 8318 4243 8319 4245 8319 4244 8319 4245 8320 4246 8320 4244 8320 4246 8321 4247 8321 4248 8321 4248 8322 3617 8322 4249 8322 4249 8323 4250 8323 4251 8323 4250 8324 4252 8324 4251 8324 4251 8325 4252 8325 4253 8325 4252 8326 4254 8326 4253 8326 4240 8327 3583 8327 3584 8327 4240 8328 3584 8328 4239 8328 4256 8329 4257 8329 4255 8329 4255 8330 4257 8330 4258 8330 4257 8331 4260 8331 4258 8331 4258 8332 4260 8332 4259 8332 4255 8333 4253 8333 4254 8333 4255 8334 4254 8334 4256 8334 4279 8335 4275 8335 4253 8335 4253 8336 4275 8336 4251 8336 4251 8337 4275 8337 4249 8337 4249 8338 4275 8338 4248 8338 4248 8339 4275 8339 4246 8339 4275 8340 4261 8340 4246 8340 4246 8341 4261 8341 4244 8341 4253 8342 3018 8342 4279 8342 4244 8343 4261 8343 4242 8343 4271 8344 4242 8344 4261 8344 4271 8345 4240 8345 4242 8345 4271 8346 3021 8346 4240 8346 3018 8347 4423 8347 3019 8347 3018 8348 4262 8348 4423 8348 4423 8349 4425 8349 3019 8349 4425 8350 4427 8350 3019 8350 3019 8351 4427 8351 3020 8351 4427 8352 4428 8352 3020 8352 4253 8353 4255 8353 3018 8353 3018 8354 4255 8354 4262 8354 4428 8355 4432 8355 3020 8355 3020 8356 4432 8356 3021 8356 4258 8357 4259 8357 4255 8357 4432 8358 3583 8358 3021 8358 3021 8359 3583 8359 4240 8359 4263 8360 3583 8360 4432 8360 4435 8361 3583 8361 4263 8361 3583 8362 4265 8362 3582 8362 4435 8363 4509 8363 4264 8363 4435 8364 4264 8364 4265 8364 4435 8365 4265 8365 3583 8365 4266 8366 4262 8366 4259 8366 4259 8367 4262 8367 4255 8367 4267 8368 4271 8368 4268 8368 4268 8369 4271 8369 4269 8369 4269 8370 4271 8370 4270 8370 4271 8371 4261 8371 4270 8371 4270 8372 4261 8372 4272 8372 4272 8373 4261 8373 4273 8373 4261 8374 4275 8374 4273 8374 4273 8375 4275 8375 4274 8375 4274 8376 4275 8376 4276 8376 4275 8377 4279 8377 4276 8377 4276 8378 4279 8378 4277 8378 4277 8379 4279 8379 4278 8379 4278 8380 4280 8380 4277 8380 4280 8381 4281 8381 4277 8381 4277 8382 4282 8382 4276 8382 4281 8383 4282 8383 4277 8383 4276 8384 4282 8384 4274 8384 4282 8385 4283 8385 4274 8385 4283 8386 4284 8386 4274 8386 4274 8387 4284 8387 4273 8387 4273 8388 4285 8388 4272 8388 4284 8389 4285 8389 4273 8389 4272 8390 4286 8390 4270 8390 4285 8391 4286 8391 4272 8391 4286 8392 4287 8392 4270 8392 4270 8393 4287 8393 4269 8393 4269 8394 4287 8394 4268 8394 4287 8395 4288 8395 4268 8395 4268 8396 4288 8396 4267 8396 4288 8397 2995 8397 4267 8397 4280 8398 3833 8398 4281 8398 4281 8399 4289 8399 4282 8399 3833 8400 4289 8400 4281 8400 4282 8401 4289 8401 4283 8401 4283 8402 4289 8402 4284 8402 4289 8403 3839 8403 4284 8403 4284 8404 3839 8404 4285 8404 4285 8405 3839 8405 4286 8405 4286 8406 3839 8406 4287 8406 3839 8407 2998 8407 4287 8407 4287 8408 2998 8408 4288 8408 4288 8409 2998 8409 2995 8409 3372 8410 3530 8410 3375 8410 3529 8411 3530 8411 3372 8411 3530 8412 3533 8412 3375 8412 3375 8413 3533 8413 3377 8413 3533 8414 3532 8414 3377 8414 3377 8415 3532 8415 3374 8415 3532 8416 3531 8416 3374 8416 3369 8417 3528 8417 3529 8417 3369 8418 3529 8418 3372 8418 3369 8419 2994 8419 3528 8419 2993 8420 2994 8420 3369 8420 3525 8421 3523 8421 3825 8421 3825 8422 3523 8422 3824 8422 3527 8423 3826 8423 3531 8423 3531 8424 3826 8424 3374 8424 3525 8425 3826 8425 3527 8425 3525 8426 3825 8426 3826 8426 4456 8427 3995 8427 4290 8427 4290 8428 3995 8428 4291 8428 4291 8429 3994 8429 4292 8429 3995 8430 3994 8430 4291 8430 3994 8431 3992 8431 4292 8431 4292 8432 3992 8432 4293 8432 4293 8433 3991 8433 4294 8433 3992 8434 3991 8434 4293 8434 4294 8435 3991 8435 4295 8435 3991 8436 4296 8436 4295 8436 4295 8437 4296 8437 4297 8437 4296 8438 4298 8438 4297 8438 4297 8439 4298 8439 4299 8439 4298 8440 4301 8440 4299 8440 4299 8441 4301 8441 4300 8441 4301 8442 4302 8442 4300 8442 4300 8443 4302 8443 4303 8443 4302 8444 4305 8444 4303 8444 4304 8445 4307 8445 4305 8445 4307 8446 4306 8446 4308 8446 4306 8447 4309 8447 4308 8447 4308 8448 4310 8448 4311 8448 4309 8449 4310 8449 4308 8449 4310 8450 4313 8450 4311 8450 4313 8451 4314 8451 4315 8451 4312 8452 4314 8452 4313 8452 4315 8453 4316 8453 4317 8453 4314 8454 4316 8454 4315 8454 4316 8455 3982 8455 4317 8455 4317 8456 3982 8456 2951 8456 3438 8457 2956 8457 2957 8457 3436 8458 3438 8458 2957 8458 3440 8459 2956 8459 3438 8459 3434 8460 3436 8460 2957 8460 3434 8461 2957 8461 2775 8461 3440 8462 2955 8462 2956 8462 3432 8463 3434 8463 2775 8463 3442 8464 2955 8464 3440 8464 3432 8465 2775 8465 2777 8465 3445 8466 2955 8466 3442 8466 3445 8467 2954 8467 2955 8467 3429 8468 2777 8468 2958 8468 3429 8469 3432 8469 2777 8469 3427 8470 3429 8470 2958 8470 3447 8471 2954 8471 3445 8471 3426 8472 2958 8472 2959 8472 3426 8473 3427 8473 2958 8473 3449 8474 2954 8474 3447 8474 3449 8475 2769 8475 2954 8475 3452 8476 2769 8476 3449 8476 3452 8477 2953 8477 2769 8477 3424 8478 3426 8478 2959 8478 3454 8479 2953 8479 3452 8479 3421 8480 2959 8480 2960 8480 3421 8481 3424 8481 2959 8481 3456 8482 2953 8482 3454 8482 3456 8483 2952 8483 2953 8483 3419 8484 2960 8484 2961 8484 3419 8485 3421 8485 2960 8485 3458 8486 2952 8486 3456 8486 3417 8487 3419 8487 2961 8487 3460 8488 2952 8488 3458 8488 3460 8489 2951 8489 2952 8489 3417 8490 2961 8490 2962 8490 3462 8491 2951 8491 3460 8491 3415 8492 3417 8492 2962 8492 3462 8493 4317 8493 2951 8493 3465 8494 4317 8494 3462 8494 2963 8495 3415 8495 2962 8495 3412 8496 3415 8496 2963 8496 3467 8497 4317 8497 3465 8497 3467 8498 4315 8498 4317 8498 3410 8499 2963 8499 2964 8499 3410 8500 3412 8500 2963 8500 3469 8501 4315 8501 3467 8501 3408 8502 3410 8502 2964 8502 3469 8503 4313 8503 4315 8503 3471 8504 4313 8504 3469 8504 3406 8505 2964 8505 2965 8505 3406 8506 3408 8506 2964 8506 3472 8507 4313 8507 3471 8507 3404 8508 3406 8508 2965 8508 3472 8509 4311 8509 4313 8509 3474 8510 4311 8510 3472 8510 2966 8511 3404 8511 2965 8511 3402 8512 3404 8512 2966 8512 3477 8513 4308 8513 4311 8513 3477 8514 4311 8514 3474 8514 3400 8515 3402 8515 2966 8515 3479 8516 4307 8516 4308 8516 3479 8517 4308 8517 3477 8517 3398 8518 2966 8518 2967 8518 3398 8519 3400 8519 2966 8519 3481 8520 4307 8520 3479 8520 3481 8521 4305 8521 4307 8521 3396 8522 2967 8522 2968 8522 3396 8523 3398 8523 2967 8523 3483 8524 4305 8524 3481 8524 3483 8525 4303 8525 4305 8525 3394 8526 3396 8526 2968 8526 3485 8527 4303 8527 3483 8527 2969 8528 3394 8528 2968 8528 2969 8529 3392 8529 3394 8529 3487 8530 4303 8530 3485 8530 4300 8531 4303 8531 3487 8531 3390 8532 3392 8532 2969 8532 3490 8533 4300 8533 3487 8533 4299 8534 4300 8534 3490 8534 3388 8535 3390 8535 2969 8535 2970 8536 3388 8536 2969 8536 3492 8537 4299 8537 3490 8537 3386 8538 3388 8538 2970 8538 2971 8539 3386 8539 2970 8539 3494 8540 4299 8540 3492 8540 4297 8541 4299 8541 3494 8541 3496 8542 4297 8542 3494 8542 4295 8543 4297 8543 3496 8543 3499 8544 4295 8544 3496 8544 2971 8545 3383 8545 3386 8545 4294 8546 4295 8546 3499 8546 3382 8547 3383 8547 2971 8547 2972 8548 3382 8548 2971 8548 3501 8549 4294 8549 3499 8549 2972 8550 3380 8550 3382 8550 3503 8551 4294 8551 3501 8551 4293 8552 4294 8552 3503 8552 3378 8553 3380 8553 2972 8553 3505 8554 4293 8554 3503 8554 2973 8555 3378 8555 2972 8555 4292 8556 4293 8556 3505 8556 3507 8557 4292 8557 3505 8557 3509 8558 4292 8558 3507 8558 2974 8559 3378 8559 2973 8559 2974 8560 3371 8560 3378 8560 2975 8561 3371 8561 2974 8561 4291 8562 3509 8562 4318 8562 4291 8563 4292 8563 3509 8563 4319 8564 4291 8564 4318 8564 2975 8565 3370 8565 3371 8565 4290 8566 4291 8566 4319 8566 2976 8567 3370 8567 2975 8567 3823 8568 3370 8568 2976 8568 2977 8569 3823 8569 2976 8569 2989 8570 2990 8570 4320 8570 2989 8571 4320 8571 4321 8571 2989 8572 4321 8572 4322 8572 3822 8573 3823 8573 2977 8573 2989 8574 4322 8574 3802 8574 2988 8575 2989 8575 3802 8575 3821 8576 3822 8576 2977 8576 2978 8577 3820 8577 3821 8577 2978 8578 3821 8578 2977 8578 2987 8579 3802 8579 3803 8579 2987 8580 2988 8580 3802 8580 2979 8581 3820 8581 2978 8581 2979 8582 3819 8582 3820 8582 2987 8583 3803 8583 3804 8583 2980 8584 3819 8584 2979 8584 2986 8585 3804 8585 3805 8585 2986 8586 2987 8586 3804 8586 2980 8587 3818 8587 3819 8587 2986 8588 3805 8588 3807 8588 2980 8589 3817 8589 3818 8589 2985 8590 3807 8590 3809 8590 2985 8591 2986 8591 3807 8591 2981 8592 3816 8592 3817 8592 2981 8593 3817 8593 2980 8593 2982 8594 3815 8594 3816 8594 2982 8595 3816 8595 2981 8595 2985 8596 3809 8596 3810 8596 2983 8597 3815 8597 2982 8597 2984 8598 3810 8598 3811 8598 2984 8599 2985 8599 3810 8599 2983 8600 3814 8600 3815 8600 2984 8601 3811 8601 3812 8601 2983 8602 3813 8602 3814 8602 2800 8603 2984 8603 3812 8603 2800 8604 3812 8604 3813 8604 2800 8605 3813 8605 2983 8605 3702 8606 4323 8606 4324 8606 4325 8607 3702 8607 4324 8607 4325 8608 3563 8608 3702 8608 4323 8609 2950 8609 3310 8609 3563 8610 4325 8610 3355 8610 4324 8611 3310 8611 3353 8611 4324 8612 4323 8612 3310 8612 3563 8613 3705 8613 3702 8613 3701 8614 3704 8614 3475 8614 3701 8615 3475 8615 4327 8615 3475 8616 3704 8616 4330 8616 4329 8617 3473 8617 3309 8617 3475 8618 4330 8618 3476 8618 4329 8619 3309 8619 4328 8619 4326 8620 4327 8620 4329 8620 4328 8621 4326 8621 4329 8621 4326 8622 3701 8622 4327 8622 3310 8623 2950 8623 3309 8623 3704 8624 3705 8624 4330 8624 4330 8625 3705 8625 3563 8625 4333 8626 4332 8626 3535 8626 3538 8627 3937 8627 3539 8627 4333 8628 3935 8628 3314 8628 4331 8629 3937 8629 3538 8629 4333 8630 3535 8630 3935 8630 4332 8631 4333 8631 3538 8631 4331 8632 3538 8632 4333 8632 3711 8633 3534 8633 4336 8633 3537 8634 3540 8634 2949 8634 3537 8635 2949 8635 4334 8635 4334 8636 4335 8636 3536 8636 4336 8637 4335 8637 3711 8637 3711 8638 4335 8638 3381 8638 2949 8639 3384 8639 4334 8639 4334 8640 3536 8640 3537 8640 4336 8641 3536 8641 4335 8641 3711 8642 3935 8642 3534 8642 3534 8643 3935 8643 3535 8643 3937 8644 3936 8644 3539 8644 3539 8645 3936 8645 3540 8645 3776 8646 3775 8646 3957 8646 3957 8647 3775 8647 3956 8647 3775 8648 2946 8648 3956 8648 4337 8649 3918 8649 3808 8649 4338 8650 4341 8650 4339 8650 4338 8651 2948 8651 2947 8651 4338 8652 4339 8652 2948 8652 3765 8653 3918 8653 4337 8653 4340 8654 4343 8654 4341 8654 3767 8655 4340 8655 4341 8655 4340 8656 4342 8656 3806 8656 4340 8657 3767 8657 4342 8657 4342 8658 4337 8658 3806 8658 4342 8659 3765 8659 4337 8659 4344 8660 3795 8660 2948 8660 4344 8661 2948 8661 4339 8661 4344 8662 4341 8662 4343 8662 4341 8663 4344 8663 4339 8663 3806 8664 4343 8664 4340 8664 3767 8665 4341 8665 4338 8665 3918 8666 3765 8666 3919 8666 3765 8667 3769 8667 3919 8667 3919 8668 3769 8668 3921 8668 3769 8669 3770 8669 3921 8669 4345 8670 3957 8670 3892 8670 4347 8671 3893 8671 3921 8671 4345 8672 3776 8672 3957 8672 4347 8673 3921 8673 3770 8673 4350 8674 4348 8674 4345 8674 4350 8675 4346 8675 4348 8675 4349 8676 4346 8676 4350 8676 3770 8677 4349 8677 4347 8677 4349 8678 3770 8678 4346 8678 4345 8679 4348 8679 3776 8679 4345 8680 3894 8680 4350 8680 4347 8681 4350 8681 3894 8681 4347 8682 4349 8682 4350 8682 3335 8683 4352 8683 4351 8683 4352 8684 3335 8684 3959 8684 4354 8685 4351 8685 4353 8685 4351 8686 4354 8686 3335 8686 4354 8687 4353 8687 3952 8687 3333 8688 4354 8688 3952 8688 3542 8689 3950 8689 3541 8689 3950 8690 3952 8690 3541 8690 3541 8691 3952 8691 4353 8691 4358 8692 4355 8692 4356 8692 4357 8693 4356 8693 4355 8693 3950 8694 3542 8694 3425 8694 4356 8695 3425 8695 4358 8695 4355 8696 3543 8696 4357 8696 4357 8697 3543 8697 2944 8697 3423 8698 3950 8698 3425 8698 3425 8699 3542 8699 4358 8699 3959 8700 2944 8700 4352 8700 4352 8701 2944 8701 3543 8701 4359 8702 3689 8702 3546 8702 4361 8703 3689 8703 4359 8703 4361 8704 3690 8704 3689 8704 4361 8705 4359 8705 4360 8705 3690 8706 4362 8706 4142 8706 4361 8707 4362 8707 3690 8707 3545 8708 4359 8708 3546 8708 4364 8709 4359 8709 3545 8709 4109 8710 4107 8710 4127 8710 4361 8711 4109 8711 4127 8711 3637 8712 4361 8712 4360 8712 3637 8713 4109 8713 4361 8713 3638 8714 3637 8714 4360 8714 3640 8715 3638 8715 4360 8715 3642 8716 3640 8716 4360 8716 4364 8717 4123 8717 4360 8717 4144 8718 4364 8718 3545 8718 4144 8719 4123 8719 4364 8719 4362 8720 3885 8720 4142 8720 3888 8721 4362 8721 4127 8721 3888 8722 3885 8722 4362 8722 4360 8723 4359 8723 4364 8723 4360 8724 4123 8724 4124 8724 3642 8725 4360 8725 4124 8725 4363 8726 3642 8726 4124 8726 4361 8727 4127 8727 4362 8727 4365 8728 2943 8728 2941 8728 4366 8729 2943 8729 4365 8729 4366 8730 4367 8730 2943 8730 2941 8731 2937 8731 4365 8731 2937 8732 4368 8732 4365 8732 4365 8733 4368 8733 4366 8733 4368 8734 4372 8734 4366 8734 4366 8735 4372 8735 4367 8735 4372 8736 4369 8736 4367 8736 4370 8737 2937 8737 2938 8737 4370 8738 4368 8738 2937 8738 4370 8739 4371 8739 4368 8739 4368 8740 4371 8740 4372 8740 4371 8741 4373 8741 4372 8741 4372 8742 4373 8742 4369 8742 4376 8743 4375 8743 4374 8743 4376 8744 4377 8744 4375 8744 4378 8745 4379 8745 4374 8745 4374 8746 4379 8746 4376 8746 4379 8747 4380 8747 4376 8747 4376 8748 4380 8748 4377 8748 4380 8749 2924 8749 4377 8749 4378 8750 2930 8750 4379 8750 2930 8751 4381 8751 4379 8751 4379 8752 4381 8752 4380 8752 4381 8753 4382 8753 4380 8753 4380 8754 4382 8754 2924 8754 2921 8755 4384 8755 4383 8755 4383 8756 4385 8756 4386 8756 4385 8757 4383 8757 4384 8757 4386 8758 4387 8758 4383 8758 2921 8759 2923 8759 4384 8759 2923 8760 3547 8760 4384 8760 4384 8761 3547 8761 4385 8761 3547 8762 4388 8762 4385 8762 4385 8763 4388 8763 4386 8763 4388 8764 4389 8764 4386 8764 4386 8765 4389 8765 4387 8765 4389 8766 4390 8766 4387 8766 4391 8767 4394 8767 4393 8767 4392 8768 4391 8768 4393 8768 4392 8769 4393 8769 4396 8769 4395 8770 4394 8770 4391 8770 4395 8771 4397 8771 4394 8771 4392 8772 4396 8772 4399 8772 4401 8773 4397 8773 4395 8773 4398 8774 4392 8774 4399 8774 4401 8775 4400 8775 4397 8775 4402 8776 4400 8776 4401 8776 4403 8777 4399 8777 4417 8777 4404 8778 4400 8778 4402 8778 4404 8779 4420 8779 4400 8779 4405 8780 4398 8780 4399 8780 4403 8781 4405 8781 4399 8781 2919 8782 2917 8782 4406 8782 4390 8783 4406 8783 2917 8783 4390 8784 4402 8784 4406 8784 4390 8785 4404 8785 4402 8785 4389 8786 4404 8786 4390 8786 4388 8787 4404 8787 4389 8787 4404 8788 3547 8788 4407 8788 4404 8789 4388 8789 3547 8789 4406 8790 3686 8790 3687 8790 4406 8791 3687 8791 2919 8791 4406 8792 3623 8792 3686 8792 4408 8793 4401 8793 4395 8793 4408 8794 4414 8794 4401 8794 4409 8795 4408 8795 4395 8795 4409 8796 4395 8796 4391 8796 4410 8797 4409 8797 4391 8797 4410 8798 4391 8798 4392 8798 4411 8799 4410 8799 4392 8799 4411 8800 4392 8800 4398 8800 4413 8801 4398 8801 4405 8801 4413 8802 4411 8802 4398 8802 4412 8803 4413 8803 4403 8803 4403 8804 4413 8804 4405 8804 4407 8805 3549 8805 4119 8805 4407 8806 3547 8806 3549 8806 4413 8807 4415 8807 3624 8807 4411 8808 4413 8808 3624 8808 4410 8809 4411 8809 3624 8809 4410 8810 3624 8810 3620 8810 4410 8811 3620 8811 3619 8811 4409 8812 4410 8812 3619 8812 4409 8813 3619 8813 3621 8813 4408 8814 4409 8814 3621 8814 4414 8815 4408 8815 3621 8815 4414 8816 3621 8816 3622 8816 4412 8817 3631 8817 4413 8817 4415 8818 4413 8818 3631 8818 3631 8819 4412 8819 3632 8819 4412 8820 4416 8820 3632 8820 4417 8821 4399 8821 3618 8821 4418 8822 4417 8822 3618 8822 3683 8823 3618 8823 4399 8823 3681 8824 3683 8824 4399 8824 3679 8825 3681 8825 4399 8825 3677 8826 3679 8826 4399 8826 3675 8827 3677 8827 4399 8827 3673 8828 3675 8828 4399 8828 3673 8829 4399 8829 4396 8829 3671 8830 3673 8830 4396 8830 3669 8831 3671 8831 4396 8831 3667 8832 3669 8832 4396 8832 3665 8833 3667 8833 4396 8833 3665 8834 4396 8834 4393 8834 3663 8835 3665 8835 4393 8835 3660 8836 4393 8836 4394 8836 3660 8837 3663 8837 4393 8837 3658 8838 3660 8838 4394 8838 3656 8839 3658 8839 4394 8839 3654 8840 3656 8840 4394 8840 3652 8841 3654 8841 4394 8841 3650 8842 3652 8842 4394 8842 3648 8843 4394 8843 4397 8843 3648 8844 3650 8844 4394 8844 3646 8845 3648 8845 4397 8845 3644 8846 4397 8846 4400 8846 3644 8847 3646 8847 4397 8847 3643 8848 3644 8848 4400 8848 3641 8849 3643 8849 4400 8849 3639 8850 3641 8850 4400 8850 3636 8851 3639 8851 4400 8851 3636 8852 4420 8852 4419 8852 4400 8853 4420 8853 3636 8853 4417 8854 4418 8854 3685 8854 4403 8855 4416 8855 4412 8855 4403 8856 4417 8856 4416 8856 3623 8857 4406 8857 4402 8857 3622 8858 3623 8858 4402 8858 3622 8859 4402 8859 4401 8859 4414 8860 3622 8860 4401 8860 4119 8861 4108 8861 4419 8861 4119 8862 4419 8862 4420 8862 4407 8863 4119 8863 4420 8863 4407 8864 4420 8864 4404 8864 3829 8865 4421 8865 4262 8865 4262 8866 4421 8866 4422 8866 4421 8867 3830 8867 4422 8867 4422 8868 3830 8868 4423 8868 3830 8869 4424 8869 4423 8869 4423 8870 4424 8870 4425 8870 4424 8871 4426 8871 4425 8871 4426 8872 3832 8872 4425 8872 4425 8873 3832 8873 4427 8873 4427 8874 4429 8874 4428 8874 3832 8875 4429 8875 4427 8875 4428 8876 4429 8876 4430 8876 4429 8877 4431 8877 4430 8877 4430 8878 4431 8878 4432 8878 4431 8879 4433 8879 4432 8879 4432 8880 4433 8880 4263 8880 4263 8881 4434 8881 4435 8881 4433 8882 4434 8882 4263 8882 4509 8883 2878 8883 2880 8883 2880 8884 2882 8884 4509 8884 2882 8885 2884 8885 4509 8885 4509 8886 2877 8886 2878 8886 4509 8887 2884 8887 4508 8887 4509 8888 4438 8888 2877 8888 2884 8889 2886 8889 4508 8889 2886 8890 4453 8890 4508 8890 2889 8891 4453 8891 2886 8891 2891 8892 4453 8892 2889 8892 2891 8893 2892 8893 4453 8893 4509 8894 4512 8894 4438 8894 4434 8895 4512 8895 4435 8895 4435 8896 4512 8896 4509 8896 4436 8897 4512 8897 4439 8897 4437 8898 4512 8898 4436 8898 4438 8899 4512 8899 4437 8899 4512 8900 4440 8900 4439 8900 2892 8901 2894 8901 4453 8901 4512 8902 4449 8902 4440 8902 4441 8903 4449 8903 4512 8903 2894 8904 4443 8904 4453 8904 4441 8905 4442 8905 4449 8905 4443 8906 4442 8906 4453 8906 4444 8907 4442 8907 4443 8907 4445 8908 4442 8908 4444 8908 4446 8909 4442 8909 4445 8909 4447 8910 4442 8910 4446 8910 4448 8911 4442 8911 4447 8911 4449 8912 4442 8912 4448 8912 4463 8913 4483 8913 2903 8913 2903 8914 2901 8914 4463 8914 2901 8915 3596 8915 4463 8915 2901 8916 4266 8916 3596 8916 4463 8917 4462 8917 4483 8917 4483 8918 4462 8918 4450 8918 2901 8919 4452 8919 4266 8919 4462 8920 4451 8920 4450 8920 4451 8921 3846 8921 4452 8921 4452 8922 3846 8922 4266 8922 4462 8923 3999 8923 4451 8923 4451 8924 3999 8924 3846 8924 4266 8925 3829 8925 4262 8925 3846 8926 3829 8926 4266 8926 4453 8927 4442 8927 4454 8927 4455 8928 4453 8928 4454 8928 4455 8929 4456 8929 4290 8929 4455 8930 4454 8930 4456 8930 4457 8931 4455 8931 4290 8931 4457 8932 4290 8932 4319 8932 3551 8933 4319 8933 4318 8933 4457 8934 4319 8934 3551 8934 3574 8935 4457 8935 3551 8935 3552 8936 3551 8936 4318 8936 4458 8937 4457 8937 3574 8937 3575 8938 4458 8938 3574 8938 3552 8939 4318 8939 3509 8939 2853 8940 4459 8940 3575 8940 3800 8941 4322 8941 4321 8941 3801 8942 4321 8942 4320 8942 3801 8943 3800 8943 4321 8943 4460 8944 4020 8944 3953 8944 4461 8945 4460 8945 3953 8945 4461 8946 3953 8946 3801 8946 4461 8947 3801 8947 4320 8947 4462 8948 2990 8948 2805 8948 4461 8949 4320 8949 2990 8949 4463 8950 2990 8950 4462 8950 4463 8951 4461 8951 2990 8951 4464 8952 4470 8952 2916 8952 4465 8953 4466 8953 4470 8953 4465 8954 4470 8954 4464 8954 4466 8955 4467 8955 4470 8955 4468 8956 4470 8956 4467 8956 4469 8957 4470 8957 4468 8957 4471 8958 4470 8958 4469 8958 4470 8959 4473 8959 2907 8959 4472 8960 4470 8960 4471 8960 4473 8961 4470 8961 4472 8961 4474 8962 4475 8962 2916 8962 2916 8963 4475 8963 4464 8963 4464 8964 4475 8964 4465 8964 4475 8965 4476 8965 4465 8965 4476 8966 4477 8966 4465 8966 4465 8967 4477 8967 4466 8967 4466 8968 4477 8968 4467 8968 4477 8969 4478 8969 4467 8969 4467 8970 4478 8970 4468 8970 4478 8971 4479 8971 4468 8971 4468 8972 4479 8972 4469 8972 4469 8973 4480 8973 4471 8973 4479 8974 4480 8974 4469 8974 4471 8975 4480 8975 4472 8975 4480 8976 4481 8976 4472 8976 4472 8977 4482 8977 4473 8977 4481 8978 4482 8978 4472 8978 4482 8979 2896 8979 4473 8979 4473 8980 2896 8980 2907 8980 4474 8981 4483 8981 4475 8981 4475 8982 4483 8982 4476 8982 4483 8983 4450 8983 4476 8983 4476 8984 4450 8984 4477 8984 4477 8985 4450 8985 4478 8985 4450 8986 4451 8986 4478 8986 4478 8987 4451 8987 4479 8987 4479 8988 4451 8988 4480 8988 4480 8989 4451 8989 4481 8989 4451 8990 4452 8990 4481 8990 4481 8991 4452 8991 4482 8991 4482 8992 4452 8992 2896 8992 4443 8993 4484 8993 4444 8993 4484 8994 4485 8994 4444 8994 4485 8995 4486 8995 4444 8995 4444 8996 4486 8996 4445 8996 4445 8997 4486 8997 4446 8997 4486 8998 4487 8998 4446 8998 4446 8999 4488 8999 4447 8999 4487 9000 4488 9000 4446 9000 4488 9001 4489 9001 4447 9001 4447 9002 4489 9002 4448 9002 4489 9003 4490 9003 4448 9003 4448 9004 4490 9004 4449 9004 4449 9005 4491 9005 4440 9005 4490 9006 4491 9006 4449 9006 4440 9007 4491 9007 4439 9007 4491 9008 4492 9008 4439 9008 4439 9009 4493 9009 4436 9009 4492 9010 4493 9010 4439 9010 4436 9011 4494 9011 4437 9011 4493 9012 4494 9012 4436 9012 4437 9013 2876 9013 4438 9013 4494 9014 2876 9014 4437 9014 2874 9015 2875 9015 4495 9015 2875 9016 4049 9016 4495 9016 4495 9017 4049 9017 4496 9017 4049 9018 4048 9018 4496 9018 4496 9019 4048 9019 4497 9019 4048 9020 4045 9020 4497 9020 4497 9021 4045 9021 4498 9021 4498 9022 4044 9022 4499 9022 4045 9023 4044 9023 4498 9023 4499 9024 4044 9024 4500 9024 4044 9025 4042 9025 4500 9025 4500 9026 4042 9026 4501 9026 4042 9027 4040 9027 4501 9027 4501 9028 4040 9028 4502 9028 4040 9029 4037 9029 4502 9029 4502 9030 4035 9030 4503 9030 4037 9031 4035 9031 4502 9031 4503 9032 4035 9032 4504 9032 4035 9033 4036 9033 4504 9033 4504 9034 4036 9034 4505 9034 4036 9035 2854 9035 4505 9035 4505 9036 2854 9036 4506 9036 2868 9037 2893 9037 2890 9037 2870 9038 2893 9038 2868 9038 2868 9039 2890 9039 2866 9039 2871 9040 2893 9040 2870 9040 2871 9041 2895 9041 2893 9041 2890 9042 2888 9042 2866 9042 2874 9043 2895 9043 2871 9043 2866 9044 2888 9044 2864 9044 2888 9045 2887 9045 2864 9045 2864 9046 2887 9046 2862 9046 2874 9047 4484 9047 2895 9047 4495 9048 4484 9048 2874 9048 2862 9049 2885 9049 2860 9049 2887 9050 2885 9050 2862 9050 4495 9051 4485 9051 4484 9051 4495 9052 4486 9052 4485 9052 4496 9053 4486 9053 4495 9053 2885 9054 2883 9054 2860 9054 4497 9055 4486 9055 4496 9055 2860 9056 2883 9056 2858 9056 4497 9057 4487 9057 4486 9057 2883 9058 2881 9058 2858 9058 4498 9059 4487 9059 4497 9059 2881 9060 2856 9060 2858 9060 4487 9061 4498 9061 4488 9061 2879 9062 2856 9062 2881 9062 4488 9063 4499 9063 4489 9063 4498 9064 4499 9064 4488 9064 4499 9065 4500 9065 4489 9065 2879 9066 4506 9066 2856 9066 4489 9067 4500 9067 4490 9067 2876 9068 4506 9068 2879 9068 4500 9069 4501 9069 4490 9069 2876 9070 4505 9070 4506 9070 4501 9071 4502 9071 4490 9071 4494 9072 4505 9072 2876 9072 4490 9073 4502 9073 4491 9073 4494 9074 4504 9074 4505 9074 4493 9075 4504 9075 4494 9075 4491 9076 4503 9076 4492 9076 4502 9077 4503 9077 4491 9077 4492 9078 4503 9078 4493 9078 4493 9079 4503 9079 4504 9079 3581 9080 4265 9080 4264 9080 4507 9081 3581 9081 4264 9081 4507 9082 4264 9082 4509 9082 4508 9083 4507 9083 4509 9083 4510 9084 3596 9084 4266 9084 4510 9085 4266 9085 4259 9085 4260 9086 4510 9086 4259 9086 4511 9087 4237 9087 3845 9087 4511 9088 3845 9088 3846 9088 4513 9089 4441 9089 4512 9089 4513 9090 4512 9090 3843 9090 4514 9091 3843 9091 3844 9091 4514 9092 4513 9092 3843 9092 4514 9093 3844 9093 3580 9093 4432 9094 4428 9094 4430 9094 4423 9095 4262 9095 4422 9095 3843 9096 4434 9096 3835 9096 4512 9097 4434 9097 3843 9097 4424 9098 3832 9098 4426 9098 4429 9099 3835 9099 4431 9099 4431 9100 3835 9100 4433 9100 4433 9101 3835 9101 4434 9101 3913 9102 3590 9102 3915 9102 3590 9103 3917 9103 3915 9103 4461 9104 4463 9104 4460 9104 3575 9105 4459 9105 4458 9105 4455 9106 4457 9106 4458 9106 4508 9107 4453 9107 4455 9107 3608 9108 4257 9108 4256 9108 3582 9109 3597 9109 3584 9109 3608 9110 4254 9110 3613 9110 4256 9111 4254 9111 3608 9111 3610 9112 3584 9112 3597 9112 4239 9113 3584 9113 3610 9113 3610 9114 4241 9114 4239 9114 4241 9115 3615 9115 4242 9115 4245 9116 4247 9116 4246 9116 4247 9117 3617 9117 4248 9117 4249 9118 3617 9118 4250 9118 4252 9119 3613 9119 4254 9119 4302 9120 4304 9120 4305 9120 4306 9121 4307 9121 4304 9121 4312 9122 4313 9122 4310 9122 4456 9123 4442 9123 3996 9123 4454 9124 4442 9124 4456 9124 4513 9125 3996 9125 4442 9125 4513 9126 4442 9126 4441 9126 4238 9127 4011 9127 4236 9127 4001 9128 3998 9128 3577 9128 4011 9129 4016 9129 4228 9129 4011 9130 4228 9130 4236 9130 4235 9131 4001 9131 3577 9131 4234 9132 4001 9132 4235 9132 4016 9133 4229 9133 4228 9133 3834 9134 4229 9134 4230 9134 4232 9135 4233 9135 3842 9135 4516 9136 4515 9136 5653 9136 4518 9137 4516 9137 5653 9137 4517 9138 4516 9138 4518 9138 4519 9139 4517 9139 4518 9139 4520 9140 4519 9140 4518 9140 4521 9141 4520 9141 4518 9141 4522 9142 4521 9142 4518 9142 4523 9143 4521 9143 4522 9143 4524 9144 4523 9144 4522 9144 4525 9145 4524 9145 4522 9145 4527 9146 4525 9146 4522 9146 4526 9147 4525 9147 4527 9147 4528 9148 4526 9148 4527 9148 4529 9149 4528 9149 4527 9149 4530 9150 4528 9150 4529 9150 4532 9151 4530 9151 4529 9151 4531 9152 4530 9152 4532 9152 4533 9153 4531 9153 4532 9153 4534 9154 4533 9154 4532 9154 4536 9155 4534 9155 4532 9155 4535 9156 4534 9156 4536 9156 4537 9157 4535 9157 4536 9157 4538 9158 4537 9158 4536 9158 4539 9159 4538 9159 4536 9159 4540 9160 4539 9160 4536 9160 4541 9161 4539 9161 4540 9161 4542 9162 4541 9162 4540 9162 4543 9163 4542 9163 4540 9163 4544 9164 4543 9164 4540 9164 4857 9165 4543 9165 4544 9165 4545 9166 4857 9166 4544 9166 4546 9167 4545 9167 4544 9167 4547 9168 4545 9168 4546 9168 4548 9169 4547 9169 4546 9169 4549 9170 4548 9170 4546 9170 4550 9171 4549 9171 4546 9171 4551 9172 4549 9172 4550 9172 4552 9173 4551 9173 4550 9173 4553 9174 4552 9174 4550 9174 4555 9175 4553 9175 4550 9175 4554 9176 4553 9176 4555 9176 4556 9177 4554 9177 4555 9177 4558 9178 4556 9178 4555 9178 4557 9179 4556 9179 4558 9179 4559 9180 4557 9180 4558 9180 4561 9181 4559 9181 4558 9181 4560 9182 4559 9182 4561 9182 4562 9183 4560 9183 4561 9183 4563 9184 4562 9184 4561 9184 4564 9185 4561 9185 4566 9185 4564 9186 4563 9186 4561 9186 4565 9187 4564 9187 4566 9187 4567 9188 4565 9188 4566 9188 4568 9189 4567 9189 4566 9189 4569 9190 4568 9190 4566 9190 4572 9191 4569 9191 4566 9191 4570 9192 4569 9192 4572 9192 4571 9193 4570 9193 4572 9193 4573 9194 4571 9194 4572 9194 4573 9195 4572 9195 4575 9195 4574 9196 4573 9196 4575 9196 4576 9197 4574 9197 4575 9197 4579 9198 4576 9198 4575 9198 4577 9199 4576 9199 4579 9199 4578 9200 4577 9200 4579 9200 4580 9201 4579 9201 4583 9201 4580 9202 4578 9202 4579 9202 4581 9203 4580 9203 4583 9203 4582 9204 4581 9204 4583 9204 4584 9205 4582 9205 4583 9205 4585 9206 4582 9206 4584 9206 4586 9207 4585 9207 4584 9207 4587 9208 4586 9208 4584 9208 4588 9209 4586 9209 4587 9209 4589 9210 4588 9210 4587 9210 4590 9211 4589 9211 4587 9211 4591 9212 4590 9212 4587 9212 4592 9213 4590 9213 4591 9213 4593 9214 4592 9214 4591 9214 4595 9215 4594 9215 4596 9215 4598 9216 4596 9216 4597 9216 4598 9217 4595 9217 4596 9217 4599 9218 4597 9218 4600 9218 4599 9219 4598 9219 4597 9219 4599 9220 4600 9220 4601 9220 4602 9221 4599 9221 4601 9221 4602 9222 4601 9222 4603 9222 4604 9223 4602 9223 4603 9223 4604 9224 4603 9224 4606 9224 4605 9225 4604 9225 4606 9225 4605 9226 4606 9226 4607 9226 4608 9227 4607 9227 4610 9227 4608 9228 4605 9228 4607 9228 4609 9229 4608 9229 4610 9229 4609 9230 4610 9230 4611 9230 4613 9231 4609 9231 4611 9231 4613 9232 4611 9232 4612 9232 4615 9233 4613 9233 4612 9233 4615 9234 4612 9234 4614 9234 4616 9235 4614 9235 4617 9235 4616 9236 4617 9236 4618 9236 4616 9237 4615 9237 4614 9237 4619 9238 4618 9238 4621 9238 4619 9239 4616 9239 4618 9239 4620 9240 4621 9240 4622 9240 4620 9241 4619 9241 4621 9241 4623 9242 4622 9242 4624 9242 4623 9243 4620 9243 4622 9243 4625 9244 4623 9244 4624 9244 4625 9245 4624 9245 4626 9245 4627 9246 4626 9246 4628 9246 4627 9247 4625 9247 4626 9247 4627 9248 4628 9248 4630 9248 4629 9249 4627 9249 4630 9249 4629 9250 4630 9250 4631 9250 4632 9251 4629 9251 4631 9251 4632 9252 4631 9252 4633 9252 4634 9253 4632 9253 4633 9253 4634 9254 4633 9254 4635 9254 4636 9255 4634 9255 4635 9255 4636 9256 4635 9256 4637 9256 4638 9257 4636 9257 4637 9257 4638 9258 4637 9258 4639 9258 4640 9259 4638 9259 4639 9259 4640 9260 4639 9260 4642 9260 4641 9261 4640 9261 4642 9261 4641 9262 4642 9262 4643 9262 4644 9263 4643 9263 4645 9263 4644 9264 4641 9264 4643 9264 4646 9265 4645 9265 4647 9265 4646 9266 4644 9266 4645 9266 4649 9267 4648 9267 6062 9267 4650 9268 4651 9268 4652 9268 4652 9269 4655 9269 4653 9269 4651 9270 4655 9270 4652 9270 4653 9271 4655 9271 4654 9271 4654 9272 4655 9272 4656 9272 4656 9273 4655 9273 4658 9273 4655 9274 4657 9274 4658 9274 4658 9275 4657 9275 4659 9275 4659 9276 4657 9276 4660 9276 4660 9277 4657 9277 4661 9277 4661 9278 4657 9278 4662 9278 4657 9279 4663 9279 4662 9279 4663 9280 4668 9280 4664 9280 4664 9281 4668 9281 4665 9281 4665 9282 4668 9282 4666 9282 4666 9283 4668 9283 4667 9283 4668 9284 6056 9284 4667 9284 4667 9285 6056 9285 4669 9285 4669 9286 6056 9286 6041 9286 4650 9287 4652 9287 6020 9287 6020 9288 4652 9288 4670 9288 4652 9289 4653 9289 4670 9289 4670 9290 4653 9290 4671 9290 4653 9291 4654 9291 4671 9291 4671 9292 4654 9292 4672 9292 4672 9293 4656 9293 4673 9293 4654 9294 4656 9294 4672 9294 4673 9295 4658 9295 4674 9295 4656 9296 4658 9296 4673 9296 4674 9297 4658 9297 4675 9297 4658 9298 4659 9298 4675 9298 4659 9299 4660 9299 4675 9299 4675 9300 4660 9300 4676 9300 4676 9301 4660 9301 4677 9301 4660 9302 4661 9302 4677 9302 4661 9303 4662 9303 4677 9303 4677 9304 4662 9304 4678 9304 4662 9305 4663 9305 4678 9305 4678 9306 4663 9306 4679 9306 4679 9307 4664 9307 4680 9307 4663 9308 4664 9308 4679 9308 4680 9309 4665 9309 4681 9309 4664 9310 4665 9310 4680 9310 4681 9311 4666 9311 4682 9311 4665 9312 4666 9312 4681 9312 4682 9313 4667 9313 4683 9313 4666 9314 4667 9314 4682 9314 4683 9315 4667 9315 4684 9315 4667 9316 4669 9316 4684 9316 4684 9317 6041 9317 4685 9317 4669 9318 6041 9318 4684 9318 4685 9319 5757 9319 4684 9319 4684 9320 5757 9320 4683 9320 5757 9321 4686 9321 4683 9321 4683 9322 4686 9322 4682 9322 4682 9323 4686 9323 4681 9323 4681 9324 4686 9324 4680 9324 4686 9325 4687 9325 4680 9325 4680 9326 4687 9326 4679 9326 4679 9327 4687 9327 4678 9327 4687 9328 4688 9328 4678 9328 4678 9329 4688 9329 4677 9329 4677 9330 4688 9330 4676 9330 4676 9331 4688 9331 4675 9331 4675 9332 4688 9332 4674 9332 4688 9333 4689 9333 4674 9333 4674 9334 4689 9334 4673 9334 4673 9335 4689 9335 4672 9335 4672 9336 4689 9336 4671 9336 4689 9337 5766 9337 4671 9337 4671 9338 5766 9338 4670 9338 4670 9339 5766 9339 6020 9339 4690 9340 4692 9340 6017 9340 6017 9341 4692 9341 4691 9341 4691 9342 4692 9342 4693 9342 4693 9343 4692 9343 4694 9343 4692 9344 4697 9344 4694 9344 4694 9345 4697 9345 4695 9345 4695 9346 4697 9346 4696 9346 4696 9347 4697 9347 4698 9347 4698 9348 4701 9348 4699 9348 4697 9349 4701 9349 4698 9349 4699 9350 4701 9350 4700 9350 4700 9351 4701 9351 4702 9351 4701 9352 4705 9352 4702 9352 4702 9353 4705 9353 4703 9353 4703 9354 4705 9354 4704 9354 4704 9355 4705 9355 4706 9355 4705 9356 6018 9356 4706 9356 4706 9357 6018 9357 6004 9357 5984 9358 6017 9358 4707 9358 6017 9359 4691 9359 4707 9359 4707 9360 4691 9360 4708 9360 4708 9361 4693 9361 4709 9361 4691 9362 4693 9362 4708 9362 4709 9363 4694 9363 4710 9363 4693 9364 4694 9364 4709 9364 4694 9365 4695 9365 4710 9365 4710 9366 4695 9366 4711 9366 4695 9367 4696 9367 4711 9367 4711 9368 4696 9368 4712 9368 4696 9369 4698 9369 4712 9369 4712 9370 4698 9370 4713 9370 4713 9371 4699 9371 4714 9371 4698 9372 4699 9372 4713 9372 4714 9373 4700 9373 4715 9373 4699 9374 4700 9374 4714 9374 4715 9375 4700 9375 4716 9375 4700 9376 4702 9376 4716 9376 4716 9377 4702 9377 4717 9377 4702 9378 4703 9378 4717 9378 4717 9379 4704 9379 4718 9379 4703 9380 4704 9380 4717 9380 4718 9381 4706 9381 4719 9381 4704 9382 4706 9382 4718 9382 4719 9383 6004 9383 6003 9383 4706 9384 6004 9384 4719 9384 6001 9385 4720 9385 6003 9385 4707 9386 5985 9386 5984 9386 6003 9387 4720 9387 4719 9387 4719 9388 4720 9388 4718 9388 4718 9389 4720 9389 4717 9389 4717 9390 4721 9390 4716 9390 4720 9391 4721 9391 4717 9391 4716 9392 4721 9392 4715 9392 4715 9393 4721 9393 4714 9393 4714 9394 4721 9394 4713 9394 4721 9395 4722 9395 4713 9395 4713 9396 4722 9396 4712 9396 4712 9397 4722 9397 4711 9397 4722 9398 4723 9398 4711 9398 4711 9399 4723 9399 4710 9399 4710 9400 4723 9400 4709 9400 4709 9401 4723 9401 4708 9401 4723 9402 5985 9402 4708 9402 4708 9403 5985 9403 4707 9403 4724 9404 5983 9404 4725 9404 5983 9405 4728 9405 4725 9405 4725 9406 4728 9406 4726 9406 4726 9407 4728 9407 4727 9407 4727 9408 4728 9408 4729 9408 4728 9409 4731 9409 4729 9409 4729 9410 4731 9410 4730 9410 4730 9411 4731 9411 4732 9411 4731 9412 4733 9412 4732 9412 4732 9413 4733 9413 4734 9413 4734 9414 4733 9414 4735 9414 4735 9415 4733 9415 4736 9415 4733 9416 4739 9416 4736 9416 4736 9417 4739 9417 4737 9417 4737 9418 4739 9418 4738 9418 4738 9419 4739 9419 5966 9419 4724 9420 4725 9420 4740 9420 4740 9421 4725 9421 4741 9421 4725 9422 4726 9422 4741 9422 4741 9423 4726 9423 4742 9423 4742 9424 4727 9424 4743 9424 4726 9425 4727 9425 4742 9425 4743 9426 4729 9426 4744 9426 4727 9427 4729 9427 4743 9427 4729 9428 4730 9428 4744 9428 4744 9429 4730 9429 4745 9429 4730 9430 4732 9430 4745 9430 4745 9431 4732 9431 4746 9431 4732 9432 4734 9432 4746 9432 4746 9433 4734 9433 4747 9433 4747 9434 4735 9434 4748 9434 4734 9435 4735 9435 4747 9435 4748 9436 4736 9436 4749 9436 4735 9437 4736 9437 4748 9437 4749 9438 4737 9438 4750 9438 4736 9439 4737 9439 4749 9439 4750 9440 4737 9440 4751 9440 4737 9441 4738 9441 4751 9441 4751 9442 4738 9442 4752 9442 4738 9443 5966 9443 4752 9443 4752 9444 4753 9444 4751 9444 4753 9445 4754 9445 4751 9445 4751 9446 4754 9446 4750 9446 4750 9447 4754 9447 4749 9447 4749 9448 4755 9448 4748 9448 4754 9449 4755 9449 4749 9449 4748 9450 4755 9450 4747 9450 4747 9451 4755 9451 4746 9451 4746 9452 4755 9452 4745 9452 4745 9453 4756 9453 4744 9453 4755 9454 4756 9454 4745 9454 4744 9455 4756 9455 4743 9455 4743 9456 4756 9456 4742 9456 4742 9457 4756 9457 4741 9457 4756 9458 4757 9458 4741 9458 4741 9459 4757 9459 4740 9459 4758 9460 4759 9460 4760 9460 4760 9461 4759 9461 4761 9461 4759 9462 4764 9462 4761 9462 4761 9463 4764 9463 4762 9463 4762 9464 4764 9464 4763 9464 4763 9465 4764 9465 4765 9465 4764 9466 4770 9466 4765 9466 4765 9467 4770 9467 4766 9467 4766 9468 4770 9468 4767 9468 4767 9469 4770 9469 4768 9469 4768 9470 4770 9470 4769 9470 4770 9471 4773 9471 4769 9471 4769 9472 4773 9472 4771 9472 4771 9473 4773 9473 4772 9473 4772 9474 4773 9474 4774 9474 4774 9475 5947 9475 4775 9475 4773 9476 5947 9476 4774 9476 4758 9477 4760 9477 4776 9477 4776 9478 4760 9478 4777 9478 4777 9479 4761 9479 4778 9479 4760 9480 4761 9480 4777 9480 4778 9481 4762 9481 4779 9481 4761 9482 4762 9482 4778 9482 4762 9483 4763 9483 4779 9483 4779 9484 4763 9484 4780 9484 4763 9485 4765 9485 4780 9485 4780 9486 4765 9486 4781 9486 4765 9487 4766 9487 4781 9487 4781 9488 4766 9488 4782 9488 4782 9489 4766 9489 4783 9489 4766 9490 4767 9490 4783 9490 4767 9491 4768 9491 4783 9491 4783 9492 4768 9492 4784 9492 4768 9493 4769 9493 4784 9493 4784 9494 4769 9494 4785 9494 4785 9495 4771 9495 4786 9495 4769 9496 4771 9496 4785 9496 4771 9497 4772 9497 4786 9497 4786 9498 4772 9498 4787 9498 4772 9499 4774 9499 4787 9499 4787 9500 4774 9500 4788 9500 4774 9501 4775 9501 4788 9501 4788 9502 4775 9502 4789 9502 4789 9503 4791 9503 4788 9503 4790 9504 4791 9504 4789 9504 4788 9505 4791 9505 4787 9505 4787 9506 4791 9506 4786 9506 4786 9507 4792 9507 4785 9507 4791 9508 4792 9508 4786 9508 4785 9509 4792 9509 4784 9509 4784 9510 4792 9510 4783 9510 4783 9511 4792 9511 4782 9511 4792 9512 4793 9512 4782 9512 4782 9513 4793 9513 4781 9513 4781 9514 4793 9514 4780 9514 4780 9515 4793 9515 4779 9515 4793 9516 5751 9516 4779 9516 4779 9517 5751 9517 4778 9517 4778 9518 5751 9518 4777 9518 4777 9519 5751 9519 4776 9519 5244 9520 4796 9520 4795 9520 4794 9521 4796 9521 5244 9521 4796 9522 4797 9522 4795 9522 4795 9523 4797 9523 4798 9523 4798 9524 4800 9524 4799 9524 4797 9525 4800 9525 4798 9525 4799 9526 4801 9526 4802 9526 4800 9527 4801 9527 4799 9527 4801 9528 4803 9528 4802 9528 4802 9529 4803 9529 4804 9529 4803 9530 4805 9530 4804 9530 4804 9531 4805 9531 4806 9531 4805 9532 4807 9532 4806 9532 4806 9533 4807 9533 4808 9533 4807 9534 4809 9534 4808 9534 4808 9535 4809 9535 4811 9535 4809 9536 4810 9536 4811 9536 4810 9537 4812 9537 4811 9537 4811 9538 4812 9538 4813 9538 4812 9539 4814 9539 4813 9539 4813 9540 4814 9540 4815 9540 4814 9541 4817 9541 4815 9541 4815 9542 4817 9542 4816 9542 4817 9543 4818 9543 4816 9543 4816 9544 4818 9544 4819 9544 4818 9545 4820 9545 4819 9545 4819 9546 4820 9546 4821 9546 4820 9547 5890 9547 4821 9547 4794 9548 4822 9548 4796 9548 4796 9549 4822 9549 4797 9549 4822 9550 4823 9550 4797 9550 4797 9551 4823 9551 4800 9551 4800 9552 4823 9552 4801 9552 4801 9553 4823 9553 4803 9553 4803 9554 4823 9554 4805 9554 4805 9555 4824 9555 4807 9555 4823 9556 4824 9556 4805 9556 4807 9557 4824 9557 4809 9557 4809 9558 4824 9558 4810 9558 4810 9559 4824 9559 4812 9559 4824 9560 4825 9560 4812 9560 4812 9561 4825 9561 4814 9561 4814 9562 4825 9562 4817 9562 4817 9563 4825 9563 4818 9563 4818 9564 4825 9564 4820 9564 4825 9565 5893 9565 4820 9565 4820 9566 5893 9566 5890 9566 5529 9567 4826 9567 4827 9567 4826 9568 4828 9568 4827 9568 4827 9569 4828 9569 4829 9569 4828 9570 4830 9570 4829 9570 4829 9571 4830 9571 4831 9571 4830 9572 4832 9572 4831 9572 4831 9573 4832 9573 4833 9573 4832 9574 4834 9574 4833 9574 4833 9575 4834 9575 4835 9575 4834 9576 4836 9576 4835 9576 4835 9577 4836 9577 4837 9577 4836 9578 4838 9578 4837 9578 4837 9579 4838 9579 4839 9579 4839 9580 4838 9580 4840 9580 4838 9581 4841 9581 4840 9581 4841 9582 4843 9582 4840 9582 4840 9583 4843 9583 4842 9583 4843 9584 4845 9584 4842 9584 4842 9585 4845 9585 4844 9585 4844 9586 4845 9586 4846 9586 4845 9587 4847 9587 4846 9587 4846 9588 4847 9588 4848 9588 4847 9589 4849 9589 4848 9589 4848 9590 4849 9590 4850 9590 4849 9591 4851 9591 4850 9591 4850 9592 4851 9592 4853 9592 4851 9593 4852 9593 4853 9593 4852 9594 4855 9594 4853 9594 4853 9595 4855 9595 4854 9595 4855 9596 5874 9596 4854 9596 4826 9597 4856 9597 4828 9597 4828 9598 4856 9598 4830 9598 4830 9599 4856 9599 4832 9599 4832 9600 4856 9600 4834 9600 4856 9601 4857 9601 4834 9601 4834 9602 4857 9602 4836 9602 4836 9603 4857 9603 4838 9603 4838 9604 4857 9604 4841 9604 4841 9605 4857 9605 4843 9605 4857 9606 4858 9606 4843 9606 4843 9607 4858 9607 4845 9607 4845 9608 4858 9608 4847 9608 4847 9609 4858 9609 4849 9609 4849 9610 4858 9610 4851 9610 4851 9611 4858 9611 4852 9611 4852 9612 5301 9612 4855 9612 4858 9613 5301 9613 4852 9613 4855 9614 5301 9614 5874 9614 4859 9615 4861 9615 4860 9615 4860 9616 4861 9616 4862 9616 4861 9617 4863 9617 4862 9617 4862 9618 4863 9618 4864 9618 4864 9619 4866 9619 4865 9619 4863 9620 4866 9620 4864 9620 4865 9621 4868 9621 4867 9621 4866 9622 4868 9622 4865 9622 4868 9623 4870 9623 4867 9623 4867 9624 4870 9624 4869 9624 4870 9625 4872 9625 4869 9625 4869 9626 4872 9626 4871 9626 4871 9627 4872 9627 4873 9627 4872 9628 4874 9628 4873 9628 4873 9629 4874 9629 4875 9629 4874 9630 4877 9630 4875 9630 4875 9631 4877 9631 4876 9631 4876 9632 4878 9632 4879 9632 4877 9633 4878 9633 4876 9633 4879 9634 4878 9634 4880 9634 4878 9635 4881 9635 4880 9635 4880 9636 4881 9636 4882 9636 4881 9637 4883 9637 4882 9637 4882 9638 4883 9638 4884 9638 4883 9639 4885 9639 4884 9639 4884 9640 4885 9640 4886 9640 4885 9641 4887 9641 4886 9641 4886 9642 4887 9642 4888 9642 4888 9643 4890 9643 4889 9643 4887 9644 4890 9644 4888 9644 4859 9645 4891 9645 4861 9645 4861 9646 4891 9646 4863 9646 4863 9647 4891 9647 4866 9647 4866 9648 4891 9648 4868 9648 4891 9649 4892 9649 4868 9649 4868 9650 4892 9650 4870 9650 4870 9651 4892 9651 4872 9651 4872 9652 4892 9652 4874 9652 4874 9653 4892 9653 4877 9653 4877 9654 4892 9654 4878 9654 4892 9655 4893 9655 4878 9655 4878 9656 4893 9656 4881 9656 4881 9657 4893 9657 4883 9657 4883 9658 4893 9658 4885 9658 4885 9659 4893 9659 4887 9659 4893 9660 4894 9660 4887 9660 4887 9661 4894 9661 4890 9661 4890 9662 4894 9662 5268 9662 5449 9663 4896 9663 4895 9663 4895 9664 4896 9664 4897 9664 4897 9665 4896 9665 4898 9665 4898 9666 4896 9666 4899 9666 4896 9667 4900 9667 4899 9667 4900 9668 4904 9668 4901 9668 4901 9669 4904 9669 4902 9669 4902 9670 4904 9670 4903 9670 4903 9671 4904 9671 4905 9671 4905 9672 4907 9672 4906 9672 4904 9673 4907 9673 4905 9673 4906 9674 4907 9674 4908 9674 4908 9675 4907 9675 4909 9675 4909 9676 4910 9676 4911 9676 4907 9677 4910 9677 4909 9677 4911 9678 4910 9678 4912 9678 4912 9679 4910 9679 4913 9679 4910 9680 4914 9680 4913 9680 4913 9681 4914 9681 4915 9681 4915 9682 4914 9682 4916 9682 4914 9683 4920 9683 4916 9683 4916 9684 4920 9684 4917 9684 4917 9685 4920 9685 4918 9685 4918 9686 4920 9686 4919 9686 4919 9687 4920 9687 4921 9687 4920 9688 4923 9688 4921 9688 4921 9689 4923 9689 4922 9689 4922 9690 4923 9690 4924 9690 4924 9691 4923 9691 4925 9691 4925 9692 4923 9692 4927 9692 4923 9693 4926 9693 4927 9693 4927 9694 4926 9694 4928 9694 4928 9695 4926 9695 4929 9695 4929 9696 4926 9696 4930 9696 4926 9697 4931 9697 4930 9697 4926 9698 4932 9698 4931 9698 4931 9699 4932 9699 4933 9699 4933 9700 4932 9700 4934 9700 4934 9701 4932 9701 4935 9701 4935 9702 4938 9702 4936 9702 4932 9703 4938 9703 4935 9703 4936 9704 4938 9704 4937 9704 4937 9705 4938 9705 4939 9705 4938 9706 4940 9706 4939 9706 4940 9707 4944 9707 4941 9707 4941 9708 4944 9708 4942 9708 4944 9709 4943 9709 4942 9709 4943 9710 4944 9710 4945 9710 4945 9711 4944 9711 4946 9711 5260 9712 5858 9712 4947 9712 5858 9713 4949 9713 4947 9713 4947 9714 4949 9714 4948 9714 4948 9715 4949 9715 4950 9715 4949 9716 4951 9716 4950 9716 4950 9717 4951 9717 4952 9717 4951 9718 4953 9718 4952 9718 4952 9719 4953 9719 4954 9719 4953 9720 4955 9720 4954 9720 4955 9721 4956 9721 4954 9721 4954 9722 4956 9722 4957 9722 4956 9723 4958 9723 4957 9723 4957 9724 4958 9724 4959 9724 4958 9725 4960 9725 4959 9725 4959 9726 4960 9726 4961 9726 4960 9727 4962 9727 4961 9727 4961 9728 4962 9728 4963 9728 4962 9729 4964 9729 4963 9729 4963 9730 4966 9730 4965 9730 4964 9731 4966 9731 4963 9731 4966 9732 4967 9732 4965 9732 4965 9733 4967 9733 4968 9733 4968 9734 4969 9734 4970 9734 4967 9735 4969 9735 4968 9735 4969 9736 4971 9736 4970 9736 4970 9737 4971 9737 4973 9737 4971 9738 4972 9738 4973 9738 4972 9739 4974 9739 4973 9739 4973 9740 4974 9740 4975 9740 5858 9741 4976 9741 4949 9741 4976 9742 4977 9742 4949 9742 4949 9743 4977 9743 4951 9743 4951 9744 4977 9744 4953 9744 4953 9745 4977 9745 4955 9745 4977 9746 4978 9746 4955 9746 4955 9747 4978 9747 4956 9747 4956 9748 4978 9748 4958 9748 4958 9749 4978 9749 4960 9749 4960 9750 4978 9750 4962 9750 4978 9751 4979 9751 4962 9751 4962 9752 4979 9752 4964 9752 4964 9753 4979 9753 4966 9753 4966 9754 4979 9754 4967 9754 4967 9755 4979 9755 4969 9755 4979 9756 4980 9756 4969 9756 4969 9757 4980 9757 4971 9757 4971 9758 4980 9758 4972 9758 4972 9759 4980 9759 4974 9759 4982 9760 4981 9760 4983 9760 4983 9761 4981 9761 4984 9761 4981 9762 4986 9762 4984 9762 4984 9763 4986 9763 4985 9763 4985 9764 4986 9764 4987 9764 4986 9765 4988 9765 4987 9765 4987 9766 4988 9766 4989 9766 4989 9767 4988 9767 4990 9767 4990 9768 4988 9768 4991 9768 4991 9769 4993 9769 4992 9769 4988 9770 4993 9770 4991 9770 4992 9771 4993 9771 4994 9771 4994 9772 4993 9772 4995 9772 4993 9773 4996 9773 4995 9773 4995 9774 4996 9774 4997 9774 4997 9775 4996 9775 4998 9775 4998 9776 4996 9776 4999 9776 4996 9777 5000 9777 4999 9777 4999 9778 5000 9778 5001 9778 5001 9779 5000 9779 5002 9779 5000 9780 5006 9780 5002 9780 5002 9781 5006 9781 5003 9781 5003 9782 5006 9782 5004 9782 5004 9783 5006 9783 5005 9783 5006 9784 5007 9784 5005 9784 5005 9785 5007 9785 5008 9785 5008 9786 5007 9786 5009 9786 5009 9787 5007 9787 5010 9787 5007 9788 5011 9788 5010 9788 5010 9789 5011 9789 5012 9789 5012 9790 5011 9790 5013 9790 5013 9791 5011 9791 5014 9791 5011 9792 5015 9792 5014 9792 5014 9793 5015 9793 5016 9793 5015 9794 5017 9794 5016 9794 5016 9795 5017 9795 5018 9795 5018 9796 5017 9796 5019 9796 5019 9797 5017 9797 5020 9797 5020 9798 5017 9798 5021 9798 5021 9799 5023 9799 5022 9799 5017 9800 5023 9800 5021 9800 5022 9801 5023 9801 5024 9801 5024 9802 5023 9802 5025 9802 5025 9803 5026 9803 5027 9803 5023 9804 5026 9804 5025 9804 5027 9805 5026 9805 5028 9805 5028 9806 5026 9806 5029 9806 5029 9807 5026 9807 5030 9807 5030 9808 5033 9808 5031 9808 5026 9809 5033 9809 5030 9809 5031 9810 5033 9810 5032 9810 5032 9811 5033 9811 5034 9811 5034 9812 5033 9812 5035 9812 5035 9813 5722 9813 5450 9813 5033 9814 5722 9814 5035 9814 5037 9815 5036 9815 5691 9815 5038 9816 5036 9816 5037 9816 5039 9817 5038 9817 5037 9817 5040 9818 5038 9818 5039 9818 5041 9819 5040 9819 5039 9819 5042 9820 5041 9820 5039 9820 5043 9821 5041 9821 5042 9821 5044 9822 5043 9822 5042 9822 5045 9823 5043 9823 5044 9823 5046 9824 5045 9824 5044 9824 5047 9825 5045 9825 5046 9825 5049 9826 5047 9826 5046 9826 5048 9827 5047 9827 5049 9827 5050 9828 5048 9828 5049 9828 5051 9829 5050 9829 5049 9829 5052 9830 5050 9830 5051 9830 5054 9831 5052 9831 5051 9831 5053 9832 5052 9832 5054 9832 5055 9833 5053 9833 5054 9833 5056 9834 5055 9834 5054 9834 5057 9835 5055 9835 5056 9835 5058 9836 5057 9836 5056 9836 5059 9837 5057 9837 5058 9837 5060 9838 5059 9838 5058 9838 5061 9839 5060 9839 5058 9839 5062 9840 5060 9840 5061 9840 5063 9841 5062 9841 5061 9841 5064 9842 5062 9842 5063 9842 5066 9843 5064 9843 5063 9843 5065 9844 5064 9844 5066 9844 5067 9845 5065 9845 5066 9845 5069 9846 5067 9846 5066 9846 5068 9847 5067 9847 5069 9847 5071 9848 5068 9848 5069 9848 5070 9849 5068 9849 5071 9849 5072 9850 5070 9850 5071 9850 5073 9851 5070 9851 5072 9851 5075 9852 5073 9852 5072 9852 5074 9853 5075 9853 5072 9853 5077 9854 5075 9854 5074 9854 5076 9855 5077 9855 5074 9855 5078 9856 5077 9856 5076 9856 5079 9857 5078 9857 5076 9857 5080 9858 5078 9858 5079 9858 5081 9859 5079 9859 5082 9859 5081 9860 5080 9860 5079 9860 5083 9861 5081 9861 5082 9861 5084 9862 5083 9862 5082 9862 5085 9863 5083 9863 5084 9863 5086 9864 5085 9864 5084 9864 5086 9865 5084 9865 5715 9865 5572 9866 5088 9866 5087 9866 5087 9867 5088 9867 5089 9867 5088 9868 5091 9868 5089 9868 5089 9869 5091 9869 5090 9869 5090 9870 5091 9870 5092 9870 5091 9871 5093 9871 5092 9871 5092 9872 5093 9872 5094 9872 5093 9873 5095 9873 5094 9873 5094 9874 5095 9874 5096 9874 5096 9875 5095 9875 5097 9875 5095 9876 5099 9876 5097 9876 5097 9877 5099 9877 5098 9877 5098 9878 5099 9878 5100 9878 5099 9879 5101 9879 5100 9879 5100 9880 5101 9880 5102 9880 5101 9881 5104 9881 5102 9881 5102 9882 5104 9882 5103 9882 5103 9883 5104 9883 5105 9883 5104 9884 5106 9884 5105 9884 5105 9885 5106 9885 5107 9885 5106 9886 5109 9886 5107 9886 5107 9887 5109 9887 5108 9887 5108 9888 5109 9888 5110 9888 5109 9889 5112 9889 5110 9889 5110 9890 5112 9890 5111 9890 5111 9891 5112 9891 5113 9891 5112 9892 5115 9892 5113 9892 5113 9893 5115 9893 5114 9893 5114 9894 5115 9894 5116 9894 5115 9895 5118 9895 5116 9895 5116 9896 5118 9896 5117 9896 5117 9897 5118 9897 5120 9897 5118 9898 5119 9898 5120 9898 5120 9899 5119 9899 5121 9899 5121 9900 5119 9900 5122 9900 5122 9901 5124 9901 5123 9901 5119 9902 5124 9902 5122 9902 5123 9903 5124 9903 5125 9903 5125 9904 5126 9904 5127 9904 5124 9905 5126 9905 5125 9905 5127 9906 5126 9906 5128 9906 5128 9907 5126 9907 5130 9907 5126 9908 5129 9908 5130 9908 5130 9909 5129 9909 5131 9909 5131 9910 5129 9910 5132 9910 5129 9911 5133 9911 5132 9911 5132 9912 5133 9912 5134 9912 5134 9913 5133 9913 5135 9913 5135 9914 5137 9914 5136 9914 5133 9915 5137 9915 5135 9915 5136 9916 5137 9916 5138 9916 5137 9917 5139 9917 5138 9917 5138 9918 5139 9918 5140 9918 5140 9919 5139 9919 5141 9919 5139 9920 5142 9920 5141 9920 5139 9921 5143 9921 5142 9921 5142 9922 5143 9922 5144 9922 5087 9923 5089 9923 5145 9923 5145 9924 5089 9924 5146 9924 5089 9925 5090 9925 5146 9925 5146 9926 5090 9926 5147 9926 5090 9927 5092 9927 5147 9927 5092 9928 5094 9928 5147 9928 5147 9929 5094 9929 5148 9929 5094 9930 5096 9930 5148 9930 5148 9931 5096 9931 5149 9931 5096 9932 5097 9932 5149 9932 5149 9933 5097 9933 5150 9933 5097 9934 5098 9934 5150 9934 5150 9935 5098 9935 5151 9935 5098 9936 5100 9936 5151 9936 5151 9937 5102 9937 5152 9937 5100 9938 5102 9938 5151 9938 5102 9939 5103 9939 5152 9939 5152 9940 5103 9940 5153 9940 5103 9941 5105 9941 5153 9941 5153 9942 5105 9942 5154 9942 5105 9943 5107 9943 5154 9943 5154 9944 5107 9944 5155 9944 5107 9945 5108 9945 5155 9945 5108 9946 5110 9946 5155 9946 5155 9947 5110 9947 5156 9947 5110 9948 5111 9948 5156 9948 5156 9949 5111 9949 5157 9949 5111 9950 5113 9950 5157 9950 5157 9951 5113 9951 5158 9951 5113 9952 5114 9952 5158 9952 5158 9953 5114 9953 5159 9953 5114 9954 5116 9954 5159 9954 5159 9955 5116 9955 5160 9955 5116 9956 5117 9956 5160 9956 5160 9957 5117 9957 5161 9957 5117 9958 5120 9958 5161 9958 5161 9959 5120 9959 5162 9959 5120 9960 5121 9960 5162 9960 5162 9961 5122 9961 5163 9961 5121 9962 5122 9962 5162 9962 5122 9963 5123 9963 5163 9963 5163 9964 5125 9964 5164 9964 5123 9965 5125 9965 5163 9965 5125 9966 5127 9966 5164 9966 5164 9967 5127 9967 5165 9967 5127 9968 5128 9968 5165 9968 5165 9969 5128 9969 5166 9969 5128 9970 5130 9970 5166 9970 5166 9971 5131 9971 5167 9971 5130 9972 5131 9972 5166 9972 5167 9973 5132 9973 5168 9973 5131 9974 5132 9974 5167 9974 5168 9975 5134 9975 5169 9975 5132 9976 5134 9976 5168 9976 5169 9977 5135 9977 5170 9977 5134 9978 5135 9978 5169 9978 5170 9979 5135 9979 5171 9979 5135 9980 5136 9980 5171 9980 5171 9981 5136 9981 5172 9981 5136 9982 5138 9982 5172 9982 5172 9983 5138 9983 5173 9983 5173 9984 5140 9984 5174 9984 5138 9985 5140 9985 5173 9985 5140 9986 5141 9986 5174 9986 5174 9987 5141 9987 5175 9987 5141 9988 5142 9988 5175 9988 5142 9989 5144 9989 5175 9989 5175 9990 5144 9990 5788 9990 5746 9991 5178 9991 5176 9991 5178 9992 5180 9992 5179 9992 5179 9993 5180 9993 5181 9993 5180 9994 5183 9994 5182 9994 5182 9995 5183 9995 5184 9995 5184 9996 5183 9996 5185 9996 5183 9997 5186 9997 5185 9997 5185 9998 5186 9998 5187 9998 5187 9999 5186 9999 5188 9999 5186 10000 5177 10000 5188 10000 5734 10001 5176 10001 5199 10001 5176 10002 5178 10002 5199 10002 5199 10003 5178 10003 5189 10003 5189 10004 5179 10004 5190 10004 5178 10005 5179 10005 5189 10005 5179 10006 5181 10006 5191 10006 5181 10007 5180 10007 5191 10007 5191 10008 5180 10008 5192 10008 5180 10009 5182 10009 5192 10009 5182 10010 5184 10010 5192 10010 5193 10011 5185 10011 5194 10011 5184 10012 5185 10012 5193 10012 5194 10013 5185 10013 5195 10013 5185 10014 5187 10014 5195 10014 5187 10015 5188 10015 5196 10015 5196 10016 5188 10016 5197 10016 5188 10017 5177 10017 5197 10017 5197 10018 5177 10018 5198 10018 5734 10019 5199 10019 5200 10019 5189 10020 5200 10020 5199 10020 5200 10021 5194 10021 5195 10021 5190 10022 5200 10022 5189 10022 5179 10023 5191 10023 5190 10023 5190 10024 5191 10024 5200 10024 5191 10025 5192 10025 5200 10025 5192 10026 5193 10026 5200 10026 5184 10027 5193 10027 5192 10027 5195 10028 5196 10028 5200 10028 5193 10029 5194 10029 5200 10029 5200 10030 5196 10030 5197 10030 5200 10031 5197 10031 5198 10031 5187 10032 5196 10032 5195 10032 5201 10033 5036 10033 5038 10033 5202 10034 5201 10034 5038 10034 5202 10035 5038 10035 5040 10035 5203 10036 5040 10036 5041 10036 5203 10037 5202 10037 5040 10037 5204 10038 5203 10038 5041 10038 5204 10039 5041 10039 5043 10039 5205 10040 5204 10040 5043 10040 5206 10041 5043 10041 5045 10041 5206 10042 5205 10042 5043 10042 5207 10043 5045 10043 5047 10043 5207 10044 5206 10044 5045 10044 5208 10045 5047 10045 5048 10045 5208 10046 5207 10046 5047 10046 5209 10047 5048 10047 5050 10047 5209 10048 5208 10048 5048 10048 5210 10049 5209 10049 5050 10049 5210 10050 5050 10050 5052 10050 5211 10051 5210 10051 5052 10051 5211 10052 5052 10052 5053 10052 5212 10053 5211 10053 5053 10053 5212 10054 5053 10054 5055 10054 5213 10055 5055 10055 5057 10055 5213 10056 5212 10056 5055 10056 5214 10057 5057 10057 5059 10057 5214 10058 5213 10058 5057 10058 5215 10059 5059 10059 5060 10059 5215 10060 5214 10060 5059 10060 5216 10061 5215 10061 5060 10061 5216 10062 5060 10062 5062 10062 5217 10063 5216 10063 5062 10063 5218 10064 5062 10064 5064 10064 5218 10065 5217 10065 5062 10065 5218 10066 5064 10066 5065 10066 5219 10067 5218 10067 5065 10067 5219 10068 5065 10068 5067 10068 5220 10069 5067 10069 5068 10069 5220 10070 5219 10070 5067 10070 5221 10071 5220 10071 5068 10071 5221 10072 5068 10072 5070 10072 5222 10073 5221 10073 5070 10073 5222 10074 5070 10074 5073 10074 5223 10075 5222 10075 5073 10075 5223 10076 5073 10076 5075 10076 5224 10077 5223 10077 5075 10077 5224 10078 5075 10078 5077 10078 5225 10079 5224 10079 5077 10079 5225 10080 5077 10080 5078 10080 5226 10081 5225 10081 5078 10081 5226 10082 5078 10082 5080 10082 5227 10083 5226 10083 5080 10083 5227 10084 5080 10084 5081 10084 5228 10085 5081 10085 5083 10085 5228 10086 5227 10086 5081 10086 5229 10087 5228 10087 5083 10087 5229 10088 5083 10088 5085 10088 5230 10089 5085 10089 5086 10089 5230 10090 5229 10090 5085 10090 4946 10091 4982 10091 4945 10091 4945 10092 4983 10092 4943 10092 4982 10093 4983 10093 4945 10093 4983 10094 4984 10094 4943 10094 4943 10095 4821 10095 5231 10095 4943 10096 5231 10096 4942 10096 5231 10097 5232 10097 4942 10097 5232 10098 5233 10098 4942 10098 4821 10099 4984 10099 4819 10099 4943 10100 4984 10100 4821 10100 4942 10101 5233 10101 4941 10101 5233 10102 5234 10102 4941 10102 5234 10103 5235 10103 4941 10103 4984 10104 4985 10104 4819 10104 4819 10105 4985 10105 4816 10105 4816 10106 4985 10106 4815 10106 4815 10107 4985 10107 4813 10107 5235 10108 5236 10108 4941 10108 4985 10109 4987 10109 4813 10109 4813 10110 4987 10110 4811 10110 5236 10111 5237 10111 4941 10111 5237 10112 5238 10112 4941 10112 4811 10113 4987 10113 4808 10113 5238 10114 5239 10114 4941 10114 5239 10115 4940 10115 4941 10115 4808 10116 4987 10116 4806 10116 5239 10117 5240 10117 4940 10117 5240 10118 5241 10118 4940 10118 5241 10119 4939 10119 4940 10119 4806 10120 4987 10120 4804 10120 4804 10121 4987 10121 4802 10121 5241 10122 5242 10122 4939 10122 5242 10123 5243 10123 4939 10123 5244 10124 4939 10124 5243 10124 4987 10125 4989 10125 4802 10125 4802 10126 4989 10126 4799 10126 4798 10127 4989 10127 4795 10127 4799 10128 4989 10128 4798 10128 4795 10129 4990 10129 5244 10129 4939 10130 4990 10130 4937 10130 4989 10131 4990 10131 4795 10131 5244 10132 4990 10132 4939 10132 4937 10133 4991 10133 4936 10133 4990 10134 4991 10134 4937 10134 4936 10135 4992 10135 4935 10135 4991 10136 4992 10136 4936 10136 4935 10137 4994 10137 4934 10137 4992 10138 4994 10138 4935 10138 4934 10139 4995 10139 4933 10139 4994 10140 4995 10140 4934 10140 4933 10141 4997 10141 4931 10141 4995 10142 4997 10142 4933 10142 4931 10143 4998 10143 4930 10143 4997 10144 4998 10144 4931 10144 4930 10145 4999 10145 4929 10145 4998 10146 4999 10146 4930 10146 4929 10147 5001 10147 4928 10147 4999 10148 5001 10148 4929 10148 4928 10149 5002 10149 4927 10149 5001 10150 5002 10150 4928 10150 4927 10151 5003 10151 4925 10151 5002 10152 5003 10152 4927 10152 4925 10153 5004 10153 4924 10153 5003 10154 5004 10154 4925 10154 5004 10155 5005 10155 4924 10155 4924 10156 5005 10156 4922 10156 5005 10157 5008 10157 4922 10157 4922 10158 5008 10158 4921 10158 5008 10159 5009 10159 4921 10159 4921 10160 5009 10160 4919 10160 5009 10161 5010 10161 4919 10161 4919 10162 5010 10162 4918 10162 5010 10163 5012 10163 4918 10163 5245 10164 5246 10164 4917 10164 4918 10165 5245 10165 4917 10165 4918 10166 4975 10166 5245 10166 5012 10167 4975 10167 4918 10167 5246 10168 5247 10168 4917 10168 5012 10169 4973 10169 4975 10169 5247 10170 5248 10170 4917 10170 4917 10171 5248 10171 4916 10171 5248 10172 5249 10172 4916 10172 5249 10173 5250 10173 4916 10173 5012 10174 5013 10174 4973 10174 4973 10175 5013 10175 4970 10175 5250 10176 5251 10176 4916 10176 5251 10177 5252 10177 4916 10177 5252 10178 4915 10178 4916 10178 4968 10179 5013 10179 4965 10179 4970 10180 5013 10180 4968 10180 5252 10181 5253 10181 4915 10181 5013 10182 5014 10182 4965 10182 4965 10183 5014 10183 4963 10183 5253 10184 5254 10184 4915 10184 5254 10185 5255 10185 4915 10185 4961 10186 5014 10186 4959 10186 4963 10187 5014 10187 4961 10187 4959 10188 5014 10188 4957 10188 5255 10189 5256 10189 4915 10189 5256 10190 5257 10190 4915 10190 5014 10191 5016 10191 4957 10191 4957 10192 5016 10192 4954 10192 4915 10193 5257 10193 4913 10193 5257 10194 5258 10194 4913 10194 5258 10195 5259 10195 4913 10195 5259 10196 5260 10196 4913 10196 5260 10197 4912 10197 4913 10197 4952 10198 5016 10198 4950 10198 4954 10199 5016 10199 4952 10199 5016 10200 5018 10200 4950 10200 4948 10201 5018 10201 4947 10201 4950 10202 5018 10202 4948 10202 4947 10203 5019 10203 5260 10203 5260 10204 5019 10204 4912 10204 5018 10205 5019 10205 4947 10205 4912 10206 5019 10206 4911 10206 5019 10207 5020 10207 4911 10207 4911 10208 5020 10208 4909 10208 5020 10209 5021 10209 4909 10209 4909 10210 5021 10210 4908 10210 5021 10211 5022 10211 4908 10211 4908 10212 5022 10212 4906 10212 5022 10213 5024 10213 4906 10213 4906 10214 5025 10214 4905 10214 5024 10215 5025 10215 4906 10215 4905 10216 5025 10216 4903 10216 4903 10217 5027 10217 4902 10217 5025 10218 5027 10218 4903 10218 5027 10219 5028 10219 4902 10219 4902 10220 5029 10220 4901 10220 5028 10221 5029 10221 4902 10221 4901 10222 5030 10222 4900 10222 5029 10223 5030 10223 4901 10223 5030 10224 5031 10224 4900 10224 4900 10225 5031 10225 4899 10225 4899 10226 5031 10226 4898 10226 5031 10227 5032 10227 4898 10227 5032 10228 5034 10228 4898 10228 4898 10229 5034 10229 4897 10229 4897 10230 5034 10230 4895 10230 5034 10231 5035 10231 4895 10231 5035 10232 5450 10232 4895 10232 4895 10233 5450 10233 5449 10233 5262 10234 5264 10234 6062 10234 5263 10235 5262 10235 5261 10235 4593 10236 4649 10236 5264 10236 4592 10237 4593 10237 5264 10237 4592 10238 5264 10238 5262 10238 4590 10239 4592 10239 5262 10239 4590 10240 5262 10240 5263 10240 4589 10241 5263 10241 5265 10241 4589 10242 4590 10242 5263 10242 4588 10243 4589 10243 5265 10243 4588 10244 5266 10244 5267 10244 4588 10245 5265 10245 5266 10245 4586 10246 4588 10246 5267 10246 5268 10247 5267 10247 5269 10247 5268 10248 4586 10248 5267 10248 4894 10249 4586 10249 5268 10249 5270 10250 5268 10250 5269 10250 4585 10251 4586 10251 4894 10251 4585 10252 4894 10252 4893 10252 5270 10253 5269 10253 5271 10253 5273 10254 5270 10254 5271 10254 4892 10255 4585 10255 4893 10255 4582 10256 4585 10256 4892 10256 5273 10257 5271 10257 5272 10257 5872 10258 5273 10258 5272 10258 5274 10259 5872 10259 5272 10259 4582 10260 4892 10260 4891 10260 4581 10261 4582 10261 4891 10261 4581 10262 4891 10262 5872 10262 4581 10263 5872 10263 5274 10263 4580 10264 4581 10264 5274 10264 4580 10265 5274 10265 5275 10265 4578 10266 4580 10266 5275 10266 4578 10267 5275 10267 5276 10267 4577 10268 4578 10268 5276 10268 4577 10269 5276 10269 5277 10269 4576 10270 4577 10270 5277 10270 4576 10271 5277 10271 5278 10271 4574 10272 4576 10272 5278 10272 4574 10273 5278 10273 5279 10273 4573 10274 4574 10274 5279 10274 4573 10275 5279 10275 5280 10275 4571 10276 4573 10276 5280 10276 4571 10277 5280 10277 5281 10277 4570 10278 4571 10278 5281 10278 4570 10279 5281 10279 5282 10279 4569 10280 5282 10280 5283 10280 4569 10281 4570 10281 5282 10281 4568 10282 5283 10282 5284 10282 4568 10283 4569 10283 5283 10283 4567 10284 4568 10284 5284 10284 4567 10285 5285 10285 5286 10285 4567 10286 5284 10286 5285 10286 4565 10287 4567 10287 5286 10287 4564 10288 5287 10288 5288 10288 4564 10289 5286 10289 5287 10289 4564 10290 4565 10290 5286 10290 4563 10291 4564 10291 5288 10291 4562 10292 5288 10292 5289 10292 4562 10293 4563 10293 5288 10293 4560 10294 5289 10294 5290 10294 4560 10295 4562 10295 5289 10295 4559 10296 5290 10296 5291 10296 4559 10297 4560 10297 5290 10297 6065 10298 6064 10298 6063 10298 5293 10299 6063 10299 5292 10299 5293 10300 6065 10300 6063 10300 4557 10301 5292 10301 6063 10301 4557 10302 5291 10302 5292 10302 4557 10303 4559 10303 5291 10303 6066 10304 6065 10304 5293 10304 5294 10305 6066 10305 5293 10305 4556 10306 6063 10306 6064 10306 4556 10307 4557 10307 6063 10307 6068 10308 5294 10308 5293 10308 6068 10309 5296 10309 5294 10309 4554 10310 4556 10310 6064 10310 4554 10311 6064 10311 5295 10311 5297 10312 5296 10312 6068 10312 4553 10313 4554 10313 5295 10313 4553 10314 5295 10314 5296 10314 4552 10315 4553 10315 5296 10315 4551 10316 4552 10316 5296 10316 4551 10317 5297 10317 5298 10317 4551 10318 5296 10318 5297 10318 4549 10319 4551 10319 5298 10319 4549 10320 5298 10320 5299 10320 4548 10321 4549 10321 5299 10321 4548 10322 5299 10322 5300 10322 5878 10323 5301 10323 5300 10323 5878 10324 5300 10324 5302 10324 4547 10325 4548 10325 5300 10325 4547 10326 5300 10326 5301 10326 4858 10327 4547 10327 5301 10327 5881 10328 5878 10328 5302 10328 4545 10329 4547 10329 4858 10329 5881 10330 5302 10330 5303 10330 4545 10331 4858 10331 4857 10331 5889 10332 5881 10332 5303 10332 5889 10333 5303 10333 5304 10333 4856 10334 5889 10334 5304 10334 4543 10335 4857 10335 4856 10335 4543 10336 4856 10336 5304 10336 4542 10337 5304 10337 5305 10337 4542 10338 4543 10338 5304 10338 4541 10339 4542 10339 5305 10339 4541 10340 5305 10340 5306 10340 4539 10341 5307 10341 5308 10341 4539 10342 5306 10342 5307 10342 4539 10343 4541 10343 5306 10343 4538 10344 4539 10344 5308 10344 4537 10345 5309 10345 5310 10345 4537 10346 5308 10346 5309 10346 4537 10347 4538 10347 5308 10347 4535 10348 4537 10348 5310 10348 4534 10349 5310 10349 5311 10349 4534 10350 4535 10350 5310 10350 4533 10351 5312 10351 5313 10351 4533 10352 5311 10352 5312 10352 4533 10353 4534 10353 5311 10353 4531 10354 4533 10354 5313 10354 4530 10355 5314 10355 5315 10355 4530 10356 5313 10356 5314 10356 4530 10357 4531 10357 5313 10357 4528 10358 4530 10358 5315 10358 4526 10359 5316 10359 5317 10359 4526 10360 5315 10360 5316 10360 4526 10361 4528 10361 5315 10361 4525 10362 4526 10362 5317 10362 4524 10363 5317 10363 5318 10363 4524 10364 4525 10364 5317 10364 4523 10365 5319 10365 5320 10365 4523 10366 5318 10366 5319 10366 4523 10367 4524 10367 5318 10367 4521 10368 4523 10368 5320 10368 4520 10369 5320 10369 5321 10369 4520 10370 4521 10370 5320 10370 4519 10371 5321 10371 5322 10371 4519 10372 5322 10372 5323 10372 4519 10373 4520 10373 5321 10373 6069 10374 5324 10374 5323 10374 5326 10375 6069 10375 5323 10375 4517 10376 4519 10376 5323 10376 6070 10377 6069 10377 5326 10377 5447 10378 6070 10378 5326 10378 5325 10379 6069 10379 6070 10379 4516 10380 4517 10380 5323 10380 4516 10381 5323 10381 5324 10381 4516 10382 5324 10382 5325 10382 4515 10383 5325 10383 6070 10383 4515 10384 4516 10384 5325 10384 6071 10385 5447 10385 5326 10385 6072 10386 5447 10386 6071 10386 6072 10387 6071 10387 5448 10387 5327 10388 6073 10388 6071 10388 5328 10389 6071 10389 5326 10389 4515 10390 6070 10390 6072 10390 5327 10391 6071 10391 5328 10391 5329 10392 4515 10392 6072 10392 5329 10393 6072 10393 5448 10393 5330 10394 5329 10394 5448 10394 5330 10395 5448 10395 5327 10395 5331 10396 5330 10396 5327 10396 5331 10397 5327 10397 5328 10397 5332 10398 5331 10398 5328 10398 5332 10399 5328 10399 5333 10399 5337 10400 5332 10400 5333 10400 5337 10401 5333 10401 5334 10401 5893 10402 5334 10402 5335 10402 5893 10403 5337 10403 5334 10403 5338 10404 5893 10404 5335 10404 5338 10405 5335 10405 5336 10405 5337 10406 5893 10406 4825 10406 5898 10407 5338 10407 5336 10407 5340 10408 4825 10408 4824 10408 5340 10409 5337 10409 4825 10409 5898 10410 5336 10410 5339 10410 5342 10411 5898 10411 5339 10411 4823 10412 5340 10412 4824 10412 5342 10413 5339 10413 5341 10413 4822 10414 5342 10414 5341 10414 5343 10415 4822 10415 5341 10415 5344 10416 5340 10416 4823 10416 5344 10417 4823 10417 4822 10417 5346 10418 5343 10418 5345 10418 5346 10419 4822 10419 5343 10419 5346 10420 5344 10420 4822 10420 5347 10421 5346 10421 5345 10421 5348 10422 5345 10422 5349 10422 5348 10423 5347 10423 5345 10423 5350 10424 5351 10424 5352 10424 5350 10425 5349 10425 5351 10425 5350 10426 5348 10426 5349 10426 5353 10427 5350 10427 5352 10427 5354 10428 5352 10428 5355 10428 5354 10429 5353 10429 5352 10429 5356 10430 5354 10430 5355 10430 5356 10431 5355 10431 5357 10431 5358 10432 5356 10432 5357 10432 5358 10433 5357 10433 5359 10433 5360 10434 5358 10434 5359 10434 5360 10435 5359 10435 5361 10435 5362 10436 5360 10436 5361 10436 5362 10437 5361 10437 5363 10437 5364 10438 5362 10438 5363 10438 5364 10439 5365 10439 5366 10439 5364 10440 5363 10440 5365 10440 5367 10441 5364 10441 5366 10441 5368 10442 5367 10442 5366 10442 5368 10443 5366 10443 5369 10443 5370 10444 5368 10444 5369 10444 5370 10445 5369 10445 5371 10445 5372 10446 5370 10446 5371 10446 5372 10447 5371 10447 5373 10447 5374 10448 5373 10448 5375 10448 5374 10449 5372 10449 5373 10449 5376 10450 5375 10450 5377 10450 5376 10451 5374 10451 5375 10451 5378 10452 5377 10452 5379 10452 5378 10453 5376 10453 5377 10453 5384 10454 5383 10454 5380 10454 5381 10455 5379 10455 5382 10455 5381 10456 5378 10456 5379 10456 6060 10457 5383 10457 5384 10457 6061 10458 5383 10458 6060 10458 5385 10459 5380 10459 5383 10459 5385 10460 5382 10460 5380 10460 5385 10461 5381 10461 5382 10461 5387 10462 6060 10462 5384 10462 5386 10463 6059 10463 5387 10463 5386 10464 5387 10464 5384 10464 5388 10465 5385 10465 5383 10465 5388 10466 5383 10466 6061 10466 5389 10467 5388 10467 6061 10467 5389 10468 6061 10468 6059 10468 5390 10469 5389 10469 6059 10469 5390 10470 6059 10470 5386 10470 5391 10471 5386 10471 5392 10471 5391 10472 5390 10472 5386 10472 5393 10473 5391 10473 5392 10473 5393 10474 5394 10474 5395 10474 5393 10475 5392 10475 5394 10475 5396 10476 5393 10476 5395 10476 5399 10477 5397 10477 5398 10477 5401 10478 5399 10478 5398 10478 4980 10479 5397 10479 5399 10479 5402 10480 5395 10480 5397 10480 5402 10481 5396 10481 5395 10481 5402 10482 5397 10482 4980 10482 5401 10483 5398 10483 5400 10483 5849 10484 5401 10484 5400 10484 5402 10485 4980 10485 4979 10485 5849 10486 5400 10486 5403 10486 5855 10487 5849 10487 5403 10487 4978 10488 5402 10488 4979 10488 5405 10489 5402 10489 4978 10489 5855 10490 5403 10490 5404 10490 4976 10491 5855 10491 5404 10491 5405 10492 4977 10492 4976 10492 5405 10493 4978 10493 4977 10493 5406 10494 5404 10494 5407 10494 5406 10495 4976 10495 5404 10495 5406 10496 5405 10496 4976 10496 5408 10497 5406 10497 5407 10497 5409 10498 5410 10498 5411 10498 5409 10499 5407 10499 5410 10499 5409 10500 5408 10500 5407 10500 5412 10501 5409 10501 5411 10501 5413 10502 5414 10502 5415 10502 5413 10503 5411 10503 5414 10503 5413 10504 5412 10504 5411 10504 5416 10505 5413 10505 5415 10505 5417 10506 5416 10506 5415 10506 5417 10507 5418 10507 5419 10507 5417 10508 5415 10508 5418 10508 5420 10509 5417 10509 5419 10509 5421 10510 5420 10510 5419 10510 5421 10511 5419 10511 5422 10511 5423 10512 5422 10512 5424 10512 5423 10513 5421 10513 5422 10513 5425 10514 5424 10514 5426 10514 5425 10515 5423 10515 5424 10515 5427 10516 5428 10516 5429 10516 5427 10517 5426 10517 5428 10517 5427 10518 5425 10518 5426 10518 5430 10519 5429 10519 5431 10519 5430 10520 5427 10520 5429 10520 5432 10521 5430 10521 5431 10521 5433 10522 5434 10522 5435 10522 5433 10523 5431 10523 5434 10523 5433 10524 5432 10524 5431 10524 5436 10525 5435 10525 5437 10525 5436 10526 5433 10526 5435 10526 5438 10527 5436 10527 5437 10527 5439 10528 5437 10528 5440 10528 5439 10529 5438 10529 5437 10529 5441 10530 5440 10530 5442 10530 5441 10531 5439 10531 5440 10531 4649 10532 5445 10532 4648 10532 5261 10533 5445 10533 5443 10533 5261 10534 4648 10534 5445 10534 5444 10535 5442 10535 5443 10535 5444 10536 5441 10536 5442 10536 5444 10537 5443 10537 5445 10537 6062 10538 4648 10538 5261 10538 5446 10539 5444 10539 5445 10539 5446 10540 5445 10540 4649 10540 4593 10541 5446 10541 4649 10541 5449 10542 5450 10542 5451 10542 5450 10543 5452 10543 5451 10543 5451 10544 5452 10544 5453 10544 5454 10545 5455 10545 5453 10545 5453 10546 4889 10546 5454 10546 5455 10547 5456 10547 5453 10547 5452 10548 5457 10548 5453 10548 4889 10549 5457 10549 4888 10549 5453 10550 5457 10550 4889 10550 5456 10551 5458 10551 5453 10551 5453 10552 5458 10552 5459 10552 5458 10553 5460 10553 5459 10553 4886 10554 5463 10554 4884 10554 4888 10555 5463 10555 4886 10555 5457 10556 5463 10556 4888 10556 5460 10557 5461 10557 5459 10557 5461 10558 5462 10558 5459 10558 4882 10559 5463 10559 4880 10559 4884 10560 5463 10560 4882 10560 5461 10561 5464 10561 5462 10561 5464 10562 5465 10562 5462 10562 4879 10563 5469 10563 4876 10563 4880 10564 5469 10564 4879 10564 5463 10565 5469 10565 4880 10565 5465 10566 5466 10566 5462 10566 5466 10567 5467 10567 5462 10567 4875 10568 5469 10568 4873 10568 4876 10569 5469 10569 4875 10569 5467 10570 5468 10570 5462 10570 4873 10571 5469 10571 4871 10571 5462 10572 5468 10572 5470 10572 5468 10573 5471 10573 5470 10573 5471 10574 5472 10574 5470 10574 5472 10575 5473 10575 5470 10575 4860 10576 5474 10576 5473 10576 5473 10577 5474 10577 5470 10577 5469 10578 5475 10578 4871 10578 4869 10579 5475 10579 4867 10579 4871 10580 5475 10580 4869 10580 4864 10581 5475 10581 4862 10581 4865 10582 5475 10582 4864 10582 4867 10583 5475 10583 4865 10583 5474 10584 5476 10584 5477 10584 5475 10585 5476 10585 4862 10585 4860 10586 5476 10586 5474 10586 4862 10587 5476 10587 4860 10587 5476 10588 5478 10588 5477 10588 5477 10589 5478 10589 5479 10589 5479 10590 5480 10590 5481 10590 5478 10591 5480 10591 5479 10591 5480 10592 5482 10592 5481 10592 5481 10593 5484 10593 5483 10593 5482 10594 5484 10594 5481 10594 5483 10595 5484 10595 5485 10595 5484 10596 5486 10596 5485 10596 5485 10597 5487 10597 5488 10597 5486 10598 5487 10598 5485 10598 5764 10599 5489 10599 5490 10599 5488 10600 5489 10600 5764 10600 5487 10601 5489 10601 5488 10601 5489 10602 5491 10602 5490 10602 5490 10603 5492 10603 5493 10603 5491 10604 5492 10604 5490 10604 5493 10605 5494 10605 5495 10605 5492 10606 5494 10606 5493 10606 5494 10607 5496 10607 5495 10607 5495 10608 5496 10608 5497 10608 5497 10609 5496 10609 5498 10609 5496 10610 5499 10610 5498 10610 5499 10611 5500 10611 5498 10611 5498 10612 5500 10612 5501 10612 5500 10613 5502 10613 5501 10613 5501 10614 5502 10614 5503 10614 5502 10615 5504 10615 5503 10615 5503 10616 5504 10616 5505 10616 5504 10617 5511 10617 5505 10617 5506 10618 4854 10618 5507 10618 5505 10619 4854 10619 5506 10619 5511 10620 4854 10620 5505 10620 5507 10621 5508 10621 5506 10621 5506 10622 5508 10622 5513 10622 5508 10623 5509 10623 5513 10623 5509 10624 5510 10624 5513 10624 4854 10625 5511 10625 4853 10625 5510 10626 5512 10626 5513 10626 5512 10627 5515 10627 5513 10627 4853 10628 5514 10628 4850 10628 4850 10629 5514 10629 4848 10629 4848 10630 5514 10630 4846 10630 5511 10631 5514 10631 4853 10631 5515 10632 5516 10632 5513 10632 5516 10633 5518 10633 5513 10633 5518 10634 5517 10634 5513 10634 4846 10635 5514 10635 4844 10635 4844 10636 5514 10636 4842 10636 5518 10637 5519 10637 5517 10637 5514 10638 5522 10638 4842 10638 4842 10639 5522 10639 4840 10639 5519 10640 5520 10640 5517 10640 5520 10641 5521 10641 5517 10641 5521 10642 5523 10642 5517 10642 5523 10643 5780 10643 5517 10643 4840 10644 5522 10644 4839 10644 4839 10645 5522 10645 4837 10645 5523 10646 5524 10646 5780 10646 5524 10647 5525 10647 5780 10647 4837 10648 5526 10648 4835 10648 4835 10649 5526 10649 4833 10649 5522 10650 5526 10650 4837 10650 5780 10651 5528 10651 5527 10651 5525 10652 5528 10652 5780 10652 5528 10653 5529 10653 5527 10653 4833 10654 5530 10654 4831 10654 4831 10655 5530 10655 4829 10655 5526 10656 5530 10656 4833 10656 4829 10657 5530 10657 4827 10657 5529 10658 5531 10658 5527 10658 5530 10659 5531 10659 4827 10659 4827 10660 5531 10660 5529 10660 5531 10661 5532 10661 5527 10661 5527 10662 5532 10662 5533 10662 5532 10663 5534 10663 5533 10663 5533 10664 5534 10664 5535 10664 5535 10665 5534 10665 5536 10665 5534 10666 5537 10666 5536 10666 5536 10667 5537 10667 5538 10667 5538 10668 5539 10668 5781 10668 5537 10669 5539 10669 5538 10669 5781 10670 5539 10670 5540 10670 5539 10671 5541 10671 5540 10671 5542 10672 5543 10672 5544 10672 5540 10673 5543 10673 5542 10673 5541 10674 5543 10674 5540 10674 5543 10675 5545 10675 5544 10675 5545 10676 5546 10676 5544 10676 5544 10677 5546 10677 5547 10677 5546 10678 5548 10678 5547 10678 5549 10679 5548 10679 5550 10679 5547 10680 5548 10680 5549 10680 5548 10681 5551 10681 5550 10681 5551 10682 5552 10682 5550 10682 5550 10683 5552 10683 5553 10683 5553 10684 5552 10684 5554 10684 5552 10685 5555 10685 5554 10685 5554 10686 5555 10686 5556 10686 5555 10687 5557 10687 5556 10687 5557 10688 4982 10688 5556 10688 5556 10689 4982 10689 4946 10689 5101 10690 5558 10690 5104 10690 5101 10691 5559 10691 5558 10691 5104 10692 5558 10692 5560 10692 5099 10693 5561 10693 5559 10693 5099 10694 5559 10694 5101 10694 5104 10695 5560 10695 5562 10695 5106 10696 5562 10696 5564 10696 5106 10697 5104 10697 5562 10697 5095 10698 5561 10698 5099 10698 5095 10699 5563 10699 5561 10699 5109 10700 5106 10700 5564 10700 5095 10701 5565 10701 5563 10701 5109 10702 5564 10702 5566 10702 5093 10703 5565 10703 5095 10703 5093 10704 5567 10704 5565 10704 5112 10705 5109 10705 5566 10705 5112 10706 5566 10706 5568 10706 5091 10707 5567 10707 5093 10707 5091 10708 5570 10708 5567 10708 5115 10709 5112 10709 5568 10709 5115 10710 5568 10710 5569 10710 5088 10711 5570 10711 5091 10711 5088 10712 4646 10712 5570 10712 5115 10713 5569 10713 5571 10713 5572 10714 4644 10714 4646 10714 5572 10715 4646 10715 5088 10715 5118 10716 5115 10716 5571 10716 5118 10717 5571 10717 5573 10717 5572 10718 4641 10718 4644 10718 5574 10719 4641 10719 5572 10719 5119 10720 5118 10720 5573 10720 5119 10721 5573 10721 5575 10721 4640 10722 4641 10722 5574 10722 5119 10723 5575 10723 5576 10723 5577 10724 4640 10724 5574 10724 5124 10725 5119 10725 5576 10725 4638 10726 4640 10726 5577 10726 5124 10727 5576 10727 5579 10727 5578 10728 4638 10728 5577 10728 5126 10729 5124 10729 5579 10729 4636 10730 4638 10730 5578 10730 5581 10731 4636 10731 5578 10731 5126 10732 5579 10732 5580 10732 5129 10733 5580 10733 5582 10733 5129 10734 5126 10734 5580 10734 4634 10735 4636 10735 5581 10735 5583 10736 4634 10736 5581 10736 4632 10737 4634 10737 5583 10737 5133 10738 5129 10738 5582 10738 5584 10739 5133 10739 5582 10739 4629 10740 5583 10740 5585 10740 4629 10741 4632 10741 5583 10741 5586 10742 5133 10742 5584 10742 4629 10743 5585 10743 5587 10743 5588 10744 5137 10744 5133 10744 5588 10745 5133 10745 5586 10745 4627 10746 4629 10746 5587 10746 5139 10747 5137 10747 5588 10747 4625 10748 4627 10748 5587 10748 5589 10749 5139 10749 5588 10749 4625 10750 5587 10750 5590 10750 5591 10751 5139 10751 5589 10751 4625 10752 5590 10752 5592 10752 5591 10753 5143 10753 5139 10753 4623 10754 4625 10754 5592 10754 5593 10755 5143 10755 5591 10755 4623 10756 5592 10756 5594 10756 4595 10757 5143 10757 5593 10757 4620 10758 4623 10758 5594 10758 4595 10759 5595 10759 5143 10759 4620 10760 5594 10760 5596 10760 4619 10761 4620 10761 5596 10761 4598 10762 5595 10762 4595 10762 4598 10763 5598 10763 5595 10763 4616 10764 5596 10764 5597 10764 4616 10765 4619 10765 5596 10765 4615 10766 4616 10766 5597 10766 4615 10767 5597 10767 5599 10767 4599 10768 5598 10768 4598 10768 4599 10769 5600 10769 5598 10769 4613 10770 5599 10770 5601 10770 4613 10771 4615 10771 5599 10771 4602 10772 5600 10772 4599 10772 4602 10773 5602 10773 5600 10773 4609 10774 4613 10774 5601 10774 4604 10775 5602 10775 4602 10775 4609 10776 5601 10776 5603 10776 4604 10777 5604 10777 5602 10777 4608 10778 4609 10778 5603 10778 4605 10779 5604 10779 4604 10779 4605 10780 5603 10780 5604 10780 4605 10781 4608 10781 5603 10781 5606 10782 5607 10782 5605 10782 5607 10783 5610 10783 5605 10783 5609 10784 5608 10784 5606 10784 5606 10785 5608 10785 5607 10785 5605 10786 5610 10786 5611 10786 5615 10787 5612 10787 5609 10787 5609 10788 5612 10788 5608 10788 5611 10789 5613 10789 5614 10789 5610 10790 5613 10790 5611 10790 5614 10791 5616 10791 5617 10791 5613 10792 5616 10792 5614 10792 5619 10793 5618 10793 5615 10793 5615 10794 5618 10794 5612 10794 5621 10795 5620 10795 5619 10795 5619 10796 5620 10796 5618 10796 5616 10797 5622 10797 5617 10797 5617 10798 5622 10798 5623 10798 5626 10799 5624 10799 5621 10799 5621 10800 5624 10800 5620 10800 5622 10801 5625 10801 5623 10801 5623 10802 5625 10802 5628 10802 5626 10803 5627 10803 5624 10803 4591 10804 5627 10804 5626 10804 4591 10805 5230 10805 5627 10805 5625 10806 5629 10806 5628 10806 5628 10807 5629 10807 5630 10807 5629 10808 5631 10808 5630 10808 4587 10809 5229 10809 4591 10809 4591 10810 5229 10810 5230 10810 5630 10811 5631 10811 5633 10811 5631 10812 5632 10812 5633 10812 4584 10813 5228 10813 4587 10813 4587 10814 5228 10814 5229 10814 5633 10815 5632 10815 5634 10815 4584 10816 5227 10816 5228 10816 5632 10817 5635 10817 5634 10817 4583 10818 5227 10818 4584 10818 5634 10819 5635 10819 5636 10819 4583 10820 5226 10820 5227 10820 5635 10821 5637 10821 5636 10821 5636 10822 5637 10822 5638 10822 4583 10823 5225 10823 5226 10823 5637 10824 5639 10824 5638 10824 5638 10825 5639 10825 5640 10825 4579 10826 5224 10826 4583 10826 4583 10827 5224 10827 5225 10827 5639 10828 5641 10828 5640 10828 4575 10829 5224 10829 4579 10829 5640 10830 5641 10830 5643 10830 4575 10831 5223 10831 5224 10831 5641 10832 5642 10832 5643 10832 4575 10833 4572 10833 5223 10833 5642 10834 5644 10834 5643 10834 4572 10835 5222 10835 5223 10835 5644 10836 5645 10836 5643 10836 4572 10837 4566 10837 5222 10837 4566 10838 5221 10838 5222 10838 5644 10839 5646 10839 5645 10839 5646 10840 5647 10840 5645 10840 5648 10841 5647 10841 5646 10841 5221 10842 4566 10842 5220 10842 5648 10843 5650 10843 5647 10843 5220 10844 4561 10844 5219 10844 4566 10845 4561 10845 5220 10845 5648 10846 5649 10846 5650 10846 5649 10847 5651 10847 5650 10847 5652 10848 5651 10848 5649 10848 5219 10849 4561 10849 5218 10849 4561 10850 4558 10850 5218 10850 5652 10851 5654 10851 5651 10851 4558 10852 5217 10852 5218 10852 4558 10853 4555 10853 5217 10853 5654 10854 5653 10854 5651 10854 5201 10855 5653 10855 5654 10855 4555 10856 4550 10856 5217 10856 5217 10857 4550 10857 5216 10857 5201 10858 4518 10858 5653 10858 5202 10859 4518 10859 5201 10859 5216 10860 4550 10860 5215 10860 4550 10861 4546 10861 5215 10861 5215 10862 4546 10862 5214 10862 5203 10863 4518 10863 5202 10863 5214 10864 4546 10864 5213 10864 5203 10865 4522 10865 4518 10865 5204 10866 4522 10866 5203 10866 4546 10867 4544 10867 5213 10867 5213 10868 4544 10868 5212 10868 5204 10869 4527 10869 4522 10869 5205 10870 4527 10870 5204 10870 5212 10871 4544 10871 5211 10871 4544 10872 4540 10872 5211 10872 5211 10873 4540 10873 5210 10873 5205 10874 4529 10874 4527 10874 5206 10875 4529 10875 5205 10875 5206 10876 4532 10876 4529 10876 5210 10877 4540 10877 5209 10877 4540 10878 4536 10878 5209 10878 5209 10879 4536 10879 5208 10879 5207 10880 4532 10880 5206 10880 5207 10881 4536 10881 4532 10881 5208 10882 4536 10882 5207 10882 5230 10883 5086 10883 5655 10883 5627 10884 5655 10884 5656 10884 5627 10885 5230 10885 5655 10885 5624 10886 5656 10886 5657 10886 5624 10887 5627 10887 5656 10887 5620 10888 5657 10888 5658 10888 5620 10889 5624 10889 5657 10889 5620 10890 5658 10890 5659 10890 5618 10891 5620 10891 5659 10891 5618 10892 5659 10892 5660 10892 5612 10893 5618 10893 5660 10893 5612 10894 5660 10894 5661 10894 5608 10895 5612 10895 5661 10895 5608 10896 5661 10896 5662 10896 5607 10897 5608 10897 5662 10897 5607 10898 5662 10898 5663 10898 5610 10899 5607 10899 5663 10899 5610 10900 5663 10900 5664 10900 5613 10901 5610 10901 5664 10901 5613 10902 5664 10902 5665 10902 5616 10903 5613 10903 5665 10903 5616 10904 5665 10904 5666 10904 5616 10905 5666 10905 5667 10905 5622 10906 5616 10906 5667 10906 5622 10907 5667 10907 5668 10907 5625 10908 5668 10908 5669 10908 5625 10909 5622 10909 5668 10909 5629 10910 5669 10910 5670 10910 5629 10911 5625 10911 5669 10911 5631 10912 5670 10912 5671 10912 5631 10913 5629 10913 5670 10913 5632 10914 5671 10914 5672 10914 5632 10915 5631 10915 5671 10915 5632 10916 5672 10916 5673 10916 5635 10917 5632 10917 5673 10917 5635 10918 5673 10918 5674 10918 5637 10919 5674 10919 5675 10919 5637 10920 5635 10920 5674 10920 5639 10921 5637 10921 5675 10921 5639 10922 5675 10922 5676 10922 5641 10923 5639 10923 5676 10923 5641 10924 5676 10924 5677 10924 5642 10925 5641 10925 5677 10925 5642 10926 5677 10926 5678 10926 5644 10927 5642 10927 5678 10927 5644 10928 5678 10928 5679 10928 5646 10929 5644 10929 5679 10929 5646 10930 5679 10930 5680 10930 5648 10931 5646 10931 5680 10931 5648 10932 5680 10932 5681 10932 5649 10933 5681 10933 5682 10933 5649 10934 5648 10934 5681 10934 5652 10935 5649 10935 5682 10935 5652 10936 5682 10936 5683 10936 5654 10937 5683 10937 5684 10937 5654 10938 5652 10938 5683 10938 5654 10939 5684 10939 5036 10939 5201 10940 5654 10940 5036 10940 4657 10941 4655 10941 5685 10941 4657 10942 5685 10942 5686 10942 4651 10943 5685 10943 4655 10943 4651 10944 5688 10944 5685 10944 4663 10945 4657 10945 5686 10945 4663 10946 5686 10946 5687 10946 4668 10947 4663 10947 5687 10947 5689 10948 5688 10948 4651 10948 5689 10949 5690 10949 5688 10949 5178 10950 5691 10950 5692 10950 5180 10951 5178 10951 5692 10951 5183 10952 5180 10952 5692 10952 5746 10953 5691 10953 5178 10953 5183 10954 5692 10954 5690 10954 5746 10955 5037 10955 5691 10955 5183 10956 5690 10956 5689 10956 5741 10957 5037 10957 5746 10957 5741 10958 5039 10958 5037 10958 4993 10959 6058 10959 6057 10959 4988 10960 6058 10960 4993 10960 5745 10961 5039 10961 5741 10961 4996 10962 6057 10962 6056 10962 4996 10963 4993 10963 6057 10963 5000 10964 4996 10964 6056 10964 4988 10965 5689 10965 6058 10965 4988 10966 5183 10966 5689 10966 5000 10967 6056 10967 4668 10967 5000 10968 4668 10968 5687 10968 4986 10969 5183 10969 4988 10969 4986 10970 5186 10970 5183 10970 5006 10971 5000 10971 5687 10971 5006 10972 5687 10972 5693 10972 5042 10973 5039 10973 5745 10973 5042 10974 5745 10974 5695 10974 4981 10975 5186 10975 4986 10975 5006 10976 5693 10976 5694 10976 4981 10977 5177 10977 5186 10977 5007 10978 5006 10978 5694 10978 4981 10979 5744 10979 5177 10979 5007 10980 5694 10980 5696 10980 5697 10981 5744 10981 4981 10981 5011 10982 5007 10982 5696 10982 5011 10983 5696 10983 5698 10983 5699 10984 5744 10984 5697 10984 5011 10985 5698 10985 5700 10985 5699 10986 5695 10986 5744 10986 5015 10987 5011 10987 5700 10987 4692 10988 5044 10988 4697 10988 4764 10989 5700 10989 5701 10989 4697 10990 5044 10990 5042 10990 4759 10991 5700 10991 4764 10991 4697 10992 5042 10992 5695 10992 4759 10993 5015 10993 5700 10993 4692 10994 5046 10994 5044 10994 4697 10995 5695 10995 5699 10995 4697 10996 5699 10996 5703 10996 4770 10997 4764 10997 5701 10997 4690 10998 5046 10998 4692 10998 4770 10999 5701 10999 5702 10999 4759 11000 5017 11000 5015 11000 4701 11001 5703 11001 5704 11001 4701 11002 4697 11002 5703 11002 5950 11003 5017 11003 4759 11003 5049 11004 5046 11004 4690 11004 4773 11005 4770 11005 5702 11005 4705 11006 4701 11006 5704 11006 5049 11007 4690 11007 5706 11007 5023 11008 5017 11008 5950 11008 5705 11009 4705 11009 5704 11009 5707 11010 4773 11010 5702 11010 5023 11011 5950 11011 5949 11011 5707 11012 5947 11012 4773 11012 5705 11013 6018 11013 4705 11013 5049 11014 5706 11014 5708 11014 5709 11015 6018 11015 5705 11015 5026 11016 5023 11016 5949 11016 5026 11017 5949 11017 5948 11017 5051 11018 5049 11018 5708 11018 5710 11019 6018 11019 5709 11019 5710 11020 6019 11020 6018 11020 5711 11021 5947 11021 5707 11021 5054 11022 5051 11022 5708 11022 5054 11023 5708 11023 6019 11023 5711 11024 5948 11024 5947 11024 5712 11025 5948 11025 5711 11025 5054 11026 6019 11026 5710 11026 5712 11027 5026 11027 5948 11027 5056 11028 5710 11028 5714 11028 5056 11029 5054 11029 5710 11029 5712 11030 5033 11030 5026 11030 5058 11031 5056 11031 5714 11031 5713 11032 5033 11032 5712 11032 5058 11033 5714 11033 5716 11033 5715 11034 5033 11034 5713 11034 5061 11035 5058 11035 5716 11035 4728 11036 5717 11036 5718 11036 4731 11037 4728 11037 5718 11037 5715 11038 5722 11038 5033 11038 4728 11039 5719 11039 5717 11039 5983 11040 5719 11040 4728 11040 4731 11041 5718 11041 5720 11041 4733 11042 4731 11042 5720 11042 5063 11043 5716 11043 5723 11043 5063 11044 5061 11044 5716 11044 5084 11045 5722 11045 5715 11045 5983 11046 5724 11046 5719 11046 4733 11047 5720 11047 5721 11047 5082 11048 5721 11048 5722 11048 5082 11049 5722 11049 5084 11049 5066 11050 5063 11050 5723 11050 5066 11051 5723 11051 5724 11051 5082 11052 4733 11052 5721 11052 5069 11053 5724 11053 5983 11053 5069 11054 5066 11054 5724 11054 5079 11055 4733 11055 5082 11055 5079 11056 4739 11056 4733 11056 5069 11057 5983 11057 5982 11057 5071 11058 5069 11058 5982 11058 5071 11059 5982 11059 5981 11059 5076 11060 4739 11060 5079 11060 5072 11061 5071 11061 5981 11061 5072 11062 5981 11062 5980 11062 5076 11063 5979 11063 4739 11063 5074 11064 5072 11064 5980 11064 5074 11065 5979 11065 5076 11065 5074 11066 5980 11066 5979 11066 5725 11067 5200 11067 5198 11067 5725 11068 5726 11068 5200 11068 5726 11069 5727 11069 5200 11069 5727 11070 5726 11070 5737 11070 5730 11071 5731 11071 5200 11071 5728 11072 5200 11072 5727 11072 5729 11073 5200 11073 5728 11073 5729 11074 5730 11074 5200 11074 5732 11075 5200 11075 5731 11075 5742 11076 5733 11076 5732 11076 5732 11077 5733 11077 5200 11077 5200 11078 5733 11078 5734 11078 5177 11079 5735 11079 5198 11079 5198 11080 5735 11080 5725 11080 5735 11081 5736 11081 5725 11081 5725 11082 5736 11082 5726 11082 5736 11083 5737 11083 5726 11083 5737 11084 5738 11084 5727 11084 5727 11085 5738 11085 5728 11085 5738 11086 5739 11086 5728 11086 5728 11087 5739 11087 5729 11087 5739 11088 5740 11088 5729 11088 5729 11089 5740 11089 5730 11089 5740 11090 5745 11090 5730 11090 5730 11091 5745 11091 5731 11091 5745 11092 5741 11092 5731 11092 5731 11093 5741 11093 5732 11093 5741 11094 5742 11094 5732 11094 5742 11095 5743 11095 5733 11095 5733 11096 5743 11096 5734 11096 5743 11097 5176 11097 5734 11097 5177 11098 5744 11098 5735 11098 5735 11099 5744 11099 5736 11099 5736 11100 5744 11100 5737 11100 5744 11101 5695 11101 5737 11101 5737 11102 5695 11102 5738 11102 5738 11103 5695 11103 5739 11103 5739 11104 5695 11104 5740 11104 5695 11105 5745 11105 5740 11105 5741 11106 5746 11106 5742 11106 5742 11107 5746 11107 5743 11107 5743 11108 5746 11108 5176 11108 4791 11109 5152 11109 4792 11109 4791 11110 5151 11110 5152 11110 4792 11111 5152 11111 5153 11111 4790 11112 5151 11112 4791 11112 4793 11113 4792 11113 5153 11113 4793 11114 5153 11114 5154 11114 4790 11115 5150 11115 5151 11115 5747 11116 5150 11116 4790 11116 5747 11117 5149 11117 5150 11117 4793 11118 5154 11118 5155 11118 5748 11119 5149 11119 5747 11119 5751 11120 4793 11120 5155 11120 5748 11121 5148 11121 5149 11121 5751 11122 5155 11122 5156 11122 5748 11123 5147 11123 5148 11123 4907 11124 5750 11124 5749 11124 4910 11125 4907 11125 5749 11125 4904 11126 5750 11126 4907 11126 4904 11127 5748 11127 5750 11127 4910 11128 5749 11128 5751 11128 4914 11129 4910 11129 5751 11129 4900 11130 5748 11130 4904 11130 4914 11131 5751 11131 5156 11131 4900 11132 5147 11132 5748 11132 4896 11133 5147 11133 4900 11133 4920 11134 4914 11134 5156 11134 4920 11135 5156 11135 5157 11135 4896 11136 5146 11136 5147 11136 4920 11137 5157 11137 5158 11137 4896 11138 5145 11138 5146 11138 4920 11139 5158 11139 5159 11139 4923 11140 4920 11140 5159 11140 4923 11141 5159 11141 5160 11141 4896 11142 5752 11142 5145 11142 4923 11143 5160 11143 5161 11143 5756 11144 5752 11144 4896 11144 5756 11145 5753 11145 5752 11145 4923 11146 5161 11146 5162 11146 4926 11147 5162 11147 5163 11147 4926 11148 4923 11148 5162 11148 4686 11149 5163 11149 5164 11149 4754 11150 5754 11150 5753 11150 4754 11151 5755 11151 5754 11151 4687 11152 4686 11152 5164 11152 4755 11153 4754 11153 5753 11153 4686 11154 4926 11154 5163 11154 4687 11155 5164 11155 5165 11155 4755 11156 5753 11156 5756 11156 5757 11157 4926 11157 4686 11157 4753 11158 5755 11158 4754 11158 4687 11159 5165 11159 5166 11159 4688 11160 4687 11160 5166 11160 4755 11161 5756 11161 5759 11161 5757 11162 4932 11162 4926 11162 4753 11163 5758 11163 5755 11163 6038 11164 4932 11164 5757 11164 4756 11165 4755 11165 5759 11165 4756 11166 5759 11166 5762 11166 5167 11167 4688 11167 5166 11167 4689 11168 4688 11168 5167 11168 5760 11169 5758 11169 4753 11169 5760 11170 4753 11170 5761 11170 4938 11171 6038 11171 6032 11171 4938 11172 4932 11172 6038 11172 5168 11173 4689 11173 5167 11173 5766 11174 4689 11174 5168 11174 5762 11175 4757 11175 4756 11175 5760 11176 5761 11176 5959 11176 5764 11177 4757 11177 5762 11177 5169 11178 5766 11178 5168 11178 4940 11179 6032 11179 6028 11179 4940 11180 4938 11180 6032 11180 5763 11181 5760 11181 5959 11181 5765 11182 5763 11182 5959 11182 5765 11183 5959 11183 5767 11183 5775 11184 4757 11184 5764 11184 5170 11185 5766 11185 5169 11185 5170 11186 6026 11186 5766 11186 5768 11187 5765 11187 5767 11187 5171 11188 6026 11188 5170 11188 5172 11189 6028 11189 6026 11189 5172 11190 6026 11190 5171 11190 5769 11191 5768 11191 5767 11191 5769 11192 5767 11192 4757 11192 5769 11193 4757 11193 5775 11193 5770 11194 4944 11194 4940 11194 5770 11195 4940 11195 6028 11195 5771 11196 5770 11196 6028 11196 5771 11197 6028 11197 5172 11197 5772 11198 5769 11198 5775 11198 5771 11199 5172 11199 5173 11199 5773 11200 5771 11200 5173 11200 5174 11201 5773 11201 5173 11201 5778 11202 5772 11202 5775 11202 5174 11203 5777 11203 5773 11203 5776 11204 5783 11204 5774 11204 5776 11205 5774 11205 4944 11205 5776 11206 4944 11206 5770 11206 5786 11207 5783 11207 5776 11207 5175 11208 5777 11208 5174 11208 5778 11209 5775 11209 5785 11209 5784 11210 5778 11210 5785 11210 4720 11211 5779 11211 4721 11211 4721 11212 5779 11212 5781 11212 4720 11213 5780 11213 5779 11213 5788 11214 5777 11214 5175 11214 5788 11215 5790 11215 5777 11215 4721 11216 5781 11216 5783 11216 6001 11217 5780 11217 4720 11217 4722 11218 4721 11218 5783 11218 6001 11219 5782 11219 5780 11219 4722 11220 5783 11220 5786 11220 5787 11221 5785 11221 5792 11221 5787 11222 5784 11222 5785 11222 4723 11223 4722 11223 5786 11223 5791 11224 5787 11224 5792 11224 5789 11225 5790 11225 5788 11225 5793 11226 5791 11226 5792 11226 5793 11227 5792 11227 5782 11227 5789 11228 5795 11228 5790 11228 5794 11229 5795 11229 5789 11229 5793 11230 5782 11230 6001 11230 5794 11231 5786 11231 5795 11231 5796 11232 5793 11232 6001 11232 5797 11233 4723 11233 5786 11233 5797 11234 5786 11234 5794 11234 5798 11235 6001 11235 5996 11235 5798 11236 5796 11236 6001 11236 5799 11237 4723 11237 5797 11237 5799 11238 5985 11238 4723 11238 5800 11239 5798 11239 5996 11239 5800 11240 5996 11240 5993 11240 5802 11241 5985 11241 5799 11241 5801 11242 5800 11242 5993 11242 5802 11243 5988 11243 5985 11243 5803 11244 5993 11244 5988 11244 5803 11245 5801 11245 5993 11245 5803 11246 5988 11246 5802 11246 5144 11247 5804 11247 5788 11247 5804 11248 5805 11248 5788 11248 5788 11249 5805 11249 5789 11249 5805 11250 5806 11250 5789 11250 5806 11251 5807 11251 5789 11251 5789 11252 5807 11252 5794 11252 5807 11253 5808 11253 5794 11253 5794 11254 5808 11254 5797 11254 5808 11255 5809 11255 5797 11255 5797 11256 5809 11256 5799 11256 5809 11257 5810 11257 5799 11257 5799 11258 5811 11258 5802 11258 5810 11259 5811 11259 5799 11259 5802 11260 5812 11260 5803 11260 5811 11261 5812 11261 5802 11261 5812 11262 5813 11262 5803 11262 5803 11263 5813 11263 5801 11263 5813 11264 5814 11264 5801 11264 5814 11265 5815 11265 5801 11265 5801 11266 5815 11266 5800 11266 5815 11267 5816 11267 5800 11267 5800 11268 5816 11268 5798 11268 5816 11269 5817 11269 5798 11269 5798 11270 5817 11270 5796 11270 5817 11271 5818 11271 5796 11271 5796 11272 5818 11272 5793 11272 5818 11273 5819 11273 5793 11273 5793 11274 5819 11274 5791 11274 5819 11275 5820 11275 5791 11275 5791 11276 5820 11276 5787 11276 5820 11277 5821 11277 5787 11277 5821 11278 5822 11278 5787 11278 5787 11279 5822 11279 5784 11279 5822 11280 5823 11280 5784 11280 5784 11281 5823 11281 5778 11281 5823 11282 5824 11282 5778 11282 5778 11283 5824 11283 5772 11283 5824 11284 5825 11284 5772 11284 5772 11285 5826 11285 5769 11285 5825 11286 5826 11286 5772 11286 5769 11287 5826 11287 5768 11287 5826 11288 5827 11288 5768 11288 5768 11289 5827 11289 5765 11289 5827 11290 5828 11290 5765 11290 5765 11291 5828 11291 5763 11291 5763 11292 5829 11292 5760 11292 5828 11293 5829 11293 5763 11293 5829 11294 5830 11294 5760 11294 5760 11295 5831 11295 5758 11295 5830 11296 5831 11296 5760 11296 5831 11297 5832 11297 5758 11297 5758 11298 5833 11298 5755 11298 5832 11299 5833 11299 5758 11299 5755 11300 5834 11300 5754 11300 5833 11301 5834 11301 5755 11301 5834 11302 5835 11302 5754 11302 5754 11303 5836 11303 5753 11303 5835 11304 5836 11304 5754 11304 5836 11305 5837 11305 5753 11305 5753 11306 5838 11306 5752 11306 5837 11307 5838 11307 5753 11307 5752 11308 5839 11308 5145 11308 5838 11309 5839 11309 5752 11309 5839 11310 5087 11310 5145 11310 5143 11311 5595 11311 5144 11311 5144 11312 5595 11312 5804 11312 5804 11313 5595 11313 5805 11313 5805 11314 5595 11314 5806 11314 5595 11315 5598 11315 5806 11315 5806 11316 5598 11316 5807 11316 5807 11317 5598 11317 5808 11317 5598 11318 5600 11318 5808 11318 5808 11319 5600 11319 5809 11319 5600 11320 5602 11320 5809 11320 5809 11321 5602 11321 5810 11321 5810 11322 5602 11322 5811 11322 5811 11323 5604 11323 5812 11323 5602 11324 5604 11324 5811 11324 5812 11325 5604 11325 5813 11325 5604 11326 5603 11326 5813 11326 5813 11327 5603 11327 5814 11327 5814 11328 5603 11328 5815 11328 5603 11329 5601 11329 5815 11329 5815 11330 5601 11330 5816 11330 5816 11331 5601 11331 5817 11331 5601 11332 5599 11332 5817 11332 5817 11333 5599 11333 5818 11333 5599 11334 5597 11334 5818 11334 5818 11335 5597 11335 5819 11335 5597 11336 5596 11336 5819 11336 5819 11337 5596 11337 5820 11337 5820 11338 5596 11338 5821 11338 5596 11339 5594 11339 5821 11339 5821 11340 5594 11340 5822 11340 5594 11341 5592 11341 5822 11341 5822 11342 5592 11342 5823 11342 5823 11343 5592 11343 5824 11343 5592 11344 5590 11344 5824 11344 5824 11345 5590 11345 5825 11345 5825 11346 5587 11346 5826 11346 5590 11347 5587 11347 5825 11347 5826 11348 5587 11348 5827 11348 5587 11349 5585 11349 5827 11349 5585 11350 5828 11350 5827 11350 5585 11351 5829 11351 5828 11351 5585 11352 5583 11352 5829 11352 5829 11353 5583 11353 5830 11353 5830 11354 5583 11354 5831 11354 5831 11355 5581 11355 5832 11355 5583 11356 5581 11356 5831 11356 5832 11357 5581 11357 5833 11357 5581 11358 5578 11358 5833 11358 5833 11359 5578 11359 5834 11359 5834 11360 5577 11360 5835 11360 5578 11361 5577 11361 5834 11361 5835 11362 5577 11362 5836 11362 5836 11363 5574 11363 5837 11363 5577 11364 5574 11364 5836 11364 5574 11365 5838 11365 5837 11365 5574 11366 5572 11366 5838 11366 5572 11367 5839 11367 5838 11367 5839 11368 5572 11368 5087 11368 5655 11369 5086 11369 5715 11369 5656 11370 5655 11370 5715 11370 5713 11371 5656 11371 5715 11371 5657 11372 5656 11372 5713 11372 5658 11373 5657 11373 5713 11373 5712 11374 5658 11374 5713 11374 5659 11375 5658 11375 5712 11375 5711 11376 5659 11376 5712 11376 5660 11377 5659 11377 5711 11377 5661 11378 5660 11378 5711 11378 5707 11379 5661 11379 5711 11379 5662 11380 5661 11380 5707 11380 5702 11381 5662 11381 5707 11381 5663 11382 5662 11382 5702 11382 5664 11383 5663 11383 5702 11383 5701 11384 5664 11384 5702 11384 5665 11385 5664 11385 5701 11385 5700 11386 5665 11386 5701 11386 5666 11387 5665 11387 5700 11387 5667 11388 5666 11388 5700 11388 5698 11389 5667 11389 5700 11389 5668 11390 5667 11390 5698 11390 5696 11391 5668 11391 5698 11391 5669 11392 5668 11392 5696 11392 5670 11393 5669 11393 5696 11393 5694 11394 5670 11394 5696 11394 5671 11395 5670 11395 5694 11395 5672 11396 5694 11396 5693 11396 5672 11397 5671 11397 5694 11397 5673 11398 5672 11398 5693 11398 5674 11399 5693 11399 5687 11399 5674 11400 5673 11400 5693 11400 5675 11401 5674 11401 5687 11401 5686 11402 5675 11402 5687 11402 5676 11403 5675 11403 5686 11403 5677 11404 5676 11404 5686 11404 5677 11405 5686 11405 5685 11405 5678 11406 5677 11406 5685 11406 5688 11407 5678 11407 5685 11407 5679 11408 5678 11408 5688 11408 5680 11409 5679 11409 5688 11409 5690 11410 5680 11410 5688 11410 5681 11411 5680 11411 5690 11411 5682 11412 5681 11412 5690 11412 5692 11413 5682 11413 5690 11413 5683 11414 5682 11414 5692 11414 5691 11415 5683 11415 5692 11415 5684 11416 5683 11416 5691 11416 5036 11417 5684 11417 5691 11417 5450 11418 5722 11418 5452 11418 5452 11419 5722 11419 5457 11419 5722 11420 5721 11420 5457 11420 5457 11421 5721 11421 5463 11421 5463 11422 5721 11422 5469 11422 5721 11423 5720 11423 5469 11423 5469 11424 5720 11424 5475 11424 5475 11425 5720 11425 5476 11425 5476 11426 5718 11426 5478 11426 5720 11427 5718 11427 5476 11427 5478 11428 5718 11428 5480 11428 5480 11429 5717 11429 5482 11429 5718 11430 5717 11430 5480 11430 5482 11431 5717 11431 5484 11431 5717 11432 5719 11432 5484 11432 5484 11433 5719 11433 5486 11433 5486 11434 5719 11434 5487 11434 5719 11435 5724 11435 5487 11435 5487 11436 5724 11436 5489 11436 5489 11437 5724 11437 5491 11437 5491 11438 5724 11438 5492 11438 5492 11439 5724 11439 5494 11439 5724 11440 5723 11440 5494 11440 5494 11441 5723 11441 5496 11441 5496 11442 5723 11442 5499 11442 5723 11443 5716 11443 5499 11443 5499 11444 5716 11444 5500 11444 5500 11445 5716 11445 5502 11445 5502 11446 5716 11446 5504 11446 5716 11447 5714 11447 5504 11447 5504 11448 5714 11448 5511 11448 5511 11449 5714 11449 5514 11449 5514 11450 5710 11450 5522 11450 5714 11451 5710 11451 5514 11451 5522 11452 5709 11452 5526 11452 5710 11453 5709 11453 5522 11453 5526 11454 5709 11454 5530 11454 5530 11455 5705 11455 5531 11455 5709 11456 5705 11456 5530 11456 5531 11457 5705 11457 5532 11457 5532 11458 5705 11458 5534 11458 5705 11459 5704 11459 5534 11459 5534 11460 5704 11460 5537 11460 5537 11461 5704 11461 5539 11461 5539 11462 5703 11462 5541 11462 5704 11463 5703 11463 5539 11463 5541 11464 5703 11464 5543 11464 5543 11465 5703 11465 5545 11465 5703 11466 5699 11466 5545 11466 5545 11467 5699 11467 5546 11467 5546 11468 5699 11468 5548 11468 5548 11469 5699 11469 5551 11469 5551 11470 5697 11470 5552 11470 5699 11471 5697 11471 5551 11471 5552 11472 5697 11472 5555 11472 5555 11473 5697 11473 5557 11473 5557 11474 4981 11474 4982 11474 5697 11475 4981 11475 5557 11475 4974 11476 4980 11476 5840 11476 5840 11477 5399 11477 5841 11477 4980 11478 5399 11478 5840 11478 5841 11479 5399 11479 5842 11479 5399 11480 5401 11480 5842 11480 5842 11481 5401 11481 5843 11481 5843 11482 5401 11482 5844 11482 5844 11483 5401 11483 5845 11483 5845 11484 5401 11484 5846 11484 5846 11485 5401 11485 5847 11485 5401 11486 5849 11486 5847 11486 5847 11487 5849 11487 5848 11487 5848 11488 5849 11488 5850 11488 5850 11489 5849 11489 5851 11489 5849 11490 5855 11490 5851 11490 5851 11491 5855 11491 5852 11491 5852 11492 5855 11492 5853 11492 5853 11493 5855 11493 5854 11493 5854 11494 4976 11494 5856 11494 5855 11495 4976 11495 5854 11495 5856 11496 4976 11496 5857 11496 5857 11497 4976 11497 5858 11497 4975 11498 4974 11498 5245 11498 4974 11499 5840 11499 5245 11499 5245 11500 5840 11500 5246 11500 5840 11501 5841 11501 5246 11501 5246 11502 5841 11502 5247 11502 5841 11503 5842 11503 5247 11503 5247 11504 5842 11504 5248 11504 5842 11505 5843 11505 5248 11505 5248 11506 5843 11506 5249 11506 5843 11507 5844 11507 5249 11507 5249 11508 5844 11508 5250 11508 5844 11509 5845 11509 5250 11509 5845 11510 5846 11510 5250 11510 5250 11511 5846 11511 5251 11511 5846 11512 5847 11512 5251 11512 5251 11513 5847 11513 5252 11513 5847 11514 5848 11514 5252 11514 5252 11515 5848 11515 5253 11515 5253 11516 5850 11516 5254 11516 5848 11517 5850 11517 5253 11517 5254 11518 5851 11518 5255 11518 5850 11519 5851 11519 5254 11519 5851 11520 5852 11520 5255 11520 5255 11521 5852 11521 5256 11521 5852 11522 5853 11522 5256 11522 5256 11523 5853 11523 5257 11523 5853 11524 5854 11524 5257 11524 5257 11525 5854 11525 5258 11525 5854 11526 5856 11526 5258 11526 5258 11527 5856 11527 5259 11527 5856 11528 5857 11528 5259 11528 5259 11529 5857 11529 5260 11529 5857 11530 5858 11530 5260 11530 4946 11531 4944 11531 5556 11531 4944 11532 5774 11532 5556 11532 5556 11533 5774 11533 5554 11533 5554 11534 5774 11534 5553 11534 5553 11535 5774 11535 5550 11535 5774 11536 5783 11536 5550 11536 5550 11537 5783 11537 5549 11537 5549 11538 5783 11538 5547 11538 5547 11539 5783 11539 5544 11539 5544 11540 5783 11540 5542 11540 5783 11541 5781 11541 5542 11541 5542 11542 5781 11542 5540 11542 5781 11543 5779 11543 5538 11543 5538 11544 5779 11544 5536 11544 5536 11545 5779 11545 5535 11545 5535 11546 5779 11546 5533 11546 5779 11547 5780 11547 5533 11547 5533 11548 5780 11548 5527 11548 5780 11549 5782 11549 5517 11549 5517 11550 5782 11550 5513 11550 5513 11551 5782 11551 5506 11551 5782 11552 5792 11552 5506 11552 5506 11553 5792 11553 5505 11553 5505 11554 5792 11554 5503 11554 5792 11555 5785 11555 5503 11555 5503 11556 5785 11556 5501 11556 5501 11557 5785 11557 5498 11557 5498 11558 5785 11558 5497 11558 5785 11559 5775 11559 5497 11559 5497 11560 5775 11560 5495 11560 5495 11561 5775 11561 5493 11561 5493 11562 5764 11562 5490 11562 5775 11563 5764 11563 5493 11563 5764 11564 5762 11564 5488 11564 5488 11565 5762 11565 5485 11565 5485 11566 5762 11566 5483 11566 5483 11567 5762 11567 5481 11567 5481 11568 5762 11568 5479 11568 5479 11569 5759 11569 5477 11569 5762 11570 5759 11570 5479 11570 5477 11571 5759 11571 5474 11571 5474 11572 5759 11572 5470 11572 5759 11573 5462 11573 5470 11573 5759 11574 5756 11574 5462 11574 5756 11575 5459 11575 5462 11575 5459 11576 5756 11576 5453 11576 5453 11577 5756 11577 5451 11577 5756 11578 4896 11578 5451 11578 5451 11579 4896 11579 5449 11579 4890 11580 5268 11580 5859 11580 5859 11581 5268 11581 5860 11581 5860 11582 5268 11582 5861 11582 5861 11583 5268 11583 5862 11583 5268 11584 5270 11584 5862 11584 5862 11585 5270 11585 5863 11585 5863 11586 5270 11586 5864 11586 5864 11587 5270 11587 5865 11587 5865 11588 5273 11588 5866 11588 5270 11589 5273 11589 5865 11589 5866 11590 5273 11590 5867 11590 5867 11591 5273 11591 5868 11591 5868 11592 5273 11592 5869 11592 5273 11593 5872 11593 5869 11593 5869 11594 5872 11594 5870 11594 5870 11595 5872 11595 5871 11595 5871 11596 5872 11596 5873 11596 5873 11597 5872 11597 4859 11597 4859 11598 5872 11598 4891 11598 4889 11599 4890 11599 5454 11599 4890 11600 5859 11600 5454 11600 5454 11601 5859 11601 5455 11601 5859 11602 5860 11602 5455 11602 5455 11603 5860 11603 5456 11603 5456 11604 5861 11604 5458 11604 5860 11605 5861 11605 5456 11605 5861 11606 5862 11606 5458 11606 5458 11607 5862 11607 5460 11607 5862 11608 5863 11608 5460 11608 5460 11609 5863 11609 5461 11609 5863 11610 5864 11610 5461 11610 5461 11611 5864 11611 5464 11611 5464 11612 5865 11612 5465 11612 5864 11613 5865 11613 5464 11613 5465 11614 5866 11614 5466 11614 5865 11615 5866 11615 5465 11615 5866 11616 5867 11616 5466 11616 5466 11617 5867 11617 5467 11617 5467 11618 5868 11618 5468 11618 5867 11619 5868 11619 5467 11619 5868 11620 5869 11620 5468 11620 5468 11621 5869 11621 5471 11621 5869 11622 5870 11622 5471 11622 5471 11623 5870 11623 5472 11623 5870 11624 5871 11624 5472 11624 5472 11625 5873 11625 5473 11625 5871 11626 5873 11626 5472 11626 5873 11627 4859 11627 5473 11627 5473 11628 4859 11628 4860 11628 5874 11629 5301 11629 5875 11629 5301 11630 5878 11630 5875 11630 5875 11631 5878 11631 5876 11631 5876 11632 5878 11632 5877 11632 5877 11633 5878 11633 5879 11633 5879 11634 5878 11634 5880 11634 5878 11635 5881 11635 5880 11635 5880 11636 5881 11636 5882 11636 5882 11637 5881 11637 5883 11637 5883 11638 5881 11638 5884 11638 5881 11639 5889 11639 5884 11639 5884 11640 5889 11640 5885 11640 5885 11641 5889 11641 5886 11641 5886 11642 5889 11642 5887 11642 5887 11643 5889 11643 5888 11643 5888 11644 5889 11644 4826 11644 5889 11645 4856 11645 4826 11645 4854 11646 5874 11646 5507 11646 5507 11647 5875 11647 5508 11647 5874 11648 5875 11648 5507 11648 5508 11649 5876 11649 5509 11649 5875 11650 5876 11650 5508 11650 5509 11651 5876 11651 5510 11651 5876 11652 5877 11652 5510 11652 5510 11653 5877 11653 5512 11653 5877 11654 5879 11654 5512 11654 5512 11655 5879 11655 5515 11655 5879 11656 5880 11656 5515 11656 5515 11657 5880 11657 5516 11657 5880 11658 5882 11658 5516 11658 5516 11659 5882 11659 5518 11659 5518 11660 5882 11660 5519 11660 5882 11661 5883 11661 5519 11661 5519 11662 5883 11662 5520 11662 5883 11663 5884 11663 5520 11663 5520 11664 5884 11664 5521 11664 5884 11665 5885 11665 5521 11665 5521 11666 5885 11666 5523 11666 5885 11667 5886 11667 5523 11667 5523 11668 5886 11668 5524 11668 5886 11669 5887 11669 5524 11669 5524 11670 5887 11670 5525 11670 5525 11671 5888 11671 5528 11671 5887 11672 5888 11672 5525 11672 5528 11673 4826 11673 5529 11673 5888 11674 4826 11674 5528 11674 5890 11675 5893 11675 5891 11675 5891 11676 5893 11676 5892 11676 5892 11677 5893 11677 5894 11677 5893 11678 5338 11678 5894 11678 5894 11679 5338 11679 5895 11679 5895 11680 5338 11680 5896 11680 5896 11681 5338 11681 5897 11681 5338 11682 5898 11682 5897 11682 5897 11683 5898 11683 5899 11683 5899 11684 5898 11684 5900 11684 5900 11685 5898 11685 5901 11685 5901 11686 5342 11686 5902 11686 5898 11687 5342 11687 5901 11687 5902 11688 5342 11688 5903 11688 5903 11689 5342 11689 5904 11689 5904 11690 5342 11690 5905 11690 5342 11691 4822 11691 5905 11691 5905 11692 4822 11692 4794 11692 4821 11693 5890 11693 5231 11693 5890 11694 5891 11694 5231 11694 5231 11695 5891 11695 5232 11695 5891 11696 5892 11696 5232 11696 5232 11697 5892 11697 5233 11697 5892 11698 5894 11698 5233 11698 5233 11699 5894 11699 5234 11699 5894 11700 5895 11700 5234 11700 5234 11701 5895 11701 5235 11701 5895 11702 5896 11702 5235 11702 5235 11703 5896 11703 5236 11703 5896 11704 5897 11704 5236 11704 5236 11705 5897 11705 5237 11705 5897 11706 5899 11706 5237 11706 5237 11707 5899 11707 5238 11707 5899 11708 5900 11708 5238 11708 5238 11709 5900 11709 5239 11709 5900 11710 5901 11710 5239 11710 5239 11711 5901 11711 5240 11711 5901 11712 5902 11712 5240 11712 5240 11713 5902 11713 5241 11713 5902 11714 5903 11714 5241 11714 5241 11715 5903 11715 5242 11715 5903 11716 5904 11716 5242 11716 5242 11717 5904 11717 5243 11717 5904 11718 5905 11718 5243 11718 5243 11719 4794 11719 5244 11719 5905 11720 4794 11720 5243 11720 5790 11721 5917 11721 5777 11721 5908 11722 5917 11722 5790 11722 5776 11723 5906 11723 5919 11723 5786 11724 5776 11724 5919 11724 5795 11725 5786 11725 5919 11725 5795 11726 5919 11726 5907 11726 5790 11727 5795 11727 5907 11727 5790 11728 5907 11728 5908 11728 5911 11729 5906 11729 5776 11729 5911 11730 5776 11730 5770 11730 5773 11731 5917 11731 5909 11731 5773 11732 5777 11732 5917 11732 5771 11733 5773 11733 5909 11733 5771 11734 5909 11734 5910 11734 5770 11735 5771 11735 5910 11735 5770 11736 5910 11736 5911 11736 5918 11737 5912 11737 5910 11737 5914 11738 5912 11738 5918 11738 5915 11739 5914 11739 5918 11739 5916 11740 5915 11740 5918 11740 5916 11741 5918 11741 5913 11741 5912 11742 5914 11742 5911 11742 5911 11743 5914 11743 5906 11743 5913 11744 5909 11744 5917 11744 5918 11745 5909 11745 5913 11745 5918 11746 5910 11746 5909 11746 5912 11747 5911 11747 5910 11747 5919 11748 5906 11748 5914 11748 5915 11749 5919 11749 5914 11749 5915 11750 5907 11750 5919 11750 5916 11751 5907 11751 5915 11751 5907 11752 5916 11752 5908 11752 5913 11753 5908 11753 5916 11753 5917 11754 5908 11754 5913 11754 4776 11755 5751 11755 5920 11755 5920 11756 5749 11756 5921 11756 5751 11757 5749 11757 5920 11757 5921 11758 5749 11758 5922 11758 5922 11759 5749 11759 5923 11759 5749 11760 5750 11760 5923 11760 5923 11761 5750 11761 5924 11761 5924 11762 5750 11762 5925 11762 5925 11763 5750 11763 5926 11763 5926 11764 5750 11764 5927 11764 5750 11765 5748 11765 5927 11765 5927 11766 5748 11766 5928 11766 5928 11767 5748 11767 5929 11767 5929 11768 5748 11768 5930 11768 5748 11769 5747 11769 5930 11769 5930 11770 5747 11770 5931 11770 5931 11771 5747 11771 5932 11771 5747 11772 4790 11772 5932 11772 4775 11773 5933 11773 4789 11773 4789 11774 5933 11774 4790 11774 5933 11775 5934 11775 4790 11775 4790 11776 5934 11776 5932 11776 5932 11777 5935 11777 5931 11777 5934 11778 5935 11778 5932 11778 5931 11779 5935 11779 5930 11779 5935 11780 5936 11780 5930 11780 5930 11781 5936 11781 5929 11781 5936 11782 5937 11782 5929 11782 5937 11783 5938 11783 5929 11783 5929 11784 5938 11784 5928 11784 5938 11785 5939 11785 5928 11785 5928 11786 5939 11786 5927 11786 5939 11787 5940 11787 5927 11787 5927 11788 5940 11788 5926 11788 5940 11789 5941 11789 5926 11789 5926 11790 5941 11790 5925 11790 5941 11791 5942 11791 5925 11791 5925 11792 5942 11792 5924 11792 5942 11793 5943 11793 5924 11793 5924 11794 5943 11794 5923 11794 5943 11795 5944 11795 5923 11795 5923 11796 5944 11796 5922 11796 5922 11797 5945 11797 5921 11797 5944 11798 5945 11798 5922 11798 5921 11799 5946 11799 5920 11799 5945 11800 5946 11800 5921 11800 5920 11801 5946 11801 4776 11801 5946 11802 4758 11802 4776 11802 4775 11803 5947 11803 5933 11803 5933 11804 5947 11804 5934 11804 5934 11805 5947 11805 5935 11805 5935 11806 5947 11806 5936 11806 5947 11807 5948 11807 5936 11807 5936 11808 5948 11808 5937 11808 5937 11809 5948 11809 5938 11809 5938 11810 5948 11810 5939 11810 5948 11811 5949 11811 5939 11811 5939 11812 5949 11812 5940 11812 5940 11813 5949 11813 5941 11813 5941 11814 5949 11814 5942 11814 5949 11815 5950 11815 5942 11815 5942 11816 5950 11816 5943 11816 5943 11817 5950 11817 5944 11817 5944 11818 5950 11818 5945 11818 5950 11819 4759 11819 5945 11819 5945 11820 4759 11820 5946 11820 5946 11821 4759 11821 4758 11821 4740 11822 4757 11822 5951 11822 5951 11823 4757 11823 5952 11823 5952 11824 4757 11824 5953 11824 4757 11825 5767 11825 5953 11825 5953 11826 5767 11826 5954 11826 5954 11827 5767 11827 5955 11827 5955 11828 5767 11828 5956 11828 5956 11829 5767 11829 5957 11829 5767 11830 5959 11830 5957 11830 5957 11831 5959 11831 5958 11831 5958 11832 5959 11832 5960 11832 5959 11833 5761 11833 5960 11833 5960 11834 5761 11834 5961 11834 5961 11835 5761 11835 5962 11835 5962 11836 5761 11836 5963 11836 5963 11837 5761 11837 5964 11837 5761 11838 4753 11838 5964 11838 5964 11839 4753 11839 5965 11839 5965 11840 4753 11840 4752 11840 5966 11841 5967 11841 4752 11841 4752 11842 5967 11842 5965 11842 5965 11843 5968 11843 5964 11843 5967 11844 5968 11844 5965 11844 5964 11845 5969 11845 5963 11845 5968 11846 5969 11846 5964 11846 5963 11847 5969 11847 5962 11847 5969 11848 5970 11848 5962 11848 5962 11849 5970 11849 5961 11849 5970 11850 5980 11850 5961 11850 5961 11851 5980 11851 5960 11851 5980 11852 5971 11852 5960 11852 5960 11853 5971 11853 5958 11853 5971 11854 5972 11854 5958 11854 5972 11855 5973 11855 5958 11855 5958 11856 5973 11856 5957 11856 5957 11857 5974 11857 5956 11857 5973 11858 5974 11858 5957 11858 5956 11859 5974 11859 5955 11859 5974 11860 5975 11860 5955 11860 5955 11861 5975 11861 5954 11861 5975 11862 5976 11862 5954 11862 5954 11863 5976 11863 5953 11863 5953 11864 5977 11864 5952 11864 5976 11865 5977 11865 5953 11865 5952 11866 5978 11866 5951 11866 5977 11867 5978 11867 5952 11867 5951 11868 5978 11868 4740 11868 5978 11869 4724 11869 4740 11869 5978 11870 5983 11870 4724 11870 5966 11871 4739 11871 5967 11871 4739 11872 5979 11872 5967 11872 5967 11873 5979 11873 5968 11873 5968 11874 5979 11874 5969 11874 5969 11875 5979 11875 5970 11875 5979 11876 5980 11876 5970 11876 5980 11877 5981 11877 5971 11877 5971 11878 5981 11878 5972 11878 5972 11879 5981 11879 5973 11879 5973 11880 5981 11880 5974 11880 5981 11881 5982 11881 5974 11881 5974 11882 5982 11882 5975 11882 5975 11883 5982 11883 5976 11883 5982 11884 5983 11884 5976 11884 5976 11885 5983 11885 5977 11885 5977 11886 5983 11886 5978 11886 5984 11887 5985 11887 5986 11887 5986 11888 5988 11888 5987 11888 5985 11889 5988 11889 5986 11889 5987 11890 5988 11890 5989 11890 5989 11891 5988 11891 5990 11891 5990 11892 5988 11892 5991 11892 5988 11893 5993 11893 5991 11893 5991 11894 5993 11894 5992 11894 5992 11895 5993 11895 5994 11895 5993 11896 5996 11896 5994 11896 5994 11897 5996 11897 5995 11897 5995 11898 5996 11898 5997 11898 5997 11899 5996 11899 5998 11899 5998 11900 5996 11900 5999 11900 5996 11901 6001 11901 5999 11901 5999 11902 6001 11902 6000 11902 6000 11903 6001 11903 6002 11903 6002 11904 6001 11904 6003 11904 6003 11905 6004 11905 6002 11905 6004 11906 6005 11906 6002 11906 6005 11907 6006 11907 6002 11907 6002 11908 6006 11908 6000 11908 6000 11909 6007 11909 5999 11909 6006 11910 6007 11910 6000 11910 5999 11911 6007 11911 5998 11911 6007 11912 6008 11912 5998 11912 5998 11913 6008 11913 5997 11913 6008 11914 6009 11914 5997 11914 5997 11915 6009 11915 5995 11915 6009 11916 6010 11916 5995 11916 5995 11917 6010 11917 5994 11917 5994 11918 6010 11918 5992 11918 6010 11919 6011 11919 5992 11919 5992 11920 6011 11920 5991 11920 6011 11921 6012 11921 5991 11921 5991 11922 6013 11922 5990 11922 6012 11923 6013 11923 5991 11923 5990 11924 6014 11924 5989 11924 6013 11925 6014 11925 5990 11925 5989 11926 6015 11926 5987 11926 6014 11927 6015 11927 5989 11927 5987 11928 6016 11928 5986 11928 6015 11929 6016 11929 5987 11929 5986 11930 6016 11930 5984 11930 6016 11931 6017 11931 5984 11931 6004 11932 6018 11932 6005 11932 6018 11933 6019 11933 6005 11933 6005 11934 6019 11934 6006 11934 6006 11935 6019 11935 6007 11935 6007 11936 6019 11936 6008 11936 6019 11937 5708 11937 6008 11937 6008 11938 5708 11938 6009 11938 6009 11939 5708 11939 6010 11939 6010 11940 5708 11940 6011 11940 5708 11941 5706 11941 6011 11941 6011 11942 5706 11942 6012 11942 6012 11943 5706 11943 6013 11943 6013 11944 5706 11944 6014 11944 5706 11945 4690 11945 6014 11945 6014 11946 4690 11946 6015 11946 6015 11947 4690 11947 6016 11947 6016 11948 4690 11948 6017 11948 6020 11949 5766 11949 6021 11949 6021 11950 5766 11950 6022 11950 6022 11951 6026 11951 6023 11951 5766 11952 6026 11952 6022 11952 6023 11953 6026 11953 6024 11953 6024 11954 6026 11954 6025 11954 6025 11955 6028 11955 6027 11955 6026 11956 6028 11956 6025 11956 6027 11957 6028 11957 6029 11957 6029 11958 6028 11958 6030 11958 6030 11959 6028 11959 6031 11959 6028 11960 6032 11960 6031 11960 6031 11961 6032 11961 6033 11961 6033 11962 6032 11962 6034 11962 6034 11963 6032 11963 6035 11963 6032 11964 6038 11964 6035 11964 6035 11965 6038 11965 6036 11965 6036 11966 6038 11966 6037 11966 6037 11967 6038 11967 6039 11967 6039 11968 6038 11968 6040 11968 6038 11969 5757 11969 6040 11969 6040 11970 5757 11970 4685 11970 6041 11971 6042 11971 4685 11971 4685 11972 6042 11972 6040 11972 6040 11973 6042 11973 6039 11973 6042 11974 6043 11974 6039 11974 6043 11975 6044 11975 6039 11975 6039 11976 6044 11976 6037 11976 6037 11977 6044 11977 6036 11977 6044 11978 6045 11978 6036 11978 6036 11979 6045 11979 6035 11979 6045 11980 6046 11980 6035 11980 6035 11981 6046 11981 6034 11981 6034 11982 6046 11982 6033 11982 6046 11983 6047 11983 6033 11983 6047 11984 6048 11984 6033 11984 6033 11985 6048 11985 6031 11985 6031 11986 6048 11986 6030 11986 6048 11987 6049 11987 6030 11987 6030 11988 6050 11988 6029 11988 6049 11989 6050 11989 6030 11989 6029 11990 6051 11990 6027 11990 6050 11991 6051 11991 6029 11991 6051 11992 6052 11992 6027 11992 6027 11993 6052 11993 6025 11993 6025 11994 6053 11994 6024 11994 6052 11995 6053 11995 6025 11995 6024 11996 6053 11996 6023 11996 6053 11997 6054 11997 6023 11997 6023 11998 6054 11998 6022 11998 6054 11999 6055 11999 6022 11999 6022 12000 6055 12000 6021 12000 6021 12001 4650 12001 6020 12001 6055 12002 4650 12002 6021 12002 6041 12003 6056 12003 6042 12003 6042 12004 6057 12004 6043 12004 6056 12005 6057 12005 6042 12005 6043 12006 6057 12006 6044 12006 6044 12007 6057 12007 6045 12007 6057 12008 6058 12008 6045 12008 6045 12009 6058 12009 6046 12009 6046 12010 6058 12010 6047 12010 6047 12011 6058 12011 6048 12011 6048 12012 6058 12012 6049 12012 6049 12013 5689 12013 6050 12013 6058 12014 5689 12014 6049 12014 6050 12015 5689 12015 6051 12015 6051 12016 5689 12016 6052 12016 6052 12017 5689 12017 6053 12017 6053 12018 4651 12018 6054 12018 5689 12019 4651 12019 6053 12019 6054 12020 4651 12020 6055 12020 6055 12021 4651 12021 4650 12021 6059 12022 6060 12022 5387 12022 6059 12023 6061 12023 6060 12023 4649 12024 6062 12024 5264 12024 5262 12025 6062 12025 5261 12025 5295 12026 6064 12026 6066 12026 6065 12027 6066 12027 6064 12027 6066 12028 5294 12028 6067 12028 5294 12029 5296 12029 6067 12029 6066 12030 6067 12030 5295 12030 5295 12031 6067 12031 5296 12031 6069 12032 5325 12032 5324 12032 5447 12033 6072 12033 6070 12033 5448 12034 6071 12034 6073 12034 6073 12035 5327 12035 5448 12035 5570 12036 4646 12036 4647 12036 5570 12037 4647 12037 6074 12037 5570 12038 6074 12038 6075 12038 5567 12039 6075 12039 6076 12039 5567 12040 5570 12040 6075 12040 5565 12041 6076 12041 6077 12041 5565 12042 5567 12042 6076 12042 5563 12043 6077 12043 6078 12043 5563 12044 5565 12044 6077 12044 5561 12045 6078 12045 6079 12045 5561 12046 5563 12046 6078 12046 5561 12047 6079 12047 6080 12047 5559 12048 5561 12048 6080 12048 5559 12049 6080 12049 6081 12049 5558 12050 5559 12050 6081 12050 5558 12051 6081 12051 6082 12051 5560 12052 6082 12052 6083 12052 5560 12053 5558 12053 6082 12053 5562 12054 5560 12054 6083 12054 5562 12055 6083 12055 6084 12055 5562 12056 6084 12056 6085 12056 5564 12057 5562 12057 6085 12057 5566 12058 6085 12058 6086 12058 5566 12059 5564 12059 6085 12059 5566 12060 6086 12060 6087 12060 5568 12061 5566 12061 6087 12061 5569 12062 6087 12062 6088 12062 5569 12063 5568 12063 6087 12063 5569 12064 6088 12064 6089 12064 5571 12065 5569 12065 6089 12065 5571 12066 6089 12066 6090 12066 5573 12067 5571 12067 6090 12067 5573 12068 6090 12068 6091 12068 5575 12069 5573 12069 6091 12069 5576 12070 6091 12070 6092 12070 5576 12071 5575 12071 6091 12071 5576 12072 6092 12072 6093 12072 5579 12073 6093 12073 6094 12073 5579 12074 5576 12074 6093 12074 5580 12075 5579 12075 6094 12075 5580 12076 6094 12076 6095 12076 5582 12077 5580 12077 6095 12077 5582 12078 6095 12078 6096 12078 5584 12079 5582 12079 6096 12079 5584 12080 6096 12080 6097 12080 5586 12081 5584 12081 6097 12081 5586 12082 6097 12082 6098 12082 5586 12083 6098 12083 6099 12083 5588 12084 5586 12084 6099 12084 5588 12085 6099 12085 6100 12085 5589 12086 6100 12086 6101 12086 5589 12087 5588 12087 6100 12087 5591 12088 6101 12088 6102 12088 5591 12089 5589 12089 6101 12089 5591 12090 6102 12090 6103 12090 5593 12091 5591 12091 6103 12091 4595 12092 6103 12092 4594 12092 4595 12093 5593 12093 6103 12093 6081 12094 5418 12094 5415 12094 6081 12095 5414 12095 6082 12095 5415 12096 5414 12096 6081 12096 6081 12097 5419 12097 5418 12097 6082 12098 5411 12098 6083 12098 5414 12099 5411 12099 6082 12099 6080 12100 5422 12100 6081 12100 6081 12101 5422 12101 5419 12101 5411 12102 5410 12102 6083 12102 6079 12103 5424 12103 6080 12103 6080 12104 5424 12104 5422 12104 6083 12105 5407 12105 6084 12105 5410 12106 5407 12106 6083 12106 6079 12107 5426 12107 5424 12107 6084 12108 5404 12108 6085 12108 5407 12109 5404 12109 6084 12109 6078 12110 5428 12110 6079 12110 6079 12111 5428 12111 5426 12111 5404 12112 5403 12112 6085 12112 6078 12113 5429 12113 5428 12113 6077 12114 5431 12114 6078 12114 6078 12115 5431 12115 5429 12115 5403 12116 5400 12116 6085 12116 6085 12117 5400 12117 6086 12117 6077 12118 5434 12118 5431 12118 5400 12119 5398 12119 6086 12119 6076 12120 5435 12120 6077 12120 6077 12121 5435 12121 5434 12121 5398 12122 5397 12122 6086 12122 6086 12123 5397 12123 6087 12123 6076 12124 5437 12124 5435 12124 5397 12125 5395 12125 6087 12125 6075 12126 5440 12126 6076 12126 6076 12127 5440 12127 5437 12127 5395 12128 5394 12128 6087 12128 6074 12129 5442 12129 6075 12129 6075 12130 5442 12130 5440 12130 6087 12131 5392 12131 6088 12131 5394 12132 5392 12132 6087 12132 6074 12133 5443 12133 5442 12133 5392 12134 5386 12134 6088 12134 6088 12135 5384 12135 6089 12135 5386 12136 5384 12136 6088 12136 4647 12137 5261 12137 6074 12137 6074 12138 5261 12138 5443 12138 4645 12139 5261 12139 4647 12139 6089 12140 5380 12140 6090 12140 5384 12141 5380 12141 6089 12141 4645 12142 5263 12142 5261 12142 5380 12143 5382 12143 6090 12143 4645 12144 5265 12144 5263 12144 5382 12145 5379 12145 6090 12145 4645 12146 4643 12146 5265 12146 4643 12147 5266 12147 5265 12147 5379 12148 6091 12148 6090 12148 5379 12149 5377 12149 6091 12149 4643 12150 4642 12150 5266 12150 4642 12151 5267 12151 5266 12151 5377 12152 5375 12152 6091 12152 4642 12153 5269 12153 5267 12153 5375 12154 5373 12154 6091 12154 6091 12155 5373 12155 6092 12155 5373 12156 5371 12156 6092 12156 4642 12157 4639 12157 5269 12157 4639 12158 5271 12158 5269 12158 5371 12159 5369 12159 6092 12159 6092 12160 5369 12160 6093 12160 5369 12161 5366 12161 6093 12161 4639 12162 5272 12162 5271 12162 5366 12163 6094 12163 6093 12163 5366 12164 5365 12164 6094 12164 4639 12165 4637 12165 5272 12165 4637 12166 5274 12166 5272 12166 5365 12167 5363 12167 6094 12167 4637 12168 5275 12168 5274 12168 5363 12169 5361 12169 6094 12169 4637 12170 5276 12170 5275 12170 6094 12171 5359 12171 6095 12171 5361 12172 5359 12172 6094 12172 4635 12173 5277 12173 4637 12173 4637 12174 5277 12174 5276 12174 5359 12175 5357 12175 6095 12175 4635 12176 5278 12176 5277 12176 5357 12177 5355 12177 6095 12177 5278 12178 4633 12178 5279 12178 4635 12179 4633 12179 5278 12179 5352 12180 6096 12180 5355 12180 5355 12181 6096 12181 6095 12181 5279 12182 4633 12182 5280 12182 5351 12183 6096 12183 5352 12183 4633 12184 5281 12184 5280 12184 5351 12185 5349 12185 6096 12185 5349 12186 6097 12186 6096 12186 4633 12187 4631 12187 5281 12187 5281 12188 4631 12188 5282 12188 5349 12189 6098 12189 6097 12189 5345 12190 6098 12190 5349 12190 4631 12191 5283 12191 5282 12191 4631 12192 4630 12192 5283 12192 5345 12193 5343 12193 6098 12193 5283 12194 4630 12194 5284 12194 5343 12195 5341 12195 6098 12195 4630 12196 5285 12196 5284 12196 5339 12197 6099 12197 5341 12197 5341 12198 6099 12198 6098 12198 4630 12199 4628 12199 5285 12199 5285 12200 4628 12200 5286 12200 5339 12201 5336 12201 6099 12201 5336 12202 6100 12202 6099 12202 5286 12203 4628 12203 5287 12203 4628 12204 5288 12204 5287 12204 4628 12205 4626 12205 5288 12205 5336 12206 5335 12206 6100 12206 5335 12207 6101 12207 6100 12207 4626 12208 5289 12208 5288 12208 5334 12209 6101 12209 5335 12209 4626 12210 5290 12210 5289 12210 5333 12211 6102 12211 5334 12211 5334 12212 6102 12212 6101 12212 5290 12213 4624 12213 5291 12213 4626 12214 4624 12214 5290 12214 5333 12215 5328 12215 6102 12215 4624 12216 5292 12216 5291 12216 5328 12217 6103 12217 6102 12217 4624 12218 5293 12218 5292 12218 5326 12219 6103 12219 5328 12219 4624 12220 4622 12220 5293 12220 5326 12221 4594 12221 6103 12221 5323 12222 4594 12222 5326 12222 4622 12223 4621 12223 5293 12223 5293 12224 4621 12224 6068 12224 4621 12225 5297 12225 6068 12225 5323 12226 5322 12226 4594 12226 5322 12227 4596 12227 4594 12227 4621 12228 4618 12228 5297 12228 5297 12229 4618 12229 5298 12229 5321 12230 4596 12230 5322 12230 5298 12231 4617 12231 5299 12231 4618 12232 4617 12232 5298 12232 5320 12233 4597 12233 5321 12233 5319 12234 4597 12234 5320 12234 5321 12235 4597 12235 4596 12235 5300 12236 4614 12236 5302 12236 5299 12237 4614 12237 5300 12237 4617 12238 4614 12238 5299 12238 5318 12239 4600 12239 5319 12239 5317 12240 4600 12240 5318 12240 5319 12241 4600 12241 4597 12241 5316 12242 4600 12242 5317 12242 5302 12243 4612 12243 5303 12243 4614 12244 4612 12244 5302 12244 5315 12245 4601 12245 5316 12245 5316 12246 4601 12246 4600 12246 5314 12247 4601 12247 5315 12247 4612 12248 4611 12248 5303 12248 5304 12249 4611 12249 5305 12249 5303 12250 4611 12250 5304 12250 5314 12251 4603 12251 4601 12251 5313 12252 4603 12252 5314 12252 4611 12253 4610 12253 5305 12253 5305 12254 4610 12254 5306 12254 5313 12255 4606 12255 4603 12255 5312 12256 4606 12256 5313 12256 5311 12257 4606 12257 5312 12257 5306 12258 4610 12258 5307 12258 5307 12259 4607 12259 5308 12259 4610 12260 4607 12260 5307 12260 5310 12261 4606 12261 5311 12261 5309 12262 4607 12262 5310 12262 5308 12263 4607 12263 5309 12263 5310 12264 4607 12264 4606 12264 5446 12265 4593 12265 4591 12265 5626 12266 5446 12266 4591 12266 5444 12267 5446 12267 5626 12267 5441 12268 5444 12268 5626 12268 5621 12269 5441 12269 5626 12269 5439 12270 5441 12270 5621 12270 5438 12271 5439 12271 5621 12271 5436 12272 5438 12272 5621 12272 5619 12273 5436 12273 5621 12273 5433 12274 5436 12274 5619 12274 5432 12275 5433 12275 5619 12275 5615 12276 5432 12276 5619 12276 5430 12277 5432 12277 5615 12277 5427 12278 5430 12278 5615 12278 5425 12279 5427 12279 5615 12279 5609 12280 5425 12280 5615 12280 5423 12281 5425 12281 5609 12281 5421 12282 5423 12282 5609 12282 5606 12283 5421 12283 5609 12283 5420 12284 5421 12284 5606 12284 5417 12285 5420 12285 5606 12285 5605 12286 5417 12286 5606 12286 5416 12287 5417 12287 5605 12287 5413 12288 5416 12288 5605 12288 5412 12289 5413 12289 5605 12289 5611 12290 5412 12290 5605 12290 5409 12291 5412 12291 5611 12291 5614 12292 5409 12292 5611 12292 5408 12293 5409 12293 5614 12293 5406 12294 5408 12294 5614 12294 5617 12295 5406 12295 5614 12295 5405 12296 5406 12296 5617 12296 5402 12297 5405 12297 5617 12297 5623 12298 5402 12298 5617 12298 5396 12299 5402 12299 5623 12299 5393 12300 5623 12300 5628 12300 5393 12301 5396 12301 5623 12301 5391 12302 5393 12302 5628 12302 5390 12303 5391 12303 5628 12303 5630 12304 5390 12304 5628 12304 5389 12305 5390 12305 5630 12305 5388 12306 5389 12306 5630 12306 5385 12307 5388 12307 5630 12307 5381 12308 5630 12308 5633 12308 5381 12309 5385 12309 5630 12309 5378 12310 5381 12310 5633 12310 5376 12311 5378 12311 5633 12311 5634 12312 5376 12312 5633 12312 5374 12313 5376 12313 5634 12313 5372 12314 5374 12314 5634 12314 5370 12315 5372 12315 5634 12315 5636 12316 5370 12316 5634 12316 5368 12317 5370 12317 5636 12317 5367 12318 5368 12318 5636 12318 5638 12319 5367 12319 5636 12319 5364 12320 5367 12320 5638 12320 5640 12321 5364 12321 5638 12321 5362 12322 5364 12322 5640 12322 5360 12323 5362 12323 5640 12323 5358 12324 5360 12324 5640 12324 5356 12325 5358 12325 5640 12325 5354 12326 5356 12326 5640 12326 5354 12327 5640 12327 5643 12327 5353 12328 5354 12328 5643 12328 5350 12329 5353 12329 5643 12329 5348 12330 5350 12330 5643 12330 5645 12331 5348 12331 5643 12331 5347 12332 5348 12332 5645 12332 5346 12333 5347 12333 5645 12333 5344 12334 5346 12334 5645 12334 5647 12335 5344 12335 5645 12335 5340 12336 5344 12336 5647 12336 5340 12337 5647 12337 5650 12337 5337 12338 5340 12338 5650 12338 5651 12339 5337 12339 5650 12339 5332 12340 5337 12340 5651 12340 5331 12341 5332 12341 5651 12341 5330 12342 5331 12342 5651 12342 5329 12343 5651 12343 5653 12343 5329 12344 5330 12344 5651 12344 4515 12345 5329 12345 5653 12345 6120 12346 6104 12346 6121 12346 6120 12347 6105 12347 6104 12347 6120 12348 6106 12348 6105 12348 6120 12349 6218 12349 6107 12349 6120 12350 6107 12350 6106 12350 6108 12351 6109 12351 6215 12351 6111 12352 6110 12352 6109 12352 6111 12353 6109 12353 6108 12353 6113 12354 6112 12354 6111 12354 6111 12355 6112 12355 6110 12355 6113 12356 6115 12356 6114 12356 6113 12357 6114 12357 6112 12357 6116 12358 6117 12358 6115 12358 6116 12359 6115 12359 6113 12359 6116 12360 6118 12360 6117 12360 6121 12361 6119 12361 6116 12361 6116 12362 6119 12362 6118 12362 6121 12363 6104 12363 6119 12363 6122 12364 6189 12364 6215 12364 6122 12365 6215 12365 6109 12365 6123 12366 6122 12366 6109 12366 6123 12367 6109 12367 6110 12367 6124 12368 6123 12368 6110 12368 6125 12369 6124 12369 6110 12369 6125 12370 6110 12370 6112 12370 6125 12371 6112 12371 6114 12371 6126 12372 6125 12372 6114 12372 6127 12373 6114 12373 6115 12373 6127 12374 6126 12374 6114 12374 6128 12375 6127 12375 6115 12375 6128 12376 6115 12376 6117 12376 6129 12377 6128 12377 6117 12377 6129 12378 6117 12378 6118 12378 6130 12379 6118 12379 6119 12379 6130 12380 6129 12380 6118 12380 6131 12381 6130 12381 6119 12381 6131 12382 6119 12382 6104 12382 6131 12383 6104 12383 6105 12383 6132 12384 6131 12384 6105 12384 6132 12385 6105 12385 6106 12385 6133 12386 6132 12386 6106 12386 6133 12387 6106 12387 6107 12387 6134 12388 6133 12388 6107 12388 6135 12389 6133 12389 6134 12389 6135 12390 6132 12390 6133 12390 6136 12391 6131 12391 6132 12391 6136 12392 6132 12392 6135 12392 6136 12393 6130 12393 6131 12393 6137 12394 6130 12394 6136 12394 6137 12395 6129 12395 6130 12395 6137 12396 6128 12396 6129 12396 6137 12397 6127 12397 6128 12397 6138 12398 6127 12398 6137 12398 6138 12399 6126 12399 6127 12399 6138 12400 6125 12400 6126 12400 6138 12401 6124 12401 6125 12401 6139 12402 6123 12402 6124 12402 6139 12403 6124 12403 6138 12403 6139 12404 6122 12404 6123 12404 6190 12405 6122 12405 6139 12405 6190 12406 6189 12406 6122 12406 6141 12407 6142 12407 6186 12407 6142 12408 6140 12408 6186 12408 6140 12409 6184 12409 6186 12409 6143 12410 6175 12410 6108 12410 6175 12411 6144 12411 6108 12411 6108 12412 6144 12412 6145 12412 6144 12413 6146 12413 6145 12413 6145 12414 6146 12414 6147 12414 6146 12415 6148 12415 6147 12415 6147 12416 6148 12416 6150 12416 6148 12417 6149 12417 6150 12417 6149 12418 6152 12418 6150 12418 6150 12419 6152 12419 6151 12419 6152 12420 6153 12420 6151 12420 6151 12421 6153 12421 6154 12421 6153 12422 6155 12422 6154 12422 6154 12423 6155 12423 6121 12423 6121 12424 6157 12424 6156 12424 6155 12425 6157 12425 6121 12425 6156 12426 6157 12426 6158 12426 6157 12427 6168 12427 6158 12427 6160 12428 6142 12428 6159 12428 6160 12429 6140 12429 6142 12429 6159 12430 6142 12430 6161 12430 6142 12431 6141 12431 6161 12431 6162 12432 6161 12432 6141 12432 6162 12433 6163 12433 6161 12433 6163 12434 6162 12434 6164 12434 6162 12435 6185 12435 6164 12435 6160 12436 6184 12436 6140 12436 6165 12437 6184 12437 6160 12437 6164 12438 6184 12438 6165 12438 6164 12439 6185 12439 6184 12439 6169 12440 6172 12440 6171 12440 6172 12441 6174 12441 6173 12441 6172 12442 6175 12442 6174 12442 6169 12443 6144 12443 6172 12443 6172 12444 6144 12444 6175 12444 6166 12445 6144 12445 6170 12445 6167 12446 6144 12446 6166 12446 6170 12447 6144 12447 6169 12447 6149 12448 6148 12448 6152 12448 6167 12449 6148 12449 6144 12449 6157 12450 6148 12450 6168 12450 6168 12451 6148 12451 6167 12451 6155 12452 6148 12452 6157 12452 6144 12453 6148 12453 6146 12453 6153 12454 6148 12454 6155 12454 6152 12455 6148 12455 6153 12455 6158 12456 6168 12456 6176 12456 6168 12457 6167 12457 6176 12457 6176 12458 6167 12458 6177 12458 6177 12459 6167 12459 6178 12459 6167 12460 6166 12460 6178 12460 6178 12461 6166 12461 6179 12461 6166 12462 6170 12462 6179 12462 6179 12463 6170 12463 6180 12463 6170 12464 6169 12464 6180 12464 6180 12465 6169 12465 6181 12465 6169 12466 6171 12466 6181 12466 6171 12467 6172 12467 6181 12467 6181 12468 6172 12468 6182 12468 6182 12469 6172 12469 6183 12469 6172 12470 6173 12470 6183 12470 6173 12471 6174 12471 6183 12471 6183 12472 6174 12472 6143 12472 6174 12473 6175 12473 6143 12473 6184 12474 6185 12474 6186 12474 6186 12475 6185 12475 6162 12475 6186 12476 6162 12476 6141 12476 6159 12477 6199 12477 6187 12477 6161 12478 6135 12478 6199 12478 6161 12479 6199 12479 6159 12479 6136 12480 6135 12480 6161 12480 6160 12481 6159 12481 6187 12481 6160 12482 6187 12482 6188 12482 6163 12483 6136 12483 6161 12483 6137 12484 6136 12484 6163 12484 6165 12485 6188 12485 6190 12485 6165 12486 6160 12486 6188 12486 6164 12487 6137 12487 6163 12487 6138 12488 6137 12488 6164 12488 6139 12489 6165 12489 6190 12489 6139 12490 6164 12490 6165 12490 6138 12491 6164 12491 6139 12491 6190 12492 6191 12492 6189 12492 6188 12493 6191 12493 6190 12493 6188 12494 6192 12494 6191 12494 6188 12495 6193 12495 6192 12495 6187 12496 6194 12496 6193 12496 6187 12497 6193 12497 6188 12497 6187 12498 6195 12498 6194 12498 6187 12499 6196 12499 6195 12499 6187 12500 6197 12500 6196 12500 6199 12501 6197 12501 6187 12501 6199 12502 6198 12502 6197 12502 6199 12503 6200 12503 6198 12503 6199 12504 6201 12504 6200 12504 6199 12505 6202 12505 6201 12505 6135 12506 6202 12506 6199 12506 6135 12507 6134 12507 6202 12507 6134 12508 6107 12508 6203 12508 6202 12509 6134 12509 6203 12509 6202 12510 6203 12510 6204 12510 6202 12511 6204 12511 6205 12511 6201 12512 6202 12512 6205 12512 6200 12513 6205 12513 6206 12513 6200 12514 6201 12514 6205 12514 6198 12515 6206 12515 6207 12515 6198 12516 6200 12516 6206 12516 6197 12517 6198 12517 6207 12517 6197 12518 6207 12518 6208 12518 6196 12519 6197 12519 6208 12519 6196 12520 6208 12520 6209 12520 6196 12521 6209 12521 6210 12521 6195 12522 6196 12522 6210 12522 6194 12523 6210 12523 6211 12523 6194 12524 6195 12524 6210 12524 6193 12525 6211 12525 6212 12525 6193 12526 6194 12526 6211 12526 6193 12527 6212 12527 6213 12527 6192 12528 6193 12528 6213 12528 6192 12529 6213 12529 6217 12529 6191 12530 6192 12530 6217 12530 6191 12531 6217 12531 6214 12531 6189 12532 6191 12532 6214 12532 6189 12533 6214 12533 6215 12533 6216 12534 6217 12534 6213 12534 6216 12535 6108 12535 6215 12535 6216 12536 6215 12536 6214 12536 6216 12537 6214 12537 6217 12537 6203 12538 6107 12538 6218 12538 6218 12539 6204 12539 6203 12539 6219 12540 6205 12540 6204 12540 6219 12541 6204 12541 6218 12541 6219 12542 6206 12542 6205 12542 6219 12543 6207 12543 6206 12543 6179 12544 6207 12544 6219 12544 6179 12545 6208 12545 6207 12545 6179 12546 6209 12546 6208 12546 6180 12547 6209 12547 6179 12547 6180 12548 6210 12548 6209 12548 6180 12549 6211 12549 6210 12549 6220 12550 6211 12550 6180 12550 6220 12551 6212 12551 6211 12551 6220 12552 6213 12552 6212 12552 6216 12553 6213 12553 6220 12553 6147 12554 6113 12554 6111 12554 6145 12555 6147 12555 6111 12555 6145 12556 6111 12556 6108 12556 6150 12557 6113 12557 6147 12557 6151 12558 6116 12558 6113 12558 6151 12559 6113 12559 6150 12559 6143 12560 6108 12560 6216 12560 6154 12561 6116 12561 6151 12561 6183 12562 6143 12562 6216 12562 6121 12563 6116 12563 6154 12563 6182 12564 6183 12564 6216 12564 6220 12565 6182 12565 6216 12565 6181 12566 6182 12566 6220 12566 6120 12567 6121 12567 6156 12567 6120 12568 6156 12568 6158 12568 6180 12569 6181 12569 6220 12569 6218 12570 6120 12570 6158 12570 6218 12571 6158 12571 6176 12571 6219 12572 6218 12572 6176 12572 6219 12573 6176 12573 6177 12573 6219 12574 6177 12574 6178 12574 6219 12575 6178 12575 6179 12575 6227 12576 6225 12576 6221 12576 6222 12577 6221 12577 6225 12577 6238 12578 6230 12578 6227 12578 6223 12579 6227 12579 6221 12579 6238 12580 6227 12580 6223 12580 6232 12581 6223 12581 6221 12581 6232 12582 6221 12582 6222 12582 6224 12583 6232 12583 6222 12583 6226 12584 6224 12584 6222 12584 6226 12585 6222 12585 6225 12585 6224 12586 6226 12586 6234 12586 6235 12587 6226 12587 6225 12587 6228 12588 6225 12588 6229 12588 6228 12589 6235 12589 6225 12589 6227 12590 6229 12590 6225 12590 6228 12591 6229 12591 6230 12591 6230 12592 6229 12592 6227 12592 6231 12593 6238 12593 6223 12593 6232 12594 6231 12594 6223 12594 6233 12595 6238 12595 6231 12595 6234 12596 6232 12596 6224 12596 6234 12597 6231 12597 6232 12597 6237 12598 6231 12598 6234 12598 6233 12599 6231 12599 6237 12599 6236 12600 6234 12600 6226 12600 6236 12601 6226 12601 6235 12601 6237 12602 6234 12602 6236 12602 6239 12603 6235 12603 6228 12603 6239 12604 6233 12604 6237 12604 6236 12605 6235 12605 6239 12605 6239 12606 6228 12606 6230 12606 6240 12607 6239 12607 6230 12607 6239 12608 6237 12608 6236 12608 6238 12609 6240 12609 6230 12609 6240 12610 6238 12610 6233 12610 6233 12611 6239 12611 6240 12611 6259 12612 6243 12612 6241 12612 6259 12613 6244 12613 6243 12613 6242 12614 6244 12614 6259 12614 6242 12615 6245 12615 6244 12615 6247 12616 6249 12616 6248 12616 6247 12617 6250 12617 6249 12617 6246 12618 6250 12618 6247 12618 6246 12619 6252 12619 6250 12619 6246 12620 6253 12620 6252 12620 6251 12621 6253 12621 6246 12621 6251 12622 6254 12622 6253 12622 6251 12623 6255 12623 6254 12623 6251 12624 6256 12624 6255 12624 6257 12625 6258 12625 6256 12625 6257 12626 6256 12626 6251 12626 6257 12627 6260 12627 6258 12627 6259 12628 6260 12628 6257 12628 6259 12629 6241 12629 6260 12629 6262 12630 6261 12630 6248 12630 6262 12631 6248 12631 6249 12631 6263 12632 6262 12632 6249 12632 6263 12633 6249 12633 6250 12633 6264 12634 6263 12634 6250 12634 6264 12635 6250 12635 6252 12635 6265 12636 6264 12636 6252 12636 6265 12637 6252 12637 6253 12637 6265 12638 6253 12638 6254 12638 6266 12639 6265 12639 6254 12639 6266 12640 6254 12640 6255 12640 6267 12641 6266 12641 6255 12641 6267 12642 6255 12642 6256 12642 6268 12643 6267 12643 6256 12643 6268 12644 6256 12644 6258 12644 6269 12645 6268 12645 6258 12645 6269 12646 6258 12646 6260 12646 6270 12647 6269 12647 6260 12647 6270 12648 6260 12648 6241 12648 6271 12649 6270 12649 6241 12649 6271 12650 6241 12650 6243 12650 6272 12651 6271 12651 6243 12651 6272 12652 6243 12652 6244 12652 6273 12653 6272 12653 6244 12653 6273 12654 6244 12654 6245 12654 6274 12655 6273 12655 6245 12655 6275 12656 6273 12656 6274 12656 6275 12657 6272 12657 6273 12657 6276 12658 6272 12658 6275 12658 6276 12659 6271 12659 6272 12659 6276 12660 6270 12660 6271 12660 6276 12661 6269 12661 6270 12661 6277 12662 6269 12662 6276 12662 6277 12663 6268 12663 6269 12663 6277 12664 6267 12664 6268 12664 6277 12665 6266 12665 6267 12665 6278 12666 6266 12666 6277 12666 6278 12667 6265 12667 6266 12667 6278 12668 6264 12668 6265 12668 6278 12669 6263 12669 6264 12669 6329 12670 6262 12670 6263 12670 6329 12671 6263 12671 6278 12671 6329 12672 6261 12672 6262 12672 6280 12673 6281 12673 6279 12673 6281 12674 6282 12674 6279 12674 6279 12675 6282 12675 6322 12675 6321 12676 6283 12676 6284 12676 6283 12677 6285 12677 6284 12677 6284 12678 6285 12678 6246 12678 6285 12679 6286 12679 6246 12679 6286 12680 6288 12680 6246 12680 6246 12681 6288 12681 6287 12681 6288 12682 6290 12682 6287 12682 6287 12683 6290 12683 6289 12683 6290 12684 6291 12684 6289 12684 6289 12685 6291 12685 6292 12685 6292 12686 6293 12686 6294 12686 6291 12687 6293 12687 6292 12687 6293 12688 6295 12688 6294 12688 6294 12689 6295 12689 6296 12689 6295 12690 6297 12690 6296 12690 6296 12691 6297 12691 6298 12691 6297 12692 6299 12692 6298 12692 6298 12693 6299 12693 6242 12693 6299 12694 6307 12694 6242 12694 6300 12695 6282 12695 6281 12695 6301 12696 6282 12696 6300 12696 6281 12697 6280 12697 6300 12697 6300 12698 6280 12698 6302 12698 6324 12699 6303 12699 6280 12699 6280 12700 6303 12700 6302 12700 6324 12701 6325 12701 6303 12701 6303 12702 6325 12702 6304 12702 6325 12703 6323 12703 6304 12703 6305 12704 6282 12704 6301 12704 6305 12705 6322 12705 6282 12705 6304 12706 6322 12706 6305 12706 6304 12707 6323 12707 6322 12707 6299 12708 6297 12708 6307 12708 6307 12709 6297 12709 6306 12709 6308 12710 6310 12710 6309 12710 6310 12711 6312 12711 6311 12711 6312 12712 6283 12712 6321 12712 6312 12713 6285 12713 6283 12713 6308 12714 6285 12714 6310 12714 6310 12715 6285 12715 6312 12715 6313 12716 6285 12716 6308 12716 6290 12717 6286 12717 6291 12717 6288 12718 6286 12718 6290 12718 6313 12719 6286 12719 6285 12719 6297 12720 6286 12720 6306 12720 6306 12721 6286 12721 6313 12721 6295 12722 6286 12722 6297 12722 6293 12723 6286 12723 6295 12723 6291 12724 6286 12724 6293 12724 6242 12725 6307 12725 6314 12725 6307 12726 6306 12726 6314 12726 6314 12727 6306 12727 6315 12727 6315 12728 6313 12728 6316 12728 6306 12729 6313 12729 6315 12729 6313 12730 6308 12730 6316 12730 6316 12731 6308 12731 6317 12731 6317 12732 6308 12732 6318 12732 6308 12733 6309 12733 6318 12733 6318 12734 6309 12734 6319 12734 6309 12735 6310 12735 6319 12735 6319 12736 6310 12736 6320 12736 6310 12737 6311 12737 6320 12737 6320 12738 6311 12738 6359 12738 6311 12739 6312 12739 6359 12739 6359 12740 6312 12740 6361 12740 6361 12741 6312 12741 6321 12741 6323 12742 6325 12742 6279 12742 6322 12743 6323 12743 6279 12743 6325 12744 6324 12744 6279 12744 6324 12745 6280 12745 6279 12745 6300 12746 6341 12746 6326 12746 6302 12747 6275 12747 6341 12747 6302 12748 6341 12748 6300 12748 6276 12749 6275 12749 6302 12749 6301 12750 6300 12750 6326 12750 6327 12751 6301 12751 6326 12751 6303 12752 6277 12752 6276 12752 6303 12753 6276 12753 6302 12753 6305 12754 6327 12754 6329 12754 6305 12755 6301 12755 6327 12755 6304 12756 6277 12756 6303 12756 6278 12757 6277 12757 6304 12757 6278 12758 6305 12758 6329 12758 6278 12759 6304 12759 6305 12759 6329 12760 6328 12760 6261 12760 6329 12761 6330 12761 6328 12761 6327 12762 6330 12762 6329 12762 6327 12763 6331 12763 6330 12763 6327 12764 6332 12764 6331 12764 6327 12765 6333 12765 6332 12765 6326 12766 6334 12766 6333 12766 6326 12767 6333 12767 6327 12767 6326 12768 6335 12768 6334 12768 6326 12769 6336 12769 6335 12769 6326 12770 6337 12770 6336 12770 6341 12771 6337 12771 6326 12771 6341 12772 6338 12772 6337 12772 6341 12773 6339 12773 6338 12773 6341 12774 6340 12774 6339 12774 6341 12775 6342 12775 6340 12775 6275 12776 6342 12776 6341 12776 6275 12777 6274 12777 6342 12777 6274 12778 6245 12778 6354 12778 6342 12779 6274 12779 6354 12779 6342 12780 6354 12780 6343 12780 6340 12781 6342 12781 6343 12781 6340 12782 6343 12782 6344 12782 6339 12783 6340 12783 6344 12783 6339 12784 6344 12784 6345 12784 6338 12785 6339 12785 6345 12785 6338 12786 6345 12786 6346 12786 6337 12787 6338 12787 6346 12787 6337 12788 6346 12788 6347 12788 6336 12789 6337 12789 6347 12789 6336 12790 6347 12790 6348 12790 6336 12791 6348 12791 6349 12791 6335 12792 6336 12792 6349 12792 6334 12793 6349 12793 6350 12793 6334 12794 6335 12794 6349 12794 6333 12795 6334 12795 6350 12795 6333 12796 6350 12796 6360 12796 6332 12797 6333 12797 6360 12797 6331 12798 6360 12798 6351 12798 6331 12799 6332 12799 6360 12799 6330 12800 6351 12800 6352 12800 6330 12801 6331 12801 6351 12801 6330 12802 6352 12802 6353 12802 6328 12803 6330 12803 6353 12803 6261 12804 6353 12804 6248 12804 6261 12805 6328 12805 6353 12805 6359 12806 6352 12806 6351 12806 6353 12807 6361 12807 6247 12807 6361 12808 6352 12808 6359 12808 6361 12809 6353 12809 6352 12809 6353 12810 6247 12810 6248 12810 6354 12811 6245 12811 6242 12811 6355 12812 6354 12812 6242 12812 6355 12813 6343 12813 6354 12813 6355 12814 6344 12814 6343 12814 6355 12815 6345 12815 6344 12815 6356 12816 6345 12816 6355 12816 6356 12817 6346 12817 6345 12817 6357 12818 6346 12818 6356 12818 6357 12819 6347 12819 6346 12819 6357 12820 6348 12820 6347 12820 6357 12821 6349 12821 6348 12821 6358 12822 6349 12822 6357 12822 6358 12823 6350 12823 6349 12823 6360 12824 6350 12824 6358 12824 6360 12825 6358 12825 6359 12825 6351 12826 6360 12826 6359 12826 6284 12827 6246 12827 6247 12827 6287 12828 6251 12828 6246 12828 6289 12829 6251 12829 6287 12829 6321 12830 6284 12830 6247 12830 6292 12831 6251 12831 6289 12831 6292 12832 6257 12832 6251 12832 6321 12833 6247 12833 6361 12833 6294 12834 6257 12834 6292 12834 6296 12835 6257 12835 6294 12835 6259 12836 6257 12836 6296 12836 6358 12837 6320 12837 6359 12837 6259 12838 6296 12838 6298 12838 6319 12839 6320 12839 6358 12839 6357 12840 6319 12840 6358 12840 6357 12841 6318 12841 6319 12841 6242 12842 6259 12842 6298 12842 6357 12843 6317 12843 6318 12843 6355 12844 6242 12844 6314 12844 6356 12845 6317 12845 6357 12845 6356 12846 6316 12846 6317 12846 6355 12847 6314 12847 6315 12847 6355 12848 6316 12848 6356 12848 6355 12849 6315 12849 6316 12849 6362 12850 6367 12850 6366 12850 6363 12851 6362 12851 6365 12851 6363 12852 6380 12852 6362 12852 6365 12853 6362 12853 6366 12853 6364 12854 6363 12854 6365 12854 6374 12855 6365 12855 6366 12855 6374 12856 6364 12856 6365 12856 6368 12857 6366 12857 6367 12857 6368 12858 6374 12858 6366 12858 6368 12859 6367 12859 6370 12859 6369 12860 6374 12860 6368 12860 6362 12861 6370 12861 6367 12861 6362 12862 6377 12862 6370 12862 6370 12863 6376 12863 6368 12863 6377 12864 6376 12864 6370 12864 6380 12865 6377 12865 6362 12865 6372 12866 6380 12866 6363 12866 6371 12867 6372 12867 6363 12867 6371 12868 6363 12868 6364 12868 6373 12869 6372 12869 6371 12869 6371 12870 6364 12870 6374 12870 6375 12871 6371 12871 6374 12871 6375 12872 6374 12872 6369 12872 6373 12873 6371 12873 6375 12873 6376 12874 6369 12874 6368 12874 6379 12875 6375 12875 6369 12875 6379 12876 6369 12876 6376 12876 6379 12877 6373 12877 6375 12877 6378 12878 6376 12878 6377 12878 6378 12879 6379 12879 6376 12879 6373 12880 6379 12880 6378 12880 6380 12881 6378 12881 6377 12881 6372 12882 6378 12882 6380 12882 6373 12883 6378 12883 6372 12883 6382 12884 6381 12884 6395 12884 6495 12885 6481 12885 6382 12885 6383 12886 6493 12886 6459 12886 6383 12887 6384 12887 6493 12887 6383 12888 6386 12888 6384 12888 6386 12889 6383 12889 6385 12889 6385 12890 6388 12890 6386 12890 6385 12891 6389 12891 6388 12891 6387 12892 6389 12892 6385 12892 6387 12893 6390 12893 6389 12893 6387 12894 6391 12894 6390 12894 6387 12895 6392 12895 6391 12895 6394 12896 6392 12896 6387 12896 6394 12897 6393 12897 6392 12897 6397 12898 6393 12898 6394 12898 6399 12899 6396 12899 6395 12899 6381 12900 6399 12900 6395 12900 6396 12901 6398 12901 6397 12901 6396 12902 6397 12902 6394 12902 6399 12903 6398 12903 6396 12903 6495 12904 6382 12904 6395 12904 6400 12905 6493 12905 6384 12905 6400 12906 6463 12906 6493 12906 6400 12907 6384 12907 6386 12907 6401 12908 6400 12908 6386 12908 6401 12909 6386 12909 6388 12909 6402 12910 6401 12910 6388 12910 6403 12911 6388 12911 6389 12911 6403 12912 6402 12912 6388 12912 6403 12913 6389 12913 6390 12913 6404 12914 6403 12914 6390 12914 6404 12915 6390 12915 6391 12915 6405 12916 6404 12916 6391 12916 6405 12917 6391 12917 6392 12917 6406 12918 6405 12918 6392 12918 6406 12919 6392 12919 6393 12919 6407 12920 6406 12920 6393 12920 6407 12921 6393 12921 6397 12921 6408 12922 6407 12922 6397 12922 6408 12923 6397 12923 6398 12923 6409 12924 6408 12924 6398 12924 6409 12925 6398 12925 6399 12925 6410 12926 6409 12926 6399 12926 6410 12927 6399 12927 6381 12927 6411 12928 6410 12928 6381 12928 6411 12929 6381 12929 6382 12929 6412 12930 6411 12930 6382 12930 6412 12931 6382 12931 6481 12931 6480 12932 6412 12932 6481 12932 6413 12933 6480 12933 6479 12933 6413 12934 6412 12934 6480 12934 6413 12935 6411 12935 6412 12935 6414 12936 6410 12936 6411 12936 6414 12937 6411 12937 6413 12937 6414 12938 6409 12938 6410 12938 6414 12939 6408 12939 6409 12939 6414 12940 6407 12940 6408 12940 6415 12941 6407 12941 6414 12941 6415 12942 6406 12942 6407 12942 6415 12943 6405 12943 6406 12943 6415 12944 6404 12944 6405 12944 6416 12945 6403 12945 6404 12945 6416 12946 6404 12946 6415 12946 6416 12947 6402 12947 6403 12947 6416 12948 6401 12948 6402 12948 6417 12949 6400 12949 6401 12949 6417 12950 6401 12950 6416 12950 6417 12951 6466 12951 6463 12951 6417 12952 6463 12952 6400 12952 6418 12953 6419 12953 6420 12953 6419 12954 6421 12954 6420 12954 6421 12955 6460 12955 6420 12955 6459 12956 6422 12956 6383 12956 6422 12957 6423 12957 6383 12957 6383 12958 6423 12958 6424 12958 6423 12959 6425 12959 6424 12959 6424 12960 6425 12960 6426 12960 6426 12961 6428 12961 6427 12961 6428 12962 6429 12962 6427 12962 6427 12963 6429 12963 6430 12963 6429 12964 6432 12964 6430 12964 6430 12965 6432 12965 6431 12965 6431 12966 6434 12966 6433 12966 6432 12967 6434 12967 6431 12967 6434 12968 6435 12968 6433 12968 6433 12969 6435 12969 6395 12969 6395 12970 6435 12970 6436 12970 6435 12971 6437 12971 6436 12971 6436 12972 6437 12972 6438 12972 6437 12973 6448 12973 6438 12973 6439 12974 6421 12974 6419 12974 6440 12975 6421 12975 6439 12975 6419 12976 6418 12976 6439 12976 6439 12977 6418 12977 6441 12977 6462 12978 6442 12978 6418 12978 6418 12979 6442 12979 6441 12979 6462 12980 6461 12980 6442 12980 6442 12981 6461 12981 6443 12981 6444 12982 6460 12982 6440 12982 6440 12983 6460 12983 6421 12983 6444 12984 6461 12984 6460 12984 6443 12985 6461 12985 6444 12985 6437 12986 6435 12986 6448 12986 6450 12987 6452 12987 6451 12987 6429 12988 6428 12988 6432 12988 6452 12989 6423 12989 6422 12989 6449 12990 6423 12990 6450 12990 6446 12991 6423 12991 6445 12991 6450 12992 6423 12992 6452 12992 6445 12993 6423 12993 6447 12993 6447 12994 6423 12994 6449 12994 6426 12995 6425 12995 6428 12995 6428 12996 6425 12996 6432 12996 6446 12997 6425 12997 6423 12997 6435 12998 6425 12998 6448 12998 6448 12999 6425 12999 6446 12999 6434 13000 6425 13000 6435 13000 6432 13001 6425 13001 6434 13001 6438 13002 6448 13002 6453 13002 6448 13003 6446 13003 6453 13003 6453 13004 6446 13004 6454 13004 6454 13005 6446 13005 6455 13005 6446 13006 6445 13006 6455 13006 6445 13007 6447 13007 6455 13007 6455 13008 6447 13008 6456 13008 6447 13009 6449 13009 6456 13009 6456 13010 6449 13010 6457 13010 6449 13011 6450 13011 6457 13011 6457 13012 6450 13012 6498 13012 6498 13013 6450 13013 6458 13013 6450 13014 6451 13014 6458 13014 6451 13015 6452 13015 6458 13015 6458 13016 6452 13016 6494 13016 6494 13017 6452 13017 6459 13017 6452 13018 6422 13018 6459 13018 6460 13019 6461 13019 6420 13019 6461 13020 6462 13020 6420 13020 6462 13021 6418 13021 6420 13021 6439 13022 6476 13022 6471 13022 6441 13023 6413 13023 6479 13023 6441 13024 6479 13024 6476 13024 6441 13025 6476 13025 6439 13025 6414 13026 6413 13026 6441 13026 6440 13027 6439 13027 6471 13027 6440 13028 6471 13028 6469 13028 6466 13029 6440 13029 6469 13029 6442 13030 6414 13030 6441 13030 6415 13031 6414 13031 6442 13031 6444 13032 6440 13032 6466 13032 6417 13033 6444 13033 6466 13033 6443 13034 6415 13034 6442 13034 6416 13035 6415 13035 6443 13035 6416 13036 6443 13036 6444 13036 6416 13037 6444 13037 6417 13037 6466 13038 6464 13038 6463 13038 6466 13039 6465 13039 6464 13039 6466 13040 6467 13040 6465 13040 6469 13041 6468 13041 6467 13041 6469 13042 6467 13042 6466 13042 6469 13043 6470 13043 6468 13043 6471 13044 6470 13044 6469 13044 6471 13045 6472 13045 6470 13045 6471 13046 6473 13046 6472 13046 6471 13047 6474 13047 6473 13047 6476 13048 6474 13048 6471 13048 6476 13049 6475 13049 6474 13049 6476 13050 6477 13050 6475 13050 6476 13051 6478 13051 6477 13051 6479 13052 6478 13052 6476 13052 6479 13053 6480 13053 6478 13053 6480 13054 6481 13054 6482 13054 6478 13055 6480 13055 6482 13055 6478 13056 6482 13056 6483 13056 6477 13057 6478 13057 6483 13057 6475 13058 6483 13058 6484 13058 6475 13059 6477 13059 6483 13059 6474 13060 6475 13060 6484 13060 6474 13061 6484 13061 6485 13061 6474 13062 6485 13062 6486 13062 6473 13063 6474 13063 6486 13063 6472 13064 6486 13064 6487 13064 6472 13065 6473 13065 6486 13065 6470 13066 6487 13066 6488 13066 6470 13067 6472 13067 6487 13067 6468 13068 6470 13068 6488 13068 6468 13069 6488 13069 6489 13069 6467 13070 6468 13070 6489 13070 6467 13071 6489 13071 6490 13071 6467 13072 6490 13072 6491 13072 6465 13073 6467 13073 6491 13073 6465 13074 6491 13074 6492 13074 6464 13075 6465 13075 6492 13075 6464 13076 6492 13076 6493 13076 6463 13077 6464 13077 6493 13077 6494 13078 6490 13078 6498 13078 6494 13079 6491 13079 6490 13079 6459 13080 6491 13080 6494 13080 6459 13081 6492 13081 6491 13081 6493 13082 6492 13082 6459 13082 6495 13083 6482 13083 6481 13083 6496 13084 6483 13084 6482 13084 6496 13085 6482 13085 6495 13085 6496 13086 6484 13086 6483 13086 6496 13087 6485 13087 6484 13087 6497 13088 6485 13088 6496 13088 6497 13089 6486 13089 6485 13089 6497 13090 6487 13090 6486 13090 6497 13091 6488 13091 6487 13091 6498 13092 6488 13092 6497 13092 6498 13093 6489 13093 6488 13093 6498 13094 6490 13094 6489 13094 6426 13095 6387 13095 6385 13095 6426 13096 6385 13096 6424 13096 6424 13097 6385 13097 6383 13097 6427 13098 6387 13098 6426 13098 6427 13099 6394 13099 6387 13099 6430 13100 6394 13100 6427 13100 6431 13101 6394 13101 6430 13101 6431 13102 6396 13102 6394 13102 6433 13103 6396 13103 6431 13103 6458 13104 6494 13104 6498 13104 6395 13105 6396 13105 6433 13105 6497 13106 6457 13106 6498 13106 6495 13107 6395 13107 6436 13107 6495 13108 6436 13108 6438 13108 6497 13109 6456 13109 6457 13109 6495 13110 6438 13110 6453 13110 6497 13111 6455 13111 6456 13111 6496 13112 6495 13112 6453 13112 6496 13113 6455 13113 6497 13113 6496 13114 6453 13114 6454 13114 6496 13115 6454 13115 6455 13115 6508 13116 6500 13116 6510 13116 6499 13117 6500 13117 6508 13117 6499 13118 6508 13118 6501 13118 6502 13119 6499 13119 6501 13119 6499 13120 6502 13120 6513 13120 6506 13121 6501 13121 6508 13121 6512 13122 6502 13122 6501 13122 6504 13123 6501 13123 6506 13123 6504 13124 6503 13124 6501 13124 6503 13125 6512 13125 6501 13125 6514 13126 6503 13126 6504 13126 6505 13127 6514 13127 6504 13127 6507 13128 6504 13128 6506 13128 6516 13129 6505 13129 6504 13129 6510 13130 6506 13130 6508 13130 6507 13131 6516 13131 6504 13131 6510 13132 6507 13132 6506 13132 6509 13133 6507 13133 6510 13133 6509 13134 6510 13134 6500 13134 6513 13135 6500 13135 6499 13135 6513 13136 6511 13136 6500 13136 6512 13137 6513 13137 6502 13137 6515 13138 6512 13138 6503 13138 6515 13139 6503 13139 6514 13139 6515 13140 6513 13140 6512 13140 6515 13141 6511 13141 6513 13141 6505 13142 6515 13142 6514 13142 6517 13143 6516 13143 6507 13143 6518 13144 6515 13144 6505 13144 6518 13145 6505 13145 6516 13145 6517 13146 6507 13146 6509 13146 6518 13147 6516 13147 6517 13147 6511 13148 6517 13148 6509 13148 6511 13149 6509 13149 6500 13149 6518 13150 6517 13150 6511 13150 6511 13151 6515 13151 6518 13151 6519 13152 6537 13152 6574 13152 6535 13153 6520 13153 6519 13153 6535 13154 6521 13154 6520 13154 6523 13155 6635 13155 6522 13155 6522 13156 6524 13156 6523 13156 6525 13157 6524 13157 6522 13157 6525 13158 6526 13158 6524 13158 6525 13159 6527 13159 6526 13159 6525 13160 6529 13160 6527 13160 6528 13161 6529 13161 6525 13161 6528 13162 6530 13162 6529 13162 6528 13163 6531 13163 6530 13163 6533 13164 6532 13164 6531 13164 6533 13165 6531 13165 6528 13165 6533 13166 6534 13166 6532 13166 6533 13167 6536 13167 6534 13167 6519 13168 6574 13168 6535 13168 6574 13169 6537 13169 6536 13169 6574 13170 6536 13170 6533 13170 6538 13171 6635 13171 6523 13171 6538 13172 6608 13172 6635 13172 6539 13173 6523 13173 6524 13173 6539 13174 6538 13174 6523 13174 6540 13175 6539 13175 6524 13175 6540 13176 6524 13176 6526 13176 6541 13177 6540 13177 6526 13177 6541 13178 6526 13178 6527 13178 6542 13179 6541 13179 6527 13179 6542 13180 6527 13180 6529 13180 6543 13181 6542 13181 6529 13181 6543 13182 6529 13182 6530 13182 6544 13183 6530 13183 6531 13183 6544 13184 6543 13184 6530 13184 6545 13185 6544 13185 6531 13185 6545 13186 6531 13186 6532 13186 6546 13187 6545 13187 6532 13187 6546 13188 6532 13188 6534 13188 6547 13189 6534 13189 6536 13189 6547 13190 6546 13190 6534 13190 6548 13191 6547 13191 6536 13191 6548 13192 6536 13192 6537 13192 6549 13193 6548 13193 6537 13193 6549 13194 6537 13194 6519 13194 6549 13195 6519 13195 6520 13195 6550 13196 6549 13196 6520 13196 6551 13197 6550 13197 6520 13197 6551 13198 6520 13198 6521 13198 6623 13199 6551 13199 6521 13199 6552 13200 6551 13200 6623 13200 6552 13201 6550 13201 6551 13201 6552 13202 6549 13202 6550 13202 6553 13203 6548 13203 6549 13203 6553 13204 6549 13204 6552 13204 6553 13205 6547 13205 6548 13205 6554 13206 6547 13206 6553 13206 6554 13207 6546 13207 6547 13207 6554 13208 6545 13208 6546 13208 6554 13209 6544 13209 6545 13209 6554 13210 6543 13210 6544 13210 6554 13211 6542 13211 6543 13211 6555 13212 6542 13212 6554 13212 6541 13213 6542 13213 6555 13213 6555 13214 6540 13214 6541 13214 6607 13215 6540 13215 6555 13215 6607 13216 6539 13216 6540 13216 6607 13217 6538 13217 6539 13217 6607 13218 6608 13218 6538 13218 6557 13219 6556 13219 6605 13219 6556 13220 6558 13220 6605 13220 6605 13221 6558 13221 6603 13221 6602 13222 6559 13222 6522 13222 6559 13223 6560 13223 6522 13223 6522 13224 6560 13224 6561 13224 6561 13225 6562 13225 6563 13225 6560 13226 6562 13226 6561 13226 6562 13227 6564 13227 6563 13227 6563 13228 6564 13228 6565 13228 6564 13229 6567 13229 6565 13229 6565 13230 6567 13230 6566 13230 6567 13231 6568 13231 6566 13231 6566 13232 6568 13232 6569 13232 6568 13233 6570 13233 6569 13233 6569 13234 6570 13234 6571 13234 6571 13235 6573 13235 6572 13235 6570 13236 6573 13236 6571 13236 6572 13237 6573 13237 6574 13237 6573 13238 6575 13238 6574 13238 6574 13239 6575 13239 6576 13239 6575 13240 6577 13240 6576 13240 6576 13241 6588 13241 6594 13241 6577 13242 6588 13242 6576 13242 6578 13243 6558 13243 6556 13243 6579 13244 6558 13244 6578 13244 6556 13245 6557 13245 6578 13245 6578 13246 6557 13246 6580 13246 6581 13247 6582 13247 6557 13247 6557 13248 6582 13248 6580 13248 6581 13249 6606 13249 6582 13249 6582 13250 6606 13250 6583 13250 6606 13251 6604 13251 6583 13251 6584 13252 6558 13252 6579 13252 6584 13253 6603 13253 6558 13253 6583 13254 6603 13254 6584 13254 6583 13255 6604 13255 6603 13255 6577 13256 6575 13256 6588 13256 6588 13257 6575 13257 6587 13257 6590 13258 6592 13258 6591 13258 6568 13259 6567 13259 6570 13259 6593 13260 6560 13260 6559 13260 6590 13261 6560 13261 6592 13261 6586 13262 6560 13262 6585 13262 6592 13263 6560 13263 6593 13263 6585 13264 6560 13264 6589 13264 6589 13265 6560 13265 6590 13265 6560 13266 6564 13266 6562 13266 6567 13267 6564 13267 6570 13267 6586 13268 6564 13268 6560 13268 6575 13269 6564 13269 6587 13269 6587 13270 6564 13270 6586 13270 6573 13271 6564 13271 6575 13271 6570 13272 6564 13272 6573 13272 6594 13273 6587 13273 6595 13273 6588 13274 6587 13274 6594 13274 6595 13275 6587 13275 6596 13275 6587 13276 6586 13276 6596 13276 6596 13277 6586 13277 6597 13277 6586 13278 6585 13278 6597 13278 6597 13279 6585 13279 6598 13279 6585 13280 6589 13280 6598 13280 6598 13281 6589 13281 6599 13281 6589 13282 6590 13282 6599 13282 6599 13283 6591 13283 6600 13283 6590 13284 6591 13284 6599 13284 6591 13285 6592 13285 6600 13285 6600 13286 6592 13286 6636 13286 6636 13287 6592 13287 6601 13287 6592 13288 6593 13288 6601 13288 6601 13289 6593 13289 6602 13289 6593 13290 6559 13290 6602 13290 6605 13291 6603 13291 6604 13291 6604 13292 6606 13292 6605 13292 6606 13293 6581 13293 6605 13293 6581 13294 6557 13294 6605 13294 6578 13295 6619 13295 6614 13295 6580 13296 6618 13296 6619 13296 6580 13297 6552 13297 6618 13297 6580 13298 6619 13298 6578 13298 6579 13299 6578 13299 6614 13299 6579 13300 6614 13300 6613 13300 6582 13301 6553 13301 6552 13301 6582 13302 6552 13302 6580 13302 6554 13303 6553 13303 6582 13303 6584 13304 6613 13304 6607 13304 6584 13305 6579 13305 6613 13305 6583 13306 6554 13306 6582 13306 6607 13307 6583 13307 6584 13307 6555 13308 6583 13308 6607 13308 6555 13309 6554 13309 6583 13309 6607 13310 6609 13310 6608 13310 6613 13311 6609 13311 6607 13311 6613 13312 6610 13312 6609 13312 6613 13313 6611 13313 6610 13313 6613 13314 6612 13314 6611 13314 6613 13315 6615 13315 6612 13315 6615 13316 6613 13316 6614 13316 6614 13317 6616 13317 6615 13317 6614 13318 6617 13318 6616 13318 6619 13319 6617 13319 6614 13319 6619 13320 6628 13320 6617 13320 6619 13321 6620 13321 6628 13321 6619 13322 6621 13322 6620 13322 6618 13323 6621 13323 6619 13323 6618 13324 6552 13324 6623 13324 6618 13325 6622 13325 6621 13325 6618 13326 6623 13326 6622 13326 6623 13327 6521 13327 6624 13327 6622 13328 6623 13328 6624 13328 6622 13329 6624 13329 6625 13329 6621 13330 6622 13330 6625 13330 6621 13331 6625 13331 6626 13331 6620 13332 6621 13332 6626 13332 6620 13333 6626 13333 6627 13333 6628 13334 6620 13334 6627 13334 6617 13335 6628 13335 6629 13335 6617 13336 6629 13336 6630 13336 6616 13337 6617 13337 6630 13337 6616 13338 6630 13338 6631 13338 6615 13339 6616 13339 6631 13339 6615 13340 6631 13340 6632 13340 6612 13341 6615 13341 6632 13341 6612 13342 6632 13342 6633 13342 6611 13343 6612 13343 6633 13343 6611 13344 6633 13344 6637 13344 6610 13345 6611 13345 6637 13345 6610 13346 6637 13346 6634 13346 6609 13347 6610 13347 6634 13347 6609 13348 6634 13348 6635 13348 6608 13349 6609 13349 6635 13349 6640 13350 6637 13350 6636 13350 6640 13351 6634 13351 6637 13351 6640 13352 6522 13352 6635 13352 6635 13353 6634 13353 6640 13353 6638 13354 6624 13354 6521 13354 6638 13355 6521 13355 6535 13355 6638 13356 6625 13356 6624 13356 6638 13357 6626 13357 6625 13357 6627 13358 6638 13358 6639 13358 6638 13359 6627 13359 6626 13359 6629 13360 6627 13360 6639 13360 6627 13361 6629 13361 6628 13361 6639 13362 6630 13362 6629 13362 6639 13363 6631 13363 6630 13363 6600 13364 6631 13364 6639 13364 6600 13365 6632 13365 6631 13365 6636 13366 6632 13366 6600 13366 6636 13367 6633 13367 6632 13367 6636 13368 6637 13368 6633 13368 6565 13369 6528 13369 6525 13369 6565 13370 6525 13370 6563 13370 6561 13371 6563 13371 6525 13371 6566 13372 6528 13372 6565 13372 6522 13373 6561 13373 6525 13373 6569 13374 6528 13374 6566 13374 6569 13375 6533 13375 6528 13375 6602 13376 6522 13376 6640 13376 6571 13377 6533 13377 6569 13377 6572 13378 6533 13378 6571 13378 6601 13379 6640 13379 6636 13379 6601 13380 6602 13380 6640 13380 6574 13381 6533 13381 6572 13381 6535 13382 6574 13382 6576 13382 6535 13383 6576 13383 6594 13383 6639 13384 6599 13384 6600 13384 6639 13385 6598 13385 6599 13385 6638 13386 6535 13386 6594 13386 6638 13387 6594 13387 6595 13387 6638 13388 6595 13388 6596 13388 6639 13389 6597 13389 6598 13389 6638 13390 6596 13390 6597 13390 6639 13391 6638 13391 6597 13391 6645 13392 6650 13392 6641 13392 6645 13393 6642 13393 6650 13393 6645 13394 6641 13394 6643 13394 6643 13395 6641 13395 6644 13395 6646 13396 6643 13396 6644 13396 6647 13397 6644 13397 6641 13397 6648 13398 6644 13398 6647 13398 6648 13399 6646 13399 6644 13399 6646 13400 6653 13400 6643 13400 6646 13401 6654 13401 6653 13401 6649 13402 6647 13402 6641 13402 6654 13403 6646 13403 6648 13403 6657 13404 6648 13404 6647 13404 6649 13405 6657 13405 6647 13405 6649 13406 6641 13406 6650 13406 6658 13407 6657 13407 6649 13407 6651 13408 6649 13408 6650 13408 6651 13409 6658 13409 6649 13409 6642 13410 6651 13410 6650 13410 6652 13411 6642 13411 6645 13411 6662 13412 6642 13412 6652 13412 6653 13413 6645 13413 6643 13413 6652 13414 6645 13414 6653 13414 6661 13415 6662 13415 6652 13415 6661 13416 6652 13416 6653 13416 6656 13417 6654 13417 6648 13417 6655 13418 6661 13418 6653 13418 6655 13419 6653 13419 6654 13419 6657 13420 6656 13420 6648 13420 6655 13421 6654 13421 6656 13421 6659 13422 6656 13422 6657 13422 6655 13423 6656 13423 6659 13423 6659 13424 6657 13424 6658 13424 6660 13425 6658 13425 6651 13425 6659 13426 6658 13426 6660 13426 6662 13427 6660 13427 6651 13427 6651 13428 6642 13428 6662 13428 6655 13429 6659 13429 6661 13429 6661 13430 6659 13430 6660 13430 6661 13431 6660 13431 6662 13431 6681 13432 6667 13432 6668 13432 6681 13433 6679 13433 6667 13433 6670 13434 6666 13434 6667 13434 6679 13435 6670 13435 6667 13435 6669 13436 6663 13436 6666 13436 6670 13437 6669 13437 6666 13437 6673 13438 6665 13438 6663 13438 6669 13439 6673 13439 6663 13439 6671 13440 6664 13440 6665 13440 6673 13441 6671 13441 6665 13441 6681 13442 6668 13442 6664 13442 6671 13443 6681 13443 6664 13443 6670 13444 6677 13444 6669 13444 6673 13445 6676 13445 6675 13445 6673 13446 6669 13446 6676 13446 6679 13447 6678 13447 6670 13447 6671 13448 6673 13448 6674 13448 6681 13449 6680 13449 6679 13449 6682 13450 6681 13450 6671 13450 6674 13451 6673 13451 6672 13451 6673 13452 6675 13452 6672 13452 6671 13453 6674 13453 6672 13453 6675 13454 6676 13454 6672 13454 6676 13455 6669 13455 6672 13455 6669 13456 6677 13456 6672 13456 6677 13457 6670 13457 6672 13457 6672 13458 6670 13458 6678 13458 6678 13459 6679 13459 6672 13459 6679 13460 6680 13460 6672 13460 6681 13461 6682 13461 6672 13461 6680 13462 6681 13462 6672 13462 6672 13463 6682 13463 6671 13463 6666 13464 6663 13464 6691 13464 6687 13465 6666 13465 6691 13465 6691 13466 6665 13466 6695 13466 6663 13467 6665 13467 6691 13467 6713 13468 6666 13468 6687 13468 6713 13469 6667 13469 6666 13469 6695 13470 6665 13470 6683 13470 6713 13471 6685 13471 6667 13471 6665 13472 6684 13472 6683 13472 6664 13473 6684 13473 6665 13473 6668 13474 6684 13474 6664 13474 6667 13475 6685 13475 6668 13475 6668 13476 6705 13476 6684 13476 6685 13477 6705 13477 6668 13477 6687 13478 6686 13478 6713 13478 6687 13479 6688 13479 6686 13479 6687 13480 6689 13480 6688 13480 6691 13481 6689 13481 6687 13481 6691 13482 6690 13482 6689 13482 6691 13483 6692 13483 6690 13483 6691 13484 6693 13484 6692 13484 6695 13485 6693 13485 6691 13485 6695 13486 6694 13486 6693 13486 6695 13487 6696 13487 6694 13487 6695 13488 6697 13488 6696 13488 6683 13489 6697 13489 6695 13489 6698 13490 6697 13490 6683 13490 6683 13491 6699 13491 6698 13491 6683 13492 6700 13492 6699 13492 6684 13493 6700 13493 6683 13493 6684 13494 6701 13494 6700 13494 6684 13495 6702 13495 6701 13495 6684 13496 6703 13496 6702 13496 6705 13497 6703 13497 6684 13497 6705 13498 6704 13498 6703 13498 6705 13499 6706 13499 6704 13499 6705 13500 6707 13500 6706 13500 6685 13501 6707 13501 6705 13501 6685 13502 6708 13502 6707 13502 6685 13503 6709 13503 6708 13503 6685 13504 6710 13504 6709 13504 6685 13505 6711 13505 6710 13505 6713 13506 6711 13506 6685 13506 6713 13507 6712 13507 6711 13507 6713 13508 6714 13508 6712 13508 6713 13509 6715 13509 6714 13509 6713 13510 6686 13510 6715 13510 6686 13511 6716 13511 6717 13511 6715 13512 6686 13512 6717 13512 6715 13513 6717 13513 6718 13513 6714 13514 6715 13514 6718 13514 6714 13515 6718 13515 6740 13515 6712 13516 6714 13516 6740 13516 6712 13517 6740 13517 6719 13517 6711 13518 6712 13518 6719 13518 6711 13519 6719 13519 6720 13519 6710 13520 6711 13520 6720 13520 6710 13521 6720 13521 6721 13521 6709 13522 6721 13522 6722 13522 6709 13523 6710 13523 6721 13523 6708 13524 6722 13524 6741 13524 6708 13525 6709 13525 6722 13525 6707 13526 6741 13526 6723 13526 6707 13527 6708 13527 6741 13527 6706 13528 6707 13528 6723 13528 6706 13529 6723 13529 6724 13529 6706 13530 6724 13530 6704 13530 6703 13531 6704 13531 6725 13531 6703 13532 6725 13532 6726 13532 6702 13533 6703 13533 6726 13533 6702 13534 6726 13534 6737 13534 6701 13535 6702 13535 6737 13535 6700 13536 6737 13536 6727 13536 6700 13537 6701 13537 6737 13537 6699 13538 6700 13538 6727 13538 6699 13539 6727 13539 6728 13539 6698 13540 6699 13540 6728 13540 6698 13541 6728 13541 6729 13541 6697 13542 6698 13542 6729 13542 6696 13543 6729 13543 6730 13543 6696 13544 6697 13544 6729 13544 6694 13545 6696 13545 6730 13545 6694 13546 6730 13546 6731 13546 6693 13547 6694 13547 6731 13547 6693 13548 6731 13548 6732 13548 6692 13549 6693 13549 6732 13549 6690 13550 6692 13550 6732 13550 6690 13551 6732 13551 6733 13551 6689 13552 6690 13552 6733 13552 6689 13553 6733 13553 6734 13553 6688 13554 6689 13554 6734 13554 6688 13555 6734 13555 6735 13555 6686 13556 6735 13556 6716 13556 6686 13557 6688 13557 6735 13557 6737 13558 6742 13558 6736 13558 6737 13559 6726 13559 6742 13559 6729 13560 6728 13560 6736 13560 6736 13561 6727 13561 6737 13561 6736 13562 6728 13562 6727 13562 6736 13563 6730 13563 6729 13563 6731 13564 6730 13564 6736 13564 6738 13565 6732 13565 6731 13565 6738 13566 6731 13566 6736 13566 6735 13567 6738 13567 6739 13567 6738 13568 6733 13568 6732 13568 6735 13569 6739 13569 6716 13569 6738 13570 6734 13570 6733 13570 6738 13571 6735 13571 6734 13571 6739 13572 6717 13572 6716 13572 6722 13573 6721 13573 6739 13573 6739 13574 6718 13574 6717 13574 6742 13575 6722 13575 6739 13575 6739 13576 6740 13576 6718 13576 6739 13577 6719 13577 6740 13577 6723 13578 6741 13578 6742 13578 6720 13579 6719 13579 6739 13579 6739 13580 6721 13580 6720 13580 6742 13581 6741 13581 6722 13581 6742 13582 6724 13582 6723 13582 6725 13583 6724 13583 6742 13583 6725 13584 6704 13584 6724 13584 6742 13585 6726 13585 6725 13585 6736 13586 6739 13586 6738 13586 6742 13587 6739 13587 6736 13587 6780 13588 6781 13588 6744 13588 6778 13589 6780 13589 6744 13589 6745 13590 6778 13590 6744 13590 6745 13591 6744 13591 6788 13591 6746 13592 6788 13592 6795 13592 6808 13593 6809 13593 6750 13593 6805 13594 6775 13594 6806 13594 6806 13595 6775 13595 6783 13595 6783 13596 6775 13596 6773 13596 6805 13597 6776 13597 6775 13597 6776 13598 6743 13598 6774 13598 6778 13599 6779 13599 6780 13599 6779 13600 6746 13600 6782 13600 6778 13601 6745 13601 6779 13601 6746 13602 6745 13602 6788 13602 6779 13603 6745 13603 6746 13603 6746 13604 6795 13604 6782 13604 6779 13605 6782 13605 6780 13605 6782 13606 6781 13606 6780 13606 6770 13607 6785 13607 6784 13607 6794 13608 6785 13608 6772 13608 6786 13609 6787 13609 6758 13609 6758 13610 6787 13610 6788 13610 6782 13611 6787 13611 6794 13611 6743 13612 6796 13612 6774 13612 6783 13613 6774 13613 6796 13613 6747 13614 6805 13614 6759 13614 6760 13615 6796 13615 6761 13615 6761 13616 6796 13616 6748 13616 6769 13617 6801 13617 6802 13617 6759 13618 6750 13618 6747 13618 6795 13619 6787 13619 6782 13619 6749 13620 6789 13620 6748 13620 6791 13621 6789 13621 6751 13621 6751 13622 6809 13622 6797 13622 6797 13623 6809 13623 6763 13623 6763 13624 6762 13624 6764 13624 6764 13625 6790 13625 6752 13625 6789 13626 6752 13626 6790 13626 6753 13627 6791 13627 6765 13627 6765 13628 6797 13628 6766 13628 6753 13629 6799 13629 6752 13629 6765 13630 6800 13630 6753 13630 6799 13631 6810 13631 6798 13631 6800 13632 6810 13632 6799 13632 6804 13633 6810 13633 6755 13633 6754 13634 6803 13634 6768 13634 6804 13635 6756 13635 6754 13635 6756 13636 6804 13636 6757 13636 6757 13637 6804 13637 6770 13637 6769 13638 6770 13638 6755 13638 6757 13639 6793 13639 6756 13639 6771 13640 6772 13640 6785 13640 6793 13641 6772 13641 6771 13641 6777 13642 6781 13642 6772 13642 6773 13643 6774 13643 6783 13643 6744 13644 6758 13644 6788 13644 6743 13645 6776 13645 6747 13645 6776 13646 6805 13646 6747 13646 6759 13647 6806 13647 6760 13647 6783 13648 6796 13648 6806 13648 6807 13649 6743 13649 6747 13649 6748 13650 6807 13650 6749 13650 6747 13651 6750 13651 6807 13651 6750 13652 6749 13652 6807 13652 6759 13653 6808 13653 6750 13653 6760 13654 6808 13654 6759 13654 6762 13655 6761 13655 6790 13655 6789 13656 6761 13656 6748 13656 6809 13657 6789 13657 6749 13657 6750 13658 6809 13658 6749 13658 6808 13659 6762 13659 6809 13659 6763 13660 6809 13660 6762 13660 6791 13661 6752 13661 6789 13661 6797 13662 6791 13662 6751 13662 6791 13663 6797 13663 6765 13663 6766 13664 6797 13664 6763 13664 6766 13665 6763 13665 6792 13665 6763 13666 6764 13666 6792 13666 6792 13667 6764 13667 6798 13667 6767 13668 6765 13668 6766 13668 6766 13669 6801 13669 6767 13669 6792 13670 6801 13670 6766 13670 6801 13671 6792 13671 6768 13671 6801 13672 6768 13672 6802 13672 6798 13673 6768 13673 6792 13673 6810 13674 6768 13674 6798 13674 6754 13675 6768 13675 6810 13675 6754 13676 6810 13676 6804 13676 6767 13677 6810 13677 6800 13677 6755 13678 6810 13678 6767 13678 6755 13679 6767 13679 6769 13679 6769 13680 6767 13680 6801 13680 6768 13681 6803 13681 6802 13681 6754 13682 6756 13682 6803 13682 6770 13683 6804 13683 6755 13683 6802 13684 6770 13684 6769 13684 6771 13685 6770 13685 6802 13685 6803 13686 6771 13686 6802 13686 6793 13687 6771 13687 6803 13687 6756 13688 6793 13688 6803 13688 6758 13689 6793 13689 6786 13689 6784 13690 6793 13690 6757 13690 6793 13691 6784 13691 6786 13691 6770 13692 6784 13692 6757 13692 6786 13693 6784 13693 6794 13693 6784 13694 6785 13694 6794 13694 6777 13695 6772 13695 6793 13695 6758 13696 6777 13696 6793 13696 6787 13697 6795 13697 6788 13697 6794 13698 6787 13698 6786 13698 6772 13699 6782 13699 6794 13699 6781 13700 6782 13700 6772 13700 6744 13701 6781 13701 6777 13701 6758 13702 6744 13702 6777 13702 6759 13703 6805 13703 6806 13703 6806 13704 6796 13704 6760 13704 6796 13705 6743 13705 6748 13705 6748 13706 6743 13706 6807 13706 6760 13707 6761 13707 6808 13707 6762 13708 6808 13708 6761 13708 6790 13709 6761 13709 6789 13709 6789 13710 6809 13710 6751 13710 6790 13711 6764 13711 6762 13711 6753 13712 6752 13712 6791 13712 6799 13713 6764 13713 6752 13713 6798 13714 6764 13714 6799 13714 6800 13715 6799 13715 6753 13715 6767 13716 6800 13716 6765 13716 6785 13717 6770 13717 6771 13717 6811 13718 6812 13718 6776 13718 6811 13719 6776 13719 6774 13719 6776 13720 6812 13720 6775 13720 6812 13721 6813 13721 6775 13721 6813 13722 6814 13722 6773 13722 6813 13723 6773 13723 6775 13723 6814 13724 6811 13724 6774 13724 6814 13725 6774 13725 6773 13725 6813 13726 6812 13726 6814 13726 6814 13727 6812 13727 6811 13727 6815 13728 6817 13728 6816 13728 6865 13729 6818 13729 6819 13729 6906 13730 6865 13730 6819 13730 6819 13731 6818 13731 6820 13731 6818 13732 6821 13732 6820 13732 6821 13733 6823 13733 6822 13733 6885 13734 6826 13734 6825 13734 6828 13735 6826 13735 6885 13735 6828 13736 6827 13736 6826 13736 6829 13737 6831 13737 6830 13737 6829 13738 6832 13738 6831 13738 6834 13739 6832 13739 6829 13739 6834 13740 6833 13740 6832 13740 6869 13741 6836 13741 6835 13741 6869 13742 6835 13742 6834 13742 6869 13743 6867 13743 6836 13743 6839 13744 6849 13744 6838 13744 6839 13745 6838 13745 6840 13745 6841 13746 6839 13746 6840 13746 6841 13747 6849 13747 6839 13747 6842 13748 6841 13748 6840 13748 6843 13749 6848 13749 6842 13749 6844 13750 6843 13750 6845 13750 6845 13751 6846 13751 6844 13751 6845 13752 6896 13752 6893 13752 6845 13753 6893 13753 6846 13753 6847 13754 6844 13754 6846 13754 6843 13755 6844 13755 6847 13755 6843 13756 6847 13756 6848 13756 6842 13757 6848 13757 6841 13757 6838 13758 6849 13758 6850 13758 6837 13759 6850 13759 6851 13759 6837 13760 6838 13760 6850 13760 6852 13761 6825 13761 6826 13761 6852 13762 6886 13762 6825 13762 6853 13763 6852 13763 6826 13763 6853 13764 6826 13764 6827 13764 6854 13765 6853 13765 6827 13765 6854 13766 6827 13766 6828 13766 6855 13767 6854 13767 6828 13767 6856 13768 6828 13768 6829 13768 6856 13769 6855 13769 6828 13769 6857 13770 6856 13770 6829 13770 6857 13771 6829 13771 6830 13771 6858 13772 6830 13772 6831 13772 6858 13773 6857 13773 6830 13773 6859 13774 6831 13774 6832 13774 6859 13775 6858 13775 6831 13775 6859 13776 6832 13776 6833 13776 6860 13777 6859 13777 6833 13777 6861 13778 6860 13778 6833 13778 6861 13779 6833 13779 6834 13779 6862 13780 6861 13780 6834 13780 6862 13781 6834 13781 6835 13781 6863 13782 6862 13782 6835 13782 6863 13783 6835 13783 6836 13783 6864 13784 6836 13784 6867 13784 6864 13785 6863 13785 6836 13785 6897 13786 6818 13786 6895 13786 6896 13787 6818 13787 6897 13787 6895 13788 6818 13788 6894 13788 6818 13789 6865 13789 6894 13789 6896 13790 6821 13790 6818 13790 6865 13791 6902 13791 6894 13791 6896 13792 6823 13792 6821 13792 6845 13793 6823 13793 6896 13793 6894 13794 6902 13794 6900 13794 6843 13795 6823 13795 6845 13795 6902 13796 6816 13796 6900 13796 6843 13797 6842 13797 6823 13797 6816 13798 6901 13798 6900 13798 6816 13799 6837 13799 6901 13799 6866 13800 6837 13800 6816 13800 6842 13801 6840 13801 6823 13801 6823 13802 6840 13802 6903 13802 6866 13803 6838 13803 6837 13803 6903 13804 6840 13804 6866 13804 6866 13805 6840 13805 6838 13805 6873 13806 6885 13806 6877 13806 6869 13807 6885 13807 6873 13807 6869 13808 6828 13808 6885 13808 6834 13809 6828 13809 6869 13809 6829 13810 6828 13810 6834 13810 6868 13811 6864 13811 6867 13811 6868 13812 6867 13812 6869 13812 6870 13813 6869 13813 6871 13813 6870 13814 6868 13814 6869 13814 6872 13815 6871 13815 6873 13815 6872 13816 6870 13816 6871 13816 6874 13817 6872 13817 6873 13817 6874 13818 6873 13818 6875 13818 6876 13819 6874 13819 6875 13819 6876 13820 6875 13820 6877 13820 6876 13821 6877 13821 6879 13821 6878 13822 6876 13822 6879 13822 6880 13823 6879 13823 6881 13823 6880 13824 6878 13824 6879 13824 6883 13825 6880 13825 6881 13825 6883 13826 6881 13826 6882 13826 6884 13827 6883 13827 6882 13827 6884 13828 6882 13828 6885 13828 6886 13829 6884 13829 6885 13829 6886 13830 6885 13830 6825 13830 6887 13831 6870 13831 6872 13831 6888 13832 6870 13832 6887 13832 6872 13833 6874 13833 6887 13833 6888 13834 6868 13834 6870 13834 6887 13835 6874 13835 6889 13835 6851 13836 6868 13836 6888 13836 6851 13837 6864 13837 6868 13837 6874 13838 6876 13838 6889 13838 6851 13839 6863 13839 6864 13839 6876 13840 6878 13840 6889 13840 6850 13841 6863 13841 6851 13841 6889 13842 6878 13842 6890 13842 6878 13843 6880 13843 6890 13843 6850 13844 6862 13844 6863 13844 6890 13845 6880 13845 6891 13845 6880 13846 6883 13846 6891 13846 6850 13847 6861 13847 6862 13847 6850 13848 6849 13848 6861 13848 6861 13849 6849 13849 6860 13849 6883 13850 6892 13850 6891 13850 6884 13851 6892 13851 6883 13851 6860 13852 6841 13852 6859 13852 6849 13853 6841 13853 6860 13853 6886 13854 6892 13854 6884 13854 6886 13855 6893 13855 6892 13855 6859 13856 6841 13856 6858 13856 6841 13857 6848 13857 6858 13857 6852 13858 6893 13858 6886 13858 6858 13859 6848 13859 6857 13859 6853 13860 6893 13860 6852 13860 6853 13861 6846 13861 6893 13861 6857 13862 6848 13862 6856 13862 6854 13863 6846 13863 6853 13863 6848 13864 6847 13864 6856 13864 6855 13865 6846 13865 6854 13865 6855 13866 6847 13866 6846 13866 6856 13867 6847 13867 6855 13867 6888 13868 6837 13868 6851 13868 6900 13869 6888 13869 6887 13869 6889 13870 6899 13870 6887 13870 6898 13871 6894 13871 6889 13871 6890 13872 6898 13872 6889 13872 6895 13873 6890 13873 6891 13873 6897 13874 6891 13874 6892 13874 6896 13875 6892 13875 6893 13875 6897 13876 6892 13876 6896 13876 6895 13877 6891 13877 6897 13877 6890 13878 6895 13878 6898 13878 6898 13879 6895 13879 6894 13879 6899 13880 6889 13880 6894 13880 6899 13881 6894 13881 6900 13881 6900 13882 6887 13882 6899 13882 6901 13883 6888 13883 6900 13883 6837 13884 6888 13884 6901 13884 6873 13885 6871 13885 6869 13885 6877 13886 6875 13886 6873 13886 6877 13887 6881 13887 6879 13887 6877 13888 6882 13888 6881 13888 6885 13889 6882 13889 6877 13889 6823 13890 6903 13890 6824 13890 6903 13891 6866 13891 6904 13891 6904 13892 6866 13892 6816 13892 6905 13893 6816 13893 6902 13893 6902 13894 6865 13894 6906 13894 6908 13895 6909 13895 6907 13895 6817 13896 6815 13896 6909 13896 6911 13897 6908 13897 6910 13897 6911 13898 6909 13898 6908 13898 6914 13899 6912 13899 6817 13899 6913 13900 6909 13900 6911 13900 6913 13901 6914 13901 6817 13901 6913 13902 6817 13902 6909 13902 6915 13903 6913 13903 6911 13903 6916 13904 6914 13904 6913 13904 6912 13905 6914 13905 6903 13905 6905 13906 6815 13906 6816 13906 6904 13907 6816 13907 6817 13907 6815 13908 6905 13908 6909 13908 6902 13909 6907 13909 6909 13909 6905 13910 6902 13910 6909 13910 6906 13911 6908 13911 6907 13911 6902 13912 6906 13912 6907 13912 6908 13913 6906 13913 6910 13913 6906 13914 6819 13914 6910 13914 6819 13915 6820 13915 6910 13915 6910 13916 6820 13916 6911 13916 6820 13917 6821 13917 6915 13917 6820 13918 6915 13918 6911 13918 6822 13919 6913 13919 6915 13919 6821 13920 6822 13920 6915 13920 6824 13921 6916 13921 6823 13921 6913 13922 6822 13922 6916 13922 6822 13923 6823 13923 6916 13923 6916 13924 6824 13924 6914 13924 6824 13925 6903 13925 6914 13925 6904 13926 6817 13926 6912 13926 6903 13927 6904 13927 6912 13927</p>
                </triangles>
            </mesh>
        </geometry>
    </library_geometries>
    <library_visual_scenes>
        <visual_scene id="VisualSceneNode" name="VisualScene">
            <node id="node" name="node">
                <instance_geometry url="#shape0-lib"/>
            </node>
        </visual_scene>
    </library_visual_scenes>
    <scene>
        <instance_visual_scene url="#VisualSceneNode"/>
    </scene>
</COLLADA>
