<?xml version="1.0" encoding="UTF-8"?>
<COLLADA xmlns="http://www.collada.org/2005/11/COLLADASchema" version="1.4.1">
    <asset>
        <contributor>
            <author>VCGLab</author>
            <authoring_tool>VCGLib | MeshLab</authoring_tool>
        </contributor>
        <created>الأربعاء مايو 25 09:43:31 2022 GMT</created>
        <modified>الأربعاء مايو 25 09:43:31 2022 GMT</modified>
        <up_axis>Y_UP</up_axis>
    </asset>
    <library_geometries>
        <geometry id="shape0-lib" name="shape0">
            <mesh>
                <source id="shape0-lib-positions" name="position">
                    <float_array id="shape0-lib-positions-array" count="17985">0.00115965 0.0193932 0.0113904 0.00309935 0.0201499 0.0088758 0.00083584 0.0186584 0.0106919 0.00116273 0.018704 0.00902947 0.000793517 0.0174034 0.0085964 0.00126847 0.0171392 0.0113904 0.00143717 0.0165516 0.00884786 0.000885814 0.0149811 0.0113904 0.00087594 0.0149864 0.0085964 0.00264565 0.0177844 0.00909932 0.00219974 0.0194131 0.00909932 0.0024202 0.0152087 0.00893168 0.00158197 0.0158436 0.0098537 0.0014724 0.0148502 0.0105662 0.00461967 0.0145735 0.0085964 0.00439469 0.0151179 0.00904344 0.00449933 0.0182664 0.00876404 0.00396244 0.0162328 0.00927394 0.0043784 0.0176865 0.00926696 0.00469356 0.0202463 0.0099934 0.00345585 0.0148441 0.00950445 0.00369103 0.0145615 0.0110411 0.00214346 0.0204034 0.0106919 0.00387717 0.0199674 0.0113904 0.00403001 0.018688 0.0113904 0.004596 0.0178744 0.0113904 0.00374751 0.0167859 0.0104404 0.00474353 0.016355 0.0113904 0.00278062 0.0153861 0.0113904 0.00263547 0.0165795 0.0113904 0.00255163 0.0188333 0.0113904 0.001696 0.0200337 0.0113904 0.00329724 0.0190688 0.00949048 0.00130183 0.0155673 0.0082858 0.00124026 0.0156203 0.00998487 0.00198129 0.0158627 0.0082858 0.00182828 0.0151548 0.0121778 0.00192655 0.0149342 0.0112124 0.00207568 0.0160062 0.010784 0.00188288 0.0159203 0.0121778 0.00149254 0.0158965 0.0119518 0.00208802 0.0151397 0.00858576 0.00151001 0.0156043 0.00888953 0.00201873 0.0156858 0.00891634 0.0016157 0.0152743 0.00817473 0.00183006 0.0152155 0.00972582 0.00178153 0.0153859 0.00976761 0.00184475 0.0152757 0.0117857 0.00147297 0.0154179 0.0116825 0.00181896 0.0157227 0.0116825 0.00190202 0.0150648 0.0114021 0.00190004 0.0150642 0.0114023 0.00189768 0.0150634 0.0114026 0.00167031 0.0153319 0.0112814 0.00150116 0.0151979 0.0111743 0.00184571 0.0152377 0.0112912 0.00150527 0.0151952 0.011174 0.00150364 0.0151975 0.0111743 0.00209436 0.0152138 0.0110856 0.00209312 0.0152119 0.0110859 0.00210104 0.0152249 0.011084 0.0018914 0.0153866 0.0105609 0.00174223 0.0153992 0.0110883 0.00188348 0.0152948 0.0103627 0.00208705 0.0152027 0.0108029 0.00209588 0.0152163 0.0108008 0.00209465 0.0152143 0.0108011 0.00182082 0.0153919 0.0102607 0.00209312 0.0152119 0.0102325 0.00183908 0.0154282 0.00998406 0.00210145 0.0152256 0.0102304 0.00209436 0.0152138 0.0102322 0.0018141 0.0153673 0.00905919 0.00190428 0.0150655 0.0096949 0.00189768 0.0150634 0.00969571 0.00190005 0.0150642 0.00969542 0.00210051 0.015224 0.00852377 0.00209312 0.0152119 0.00852562 0.00209436 0.0152138 0.00852532 0.00178274 0.0153474 0.00924452 0.00390201 0.0150648 0.0114021 0.00390004 0.0150642 0.0114023 0.00389767 0.0150634 0.0114026 0.00380455 0.0153932 0.0112774 0.00350115 0.0151979 0.0111743 0.00369797 0.0152218 0.0112486 0.00376009 0.0153203 0.0107427 0.00350527 0.0151952 0.011174 0.00350363 0.0151975 0.0111743 0.00390969 0.0152405 0.0111725 0.00385115 0.0154322 0.00957807 0.00409435 0.0152138 0.0110856 0.00409312 0.0152119 0.0110859 0.00410103 0.0152249 0.011084 0.00397148 0.0153893 0.0109322 0.00379648 0.0154271 0.0103364 0.00408705 0.0152027 0.0108029 0.00409588 0.0152163 0.0108008 0.00409464 0.0152143 0.0108011 0.00409312 0.0152119 0.0102325 0.00390424 0.0153141 0.00997385 0.00410145 0.0152256 0.0102304 0.00409435 0.0152138 0.0102322 0.00393155 0.0153348 0.00900569 0.00390428 0.0150655 0.0096949 0.00389767 0.0150634 0.00969571 0.00390004 0.0150642 0.00969542 0.0041015 0.0152257 0.00852351 0.00409312 0.0152119 0.00852562 0.00410051 0.015224 0.00852377 0.00409435 0.0152138 0.00852532 0.00381963 0.0152979 0.00893233 0.00376665 0.0155702 0.010724 0.00403699 0.0155876 0.0118889 0.00378993 0.0151553 0.01073 0.00364018 0.0150362 0.0121159 0.00378769 0.0152804 0.00972627 0.00340904 0.0154708 0.00859497 0.0040666 0.01541 0.00818172 0.00394545 0.0157212 0.00890095 0.00368173 0.0150977 0.00848577 0.00369086 0.0150403 0.0109604 0.00382024 0.0159023 0.0082858 0.00402381 0.0158204 0.0121778 0.00395069 0.0160568 0.0108561 0.00346517 0.0153305 0.0121468 0.00446135 0.0155853 0.0111924 0.00424415 0.0152186 0.0121778 0.00432737 0.0153819 0.0084883 0.00190202 0.0170648 0.0114021 0.00190004 0.0170642 0.0114023 0.00189768 0.0170634 0.0114026 0.00167587 0.0173154 0.0112166 0.00150115 0.0171979 0.0111743 0.00181552 0.0173383 0.010954 0.00150527 0.0171952 0.011174 0.00150364 0.0171975 0.0111743 0.00209436 0.0172138 0.0110856 0.00209312 0.0172119 0.0110859 0.00210104 0.0172249 0.011084 0.00167902 0.0173883 0.0111665 0.00180618 0.0173682 0.0105197 0.00208705 0.0172027 0.0108029 0.00183059 0.0172649 0.0109409 0.00209588 0.0172163 0.0108008 0.00209465 0.0172143 0.0108011 0.00179754 0.0173287 0.00942835 0.00210145 0.0172256 0.0102304 0.00209312 0.0172119 0.0102325 0.00209436 0.0172138 0.0102322 0.00184884 0.0173797 0.00909862 0.00190428 0.0170655 0.0096949 0.00189768 0.0170634 0.00969571 0.00190005 0.0170642 0.00969542 0.00210051 0.017224 0.00852377 0.00209312 0.0172119 0.00852562 0.00209436 0.0172138 0.00852532 0.00190437 0.0174762 0.00874234 0.00390201 0.0170648 0.0114021 0.00390004 0.0170642 0.0114023 0.00389767 0.0170634 0.0114026 0.00381681 0.0172478 0.0112208 0.00350115 0.0171979 0.0111743 0.00373566 0.0172913 0.0112958 0.00388972 0.0173775 0.0100408 0.00372887 0.0171176 0.01113 0.00350527 0.0171952 0.011174 0.00350363 0.0171975 0.0111743 0.00409435 0.0172138 0.0110856 0.00409312 0.0172119 0.0110859 0.00410103 0.0172249 0.011084 0.00382946 0.0173188 0.0104242 0.00408705 0.0172027 0.0108029 0.00409588 0.0172163 0.0108008 0.00409464 0.0172143 0.0108011 0.00395741 0.0173358 0.00903955 0.00410145 0.0172256 0.0102304 0.00409312 0.0172119 0.0102325 0.00409435 0.0172138 0.0102322 0.00390428 0.0170655 0.0096949 0.00389767 0.0170634 0.00969571 0.00390004 0.0170642 0.00969542 0.00398158 0.0173567 0.00920328 0.00410051 0.017224 0.00852377 0.00409312 0.0172119 0.00852562 0.00409435 0.0172138 0.00852532 0.00379404 0.0173275 0.0104574 0.00203183 0.0174306 0.012054 0.00174273 0.017251 0.0106474 0.00167833 0.0175814 0.0111827 0.00143191 0.0171342 0.0120127 0.00380012 0.0174533 0.0106421 0.00401958 0.0171421 0.0116825 0.00356073 0.0170864 0.0119301 0.00390878 0.0176286 0.0120127 0.00205464 0.0175261 0.00888776 0.00167789 0.017075 0.0089168 0.00162563 0.0176297 0.00852343 0.00209292 0.0175564 0.0104282 0.00345219 0.0172862 0.00893575 0.00382304 0.0177134 0.00874003 0.00399045 0.0173882 0.00816125 0.00385998 0.0171079 0.00972038 0.00190868 0.0169419 0.0108012 0.00167152 0.0178367 0.0121278 0.00124358 0.017797 0.0106313 0.00224669 0.0178183 0.0112239 0.00136171 0.0172016 0.0121778 0.00211418 0.017254 0.0121778 0.00174857 0.017996 0.00868575 0.0012332 0.0174535 0.00869248 0.00203669 0.0172758 0.00839 0.00414629 0.0174541 0.00838494 0.00412447 0.017463 0.0100912 0.00348527 0.0170192 0.00858997 0.00344345 0.0171793 0.0121778 0.00329914 0.0170898 0.0115825 0.00412806 0.0171907 0.0121099 0.00382773 0.0179334 0.0121778 0.00330789 0.0177202 0.00868575 0.00190202 0.0190648 0.0114021 0.00190004 0.0190642 0.0114023 0.00189768 0.0190634 0.0114026 0.00168068 0.0193465 0.0112478 0.00181555 0.0192214 0.0111697 0.00184591 0.0193693 0.0107427 0.00150116 0.0191979 0.0111743 0.00150527 0.0191952 0.011174 0.00150364 0.0191975 0.0111743 0.00209436 0.0192138 0.0110856 0.00209312 0.0192119 0.0110859 0.00210104 0.0192249 0.011084 0.00183954 0.0193569 0.00975831 0.00184259 0.0192742 0.0109081 0.00208705 0.0192027 0.0108029 0.00209588 0.0192163 0.0108008 0.00209465 0.0192143 0.0108011 0.00175835 0.0194667 0.0099369 0.00210145 0.0192256 0.0102304 0.00209312 0.0192119 0.0102325 0.00209436 0.0192138 0.0102322 0.0018738 0.0193327 0.00925623 0.00190428 0.0190655 0.0096949 0.00189768 0.0190634 0.00969571 0.00190005 0.0190642 0.00969542 0.00210151 0.0192257 0.00852351 0.00209312 0.0192119 0.00852562 0.00210051 0.019224 0.00852377 0.00209436 0.0192138 0.00852532 0.00185953 0.019516 0.01056 0.00390201 0.0190648 0.0114021 0.00390004 0.0190642 0.0114023 0.00389767 0.0190634 0.0114026 0.0039059 0.0193418 0.0112673 0.00350115 0.0191979 0.0111743 0.00372103 0.0193705 0.0112685 0.00376863 0.0192352 0.0110359 0.00350527 0.0191952 0.011174 0.00350363 0.0191975 0.0111743 0.00409435 0.0192138 0.0110856 0.00409312 0.0192119 0.0110859 0.00410103 0.0192249 0.011084 0.00390717 0.0194589 0.0103996 0.00381168 0.0194111 0.0106768 0.00408705 0.0192027 0.0108029 0.00409588 0.0192163 0.0108008 0.00409464 0.0192143 0.0108011 0.00396816 0.0194464 0.00986016 0.00410145 0.0192256 0.0102304 0.00409312 0.0192119 0.0102325 0.00409435 0.0192138 0.0102322 0.00390428 0.0190655 0.0096949 0.00389767 0.0190634 0.00969571 0.00390004 0.0190642 0.00969542 0.00385935 0.0193407 0.00911087 0.0041015 0.0192257 0.00852351 0.00409312 0.0192119 0.00852562 0.00410051 0.019224 0.00852377 0.00409435 0.0192138 0.00852532 0.00381199 0.0194529 0.010626 0.00160929 0.0197004 0.0118889 0.00164795 0.0190587 0.0119301 0.00202786 0.0193709 0.0112475 0.00173234 0.0194375 0.00976562 0.00405198 0.0194709 0.0117857 0.00356143 0.0191999 0.0120127 0.00374428 0.0193751 0.0102004 0.00378988 0.0197047 0.0116825 0.00187271 0.0192059 0.00836962 0.00144042 0.0195146 0.00891076 0.00186333 0.0197287 0.00880574 0.00179096 0.0194364 0.0105404 0.003511 0.0195699 0.0079161 0.00387983 0.0196615 0.00997335 0.00402343 0.0192802 0.00820657 0.00354724 0.0191531 0.00956061 0.00196298 0.0190838 0.0121778 0.00135582 0.0190111 0.0113083 0.00223111 0.019516 0.0112537 0.00132331 0.0195284 0.0121778 0.00180339 0.0198736 0.0120421 0.00124344 0.0195864 0.00848914 0.00195561 0.0197945 0.00848451 0.00188593 0.0190183 0.00859418 0.00423764 0.0194808 0.0121778 0.00414713 0.019167 0.0110534 0.00377784 0.0200384 0.0116817 0.00349507 0.0193594 0.0121778 0.00309092 0.0194653 0.0110618 0.00360446 0.0199225 0.00868575 0.00353412 0.0191394 0.00848493 0.00416748 0.0197195 0.0082858 -0.00171423 0.0202745 0.0113904 -0.00298681 0.0201168 0.00937872 -0.0028415 0.0187982 0.0092949 -0.00290045 0.0186982 0.0110342 -0.00311968 0.0168817 0.00894565 0.000334665 0.0185504 0.00881992 0.000607556 0.0173359 0.0106919 0.000689237 0.0159518 0.00863831 -0.000198357 0.0200289 0.00880595 -0.00204322 0.019824 0.0098048 -0.00148664 0.0178437 0.00893168 -0.00274587 0.0171963 0.00992355 -0.00189992 0.0168706 0.0103287 -0.00270981 0.0154454 0.00909932 -0.00112929 0.0152581 0.00950445 -0.00312406 0.0146033 0.0085964 -0.00305982 0.0159427 0.0110411 0.000176723 0.0159647 0.00904344 0.000285065 0.0169857 0.00926696 -0.00013259 0.0179334 0.00904344 0.00069356 0.0202463 0.0099934 -0.000442459 0.0196093 0.0103287 -0.00185654 0.0144034 0.0099934 0.000152709 0.0180802 0.0113904 0.00069356 0.0145578 0.0113904 -0.000285704 0.0150193 0.0111529 -0.00101208 0.0167895 0.0113904 -0.00198106 0.0160355 0.0113904 -0.00224902 0.0148035 0.0113904 -0.00162871 0.018305 0.0109154 -0.00270001 0.0156766 0.00869417 -0.00217009 0.0160947 0.0109241 -0.00189122 0.0158996 0.0082858 -0.00171331 0.01539 0.0106491 -0.00193727 0.0153026 0.0121483 -0.00275798 0.0153076 0.0116557 -0.00257584 0.0156974 0.0121778 -0.00200923 0.0158795 0.0121778 -0.00219973 0.0150756 0.00848577 -0.00204664 0.0151004 0.00891684 -0.00254705 0.0153848 0.00857375 -0.0020848 0.0156446 0.00820929 -0.00230323 0.0156823 0.0103875 -0.00189706 0.0154305 0.0117238 -0.0023189 0.0153312 0.0121778 -0.00225928 0.0152287 0.0107249 -0.00240728 0.0155843 0.0116825 -0.00209799 0.0150648 0.0114021 -0.00209996 0.0150642 0.0114023 -0.00210232 0.0150634 0.0114026 -0.00225823 0.0154296 0.00938118 -0.00249884 0.0151979 0.0111743 -0.00219205 0.0151363 0.011107 -0.00249473 0.0151952 0.011174 -0.00249636 0.0151975 0.0111743 -0.00190688 0.0152119 0.0110859 -0.00190564 0.0152138 0.0110856 -0.00189896 0.0152249 0.011084 -0.00223729 0.0153782 0.00887367 -0.00220707 0.0153441 0.0112674 -0.00191295 0.0152027 0.0108029 -0.00190412 0.0152163 0.0108008 -0.00190535 0.0152143 0.0108011 -0.00202108 0.0153421 0.0105204 -0.00189855 0.0152256 0.0102304 -0.00190688 0.0152119 0.0102325 -0.00190564 0.0152138 0.0102322 -0.00227782 0.0154265 0.00981784 -0.00199436 0.015362 0.00893765 -0.00209572 0.0150655 0.0096949 -0.00210232 0.0150634 0.00969571 -0.00209995 0.0150642 0.00969542 -0.00189949 0.015224 0.00852377 -0.00190688 0.0152119 0.00852562 -0.00190564 0.0152138 0.00852532 -0.00231522 0.0152975 0.0113314 -9.79889e-05 0.0150648 0.0114021 -9.99625e-05 0.0150642 0.0114023 -0.000102326 0.0150634 0.0114026 -7.88357e-05 0.0154451 0.0112869 -0.000498848 0.0151979 0.0111743 -0.000214129 0.0152147 0.0108896 -0.000494733 0.0151952 0.011174 -0.000496369 0.0151975 0.0111743 9.43515e-05 0.0152138 0.0110856 9.3117e-05 0.0152119 0.0110859 0.000101033 0.0152249 0.011084 -0.000149681 0.0154262 0.0103579 -9.33027e-05 0.0153076 0.01112 8.70502e-05 0.0152027 0.0108029 9.58787e-05 0.0152163 0.0108008 9.46424e-05 0.0152143 0.0108011 -0.000141875 0.0154101 0.0098809 0.000101446 0.0152256 0.0102304 9.3117e-05 0.0152119 0.0102325 9.43515e-05 0.0152138 0.0102322 -9.57212e-05 0.0150655 0.0096949 -0.000102326 0.0150634 0.00969571 -9.99581e-05 0.0150642 0.00969542 -0.000173278 0.0154201 0.00892731 -9.47317e-05 0.0153149 0.00874831 0.000100509 0.015224 0.00852377 9.3117e-05 0.0152119 0.00852562 9.43515e-05 0.0152138 0.00852532 -0.000207378 0.015396 0.00920451 -0.0002299 0.0153505 0.0111696 -0.000258408 0.0157584 0.0121778 -0.000278492 0.0149872 0.0120127 8.05154e-05 0.0154182 0.0117031 -0.000306426 0.0155365 0.0111636 -0.000516764 0.0155713 0.00964441 1.70759e-05 0.0156993 0.00893243 -0.000329472 0.0152151 0.00801512 3.83085e-05 0.0151569 0.0088918 -8.88087e-06 0.0156934 0.00848746 -0.0007359 0.0157433 0.0106303 0.000199151 0.0156874 0.0105505 -0.000694845 0.015131 0.0082858 -0.000662691 0.0154448 0.0121651 -0.000390369 0.0148416 0.0112989 -9.1972e-06 0.015767 0.0121778 5.98529e-05 0.0150326 0.0121778 1.31701e-05 0.0149344 0.00868659 -0.00209799 0.0170648 0.0114021 -0.00209996 0.0170642 0.0114023 -0.00210232 0.0170634 0.0114026 -0.00208677 0.0172659 0.0110778 -0.00249884 0.0171979 0.0111743 -0.00216374 0.0173379 0.011302 -0.00249473 0.0171952 0.011174 -0.00249636 0.0171975 0.0111743 -0.00190564 0.0172138 0.0110856 -0.00190688 0.0172119 0.0110859 -0.00189896 0.0172249 0.011084 -0.00218349 0.0172854 0.0110169 -0.00224364 0.0173941 0.0105448 -0.0021659 0.0173804 0.00977239 -0.00191295 0.0172027 0.0108029 -0.00190412 0.0172163 0.0108008 -0.00190535 0.0172143 0.0108011 -0.00189855 0.0172256 0.0102304 -0.00190688 0.0172119 0.0102325 -0.00190564 0.0172138 0.0102322 -0.00205654 0.0172971 0.00883663 -0.00209572 0.0170655 0.0096949 -0.00210232 0.0170634 0.00969571 -0.00209995 0.0170642 0.00969542 -0.00207936 0.0173521 0.0089807 -0.00189849 0.0172257 0.00852351 -0.00190688 0.0172119 0.00852562 -0.00189949 0.017224 0.00852377 -0.00190564 0.0172138 0.00852532 -0.0022085 0.0172902 0.0112921 -9.79889e-05 0.0170648 0.0114021 -9.99625e-05 0.0170642 0.0114023 -0.000102326 0.0170634 0.0114026 -5.68922e-05 0.0172796 0.0109297 -0.000198271 0.0172938 0.0112732 -0.000498848 0.0171979 0.0111743 -0.000163904 0.0172902 0.0113068 -0.000245384 0.0171181 0.0111283 -0.000494733 0.0171952 0.011174 -0.000496369 0.0171975 0.0111743 9.3117e-05 0.0172119 0.0110859 -0.000107407 0.0173352 0.0106203 9.43515e-05 0.0172138 0.0110856 0.000101033 0.0172249 0.011084 8.70502e-05 0.0172027 0.0108029 9.58787e-05 0.0172163 0.0108008 9.46424e-05 0.0172143 0.0108011 -0.000192413 0.0174314 0.00998204 0.000101446 0.0172256 0.0102304 9.3117e-05 0.0172119 0.0102325 9.43515e-05 0.0172138 0.0102322 -0.000142901 0.0173937 0.00922985 -9.57212e-05 0.0170655 0.0096949 -0.000102326 0.0170634 0.00969571 -9.99581e-05 0.0170642 0.00969542 9.01234e-05 0.0171987 0.00852371 0.000100509 0.017224 0.00852377 9.3117e-05 0.0172119 0.00852562 9.43515e-05 0.0172138 0.00852532 3.81488e-05 0.0174792 0.00843494 -4.74271e-05 0.0170855 0.00849018 -0.000399536 0.0173159 0.00860471 -0.000139824 0.017179 0.00849575 -0.000302911 0.0174355 0.00899479 -0.000359867 0.0174663 0.00878775 -5.64208e-05 0.0172907 0.0094443 -0.000170152 0.017287 0.00978256 -0.000237914 0.0173424 0.0101232 -0.00211815 0.0170925 0.0120127 -0.00228063 0.0173577 0.0110795 -0.00195764 0.0175161 0.0116825 -0.00256336 0.0176312 0.0120127 -0.00020518 0.017482 0.0110763 2.67062e-05 0.0176902 0.0120746 -0.000108565 0.017083 0.0116825 -0.000408055 0.0172467 0.012054 -0.00252609 0.0174185 0.00891265 -0.00192259 0.0175026 0.00890404 -0.00218373 0.017263 0.00817069 -0.0019264 0.0172611 0.0104632 -0.000346643 0.0176923 0.00890276 0.000147453 0.0174241 0.0089021 -0.00035493 0.0171884 0.00853683 -0.000150384 0.0173884 0.0105404 -0.00264083 0.0174227 0.00848577 -0.00263322 0.0177964 0.00908738 -0.00190413 0.0178141 0.00848577 -0.00270951 0.0173814 0.0121778 -0.00285588 0.0173842 0.0116587 -0.00198992 0.0170713 0.0121778 -0.00181258 0.0173619 0.0118067 -0.00210429 0.0177789 0.012133 -0.00183687 0.0171284 0.00878952 -0.000160989 0.0169271 0.0082858 0.000202778 0.0169693 0.00908569 -0.000526308 0.0175709 0.00838578 0.000217249 0.0175982 0.0082858 -0.000144246 0.0177423 0.00983047 -0.000415303 0.0176813 0.0120756 -0.000204842 0.0168059 0.0119645 0.00029253 0.0173968 0.011869 -0.00209799 0.0190648 0.0114021 -0.00209996 0.0190642 0.0114023 -0.00210232 0.0190634 0.0114026 -0.0021615 0.0193393 0.00958948 -0.00249884 0.0191979 0.0111743 -0.00208642 0.0192207 0.0109043 -0.00249473 0.0191952 0.011174 -0.00249636 0.0191975 0.0111743 -0.00190564 0.0192138 0.0110856 -0.00190688 0.0192119 0.0110859 -0.00189896 0.0192249 0.011084 -0.00220883 0.0194021 0.00967986 -0.00191295 0.0192027 0.0108029 -0.00190412 0.0192163 0.0108008 -0.00190535 0.0192143 0.0108011 -0.0020963 0.0193244 0.0100053 -0.00189855 0.0192256 0.0102304 -0.00190688 0.0192119 0.0102325 -0.00190564 0.0192138 0.0102322 -0.00208786 0.01942 0.0105131 -0.00209572 0.0190655 0.0096949 -0.00210232 0.0190634 0.00969571 -0.00209995 0.0190642 0.00969542 -0.00190688 0.0192119 0.00852562 -0.00214018 0.0193183 0.00923157 -0.00189949 0.019224 0.00852377 -0.00190564 0.0192138 0.00852532 -0.00217802 0.0192119 0.0112374 -0.00221903 0.0193445 0.0112505 -9.79889e-05 0.0190648 0.0114021 -9.99625e-05 0.0190642 0.0114023 -0.000102326 0.0190634 0.0114026 -0.00012128 0.0192863 0.0113271 -0.00049885 0.0191979 0.0111743 -0.000258472 0.0191072 0.0111156 -0.000494733 0.0191952 0.011174 -0.000496369 0.0191975 0.0111743 9.43515e-05 0.0192138 0.0110856 9.3117e-05 0.0192119 0.0110859 0.000101033 0.0192249 0.011084 8.20519e-05 0.019468 0.0109993 -0.000210117 0.0193412 0.0109955 -6.61661e-05 0.0190932 0.0108188 -0.000150751 0.019362 0.00946348 8.70502e-05 0.0192027 0.0108029 9.58787e-05 0.0192163 0.0108008 9.46424e-05 0.0192143 0.0108011 -0.000280406 0.0193218 0.00982938 0.000101446 0.0192256 0.0102304 9.3117e-05 0.0192119 0.0102325 9.43515e-05 0.0192138 0.0102322 -0.000176209 0.0194043 0.00931492 -9.57212e-05 0.0190655 0.0096949 -0.000102326 0.0190634 0.00969571 -9.99581e-05 0.0190642 0.00969542 -0.000232092 0.0193395 0.00915612 0.000101505 0.0192257 0.00852351 9.3117e-05 0.0192119 0.00852562 0.000100509 0.019224 0.00852377 9.43515e-05 0.0192138 0.00852532 -0.000223982 0.0193466 0.0104797 -0.000226777 0.0193725 0.0110499 -0.00223877 0.0195742 0.0111625 -0.00210492 0.0191188 0.0116825 -0.00247413 0.0195869 0.0120952 -0.00192844 0.0192466 0.0120952 -0.000175236 0.0193807 0.00977203 2.6355e-05 0.0193549 0.0115999 -0.000288018 0.0192286 0.011765 -0.000311467 0.0197492 0.0118889 -0.00189707 0.0192325 0.00891699 -0.00245765 0.0191474 0.00888242 -0.00205433 0.0195416 0.00816562 -0.00238873 0.0195139 0.00966146 -2.76834e-05 0.0190825 0.00956562 -0.000455184 0.0192715 0.00950322 -0.000287345 0.0195674 0.00814668 -6.2964e-07 0.0196326 0.00891505 -0.00266677 0.019453 0.0082858 -0.00279749 0.0194252 0.00910422 -0.00185068 0.0192455 0.00863575 -0.00231279 0.018747 0.00908906 -0.00237351 0.0189313 0.0082858 -0.00181511 0.0193611 0.0121778 -0.00187011 0.0194634 0.0114804 -0.00265187 0.0197294 0.0120048 -0.0025252 0.0189047 0.011869 -0.000549353 0.0193117 0.00838578 -0.000488464 0.0199839 0.00868911 -0.000175148 0.0198968 0.0082858 -8.5384e-05 0.019169 0.0109921 0.000228203 0.0194814 0.00868575 -0.000642028 0.0193618 0.0119143 0.000121536 0.019441 0.0121778 -0.00015177 0.0199876 0.0120048 -0.00621139 0.0239761 0.0121778 0.000464538 0.0238741 0.0131778 0.000543451 0.023456 0.0121778 0.00770861 0.0239834 0.0121778 -0.00966421 0.0137331 0.0131778 -0.010713 0.0170928 0.0121778 -0.00993684 0.0121991 0.0126778 0.0110524 0.0138305 0.0131778 0.0124042 0.013833 0.0121778 0.0129169 0.0126808 0.0123028 0.01269 0.0222171 0.0126778 0.0131323 0.0214893 0.0121778 0.0113353 0.0208929 0.0131778 -0.0106881 0.0234249 0.0131778 -0.00962749 0.0220599 0.0121778 -0.00961792 0.0212323 0.0131778 -0.0118558 0.0165913 0.0129278 0.0133706 0.0170272 0.0131778 0.0118939 0.01232 0.0129278 0.0132885 0.0120283 0.0131778 -0.0110746 0.0126081 0.0126778 -0.0112804 0.0115625 0.0131778 0.000793517 0.0111834 0.0131778 -0.0112961 0.0222393 0.0126778 -0.0121237 0.0219138 0.0126778 0.0108958 0.0225839 0.0131778 0.0124903 0.0235968 0.0131778 0.011138 0.0220353 0.0121778 0.000793517 0.0111834 0.0121778 -0.0118293 0.0229424 0.0121778 -0.0115563 0.0117453 0.0121778 -0.00599648 0.0152253 0.0170528 -0.00560326 0.0155627 0.0149812 -0.00652148 0.0144034 0.0149778 -0.00605586 0.0185045 0.0163429 -0.00261228 0.0191755 0.0161795 -0.00652148 0.0194034 0.0149778 0.000345089 0.0192874 0.0160357 0.00810852 0.0194034 0.0149778 0.0040907 0.0192417 0.0159579 0.00810852 0.0194034 0.0165778 0.00810852 0.0174874 0.014419 0.00810852 0.0163534 0.0144778 0.000444767 0.016875 0.0144174 0.00699445 0.0165964 0.0139004 0.00584823 0.0148198 0.0138387 0.00750772 0.0181799 0.0135181 0.00638352 0.0175671 0.0142362 0.00584227 0.0161091 0.0139107 0.00409352 0.0175671 0.0142362 0.00384352 0.0168715 0.0142032 0.00460352 0.0162078 0.0142032 0.00338936 0.0158107 0.0136928 0.00489883 0.0179035 0.0138534 0.00204789 0.0161284 0.0140657 0.000856017 0.0175442 0.0142982 0.00130352 0.0168715 0.0142032 0.00293539 0.0181371 0.0140792 0.00211662 0.0190151 0.0135883 0.000650392 0.0185534 0.0148728 0.000944035 0.015347 0.0137423 -0.000989657 0.0169096 0.0139492 -0.00174648 0.0176846 0.0140551 -0.00183706 0.0160937 0.0139219 -0.00122928 0.0150543 0.0141447 -0.00117851 0.0180626 0.0135951 -0.00128445 0.018761 0.0145956 -0.00319285 0.0184136 0.0135814 -0.00301648 0.0162078 0.0142032 -0.00273393 0.0150976 0.0135424 -0.00352648 0.0175671 0.0142362 -0.00428648 0.017599 0.0142032 -0.00377648 0.0160171 0.0138953 -0.00479648 0.0162397 0.0142362 -0.00497931 0.018773 0.0136323 -0.00484177 0.0171146 0.0135703 -0.00225648 0.0161963 0.0138954 -0.00250648 0.017631 0.0141703 -0.00238148 0.0151784 0.0149778 0.000252267 0.0179053 0.0138365 0.000136682 0.0175551 0.0135537 0.000793517 0.0152534 0.0149778 0.00282352 0.0162397 0.0142362 0.00257352 0.017631 0.0141703 0.00266641 0.014968 0.0147046 0.00536352 0.0170209 0.0140551 0.00574008 0.0187409 0.0139657 -0.00582148 0.0172124 0.014419 0.00517602 0.0152534 0.0149778 0.00810852 0.0154034 0.0149778 -0.00362023 0.0184784 0.0149778 0.00810852 0.0184034 0.0149778 0.00810852 0.0144034 0.0149778 0.00638352 0.0187034 0.0149778 0.00393867 0.018836 0.0147006 0.00810852 0.0144034 0.0165778 0.00467759 0.0145931 0.0163817 0.000313517 0.0148328 0.0160156 0.00327852 0.0144034 0.0156778 0.000628517 0.0144034 0.0156778 0.000208517 0.0144034 0.0165778 -0.000211483 0.0144034 0.0156778 -0.00335859 0.0146263 0.0161034 -8.30455e-05 0.0149784 0.0184778 0.00740852 0.0149409 0.0175278 0.00740852 0.0189034 0.0165778 0.00740852 0.0188284 0.0184778 0.00740852 0.0169034 0.0184778 0.00427433 0.0167741 0.0182986 0.000450158 0.0176019 0.018384 0.000551955 0.0188284 0.0184778 -0.00296196 0.0167408 0.0183059 0.000272812 -0.0175058 0.0887653 -0.00122118 -0.018042 0.0889278 0.00656525 -0.0155659 0.0889278 0.000793513 0.0169034 0.0887278 0.00468434 0.0176513 0.0887278 0.000849786 0.0177433 0.0888778 -0.00480933 0.0166209 0.0889278 0.000825742 0.0169081 0.0889278 0.00235576 0.0427034 0.0764905 -0.00103904 0.0429033 0.079106 0.00191346 0.0427847 0.0817264 0.00364859 0.0429034 0.0815752 0.00146772 0.0429034 0.0762445 -0.000115073 0.0429034 0.0762477 0.00107677 0.0429034 0.0843881 0.0030728 -0.0429153 0.0824268 -0.00135795 -0.0429966 0.0820545 -0.000270836 -0.0429341 0.0784571 -0.0026465 -0.0430966 0.0824401 0.00038268 -0.0430966 0.0843078 0.00213042 -0.0430966 0.0794258 0.00112157 -0.00806367 0.0876528 0.000446217 -0.00800542 0.0889278 0.0053952 -0.00638289 0.0889278 0.00602433 -0.00633042 0.0873778 0.00776547 -0.00432736 0.0873778 0.00850671 -0.00129101 0.0889278 0.00880666 -0.000704979 0.0872403 0.00795479 0.00384249 0.0872403 0.0064169 0.00529516 0.0889278 0.00616197 0.0058353 0.0862028 0.00308205 0.00771427 0.0873778 0.000461885 0.00754295 0.0889278 -0.00181176 0.00756595 0.0873778 0.00375935 -0.00759147 0.0859965 0.00105399 0.00798354 0.0859278 0.00330472 0.00697839 0.0854778 0.00120402 -0.00755626 0.0848278 0.00555192 -0.00563978 0.0846278 0.00767781 -0.00330678 0.0850278 0.00828386 -0.00019632 0.0850278 0.00736308 0.00365877 0.0848278 -0.00594163 0.00235482 0.0846278 -0.00675721 0.0026609 0.0862028 -0.00705708 -0.000448212 0.0859278 -0.00510275 -0.00318692 0.0846278 -0.00641966 -0.00364954 0.0859278 -0.00373704 -0.00667231 0.086134 -0.00155256 0.00726944 0.0850278 -0.00359884 0.00549411 0.0846278 -0.00504178 0.00525318 0.0850278 0.00783825 -0.000563899 0.0842278 0.00287901 0.00651201 0.0842278 -0.00216677 -0.00644492 0.0842278 -0.000769321 -0.00895984 0.0842278 -0.00228467 -0.00855381 0.0842278 -0.00370649 -0.0078908 0.0842278 -0.00499158 -0.00699097 0.0842278 -0.00610089 -0.00588166 0.0842278 -0.00700072 -0.00459657 0.0842278 -0.00766372 -0.00317476 0.0842278 -0.00806976 -0.00165941 0.0842278 -0.00820649 -9.65741e-05 0.0842278 -0.00806976 0.00146626 0.0842278 -0.00766372 0.00298161 0.0842278 -0.00700072 0.00440343 0.0842278 -0.00610089 0.00568851 0.0842278 -0.00499158 0.00679783 0.0842278 -0.00370649 0.00769765 0.0842278 -0.00228467 0.00836066 0.0842278 -0.000769321 0.0087667 0.0842278 0.000793513 0.00890343 0.0842278 0.00235635 0.0087667 0.0842278 0.00387169 0.00836066 0.0842278 0.00529351 0.00769765 0.0842278 0.0065786 0.00679783 0.0842278 0.00768791 0.00568851 0.0842278 0.00858774 0.00440343 0.0842278 0.00925075 0.00298161 0.0842278 0.00965678 0.00146626 0.0842278 0.00979351 -9.65741e-05 0.0842278 0.00965678 -0.00165941 0.0842278 0.00925075 -0.00317476 0.0842278 0.00858774 -0.00459657 0.0842278 0.00768791 -0.00588166 0.0842278 0.0065786 -0.00699097 0.0842278 0.00529351 -0.0078908 0.0842278 0.00387169 -0.00855381 0.0842278 0.00235635 -0.00895984 0.0842278 0.000793513 -0.00909657 0.0842278 -0.0392065 0.0428622 0.0864229 -0.0392065 0.0429034 0.0859278 -0.0399168 0.0427164 0.0863937 -0.0392065 0.0427566 0.0868548 -0.0392065 0.042266 0.0877737 -0.0392065 0.0425755 0.0872748 -0.0392065 0.0419283 0.0881375 -0.0402428 0.0412306 0.0881857 -0.0392065 0.0414003 0.0885206 -0.0392065 0.0403985 0.0888865 -0.0392065 0.04088 0.0887639 -0.0389627 0.0395378 0.0889278 -0.0397274 0.0399034 0.0888822 -0.0402325 0.0399034 0.0887469 -0.0407065 0.0399034 0.0885259 -0.0411348 0.0399034 0.0882259 -0.0418019 0.0409003 0.0850016 -0.0415046 0.0399034 0.0878562 -0.0418046 0.0399034 0.0874278 -0.0420256 0.0399034 0.0869539 -0.0421609 0.0399034 0.0864487 -0.0422065 0.0399034 0.0859278 -0.0408115 0.0424161 0.0803058 -0.0418714 0.0411739 0.0750322 -0.0422065 -0.0401484 0.0859297 -0.0421609 -0.0400966 0.0864487 -0.0420256 -0.0400966 0.0869539 -0.0418046 -0.0400966 0.0874278 -0.0415046 -0.0400966 0.0878562 -0.0411348 -0.0400966 0.0882259 -0.0407065 -0.0400966 0.0885259 -0.0402325 -0.0400966 0.0887469 -0.0397274 -0.0400966 0.0888822 -0.0389627 -0.0400966 0.0889278 -0.0392065 -0.00937548 0.0889278 0.0407935 0.0429034 0.0859278 0.0407935 0.0403985 0.0888865 0.0407935 0.04088 0.0887639 0.0407935 0.0413344 0.0885633 0.0407935 0.0417493 0.0882904 0.0407935 0.0422218 0.0878219 0.0407935 0.0425755 0.0872748 0.0407935 0.0427566 0.0868548 0.0407935 0.0428622 0.0864229 -0.0140354 0.0399034 0.0889278 0.0407935 0.0399034 0.0889278 -0.0392065 -0.0405917 0.0888865 -0.0392065 -0.0410236 0.088781 -0.0398537 -0.0408458 0.0887276 -0.0392065 -0.0419424 0.0882904 -0.0392065 -0.0414436 0.0885999 -0.0392065 -0.0422179 0.0880491 -0.040799 -0.0416733 0.0875655 -0.0392065 -0.0427696 0.0872898 -0.0392065 -0.0425019 0.0877078 -0.0392065 -0.0430553 0.0864229 -0.0392065 -0.0429327 0.0869043 -0.0399397 -0.042925 0.0862622 -0.0392065 -0.0430966 0.0859278 -0.0408496 -0.0425605 0.0803058 -0.0416962 -0.0417522 0.0803058 -0.0422065 -0.0405826 0.0746838 0.0418692 0.0415414 0.0877887 0.0413145 0.0399034 0.0888822 0.0418196 0.0399034 0.0887469 0.0422935 0.0399034 0.0885259 0.0427219 0.0399034 0.0882259 0.0430916 0.0399034 0.0878562 0.0433916 0.0399034 0.0874278 0.0432574 0.041396 0.086001 0.0436126 0.0399034 0.0869539 0.0437479 0.0399034 0.0864487 0.0437935 0.0399034 0.0859278 0.0419303 0.0426458 0.0859278 0.0407935 -0.0430966 0.0859278 0.0407935 -0.0430553 0.0864229 0.0407935 -0.0400966 0.0889278 -0.00101742 -0.0400966 0.0889278 0.0407935 -0.0405917 0.0888865 0.0407935 -0.0410236 0.088781 0.0407935 -0.0412906 0.0886738 0.0407935 -0.0417283 0.0884404 0.0407935 -0.0421214 0.0881375 0.0407935 -0.0425019 0.0877078 0.0407935 -0.0427696 0.0872898 0.0407935 -0.0429327 0.0869043 0.0437935 -0.0400966 0.0859278 0.0407935 0.0394159 0.0889278 0.0407935 0.0261409 0.0889278 0.0407935 0.0151534 0.0889278 0.0437479 -0.0400966 0.0864487 0.0436126 -0.0400966 0.0869539 0.0433916 -0.0400966 0.0874278 0.0430916 -0.0400966 0.0878562 0.0427219 -0.0400966 0.0882259 0.0422935 -0.0400966 0.0885259 0.0418196 -0.0400966 0.0887469 0.0413145 -0.0400966 0.0888822 0.0407935 -0.0202153 0.0889278 0.042145 -0.0415144 0.0877528 0.0419742 -0.042753 0.0861182 0.0432969 -0.0416923 0.0859278 0.0437479 -0.040549 0.0860782 0.0374729 0.0382413 0.0884028 0.0363438 0.0388435 0.0889278 0.0359116 0.0381775 0.0884028 0.0343454 0.0351234 0.0889278 0.0347534 0.0373319 0.0884028 0.0344137 0.0356625 0.0884028 0.0353555 0.033939 0.0884028 0.036902 0.0334319 0.0884028 0.0384345 0.0341366 0.0889278 0.0375126 0.0381823 0.0769278 0.0352651 0.0378042 0.0769278 0.0345364 0.036956 0.0769278 0.0343831 0.0355302 0.0769278 0.0353383 0.034008 0.0769278 0.0373296 0.0334883 0.0769278 0.0367935 0.0359034 0.0754256 0.0427935 0.0474034 0.0412778 0.0436112 0.047249 0.0379278 0.0447338 0.0469064 0.0412778 0.0471122 0.0452156 0.0379278 0.0472817 0.0450461 0.0412778 0.0479618 0.0437845 0.0412778 0.0480859 0.0433215 0.0379278 0.04821 0.0428585 0.0412778 0.0482935 0.0419034 0.0412778 0.0482935 0.0419034 0.0379278 0.0458935 0.0399034 0.063657 0.0471767 0.0414359 0.0595253 0.045524 0.0417532 0.0636254 0.0449672 0.0437003 0.0620918 0.0433034 0.0462336 0.0584711 0.041999 0.0440601 0.0660119 0.0407935 0.0464883 0.0595253 0.0407935 0.0450034 0.063657 0.0458487 0.0458223 0.0553086 0.0474303 0.0439705 0.0553086 0.0483622 0.0417205 0.0553086 0.0407935 0.0486675 0.0510236 0.0407935 0.048126 0.0536019 0.0437471 0.047824 0.0520949 0.0407935 0.0477113 0.0553086 0.0407935 0.046754 0.0586882 0.0473784 0.0399034 0.0595253 0.0476441 0.0399034 0.0586882 0.0486014 0.0399034 0.0553086 0.0490161 0.0399034 0.0536019 0.0469717 0.0465663 0.0488553 0.0482431 0.0444685 0.0510236 0.049535 0.0423833 0.0488553 0.0495576 0.0399034 0.0510236 0.0407935 0.0497052 0.0431922 0.0407935 0.0493532 0.0466871 0.0430407 0.0492637 0.0445016 0.0407935 0.0491116 0.0484268 0.050127 0.0413817 0.0466871 0.0492034 0.0446033 0.0445016 0.0458232 0.0481112 0.0445016 0.0407935 0.0499034 0.0379278 0.0407935 0.0497657 0.0423161 0.0500017 0.0399034 0.0484268 0.0502433 0.0399034 0.0466871 0.0505953 0.0399034 0.0431922 0.0482698 0.0462887 0.0423161 0.0503538 0.0421986 0.0423161 0.0506558 0.0399034 0.0423161 0.0423579 0.0497803 0.0379278 0.0438837 0.049414 0.0379278 0.0453334 0.0488135 0.0379278 0.0466714 0.0479936 0.0379278 0.0478646 0.0469745 0.0379278 0.0488837 0.0457813 0.0379278 0.0497036 0.0444433 0.0379278 0.0503041 0.0429936 0.0379278 0.0506704 0.0414678 0.0379278 0.0507935 0.0399034 0.0379278 0.0435924 0.0411961 0.0725759 0.0437935 0.0399034 0.0746837 0.0439262 0.0399034 0.071865 0.0407935 0.0429034 0.0746837 0.041643 0.0427507 0.0746837 0.0423608 0.0425212 0.0729252 0.0407935 0.0434331 0.0690713 0.0407935 0.0431392 0.0709298 0.0407935 0.0430361 0.071865 0.0407935 0.0438429 0.0672348 0.0407935 0.0440908 0.0663271 0.0440293 0.0399034 0.0709298 0.0443232 0.0399034 0.0690713 0.044733 0.0399034 0.0672348 0.0449809 0.0399034 0.0663271 0.0181199 0.0193882 0.0412778 0.0184672 0.0193882 0.0889278 0.0179462 0.019373 0.0889278 0.0176095 0.0192828 0.0412778 0.0176095 0.0192828 0.0889278 0.0172935 0.0191355 0.0412778 0.0171507 0.0190355 0.0889278 0.0168847 0.0188123 0.0412778 0.0167614 0.018689 0.0889278 0.0165615 0.0184034 0.0412778 0.0164878 0.0182454 0.0889278 0.016369 0.0179191 0.0412778 0.0163239 0.0177507 0.0889278 0.0162935 0.0174034 0.0412778 0.0162935 0.0174034 0.0889278 0.016369 0.0168878 0.0412778 0.016369 0.0168878 0.0889278 0.0165615 0.0164034 0.0412778 0.0165615 0.0164034 0.0889278 0.0167614 0.0161179 0.0412778 0.0167614 0.0161179 0.0889278 0.0170079 0.0158713 0.0412778 0.0171507 0.0157714 0.0889278 0.0174515 0.0155977 0.0412778 0.0176095 0.015524 0.0889278 0.0179462 0.0154338 0.0412778 0.0181199 0.0154186 0.0889278 0.0182935 0.0154034 0.0412778 0.0482935 -9.65744e-05 0.0379278 0.000793513 0.0474034 0.0379278 -0.0376357 0.0360646 0.0884028 -0.0378203 0.035706 0.0889278 -0.0366445 0.033939 0.0884028 -0.0347957 0.0330389 0.0889278 -0.0349927 0.0334601 0.0884028 -0.0333949 0.0343125 0.0884028 -0.0329052 0.0361104 0.0889278 -0.0327255 0.0356864 0.0884028 -0.0376268 0.0356403 0.0769278 -0.036712 0.0339404 0.0769278 -0.0354202 0.0334601 0.0769278 -0.034154 0.0336463 0.0769278 -0.0329709 0.034983 0.0769278 -0.0327255 0.0361205 0.0769278 -0.0352065 0.0359034 0.0754256 -0.0467065 0.0419034 0.0412778 -0.0467065 0.0419034 0.0379278 -0.0460968 0.0441838 0.0412778 -0.045827 0.0447131 0.0379278 -0.0443492 0.0463916 0.0412778 -0.0434869 0.0467937 0.0379278 -0.0426246 0.0471958 0.0412778 -0.0412065 0.0474034 0.0412778 -0.0412065 0.0474034 0.0379278 -0.0114565 0.0474034 0.0412778 -0.0392065 0.0499034 0.0379278 -0.0392065 0.0497657 0.0423161 -0.0392065 0.0497052 0.0431922 -0.0392065 0.0493532 0.0466871 -0.0392065 0.0491116 0.0484268 -0.0392065 0.0486675 0.0510236 -0.0392065 0.048126 0.0536019 -0.0392065 0.0477113 0.0553086 -0.0392065 0.046754 0.0586882 -0.0392065 0.0464883 0.0595253 -0.0392065 0.0450034 0.063657 -0.0392065 0.0440908 0.0663271 -0.0392065 0.0438429 0.0672348 -0.0392065 0.0434331 0.0690713 -0.0392065 0.0431392 0.0709298 -0.0392065 0.0430361 0.071865 -0.0392065 0.0429034 0.0746837 -0.0405538 0.043893 0.0663456 -0.0416013 0.0455338 0.0605582 -0.0435295 0.0432684 0.0624256 -0.0431759 0.0415908 0.0660211 -0.0455897 0.0414359 0.0595253 -0.0457914 0.0399034 0.0595253 -0.0443065 0.0399034 0.063657 -0.0479657 0.041236 0.0510495 -0.0462377 0.0431433 0.0553086 -0.0442617 0.0458223 0.0553086 -0.0418874 0.0471662 0.0553086 -0.0474291 0.0399034 0.0536019 -0.0470144 0.0399034 0.0553086 -0.0460571 0.0399034 0.0586882 -0.0466561 0.0444685 0.0510236 -0.0451027 0.0468071 0.0488553 -0.0422157 0.0480557 0.0510236 -0.0490083 0.0399034 0.0431922 -0.0486563 0.0399034 0.0466871 -0.048225 0.0424451 0.0466871 -0.0484147 0.0399034 0.0484268 -0.0414537 0.0492637 0.0445016 -0.0442968 0.0481946 0.0434088 -0.0474227 0.0449194 0.0445016 -0.0492065 0.0399034 0.0379278 -0.0490688 0.0399034 0.0423161 -0.0487667 0.0421986 0.0423161 -0.0466827 0.0462887 0.0423161 -0.0490834 0.0414678 0.0379278 -0.0487171 0.0429936 0.0379278 -0.0481166 0.0444433 0.0379278 -0.0472967 0.0457813 0.0379278 -0.0462776 0.0469745 0.0379278 -0.0450843 0.0479936 0.0379278 -0.0437464 0.0488135 0.0379278 -0.0422967 0.049414 0.0379278 -0.0407708 0.0497803 0.0379278 -0.0399176 0.0428094 0.0746837 -0.0405471 0.0428984 0.0704682 -0.0427362 0.0399034 0.0690713 -0.0424423 0.0399034 0.0709298 -0.0423392 0.0399034 0.071865 -0.0422065 0.0399034 0.0746837 -0.043146 0.0399034 0.0672348 -0.0433939 0.0399034 0.0663271 -0.0186913 0.0175771 0.0412778 -0.0187065 0.0174034 0.0889278 -0.018631 0.0168878 0.0412778 -0.018631 0.0168878 0.0889278 -0.0184385 0.0164034 0.0412778 -0.0184385 0.0164034 0.0889278 -0.0182386 0.0161179 0.0412778 -0.0182386 0.0161179 0.0889278 -0.0178493 0.0157714 0.0412778 -0.0178493 0.0157714 0.0889278 -0.0173905 0.015524 0.0412778 -0.0173905 0.015524 0.0889278 -0.0170538 0.0154338 0.0412778 -0.0168801 0.0154186 0.0889278 -0.0165328 0.0154186 0.0412778 -0.0163592 0.0154338 0.0889278 -0.0160224 0.015524 0.0412778 -0.0160224 0.015524 0.0889278 -0.0155637 0.0157714 0.0412778 -0.0155637 0.0157714 0.0889278 -0.0151744 0.0161179 0.0412778 -0.0151744 0.0161179 0.0889278 -0.0149744 0.0164034 0.0412778 -0.0149008 0.0165614 0.0889278 -0.014782 0.0168878 0.0412778 -0.0147369 0.0170561 0.0889278 -0.0147065 0.0174034 0.0412778 -0.0147065 0.0174034 0.0889278 -0.0467065 -9.65744e-05 0.0379278 0.0392935 -0.0360966 0.0884028 0.0392559 -0.0345555 0.0889278 0.0392555 -0.0356625 0.0884028 0.0390507 -0.035044 0.0884028 0.0383219 -0.0341958 0.0884028 0.0353972 -0.0350758 0.0889278 0.036685 -0.0336251 0.0884028 0.0351086 -0.0343393 0.0884028 0.0343831 -0.0357233 0.0884028 0.0391549 -0.0366148 0.0769278 0.0392555 -0.0356625 0.0769278 0.0391427 -0.0352415 0.0769278 0.0384784 -0.0343393 0.0769278 0.036902 -0.0336251 0.0769278 0.0349007 -0.0346199 0.0769278 0.0343831 -0.0364698 0.0769278 0.0367935 -0.0360966 0.0754256 0.0481897 -0.0428056 0.0379278 0.0482935 -0.0420966 0.0412778 0.0482935 0.0121534 0.0412778 0.0480859 -0.0435147 0.0412778 0.0475567 -0.0448466 0.0412778 0.0471122 -0.0454087 0.0379278 0.0458884 -0.0465166 0.0412778 0.0444288 -0.0472877 0.0379278 0.0437486 -0.047513 0.0412778 0.0427935 -0.0475966 0.0412778 0.0427935 -0.0475966 0.0379278 0.0407935 -0.0451966 0.063657 0.0424683 -0.0470726 0.0574169 0.0420425 -0.0445283 0.0649921 0.0448366 -0.0452233 0.0595253 0.0446589 -0.0421631 0.0654231 0.0467837 -0.0425778 0.0595253 0.0473784 -0.0400966 0.0595253 0.0458935 -0.0400966 0.063657 0.0488257 -0.0420249 0.0531661 0.0478367 -0.0444126 0.0531661 0.0460277 -0.0464579 0.0531661 0.0495576 -0.0400966 0.0510236 0.0490161 -0.0400966 0.0536019 0.0486014 -0.0400966 0.0553086 0.0476441 -0.0400966 0.0586882 0.0407935 -0.0466815 0.0595253 0.0407935 -0.0469472 0.0586882 0.0407935 -0.0479044 0.0553086 0.0407935 -0.0483192 0.0536019 0.0438027 -0.0482488 0.0510236 0.0407935 -0.0488607 0.0510236 0.0505953 -0.0400966 0.0431922 0.0502433 -0.0400966 0.0466871 0.0499539 -0.0422958 0.0466871 0.0500017 -0.0400966 0.0484268 0.0440382 -0.0488867 0.0466871 0.0469118 -0.0472601 0.0466871 0.048826 -0.0450189 0.0466871 0.0507935 -0.0400966 0.0379278 0.0506558 -0.0400966 0.0423161 0.0499673 -0.0434829 0.0423161 0.0407935 -0.0493047 0.0484268 0.0407935 -0.0495464 0.0466871 0.0407935 -0.0498983 0.0431922 0.0482698 -0.0464819 0.0423161 0.0459307 -0.0484797 0.0423161 0.0430887 -0.0496568 0.0423161 0.0407935 -0.0499589 0.0423161 0.0498904 -0.0438646 0.0379278 0.0478646 -0.0471676 0.0379278 0.044943 -0.0491019 0.0379278 0.0423579 -0.0499735 0.0379278 0.0407935 -0.0500966 0.0379278 0.0416944 -0.0431077 0.0725759 0.0407935 -0.0430966 0.0746837 0.0407935 -0.0432293 0.071865 0.0443232 -0.0400966 0.0690713 0.0440293 -0.0400966 0.0709298 0.0432347 -0.0417955 0.0732744 0.0439262 -0.0400966 0.071865 0.0437935 -0.0405182 0.0746837 0.044733 -0.0400966 0.0672348 0.0449809 -0.0400966 0.0663271 0.0407935 -0.0433324 0.0709298 0.0407935 -0.0436262 0.0690713 0.0407935 -0.0440361 0.0672348 0.0407935 -0.044284 0.0663271 0.0202935 -0.0175966 0.0412778 0.0202935 -0.0175966 0.0889278 0.0202631 -0.0172493 0.0412778 0.020218 -0.0170809 0.0889278 0.0200992 -0.0167546 0.0412778 0.0200256 -0.0165966 0.0889278 0.0198256 -0.016311 0.0412778 0.0197023 -0.0161877 0.0889278 0.0194363 -0.0159645 0.0412778 0.0192935 -0.0158645 0.0889278 0.0188092 -0.0156721 0.0412778 0.0188092 -0.0156721 0.0889278 0.0182935 -0.0155966 0.0412778 0.0182935 -0.0155966 0.0889278 0.0179462 -0.015627 0.0412778 0.0177778 -0.0156721 0.0889278 0.0174515 -0.0157909 0.0412778 0.0172935 -0.0158645 0.0889278 0.0168847 -0.0161877 0.0412778 0.0168847 -0.0161877 0.0889278 0.0165615 -0.0165966 0.0412778 0.0165615 -0.0165966 0.0889278 0.016369 -0.0170809 0.0412778 0.016369 -0.0170809 0.0889278 0.0162935 -0.0175966 0.0412778 0.0163087 -0.0177702 0.0889278 0.000793513 -0.0475966 0.0379278 -0.034894 -0.0384657 0.0884028 -0.0332128 -0.0373597 0.0889278 -0.0330174 -0.0371174 0.0884028 -0.0329836 -0.03506 0.0884028 -0.0343311 -0.0338501 0.0884028 -0.036274 -0.0336985 0.0889278 -0.0361888 -0.0383242 0.0769278 -0.0339231 -0.0381123 0.0769278 -0.0327632 -0.0363103 0.0769278 -0.0329493 -0.035044 0.0769278 -0.0341857 -0.0339075 0.0769278 -0.0352065 -0.0360966 0.0754256 -0.0412065 -0.0475966 0.0379278 -0.0412065 -0.0475966 0.0412778 -0.0114565 -0.0475966 0.0412778 -0.0421616 -0.047513 0.0412778 -0.0421616 -0.047513 0.0379278 -0.0430876 -0.0472649 0.0412778 -0.043522 -0.0470623 0.0379278 -0.0443492 -0.0465848 0.0412778 -0.0460056 -0.0442554 0.0379278 -0.045796 -0.045022 0.0412778 -0.0466229 -0.0430516 0.0412778 -0.0467065 -0.0420966 0.0412778 -0.0467065 -0.0420966 0.0379278 -0.0467065 0.0121534 0.0412778 0.020218 0.0168878 0.0412778 0.0202935 0.0174034 0.0412778 0.020218 0.0179191 0.0412778 -0.0114565 0.0121534 0.0412778 0.0194363 0.0157714 0.0412778 0.0198256 0.0161179 0.0412778 0.0200256 0.0164034 0.0412778 0.0191355 0.0192091 0.0412778 0.0186408 0.019373 0.0412778 0.0186408 0.0154338 0.0412778 0.0189776 0.015524 0.0412778 0.0195791 0.0189355 0.0412778 0.0200256 0.0184034 0.0412778 0.0198256 0.018689 0.0412778 -0.0150744 0.0185462 0.0412778 -0.0154209 0.0189355 0.0412778 -0.0158645 0.0192091 0.0412778 -0.0163592 0.019373 0.0412778 -0.0168801 0.0193882 0.0412778 -0.0147369 0.0177507 0.0412778 -0.0148271 0.0180875 0.0412778 -0.0181153 0.0188123 0.0412778 -0.0173905 0.0192828 0.0412778 -0.0177065 0.0191355 0.0412778 -0.0184385 0.0184034 0.0412778 -0.0185859 0.0180875 0.0412778 -0.0165328 -0.0156118 0.0412778 -0.0172222 -0.0156721 0.0412778 -0.0177065 -0.0158645 0.0412778 -0.0181153 -0.0161877 0.0412778 -0.0184385 -0.0165966 0.0412778 -0.0175485 -0.0194023 0.0412778 -0.0170538 -0.0195662 0.0412778 -0.0165328 -0.0195814 0.0412778 -0.0160224 -0.019476 0.0412778 -0.0155637 -0.0192286 0.0412778 -0.0182386 -0.0188821 0.0412778 -0.0184385 -0.0185966 0.0412778 -0.018631 -0.0181122 0.0412778 -0.0151744 -0.0188821 0.0412778 -0.0149008 -0.0184386 0.0412778 -0.018631 -0.0170809 0.0412778 -0.0187065 -0.0175966 0.0412778 -0.0149008 -0.0167546 0.0412778 -0.0151744 -0.016311 0.0412778 -0.0155637 -0.0159645 0.0412778 -0.0179921 -0.0191287 0.0412778 -0.0147369 -0.0179439 0.0412778 -0.0147065 -0.0175966 0.0412778 -0.0147369 -0.0172493 0.0412778 -0.0160224 -0.0157172 0.0412778 0.00925075 0.00298161 0.0412778 0.00858774 0.00440343 0.0412778 0.0199256 -0.0187394 0.0412778 0.020218 -0.0181122 0.0412778 -0.00228467 -0.00855381 0.0412778 0.0195791 -0.0191287 0.0412778 -0.000769321 -0.00895984 0.0412778 0.000793513 -0.00909657 0.0412778 0.00235635 -0.00895984 0.0412778 0.00387169 -0.00855381 0.0412778 0.00529351 -0.0078908 0.0412778 0.0065786 -0.00699097 0.0412778 0.00858774 -0.00459657 0.0412778 0.00925075 -0.00317476 0.0412778 0.00965678 -0.00165941 0.0412778 0.00979351 -9.65741e-05 0.0412778 0.00965678 0.00146626 0.0412778 0.0174515 -0.0194023 0.0412778 0.0170079 -0.0191287 0.0412778 0.0167614 -0.0188821 0.0412778 0.0186408 -0.0195662 0.0412778 0.0191355 -0.0194023 0.0412778 0.00768791 0.00568851 0.0412778 0.0065786 0.00679783 0.0412778 0.00529351 0.00769765 0.0412778 0.00387169 0.00836066 0.0412778 0.00235635 0.0087667 0.0412778 0.000793513 0.00890343 0.0412778 -0.000769321 0.0087667 0.0412778 -0.00228467 0.00836066 0.0412778 -0.00370649 0.00769765 0.0412778 -0.00499158 0.00679783 0.0412778 -0.00610089 0.00568851 0.0412778 0.0181199 -0.0195814 0.0412778 -0.00700072 0.00440343 0.0412778 -0.00766372 0.00298161 0.0412778 -0.00806976 0.00146626 0.0412778 -0.00370649 -0.0078908 0.0412778 0.00768791 -0.00588166 0.0412778 -0.00820649 -9.65741e-05 0.0412778 -0.00806976 -0.00165941 0.0412778 -0.00766372 -0.00317476 0.0412778 -0.00700072 -0.00459657 0.0412778 -0.00610089 -0.00588166 0.0412778 -0.00499158 -0.00699097 0.0412778 0.016369 -0.0181122 0.0412778 0.0165615 -0.0185966 0.0412778 -0.0492065 -0.0400966 0.0379278 -0.0490688 -0.0400966 0.0423161 -0.0490083 -0.0400966 0.0431922 -0.0486563 -0.0400966 0.0466871 -0.0484147 -0.0400966 0.0484268 -0.0479706 -0.0400966 0.0510236 -0.0474291 -0.0400966 0.0536019 -0.0470144 -0.0400966 0.0553086 -0.0460571 -0.0400966 0.0586882 -0.0457914 -0.0400966 0.0595253 -0.0443345 -0.0416393 0.0635769 -0.0433939 -0.0400966 0.0663271 -0.043146 -0.0400966 0.0672348 -0.0427362 -0.0400966 0.0690713 -0.0424423 -0.0400966 0.0709298 -0.0423392 -0.0400966 0.071865 -0.0428037 -0.0415885 0.0675632 -0.0435101 -0.0436539 0.0622587 -0.0416877 -0.0460868 0.0595253 -0.0408256 -0.0442746 0.0653351 -0.0392065 -0.0466815 0.0595253 -0.0392065 -0.0451966 0.063657 -0.0411348 -0.0481288 0.0531661 -0.0441994 -0.0459426 0.0553086 -0.0464693 -0.0427775 0.0553086 -0.0392065 -0.0488607 0.0510236 -0.0392065 -0.0483192 0.0536019 -0.0392065 -0.0479044 0.0553086 -0.0392065 -0.0469472 0.0586882 -0.0437716 -0.0475462 0.0510236 -0.0458502 -0.0457708 0.0510236 -0.0475115 -0.0431836 0.0499395 -0.0392065 -0.0498983 0.0431922 -0.0392065 -0.0495464 0.0466871 -0.0418299 -0.0493666 0.0445016 -0.0392065 -0.0493047 0.0484268 -0.0485668 -0.0423438 0.0445016 -0.0475061 -0.0451731 0.0434088 -0.0460344 -0.0469244 0.0445016 -0.0442362 -0.0483043 0.0445016 -0.0392065 -0.0500966 0.0379278 -0.0392065 -0.0499589 0.0423161 -0.0407493 -0.0498375 0.0423161 -0.0407708 -0.0499735 0.0379278 -0.0422967 -0.0496071 0.0379278 -0.0437464 -0.0490066 0.0379278 -0.0450843 -0.0481867 0.0379278 -0.0462776 -0.0471676 0.0379278 -0.0472967 -0.0459744 0.0379278 -0.0481166 -0.0446365 0.0379278 -0.0487171 -0.0431867 0.0379278 -0.0490834 -0.0416609 0.0379278 -0.0402404 -0.0429908 0.0729252 -0.0424357 -0.0408718 0.0704682 -0.0392065 -0.0436262 0.0690713 -0.0392065 -0.0433324 0.0709298 -0.0392065 -0.0432293 0.071865 -0.0392065 -0.0430966 0.0746837 -0.0392065 -0.0440361 0.0672348 -0.0392065 -0.044284 0.0663271 -0.0168801 -0.0195814 0.0889278 -0.0163592 -0.0195662 0.0889278 -0.0158645 -0.0194023 0.0889278 -0.0154209 -0.0191287 0.0889278 -0.0151744 -0.0188821 0.0889278 -0.0149008 -0.0184386 0.0889278 -0.0147369 -0.0179439 0.0889278 -0.0147065 -0.0175966 0.0889278 -0.014782 -0.0170809 0.0889278 -0.0149744 -0.0165966 0.0889278 -0.0152977 -0.0161877 0.0889278 -0.0157065 -0.0158645 0.0889278 -0.0161908 -0.0156721 0.0889278 -0.0167065 -0.0155966 0.0889278 -0.025444 -9.6574e-05 0.0889278 -0.0370596 -0.0127161 0.0889278 -0.0181153 -0.0161877 0.0889278 -0.0177065 -0.0158645 0.0889278 -0.0172222 -0.0156721 0.0889278 -0.00533149 -0.0140966 0.0889278 -0.0153877 -0.0263341 0.0889278 -0.0186913 -0.0177702 0.0889278 -0.018631 -0.0170809 0.0889278 -0.0184385 -0.0165966 0.0889278 -0.0173905 -0.019476 0.0889278 -0.0182386 -0.0188821 0.0889278 -0.0184385 -0.0185966 0.0889278 -0.0185859 -0.0182806 0.0889278 -0.0178493 -0.0192286 0.0889278 0.0200256 -0.0185966 0.0889278 0.0197023 -0.0190054 0.0889278 0.018381 -0.0263341 0.0889278 0.0192935 -0.0193286 0.0889278 0.0164141 -0.0182806 0.0889278 0.027031 -0.00822157 0.0889278 0.020218 -0.0181122 0.0889278 0.0188092 -0.0195211 0.0889278 0.0181199 -0.0195814 0.0889278 0.0165615 -0.0185966 0.0889278 0.0167614 -0.0188821 0.0889278 0.0171507 -0.0192286 0.0889278 0.0176095 -0.019476 0.0889278 -0.025444 0.0223972 0.0889278 -0.0147369 0.0177507 0.0889278 -0.0149008 0.0182454 0.0889278 -0.018631 0.0179191 0.0889278 -0.0184385 0.0184034 0.0889278 -0.0181153 0.0188123 0.0889278 -0.0177065 0.0191355 0.0889278 -0.0173905 0.0192828 0.0889278 -0.0160224 0.0192828 0.0889278 -0.0155637 0.0190355 0.0889278 0.00882164 0.0385862 0.0889278 -0.0151744 0.018689 0.0889278 -0.0170538 0.019373 0.0889278 -0.0165328 0.0193882 0.0889278 0.0111373 0.0134034 0.0889278 0.020218 0.0179191 0.0889278 0.027031 0.0186534 0.0889278 0.0200256 0.0184034 0.0889278 0.0200256 0.0164034 0.0889278 0.0198256 0.0161179 0.0889278 0.0195791 0.0158713 0.0889278 0.0202935 0.0174034 0.0889278 0.020218 0.0168878 0.0889278 0.0191355 0.0155977 0.0889278 0.0186408 0.0154338 0.0889278 0.018381 0.0242691 0.0889278 0.0194363 0.0190355 0.0889278 0.0198256 0.018689 0.0889278 0.0189776 0.0192828 0.0889278 -0.00477737 0.00594585 0.0889272 -0.00747089 -6.33903e-05 0.0889278 -0.00653403 -0.00378796 0.0889276 -0.00346168 -0.00677219 0.0889278 0.039106 0.0367937 0.088534 -0.0370187 0.037584 0.0884684 -0.0344384 0.03877 0.0889278 0.0370998 -0.0389234 0.0889278 0.0388759 -0.0375726 0.088534 -0.0377552 -0.0365606 0.0887965 -0.0356406 -0.0336346 0.0769278 -0.0363483 -0.0339019 0.0769278 -0.0374806 -0.0352146 0.0769278 -0.0375443 -0.036776 0.0769278 -0.0356406 -0.0336346 0.0884028 -0.0365362 -0.0340104 0.0884028 -0.0375443 -0.0354172 0.0884028 -0.0369638 -0.0377815 0.0884028 0.0352026 -0.0379081 0.0769278 0.0370566 -0.0385169 0.0769278 0.0384005 -0.0380117 0.0769278 0.0349122 -0.0376044 0.0884028 0.037106 -0.0384657 0.0884028 -0.0333599 0.0375259 0.0769278 -0.034154 0.0381606 0.0769278 -0.035098 0.0383749 0.0769278 -0.0368792 0.0376065 0.0769278 -0.0375557 0.0367585 0.0769278 -0.0329836 0.03694 0.0884028 -0.033778 0.0379435 0.0884028 -0.0343514 0.0382527 0.0884028 -0.035315 0.0383749 0.0884028 0.0384653 0.0340799 0.0769278 0.0390789 0.0349561 0.0769278 0.0391313 0.0365828 0.0769278 0.0382003 0.0338943 0.0884028 0.0391531 0.0351601 0.0884028 0.0407935 0.0498936 0.0356212 -0.0392065 0.0499038 0.0355982 -0.0392065 0.0498208 0.0357783 0.0407935 0.0497884 0.0358169 -0.0392065 0.0496772 0.0358914 0.0407935 0.0496772 0.0358914 -0.0392065 0.0495812 0.0359221 0.0407935 0.0495812 0.0359221 0.000793513 0.049514 0.0359278 -0.0488171 0.0399034 0.0359278 -0.0488273 0.0430105 0.0359278 -0.0488843 0.0399034 0.0359221 -0.0490707 0.0410346 0.0353413 -0.0489803 0.0399034 0.0358914 -0.0491316 0.0399034 0.0357633 -0.049218 0.0399034 0.035495 -0.0409762 0.0495982 0.0357099 -0.0450237 0.0477943 0.0347008 0.0426622 0.049631 0.0356159 0.0504332 0.0437164 0.0359278 0.0474584 0.0469775 0.0344801 0.0504345 0.0420919 0.0359278 0.050551 0.0399034 0.0358957 0.0507186 0.0399034 0.0357633 0.050799 0.0399034 0.0355821 -0.0491918 -0.0400966 0.0356459 -0.0490359 -0.0400966 0.0358542 -0.0488843 -0.0400966 0.0359221 -0.0488171 -0.0400966 0.0359278 0.0507939 -0.0400966 0.0355982 0.0507109 -0.0400966 0.0357783 0.0505193 -0.0400966 0.0359068 -0.0408016 -0.0498537 0.0357094 -0.0473104 -0.0460642 0.0359278 -0.0429746 -0.049257 0.0346969 0.000793513 -0.0497072 0.0359278 -0.0392065 -0.0497744 0.0359221 -0.0392065 -0.0499137 0.0358658 -0.0392065 -0.0500428 0.0357282 -0.0392065 -0.0501066 0.0355487 -0.0446263 -0.0480081 0.032793 -0.0488485 -0.0419996 0.0353067 0.0494998 -0.0439627 0.0358489 0.0498885 -0.0439663 0.0344125 0.0506899 -0.0410658 0.0342728 0.0475653 -0.0475832 0.0359278 0.0441423 -0.0492995 0.0339602 0.0425632 -0.0497914 0.0357099 0.0407935 -0.0497744 0.0359221 0.0407935 -0.0499599 0.0358297 0.0407935 -0.0500796 0.0356626 0.0407935 -0.0501066 0.0355487 0.00487247 0.0321913 0.0359278 0.00888683 0.0314248 0.0359078 0.0127742 0.0301624 0.0359278 0.0158503 0.0279649 0.0154195 0.0199231 0.0262322 0.0359278 0.0230713 0.0236268 0.0359078 0.0251813 0.0203735 0.0154209 0.0282719 0.0173414 0.0359278 0.03024 0.0137599 0.0359078 0.0317445 0.00996002 0.0359078 0.0332738 0.00194705 0.0359278 0.0320264 0.00608759 0.0154234 0.0332731 -0.00214002 0.0359078 0.0327615 -0.00619486 0.0359278 0.0317445 -0.0101532 0.0359078 0.0302405 -0.0139536 0.0359278 0.0276697 -0.017225 0.015419 0.025869 -0.0208408 0.0359078 0.0230713 -0.02382 0.0359078 0.0199223 -0.0264251 0.0359278 0.0199223 -0.0264251 0.0359078 0.0146227 -0.029485 0.0359278 0.0164716 -0.0286149 0.0359078 0.0127739 -0.0303557 0.0359278 0.00851898 -0.0310146 0.0154184 0.00487177 -0.0323845 0.0359278 -0.00730027 -0.0316186 0.0359278 -0.0148854 -0.0286153 0.0359278 -0.0311745 -0.00619496 0.0359278 -0.0242822 0.0206483 0.0359278 -0.0148847 0.0284225 0.0359278 -0.0311745 0.00600159 0.0359278 -0.0286536 0.0137602 0.0359278 -0.0031956 -0.0316738 0.0154154 -0.00594033 -0.0312043 0.0154154 -0.00842026 -0.0305318 0.0154154 -0.0107266 -0.0297794 0.0154199 -0.0133371 -0.028616 0.0154154 -0.0145398 -0.0279878 0.0154154 -0.0183353 -0.0264251 0.0359078 -0.01674 -0.0266598 0.0154138 -0.0188959 -0.0250725 0.0154154 -0.0208373 -0.023461 0.0154198 -0.0226993 -0.0215703 0.0154148 -0.0242819 -0.0208408 0.0359078 -0.0237306 -0.0203843 0.0154107 -0.0266841 -0.0175344 0.0359078 -0.0251643 -0.0185146 0.0154154 -0.0266571 -0.016165 0.0154154 -0.0279186 -0.013858 0.0154183 -0.0288778 -0.0116137 0.0154143 -0.0301575 -0.0101532 0.0359078 -0.0297734 -0.00890276 0.0154154 -0.0304709 -0.00606058 0.0154154 -0.0316861 -0.00214002 0.0359078 -0.0308822 -0.00305496 0.0154154 -0.0310347 -9.65741e-05 0.0154154 -0.0316861 0.00194687 0.0359078 -0.0309719 0.00190193 0.0154154 -0.0306318 0.00484456 0.0154154 -0.0300699 0.00768054 0.0154141 -0.0301575 0.00996002 0.0359078 -0.0294769 0.00973888 0.0154154 -0.0288778 0.0114207 0.0154154 -0.0276199 0.0142205 0.0154154 -0.0266841 0.0173413 0.0359078 -0.0260801 0.0169574 0.0154144 -0.0244474 0.0192565 0.0154149 -0.0226995 0.021377 0.0154154 -0.0214843 0.0236268 0.0359078 -0.0204359 0.0236054 0.0154151 -0.0183353 0.0262319 0.0359078 -0.0179146 0.025653 0.0154151 -0.0167405 0.0264664 0.0154154 -0.0139383 0.0281089 0.0154147 -0.0111867 0.0301619 0.0359078 -0.0109232 0.0294965 0.0154154 -0.00971868 0.0299455 0.0154154 -0.0072998 0.0314248 0.0359078 -0.00653108 0.0308714 0.0154154 -0.00345981 0.0314628 0.0154172 -0.0334869 -0.00596069 0.0155901 -0.0328153 -0.012413 0.0157737 -0.0394533 -0.011396 0.0189186 -0.0345756 -0.00633609 0.0158858 -0.0369592 -4.40896e-05 0.01695 -0.0342002 0.00361095 0.0156689 -0.030858 -0.01632 0.0157166 -0.0311549 -0.0206817 0.0164788 -0.0295283 -0.0280752 0.0172392 -0.021884 -0.0269009 0.015603 -0.0258932 -0.0329395 0.01762 -0.0197345 -0.0334888 0.0168746 -0.0120073 -0.0326554 0.0156007 -0.0103297 -0.036636 0.0169746 -0.000115944 -0.0351089 0.0156406 -0.0165194 -0.0358539 0.0173227 -0.00270324 -0.038152 0.0172273 -0.00758363 -0.0482697 0.0268349 0.00355418 -0.0479177 0.0260726 0.00648526 -0.0489609 0.0284284 -0.00498402 -0.0493967 0.0297422 -0.00504745 -0.049752 0.0312008 -0.0289028 -0.0497053 0.0314276 -0.0368136 -0.0212358 0.0185304 -0.0404523 -0.00339712 0.0190805 0.00562094 -0.0416007 0.019288 0.000793513 -0.0428976 0.0200956 -0.00610972 -0.0421875 0.0197329 -0.00903009 -0.0439022 0.0212355 -0.00115885 -0.0460209 0.0232297 -0.00971838 -0.0460951 0.0235385 -0.018985 -0.0458497 0.0238405 -0.0187272 -0.0430052 0.0212088 -0.030247 -0.0443478 0.0233028 -0.0165979 -0.0413983 0.0199528 -0.0424004 -0.0218221 0.0216193 -0.0399022 -0.0257429 0.0204148 -0.0415697 -0.0342639 0.022242 -0.0408341 -0.0404024 0.0234087 -0.0378647 -0.0358779 0.0208835 -0.0361045 -0.0420331 0.0225764 -0.0303151 -0.0421059 0.0216839 -0.032207 -0.0383108 0.0201216 -0.0265582 -0.0399849 0.020153 -0.0452959 -0.00795192 0.0235433 -0.0443396 -0.00134312 0.0222595 -0.0434485 -0.0125844 0.0217861 -0.0424158 -0.00244863 0.0204587 -0.0466974 -0.0403823 0.0279479 -0.047692 -0.0443812 0.0326223 -0.0481886 -0.0396702 0.03 -0.0457133 -0.0449989 0.0293596 -0.0478772 -0.0338997 0.0289353 -0.0487805 -0.0293926 0.0312296 -0.0483415 -0.0261415 0.0297073 -0.0431559 -0.0436686 0.026196 -0.0443022 -0.0393465 0.025107 -0.0456079 -0.0309112 0.0253458 -0.044156 -0.0335204 0.0240616 -0.0468547 -0.0302309 0.0269468 -0.0489008 -0.00593753 0.0314178 -0.0482454 -0.0101425 0.0290006 -0.0489799 -0.0368734 0.0322706 -0.0491021 -0.00156668 0.0328155 -0.0491933 -0.0203103 0.0341058 -0.0491933 0.0224404 0.0341058 -0.0474763 -0.0120763 0.0271836 -0.0466458 -0.00692078 0.0254655 -0.0458908 -0.01762 0.0247918 -0.0443885 -0.0236036 0.0234981 0.0113249 -0.0500804 0.0340078 -0.0261459 -0.0500283 0.0333071 0.01592 -0.0499885 0.032812 -0.0402796 -0.0499404 0.0338857 -0.0397755 -0.0493782 0.0311084 -0.0411806 -0.0477553 0.0287455 -0.0162915 -0.0487744 0.0282463 -0.0267091 -0.0492083 0.0297019 -0.033934 -0.0484779 0.0284178 -0.00876001 -0.0474843 0.0254616 -0.0332174 -0.0466639 0.0257784 -0.0257497 -0.0477765 0.0267838 -0.0400555 -0.0447157 0.0253057 -0.0460328 0.00256161 0.0244034 -0.0470694 0.00402879 0.0261754 -0.048007 0.00701767 0.0282633 -0.0484488 0.00568096 0.0295442 -0.0492239 -0.0400966 0.0354078 -0.0392065 -0.050114 0.0354078 -0.0320201 0.0129491 0.015663 -0.0346924 0.00595743 0.0159177 -0.0387877 0.0144224 0.0188006 -0.0312772 0.0243699 0.0170493 -0.0350638 0.0225074 0.0179948 -0.0263865 0.0272019 0.016457 -0.0219877 0.0267082 0.0156081 -0.0191355 0.0309043 0.0160986 -0.0136148 0.0319384 0.0156239 -0.0125706 0.0333072 0.0158335 -0.00881159 0.0346565 0.0158946 -0.000353655 0.0348545 0.0156551 -0.00525989 0.0381291 0.0174088 0.00429027 0.0379589 0.0172273 -0.0243509 0.0476459 0.0267909 -0.0305077 0.0484975 0.0286661 -0.0104834 0.0483574 0.0275457 -0.0483415 0.0259484 0.0297073 -0.0475015 0.0197075 0.0275241 -0.0490398 0.0371951 0.0326443 -0.0486928 0.0372041 0.0311369 -0.0488422 0.0174442 0.0312525 -0.029213 0.0360944 0.0190185 -0.040642 0.00637861 0.0192969 -0.0145715 0.0399013 0.0190623 -0.0016202 0.0420559 0.0196917 0.000793513 0.0462988 0.023805 0.00590817 0.0450853 0.0223943 -0.00660881 0.0441181 0.0215281 -0.0159773 0.0424291 0.0207091 -0.0347602 0.0372101 0.0203782 -0.0385295 0.0434804 0.0241107 -0.028039 0.0422678 0.0217184 -0.0252331 0.0385677 0.0194824 -0.0315953 0.0445863 0.0237582 -0.0156824 0.0444593 0.0223308 -0.0401368 0.0266912 0.020642 -0.0428717 0.0251245 0.0222959 -0.0414778 0.0338314 0.022244 -0.0446107 0.0208548 0.0235083 -0.0423874 0.0169666 0.0212184 -0.0439826 0.00744026 0.0220833 -0.0489649 0.0409622 0.0328128 -0.0479502 0.0433904 0.0321603 -0.0446637 0.0458867 0.0294718 -0.0466374 0.0406251 0.0278234 -0.0477468 0.0363347 0.0288306 -0.0463799 0.0272879 0.0260926 -0.0446264 0.0357159 0.0247868 -0.0417826 0.0406236 0.0240424 -0.0377301 0.0348222 0.0206209 -0.0431027 0.04378 0.0263759 -0.0460486 0.0133713 0.0248026 0.00657105 0.0490225 0.0291679 -0.00498402 0.0492036 0.0297422 0.00663447 0.0495588 0.0312008 -0.0197325 0.0495685 0.0314415 -0.014333 0.0497953 0.032812 -0.0377175 0.0498747 0.0337983 -0.00846681 0.0499034 0.0344078 0.00669475 0.0498703 0.0336067 -0.0449766 0.0473196 0.0317488 -0.0410534 0.049588 0.0337293 -0.0385108 0.0495605 0.0318451 -0.0267885 0.0491181 0.0299896 -0.0405217 0.0473596 0.0282326 -0.0362239 0.04674 0.0263745 -0.00196716 0.0477245 0.0260726 -0.0126744 0.0467456 0.0248026 -0.0241048 0.0461587 0.0247627 -0.0392065 0.0499209 0.0354078 0.0357872 -0.0038041 0.0156689 0.039233 0.00316333 0.0174162 0.041597 -0.00215887 0.0188116 0.0336574 -0.0126134 0.0156243 0.0316569 -0.00787363 0.0154141 0.0388424 -0.0076448 0.0174018 0.0378996 -0.0126878 0.0173472 0.034659 -0.0168266 0.0165169 0.0316227 -0.0203993 0.0160842 0.0305482 -0.0265392 0.0168451 0.0260344 -0.0194497 0.0154149 0.0235747 -0.0269013 0.0156081 0.0289564 -0.0304385 0.0172382 0.0207225 -0.0310975 0.0160986 0.0195016 -0.0258462 0.0154151 0.0220229 -0.0237986 0.0154151 0.0114707 -0.0333071 0.0156259 0.0141576 -0.0335003 0.0158335 0.0103986 -0.0348496 0.0158946 0.00684692 -0.0383223 0.0174088 0.0308001 -0.0362875 0.0190185 0.0136975 -0.0409018 0.0192876 0.00839996 -0.045166 0.0223501 0.0079917 -0.0434565 0.0207062 0.0194767 -0.0399369 0.0192711 0.0373278 -0.0377247 0.0207501 0.0401165 -0.0436735 0.0241107 0.0331374 -0.0416006 0.0215538 0.0366095 -0.045203 0.0245017 0.0263169 -0.0441057 0.0226016 0.0263589 -0.0388647 0.0194852 0.0453981 -0.0295831 0.0234665 0.0422633 -0.0290448 0.0211629 0.0437021 -0.0196173 0.0212088 0.0451824 -0.014618 0.0220685 0.040027 -0.0214027 0.0192622 0.0386809 -0.0305662 0.0196761 0.0448745 -0.000119633 0.021241 0.0424924 -0.0115772 0.0197263 0.046792 -0.0106085 0.0235385 0.0474748 -0.00279037 0.0242541 0.0503246 -0.0400844 0.0316371 0.0480871 -0.0444337 0.0299552 0.0496322 -0.0286264 0.0290997 0.0479663 -0.0334447 0.0265359 0.0451242 -0.0476294 0.0304581 0.0502213 -0.0205221 0.0304841 0.0506387 -0.029575 0.0326039 0.0435697 -0.0390637 0.0236274 0.0479827 -0.0398613 0.0272791 0.0462352 -0.0424862 0.0266796 0.0504611 -0.00593753 0.0312637 0.0506623 0.00726411 0.0325835 0.0484776 -0.013903 0.0261403 0.049594 -0.00721082 0.0282633 0.0486653 -0.000127848 0.0261761 0.0479 -0.0234367 0.0257846 0.0500359 0.00568096 0.0295442 0.0123486 -0.0493781 0.0297386 0.0213195 -0.0497616 0.0314415 0.0393045 -0.0500679 0.0337983 0.0411492 -0.0497716 0.0322799 0.0189962 -0.0480444 0.0268279 0.0334464 -0.0492156 0.0299231 0.0186911 -0.0424423 0.020681 0.0100955 -0.0466132 0.0241566 0.0209724 -0.0452608 0.0232223 0.0434102 -0.044796 0.0261514 0.0411202 -0.0479904 0.0283028 0.0309138 -0.0473488 0.0263945 0.0507851 0.0126452 0.0342073 0.0507756 -0.0337721 0.0340043 0.0407935 -0.050114 0.0354078 0.050811 -0.0400966 0.0354078 0.035567 0.00513661 0.0156673 0.0304649 0.0114205 0.0154143 0.0344023 0.0122198 0.0157737 0.0395882 0.0110215 0.0181109 0.0359821 0.00785811 0.0159192 0.0295925 0.0134552 0.0154149 0.0266926 0.0231876 0.0156086 0.0358709 0.017034 0.0170919 0.0342948 0.0255974 0.0176286 0.0309747 0.0281489 0.0172381 0.0258664 0.0321066 0.0172253 0.018207 0.0311953 0.0157387 0.0183271 0.0264666 0.0154138 0.0135943 0.0324623 0.0156007 0.00877791 0.0348458 0.0158266 0.0153826 0.0327883 0.0158134 0.0162777 0.0371529 0.0177231 0.00771148 0.0477312 0.0261515 0.0241932 0.0495154 0.0312441 0.0455354 0.0138573 0.0223381 0.0468829 0.00775877 0.0235433 0.0234189 0.0367794 0.0184185 0.0134253 0.0407402 0.019288 0.00784422 0.0426289 0.0202195 0.0160285 0.044547 0.0223337 0.0203142 0.042812 0.0212088 0.0320053 0.044351 0.0234564 0.0459352 0.0345455 0.0244031 0.0427678 0.0221074 0.0208211 0.0420031 0.0313929 0.0213145 0.0408626 0.0436342 0.0245319 0.0420717 0.0380397 0.0225305 0.0375612 0.0413223 0.0222277 0.0284411 0.0411673 0.0209262 0.037988 0.0345061 0.0201163 0.0337941 0.0381177 0.0201216 0.0386841 0.0247441 0.0190285 0.043011 0.00919405 0.0199728 0.0496364 0.0252879 0.0289664 0.0503977 0.0397293 0.0317963 0.0504102 0.0203924 0.0312453 0.0487811 0.0414551 0.028985 0.0487348 0.0307402 0.0274612 0.045503 0.0408784 0.0254814 0.0468751 0.0233296 0.0244409 0.0506788 0.03723 0.0330972 0.0446914 0.0200268 0.0220502 0.049263 0.00905893 0.0275472 0.0479266 0.0176431 0.025443 0.0310181 0.0497463 0.0326024 0.0378215 0.0498845 0.0340019 0.0419779 0.0495145 0.0325796 0.0394778 0.0491085 0.0304666 0.0448862 0.0485591 0.0327712 0.0472158 0.0452329 0.0296482 0.0444905 0.046252 0.0282792 0.0391855 0.0468193 0.026728 0.02327 0.0487949 0.0289733 0.0330734 0.0478631 0.0275897 0.0187919 0.0474736 0.0261287 0.0250118 0.0462026 0.0247664 0.0140811 0.0462947 0.0241501 0.000793523 0.0317316 0.0154154 0.000793496 -0.0319248 0.0154154 0.050811 0.0399034 0.0354078 0.0407935 0.0499209 0.0354078 0.00752736 0.0310111 0.0154154 0.0100073 0.0303386 0.0154154 0.00478264 -0.0316738 0.0154154 0.011908 -0.0299142 0.0154154 0.0155253 -0.028302 0.0154147 0.0183276 -0.0266595 0.0154154 0.0242865 -0.0215701 0.0154154 0.0304648 -0.0116138 0.0154154 0.0292069 -0.0144137 0.0154154 0.0310639 -0.00993203 0.0154154 0.0322188 -0.00503771 0.0154154 0.0325589 -0.00209508 0.0154154 0.0324693 0.00286181 0.0154154 0.0326217 -9.65741e-05 0.0154154 0.0313605 0.00870961 0.0154154 0.0267513 0.0183215 0.0154154 0.0282441 0.0159718 0.0154154 0.0234339 0.0222411 0.015415 0.020483 0.0248794 0.0154154 0.0125103 0.0294965 0.0154154 0.00478264 0.0314807 0.0154154 0.00478761 0.0302416 0.0243278 0.00871338 0.0294608 0.0243278 -0.00712635 -0.0296539 0.0243278 0.0297075 -0.00991156 0.0243278 0.0272939 -0.0153966 0.0243278 0.00478761 -0.0304348 0.0243278 -0.0257069 -0.0153966 0.0243278 -0.0281205 -0.00991156 0.0243278 0.0311317 0.00389753 0.0243278 0.0313935 -9.65741e-05 0.0243278 0.0311317 -0.00409068 0.0243278 -0.00320059 -0.0304348 0.0243278 0.000793513 -0.0306966 0.0243278 0.0142986 0.027289 0.0243278 0.0194216 0.02418 0.0243278 -0.0127115 -0.0274821 0.0243278 -0.0178346 -0.0243732 0.0243278 0.0250701 -0.0187247 0.0243278 0.022431 -0.021734 0.0243278 0.0194216 -0.0243732 0.0243278 0.0142986 -0.0274821 0.0243278 0.00871338 -0.0296539 0.0243278 -0.0221635 -0.0202294 0.0243278 0.0237506 0.0200362 0.0243278 0.0272939 0.0152034 0.0243278 0.0297075 0.00971841 0.0243278 -0.0295447 -0.00409068 0.0243278 -0.0296756 0.00190048 0.0243278 -0.026592 0.0134085 0.0243278 -0.0234831 0.0185315 0.0243278 -0.020844 0.0215409 0.0243278 -0.0287638 0.00782329 0.0243278 -0.0161705 0.0252919 0.0243278 -0.00902147 0.0288174 0.0243278 -0.00320059 0.0302416 0.0243278 0.000793513 0.0305034 0.0243278 -0.0342065 0.0409034 0.0379278 0.0363172 0.0409034 0.0379278 -0.0342065 0.0409034 0.0243278 0.0357935 0.0409034 0.0243278 0.0417935 0.0349034 0.0379278 0.0417935 0.0349034 0.0243278 0.041567 0.0364504 0.0243278 0.041567 0.0364504 0.0379278 0.0409897 0.0379034 0.0243278 0.0406897 0.0383318 0.0379278 0.04002 0.0391299 0.0243278 0.0396502 0.0394997 0.0379278 0.0387935 0.0400996 0.0243278 0.0383196 0.0403206 0.0379278 0.0373405 0.0406769 0.0243278 0.0417935 -0.0360136 0.0379278 0.0417935 -0.0350966 0.0243278 0.0357935 -0.0410966 0.0379278 0.0357935 -0.0410966 0.0243278 0.0368354 -0.0410054 0.0243278 0.0373405 -0.0408701 0.0379278 0.0383196 -0.0405137 0.0243278 0.0392219 -0.0399928 0.0379278 0.0396502 -0.0396928 0.0243278 0.0406897 -0.0385249 0.0243278 0.0406897 -0.0385249 0.0379278 0.041567 -0.0366436 0.0243278 -0.0322185 -0.00823331 0.0243278 -0.030997 -0.0121531 0.0243278 -0.0402065 -0.0350966 0.0243278 0.000793513 -0.0340966 0.0243278 -0.0342065 -0.0410966 0.0243278 -0.00330473 0.0336555 0.0243278 -0.00734322 0.0329154 0.0243278 -0.0112631 0.031694 0.0243278 0.000793513 0.0339034 0.0243278 0.00489176 0.0336555 0.0243278 0.00489176 -0.0338487 0.0243278 0.00893025 -0.0331086 0.0243278 0.0128501 -0.0318871 0.0243278 0.0338055 0.00804016 0.0243278 0.0325841 0.01196 0.0243278 -0.0150071 0.0300089 0.0243278 -0.0185207 0.0278849 0.0243278 -0.0352484 0.0408123 0.0243278 -0.0217527 0.0253528 0.0243278 -0.0367325 0.0403206 0.0243278 0.0201077 0.0278849 0.0243278 0.0165941 0.0300089 0.0243278 -0.0271879 0.0192176 0.0243278 -0.029312 0.015704 0.0243278 -0.0402065 0.0349034 0.0243278 -0.030997 0.01196 0.0243278 -0.0322185 0.00804016 0.0243278 -0.029312 -0.0158972 0.0243278 -0.0271879 -0.0194108 0.0243278 -0.03998 -0.0366436 0.0243278 -0.0246559 -0.0226427 0.0243278 -0.0217527 -0.0255459 0.0243278 -0.0185207 -0.028078 0.0243278 -0.0150071 -0.0302021 0.0243278 -0.0112631 -0.0318871 0.0243278 -0.00734322 -0.0331086 0.0243278 -0.00330473 -0.0338487 0.0243278 0.0165941 -0.0302021 0.0243278 0.0201077 -0.028078 0.0243278 0.0233397 -0.0255459 0.0243278 0.030899 -0.0158972 0.0243278 0.0325841 -0.0121531 0.0243278 0.0338055 -0.00823331 0.0243278 0.0128501 0.031694 0.0243278 0.00893025 0.0329154 0.0243278 -0.0329586 0.00400167 0.0243278 -0.0332065 -9.65741e-05 0.0243278 -0.0329586 -0.00419482 0.0243278 0.0262429 -0.0226427 0.0243278 0.028775 -0.0194108 0.0243278 -0.0246559 0.0224496 0.0243278 -0.0401153 0.0359453 0.0243278 -0.0398446 0.0369555 0.0243278 -0.0391027 0.0383318 0.0243278 0.0345456 -0.00419482 0.0243278 0.0347935 -9.65741e-05 0.0243278 0.0345456 0.00400167 0.0243278 -0.0380632 0.0394997 0.0243278 -0.038433 -0.0393231 0.0243278 -0.0394026 -0.0380966 0.0243278 0.0233397 0.0253528 0.0243278 0.0262429 0.0224496 0.0243278 0.030899 0.015704 0.0243278 0.028775 0.0192176 0.0243278 -0.0357535 -0.0408701 0.0243278 -0.0372065 -0.0402927 0.0243278 -0.0351235 -0.0410965 0.0379278 -0.0402064 -0.0361242 0.0379278 -0.0391027 -0.0385249 0.0379278 -0.0380632 -0.0396928 0.0379278 -0.0372065 -0.0402927 0.0379278 -0.0402065 0.0354271 0.0379278 -0.0357535 0.0406769 0.0379278 -0.0372065 0.0400996 0.0379278 -0.038433 0.0391299 0.0379278 -0.0394026 0.0379034 0.0379278 -0.0398446 0.0369555 0.0379278 -0.0340171 0.0473534 0.0413278 -0.0333338 0.0473534 0.0379278 -0.0346103 0.0471113 0.0379278 -0.0364133 0.0465726 0.0413278 -0.0394317 0.0471864 0.0379278 -0.0380851 0.0469212 0.0413278 -0.0403531 0.0473404 0.0413278 -0.0455884 0.0447868 0.0379278 -0.0427215 0.0470389 0.0379278 -0.0410565 -0.0475466 0.0379278 0.0439891 0.0473533 0.0379278 -0.0466565 0.0417534 0.0379278 0.0482434 -0.0432922 0.0379278 -0.0466564 -0.0431763 0.0379278 -0.0440839 -0.0463541 0.0379278 0.0450516 -0.0468395 0.0379278 0.0475364 0.0441615 0.0379278 0.0426435 -0.0475466 0.0379278 0.0482435 0.0417534 0.0379278 -0.0247135 0.00098199 0.0171903 -0.0230122 0.00474574 0.0161278 -0.0220505 -0.0039569 0.0161278 -0.0229036 0.000302769 0.0174778 -0.0236865 -0.00124648 0.0171903 -0.0249942 -0.00120364 0.0161278 0.0230766 0.000769084 0.0179206 0.0227101 0.00472269 0.0161278 0.0239121 -0.000692938 0.0169028 0.0278518 0.00261147 0.0161278 0.022499 -0.00492776 0.0161278 0.0216879 -0.000593346 0.0174059 0.0183627 -0.0153027 0.0163278 0.0196452 -0.0164411 0.0161278 0.0197346 -0.0156879 0.0163278 0.0208774 -0.0175637 0.0163278 0.020772 -0.0190402 0.0221266 0.0254201 -0.0179118 0.0161278 0.0181102 -0.0201752 0.0221265 -0.0171012 -0.0152932 0.0163278 -0.0153192 -0.0158566 0.0161278 -0.0159369 -0.0154889 0.0163278 -0.0146748 -0.0165089 0.0221268 -0.0143719 -0.0180936 0.0221278 -0.0145274 -0.0186303 0.0161278 -0.0149711 -0.0193167 0.0221278 -0.0162091 -0.0203553 0.022127 -0.0170453 -0.0202035 0.0163278 -0.0183396 -0.0184966 0.0161278 -0.0171368 0.0199649 0.0221275 -0.0184727 0.0192585 0.0162778 -0.0155108 0.017028 0.0161278 -0.0149315 0.0192655 0.0221274 -0.0143725 0.0174834 0.022127 -0.0149859 0.0158205 0.0221266 -0.0163481 0.015166 0.0163278 0.0182227 0.020114 0.022126 0.0119651 0.0164525 0.0161278 0.0196129 0.0197758 0.0163278 0.0207389 0.0168699 0.0162278 0.0209878 0.0182542 0.022126 0.0192923 0.0153394 0.0163278 0.0174337 0.0159445 0.0161278 -0.0308779 0.00697857 0.0180278 -0.0294574 0.0118806 0.0181278 -0.0268382 0.0168379 0.0180278 -0.022924 0.0221756 0.0181278 -0.0189594 0.0253638 0.0179278 -0.01664 0.0273742 0.0181278 -0.0111705 0.0301212 0.0180278 -0.00731378 0.0314792 0.0181278 -0.00427901 0.0319565 0.0180278 0.00181205 -0.0337117 0.0192278 0.000793513 -0.0340966 0.0194278 -0.00330473 -0.0338487 0.0194278 -0.00734322 -0.0331086 0.0194278 -0.0120789 -0.0311661 0.0192278 -0.0112631 -0.0318871 0.0194278 -0.0150071 -0.0302021 0.0194278 -0.0185207 -0.028078 0.0194278 -0.0222599 -0.0245825 0.0192278 -0.0217527 -0.0255459 0.0194278 -0.0246559 -0.0226427 0.0194278 -0.0271879 -0.0194108 0.0194278 -0.0294446 -0.0148165 0.0192278 -0.029312 -0.0158972 0.0194278 -0.030997 -0.0121531 0.0194278 -0.0322185 -0.00823331 0.0194278 -0.0320243 -0.00818544 0.0192278 -0.0329586 -0.00419482 0.0194278 -0.032423 0.00445713 0.0192278 -0.0332065 -9.65741e-05 0.0194278 -0.0329586 0.00400167 0.0194278 -0.0322185 0.00804016 0.0194278 -0.030997 0.01196 0.0194278 -0.03081 0.0118891 0.0192278 -0.029312 0.015704 0.0194278 -0.0239563 0.0225202 0.0192278 -0.0271879 0.0192176 0.0194278 -0.0246559 0.0224496 0.0194278 -0.0217527 0.0253528 0.0194278 -0.0185207 0.0278849 0.0194278 -0.0139264 0.0301415 0.0192278 -0.0150071 0.0300089 0.0194278 -0.0112631 0.031694 0.0194278 -0.00734322 0.0329154 0.0194278 -0.00224724 0.0333963 0.0192278 -0.00330473 0.0336555 0.0194278 0.000793513 0.0339034 0.0194278 -0.00504125 -0.0306835 0.0161278 -0.00154114 -0.0314614 0.0161278 -0.00701535 -0.0305101 0.0163278 -0.0107656 -0.0292916 0.0163278 -0.010692 -0.0291056 0.0161278 -0.0143336 -0.0276126 0.0163278 -0.0142372 -0.0274373 0.0161278 -0.0176629 -0.0254997 0.0163278 -0.023822 -0.0185672 0.0161278 -0.0220509 -0.0215489 0.0163278 -0.0266682 -0.0151938 0.0163278 -0.0289746 -0.00976881 0.0162278 -0.0292507 -9.6574e-05 0.0161278 -0.0302483 -0.0040149 0.0162778 -0.0305445 0.00187505 0.0171278 -0.0299521 0.00576846 0.0162278 -0.0290697 0.00960656 0.0163278 -0.0268539 0.0139937 0.0161278 -0.0266682 0.0150006 0.0163278 -0.0220509 0.0213558 0.0163278 -0.0211894 0.0182668 0.0161278 -0.016646 0.0255701 0.0161278 -0.0159982 0.026363 0.0163278 -0.0107656 0.0290984 0.0163278 -0.00499524 0.0302491 0.0161278 -0.00507865 0.0306864 0.0163278 0.000793513 0.0313034 0.0163278 -0.0248118 -0.000466781 0.0183635 -0.0146101 0.018463 0.0221278 -0.0166671 0.0151001 0.0221278 0.0189895 0.0199425 0.0221278 0.0204357 0.0161431 0.0221278 0.0191158 0.0151755 0.0221278 0.0178364 0.015212 0.0221278 0.0176978 -0.0154907 0.0221278 0.0189053 -0.0153122 0.0221278 0.0196515 -0.0156181 0.0221278 0.0207565 -0.016827 0.0221278 -0.0161108 -0.0154907 0.0221278 -0.0234831 -0.0187247 0.0221278 -0.0193431 -0.0179368 0.0221274 -0.026592 -0.0136016 0.0221278 -0.0193393 -0.0230536 0.0221278 -0.0187194 -0.0193808 0.0221278 -0.0185691 -0.0160169 0.0221278 -0.0298065 -9.65741e-05 0.0221278 -0.0295447 -0.00409068 0.0221278 -0.0287638 -0.00801644 0.0221278 -0.0145065 -0.026597 0.0221278 -0.017145 -0.001583 0.0221278 -0.0173183 -0.0153122 0.0221278 -0.0172065 -9.65741e-05 0.0221278 -0.0113559 -0.0132944 0.0221278 -0.00777354 -0.0159271 0.0221278 -0.00505108 -0.0171213 0.0221278 -0.00216919 -0.0178511 0.0221278 0.000793513 -0.0180966 0.0221278 0.000793513 -0.0306966 0.0221278 -0.00320059 -0.0304348 0.0221278 -0.00902147 -0.0290106 0.0221278 -0.0142755 -0.00994164 0.0221278 -0.0156904 -0.00732709 0.0221278 -0.0166557 -0.00451531 0.0221278 -0.0257069 0.0152034 0.0221278 -0.0193541 0.017022 0.0221261 -0.0234831 0.0185315 0.0221278 -0.0175287 0.0151755 0.0221278 -0.0183844 0.0154951 0.0221276 -0.0295447 0.00389753 0.0221278 -0.0281205 0.00971841 0.0221278 -0.0191197 0.0185015 0.0221278 -0.020844 0.0215409 0.0221278 -0.0161705 0.0252919 0.0221278 -0.017145 0.00138985 0.0221278 -0.0166557 0.00432216 0.0221278 -0.0149829 0.00844122 0.0221278 -0.0124495 0.0120945 0.0221278 -0.00901793 0.014921 0.0221278 -0.00505108 0.0169281 0.0221278 -0.00216919 0.0176579 0.0221278 0.000793513 0.0179034 0.0221278 0.00279056 0.0303725 0.0221278 -0.00320059 0.0302416 0.0221278 -0.00902147 0.0288174 0.0221278 0.0129429 0.0131012 0.0221278 0.0158625 0.00974849 0.0221278 0.0172774 0.00713394 0.0221278 0.016479 0.0159203 0.0221266 0.0142986 0.027289 0.0221278 0.0194216 0.02418 0.0221278 0.0182427 0.00432216 0.0221278 0.018732 0.00138985 0.0221278 0.0187935 -9.65741e-05 0.0221278 0.00936057 0.015734 0.0221278 0.0066381 0.0169281 0.0221278 0.0159902 0.0177982 0.0221278 0.00375622 0.0176579 0.0221278 0.0165243 0.019259 0.0221277 0.00871338 0.0294608 0.0221278 0.0237506 0.0200362 0.0221278 0.0272939 0.0152034 0.0221278 0.0313935 -9.65741e-05 0.0221278 0.0311317 0.00389753 0.0221278 0.0297075 0.00971841 0.0221278 0.0194216 -0.0243732 0.0221278 0.0142986 -0.0274821 0.0221278 0.0164109 -0.016126 0.0221256 0.0149495 -0.0111146 0.0221278 0.010605 -0.0151141 0.0221278 0.0272939 -0.0153966 0.0221278 0.0237506 -0.0202294 0.0221278 0.0067505 -0.0300443 0.0221278 0.0164456 -0.0192961 0.0221278 0.0159807 -0.0181142 0.0221267 0.0172774 -0.00732709 0.0221278 0.0182427 -0.00451531 0.0221278 0.018732 -0.001583 0.0221278 0.0307413 -0.00605356 0.0221278 0.0290642 -0.0118067 0.0221278 0.00375622 -0.0178511 0.0221278 0.0066381 -0.0171213 0.0221278 0.000793513 -0.0180966 0.0171278 0.00375622 -0.0178511 0.0171278 0.0066381 -0.0171213 0.0171278 0.00936057 -0.0159271 0.0171278 0.0118493 -0.0143011 0.0171278 0.0140365 -0.0122876 0.0171278 0.0158625 -0.00994164 0.0171278 0.0172774 -0.00732709 0.0171278 0.0182427 -0.00451531 0.0171278 0.018732 -0.001583 0.0171278 0.0184874 0.00285601 0.0171278 0.0172774 0.00713394 0.0171278 0.0158625 0.00974849 0.0171278 0.0140365 0.0120945 0.0171278 0.0118493 0.014108 0.0171278 0.00936057 0.015734 0.0171278 0.0066381 0.0169281 0.0171278 0.00375622 0.0176579 0.0171278 0.000793513 0.0179034 0.0171278 -0.0166557 0.00432216 0.0171278 -0.0156904 0.00713394 0.0171278 -0.0142755 0.00974849 0.0171278 -0.017145 0.00138985 0.0171278 -0.0169003 -0.00304916 0.0171278 -0.00216919 0.0176579 0.0171278 -0.00505108 0.0169281 0.0171278 -0.00777354 0.015734 0.0171278 -0.0102623 0.014108 0.0171278 -0.0124495 0.0120945 0.0171278 -0.0156904 -0.00732709 0.0171278 -0.0142755 -0.00994164 0.0171278 -0.0124495 -0.0122876 0.0171278 -0.0102623 -0.0143011 0.0171278 -0.00777354 -0.0159271 0.0171278 -0.00505108 -0.0171213 0.0171278 -0.00216919 -0.0178511 0.0171278 0.0438732 0.0473534 0.0413278 0.0482434 0.043099 0.0413278 -0.0466565 -0.0419466 0.0413278 0.0443788 -0.0475464 0.0413278 -0.0422862 -0.0475465 0.0413278 0.0473164 -0.0449252 0.0413278 0.0481584 -0.042919 0.0413278 0.0482435 -0.0419466 0.0413278 -0.0465714 -0.042919 0.0413278 -0.0461125 -0.0443042 0.0413278 -0.0450012 -0.0458913 0.0413278 -0.0466564 0.0429831 0.0413278 0.0465882 0.0456982 0.0413278 -0.0440898 0.0462854 0.0413278 0.0333292 -0.00214355 0.0192278 0.0340408 -0.00515954 0.0192278 0.032307 -0.00818787 0.0192278 0.0323971 -0.0120822 0.0192278 0.0293047 -0.0157708 0.0192278 0.0278797 -0.0200304 0.0192278 0.024511 -0.0223688 0.0192278 0.0190509 -0.0283399 0.0192278 0.018227 -0.0275673 0.0192278 0.0108476 -0.0310398 0.0192278 0.0108308 -0.0323073 0.0192278 0.00487938 -0.0324395 0.0186778 -0.00124942 -0.032568 0.0192278 -0.00926056 -0.0310398 0.0192278 -0.01664 -0.0275673 0.0192278 -0.022924 -0.0223688 0.0192278 -0.0267316 -0.0175645 0.0192278 -0.0294574 -0.0120738 0.0192278 -0.0312291 -0.0062052 0.0192278 -0.0317422 -0.00214355 0.0192278 -0.0314856 0.00398123 0.0192278 -0.0294574 0.0118806 0.0192278 -0.0255284 0.0190274 0.0192278 -0.0190813 0.025521 0.0192278 -0.0112073 0.0302141 0.0192278 -0.00731378 0.0314792 0.0192278 -0.00124942 0.0323749 0.0192278 0.00689009 0.0318628 0.0192278 0.00982709 0.0322981 0.0192278 0.0146465 0.0293426 0.0192278 0.0165012 0.0298318 0.0192278 0.0222332 0.0242265 0.0192278 0.0238469 0.0243893 0.0192278 0.0283186 0.0173714 0.0192278 0.0310316 0.0146233 0.0192278 0.0310444 0.0118806 0.0192278 0.0330726 0.00398123 0.0192278 0.0339792 0.00598493 0.0192278 0.000793513 -0.0325966 0.0180278 -0.00528436 -0.0319579 0.0180278 -0.0111705 -0.0303143 0.0180278 -0.0148635 -0.0285765 0.0180278 -0.0195194 -0.0254535 0.0180778 -0.0254477 -0.0191619 0.0180278 -0.0294121 -0.0120525 0.0180778 -0.0308779 -0.00717172 0.0180278 -0.0316424 -9.65741e-05 0.0180278 0.000793513 0.0324034 0.0180278 0.0299309 -0.0116329 0.0179278 0.0292173 -0.0157227 0.0180278 0.0261465 -0.0185166 0.0179278 0.0258352 -0.0208129 0.0180278 0.0207691 -0.0242429 0.0179278 0.021895 -0.0248011 0.0180778 0.0159206 -0.0276126 0.0179278 0.014604 -0.0294454 0.0180278 0.0104775 -0.0299008 0.0179278 0.00787675 -0.0317661 0.0180278 0.00276124 -0.0313728 0.0179278 -0.00507865 -0.0308795 0.0179278 -0.0107656 -0.0292916 0.0179278 -0.0159982 -0.0265562 0.0179278 -0.0207013 -0.0229862 0.0179278 -0.0245595 -0.0185166 0.0179278 -0.0283439 -0.0116329 0.0179278 -0.0302974 -0.00402427 0.0179278 -0.02956 0.00769688 0.0179278 -0.0276181 0.0132729 0.0179278 -0.0245595 0.0183235 0.0179278 -0.0207013 0.022793 0.0179278 -0.0159982 0.026363 0.0179278 -0.0107656 0.0290984 0.0179278 -0.00701535 0.0303169 0.0179278 -0.00117422 0.0311796 0.0179278 0.00472898 0.0310558 0.0179278 0.00586603 0.0319565 0.0180278 0.0104775 0.0297077 0.0179278 0.0127576 0.0301212 0.0180278 0.0175853 0.026363 0.0179278 0.0164505 0.0283834 0.0180278 0.0234172 0.0218622 0.0179278 0.0258352 0.0206197 0.0180278 0.0273054 0.0167284 0.0179278 0.0297103 0.0146326 0.0180278 0.0299309 0.0114397 0.0179278 0.0317029 0.00994648 0.0180278 0.0318844 0.00383112 0.0179278 0.0327179 0.00599332 0.0180278 0.0331296 -9.65741e-05 0.0179278 0.0318844 -0.00402427 0.0179278 0.0327179 -0.00618647 0.0180278 0.0317029 -0.0101396 0.0180278 0.0159807 -0.0178 0.0161278 0.0139471 -0.0280493 0.0161278 0.00470391 -0.0310506 0.0161278 0.0314428 -0.00396848 0.0161278 0.0289855 0.0126208 0.0161278 0.0198149 0.0244209 0.0161278 0.00755986 0.0301876 0.0161278 0.00489176 0.0336555 0.0194278 0.00893025 0.0329154 0.0194278 0.0128501 0.031694 0.0194278 0.0165941 0.0300089 0.0194278 0.0201077 0.0278849 0.0194278 0.0233397 0.0253528 0.0194278 0.0262429 0.0224496 0.0194278 0.028775 0.0192176 0.0194278 0.030899 0.015704 0.0194278 0.0325841 0.01196 0.0194278 0.0338055 0.00804016 0.0194278 0.0345456 0.00400167 0.0194278 0.0347935 -9.65741e-05 0.0194278 0.0345456 -0.00419482 0.0194278 0.0338055 -0.00823331 0.0194278 0.0325841 -0.0121531 0.0194278 0.030899 -0.0158972 0.0194278 0.028775 -0.0194108 0.0194278 0.0262429 -0.0226427 0.0194278 0.0233397 -0.0255459 0.0194278 0.0201077 -0.028078 0.0194278 0.0165941 -0.0302021 0.0194278 0.0128501 -0.0318871 0.0194278 0.00893025 -0.0331086 0.0194278 0.00489176 -0.0338487 0.0194278 0.00666568 0.0306864 0.0163278 0.0123526 0.0290984 0.0163278 0.0159206 0.0274195 0.0163278 0.0207691 0.0240498 0.0163278 0.0249876 0.0199185 0.0163278 0.0273054 0.0167284 0.0163278 0.0299309 0.0114397 0.0163278 0.0316373 0.0057872 0.0163278 0.0321316 0.00187505 0.0163278 0.0318844 -0.00402427 0.0163278 0.0306567 -0.00979971 0.0163278 0.0282552 -0.0151938 0.0163278 0.023638 -0.0215489 0.0163278 0.01925 -0.0254997 0.0163278 0.0141366 -0.0284521 0.0163278 0.00860238 -0.0305101 0.0163278 0.00472898 -0.031249 0.0163278 0.0089008 0.0314792 0.0181278 0.0215325 0.0249726 0.0181278 0.0283186 0.0173714 0.0181278 0.0333292 0.0019504 0.0181278 0.0333292 -0.00214355 0.0181278 -0.0188486 -0.0192123 0.0163278 -0.0185691 -0.0160169 0.0163278 0.0161021 0.0178936 0.0163278 0.0437125 0.0376145 0.0379278 0.0454904 0.0382049 0.0359278 0.0420301 0.0376884 0.0359278 0.0410556 0.0381019 0.0379278 0.0390666 0.0387782 0.0359278 0.0389367 0.0403718 0.0379278 0.0385692 0.0416718 0.0359278 0.0394808 0.0450382 0.0379278 0.0398492 0.0457059 0.0359278 0.0420493 0.0470468 0.0379278 0.0453522 0.0464163 0.0359278 0.0440175 0.0263688 0.0379278 0.0441049 0.0264877 0.0359278 0.0437935 0.0260267 0.0379278 0.0428911 0.0276838 0.0379278 0.0427824 0.0276433 0.0359278 0.0442851 0.0271351 0.0379278 0.0442851 0.0271351 0.0359278 0.0442811 0.0268801 0.0379278 0.0442811 0.0268801 0.0359278 0.0405057 0.0311236 0.0379278 0.0404602 0.0306263 0.0359278 0.0404598 0.0275245 0.0369278 0.0323243 0.0396359 0.0379278 0.034657 0.0397008 0.0359278 0.0377535 0.0389113 0.0379278 0.0399615 0.0366743 0.0379278 0.0405072 0.0350543 0.0359278 0.0285417 0.039528 0.0364278 0.0291026 0.0429035 0.0379278 0.0286065 0.0415845 0.0359278 0.0276377 0.0432471 0.0359278 0.0269496 0.0429034 0.0359278 0.0507935 0.0399034 0.0359278 0.0504872 0.0422307 0.0359278 0.0485791 0.0460434 0.0359278 0.0450773 0.0487203 0.0359278 0.0407935 0.0499034 0.0359278 -0.0369488 0.0419241 0.0379278 -0.0374463 0.0405347 0.0359278 -0.0374992 0.0382675 0.0379278 -0.0409245 0.0377173 0.0379278 -0.0408247 0.0377006 0.0359278 -0.0438393 0.038043 0.0359278 -0.0446649 0.0386024 0.0379278 -0.0452992 0.0390961 0.0359278 -0.0460159 0.0400713 0.0379278 -0.0460159 0.0400713 0.0359278 -0.046341 0.0408124 0.0379278 -0.046341 0.0408124 0.0359278 -0.0465731 0.0420002 0.0379278 -0.0465731 0.0420002 0.0359278 -0.0418995 0.0499028 0.0359278 0.000793513 0.0499034 0.0359278 0.000793513 0.0499034 0.0379278 -0.0253623 0.0429034 0.0359278 -0.0255471 0.0430296 0.0379278 -0.0257984 0.0432221 0.0359278 -0.0269279 0.0421022 0.0379278 -0.027179 0.0423041 0.0359278 -0.026373 0.0433796 0.0359278 -0.0263107 0.043393 0.0379278 -0.0258294 0.0432513 0.0379278 -0.0278202 0.0397799 0.0361778 -0.0389186 0.0334951 0.0379278 -0.0388732 0.0306263 0.0359278 -0.0390102 0.0348234 0.0359278 -0.0356984 0.0389678 0.0359278 -0.0308585 0.0396105 0.0379278 -0.0392714 0.027332 0.0373653 -0.0413201 0.0279283 0.0379278 -0.0404164 0.0276068 0.0359278 -0.0423443 0.0262615 0.0379278 -0.0423443 0.0262615 0.0359278 -0.0424901 0.0264162 0.0379278 -0.0424901 0.0264162 0.0359278 -0.0425843 0.0265584 0.0379278 -0.0425843 0.0265584 0.0359278 -0.0426735 0.0267974 0.0379278 -0.0426899 0.0269238 0.0359278 -0.042653 0.0272984 0.0379278 -0.0424498 0.0276221 0.0359278 -0.0422201 0.0278681 0.0379278 -0.042061 0.0279724 0.0359278 -0.0422065 0.0260314 0.0359278 -0.0429746 0.0490003 0.0359278 -0.0469921 0.0460434 0.0359278 -0.0487171 0.0429936 0.0359278 -0.0490834 0.0414678 0.0359278 -0.0492065 0.0399034 0.0359278 0.0389095 -0.040887 0.0379278 0.0389427 -0.0406881 0.0359278 0.0409693 -0.0383019 0.0379278 0.0417295 -0.0380409 0.0359278 0.0437856 -0.0378789 0.0379278 0.0436982 -0.0377133 0.0359278 0.0462116 -0.0388474 0.0359278 0.0468779 -0.039427 0.0379278 0.0477485 -0.0439626 0.0359278 0.0479286 -0.04374 0.0379278 0.0274387 -0.0434269 0.0379278 0.0273985 -0.0434131 0.0359278 0.0269215 -0.0430966 0.0379278 0.0284779 -0.0418328 0.0379278 0.0286093 -0.043014 0.0359278 0.0281101 -0.0435798 0.0379278 0.0281101 -0.0435798 0.0359278 0.0279404 -0.0435965 0.0379278 0.0279404 -0.0435965 0.0359278 0.028314 -0.0403048 0.0363965 0.0405656 -0.0335974 0.0379278 0.0405909 -0.0337842 0.0359278 0.0387156 -0.0382758 0.0369278 0.0337217 -0.0398623 0.0379278 0.0328252 -0.0398456 0.0361778 0.0420099 -0.0278267 0.0361153 0.0439313 -0.0264547 0.0379278 0.0440278 -0.0265676 0.0359278 0.0441414 -0.0267195 0.0379278 0.04424 -0.0269077 0.0359278 0.0442811 -0.0270733 0.0379278 0.0442811 -0.0270733 0.0359278 0.0442851 -0.0273283 0.0379278 0.0442851 -0.0273283 0.0359278 0.0441283 -0.0277375 0.0379278 0.0440209 -0.027866 0.0359278 0.0430887 -0.028047 0.0379278 0.0437935 -0.0262246 0.0359278 0.0437935 -0.0261125 0.0379278 0.0437935 -9.65741e-05 0.0359278 0.0437935 -9.65741e-05 0.0379278 0.0437935 0.0259194 0.0359278 0.0507935 -9.65741e-05 0.0359278 0.0507935 -9.65741e-05 0.0379278 0.0507935 -0.0400966 0.0359278 0.0407935 -0.0500966 0.0359278 0.0437668 -0.0495349 0.0359278 0.0445827 -0.049238 0.0379278 0.0480876 -0.0467838 0.0359278 0.0486457 -0.0461187 0.0379278 0.050416 -0.0426749 0.0359278 0.050416 -0.0426749 0.0379278 -0.0406558 -0.0378629 0.0379278 -0.0403748 -0.0380144 0.0359278 -0.0378853 -0.0385394 0.0379278 -0.0371243 -0.0412649 0.0359278 -0.0370631 -0.0413524 0.0379278 -0.0368809 -0.0434474 0.0379278 -0.0368809 -0.0434474 0.0359278 -0.0376177 -0.0452029 0.0379278 -0.0376177 -0.0452029 0.0359278 -0.0385568 -0.0463502 0.0379278 -0.0403748 -0.0471787 0.0359278 -0.0411908 -0.0473404 0.0379278 0.0388695 -0.0446595 0.0359278 0.000793513 -0.0500966 0.0359278 0.038468 -0.0434474 0.0359278 0.0398419 -0.0460482 0.0359278 0.0421557 -0.0472307 0.0359278 0.0460508 -0.0465344 0.0369278 0.04741 0.0399003 0.0359278 0.0477959 0.0441022 0.0369278 -0.0425676 0.0469261 0.0359278 -0.0458229 0.0449066 0.0359278 -0.0370817 0.0438603 0.0359278 -0.0492065 -9.65741e-05 0.0359278 -0.0392065 -0.0500966 0.0359278 -0.0425574 -0.037771 0.0359278 -0.0448864 -0.0389773 0.0359278 -0.0418962 -0.0496402 0.0359278 -0.0492065 -0.0400966 0.0359278 -0.0461858 -0.0407399 0.0359278 -0.0483034 -0.0438646 0.0359278 -0.0461095 -0.0443123 0.0359278 -0.0456809 -0.0476772 0.0359278 -0.038932 -0.0302812 0.0363653 -0.0375418 -0.0379129 0.0359278 -0.0267182 -0.0433639 0.0359278 -0.0253502 -0.0430966 0.0359278 0.0138015 -0.0430966 0.0359278 -0.0332629 -0.0399106 0.0359278 -0.0284542 -0.0396966 0.0359278 -0.0418089 -0.0276645 0.0359278 -0.0438412 -0.0469257 0.0369278 -0.0270214 -0.0417835 0.0359278 -0.0268395 -0.0397608 0.0369278 -0.0422065 -0.0262198 0.0379278 -0.0425179 -0.0266808 0.0359278 -0.0422065 -0.0261125 0.0359278 -0.0422065 -9.65741e-05 0.0359278 -0.042694 -0.0270733 0.0359278 -0.0427064 -0.0272434 0.0359278 -0.0379966 0.0452977 0.0379278 -0.0418064 0.047183 0.0379278 -0.0463313 0.0438603 0.0379278 -0.0449832 0.0459775 0.0379278 -0.0492065 -9.65741e-05 0.0379278 -0.0422065 0.0259194 0.0379278 0.0470536 0.0393914 0.0379278 0.048101 0.0417717 0.0379278 0.0454006 0.0466847 0.0379278 0.0400168 -0.0461707 0.0379278 0.000793513 -0.0500966 0.0379278 0.0388695 -0.0446595 0.0379278 0.038468 -0.0434474 0.0379278 0.0429277 -0.047261 0.0379278 -0.0462886 -0.0432965 0.0379278 -0.04595 -0.0401466 0.0379278 -0.0454601 -0.0394469 0.0379278 -0.0440098 -0.0384074 0.0379278 -0.0389417 -0.032918 0.0379278 -0.0332629 -0.0399106 0.0379278 -0.0264683 -0.0433387 0.0379278 -0.0407118 -0.0277739 0.0379278 -0.0122145 -0.0430966 0.0379278 -0.0270411 -0.041991 0.0379278 -0.042694 -0.0270733 0.0379278 -0.0424305 -0.026562 0.0379278 -0.0284542 -0.0396966 0.0379278 -0.0422065 -9.65741e-05 0.0379278 -0.042698 -0.0273283 0.0379278 -0.0107889 -0.0175052 0.0888391 -0.0184366 -0.0192716 0.0891259 -0.0118599 -0.0210353 0.0864592 -0.0148807 -0.0118691 0.0888551 -0.0117144 -0.014469 0.0864598 -0.016548 -0.0235648 0.0864439 -0.0145037 -0.0231045 0.088754 -0.0131556 -0.011564 0.0891278 -0.0133421 -0.0117558 0.0903278 -0.00990344 -0.0145001 0.0891278 -0.00970673 -0.0176554 0.0903278 -0.00995648 -0.020807 0.0891278 -0.0130749 -0.0234142 0.0903278 -0.0135132 -0.0237044 0.0891278 -0.0184401 -0.0243547 0.0903278 -0.0204704 -0.0233094 0.0894278 -0.0237289 -0.0202302 0.0903278 -0.0237289 -0.0202302 0.0891278 -0.0229775 -0.013609 0.0891278 -0.0236836 -0.0148452 0.0903278 -0.0203381 -0.011779 0.0903278 -0.0173012 -0.0101457 0.0891278 -0.0129868 -0.0158013 0.0900278 -0.0193013 -0.0138802 0.0903278 -0.0163272 -0.0133943 0.0897278 -0.0136466 -0.0147138 0.0869013 -0.012956 -0.0194523 0.0869013 -0.0137474 -0.0207194 0.0900278 -0.0179255 -0.022034 0.0837763 -0.0168509 -0.0219442 0.0900278 -0.0145218 -0.021753 0.0837017 -0.0122467 -0.0180996 0.0837763 -0.0166248 -0.0132723 0.0839255 -0.0127763 -0.0139672 0.0838028 -0.0192534 -0.0228653 0.0852857 -0.0214434 -0.0188957 0.0834778 -0.0219908 -0.0201202 0.0864664 -0.022344 -0.0158866 0.0870496 -0.0208535 -0.0153205 0.0837017 -0.0204268 -0.0129377 0.0864518 -0.018089 -0.0118409 0.0864426 -0.0150944 -0.011885 0.0841278 -0.0210686 -0.0190932 0.0903278 -0.0108463 -0.018643 0.0841278 -0.0138077 -0.0227752 0.0841278 -0.0207903 -0.0187997 0.0869013 -0.0197453 -0.0205263 0.0869013 -0.0208758 -0.0168967 0.0897278 -0.0192939 -0.014377 0.0897278 0.0233048 -0.0193698 0.0890887 0.0157539 -0.0230147 0.0889572 0.0186624 -0.0234949 0.0864532 0.0157617 -0.0131101 0.0891254 0.0219284 -0.0129965 0.0876074 0.0180415 -0.0116986 0.0864532 0.0237854 -0.0154232 0.0864622 0.0241389 -0.0182014 0.0864399 0.0224269 -0.0217015 0.0864358 0.0244488 -0.0133561 0.0891278 0.0241648 -0.0129299 0.0903278 0.0251475 -0.0173603 0.0903278 0.0251797 -0.017885 0.0891278 0.0216696 -0.0234306 0.0903278 0.0214868 -0.0237044 0.0891278 0.0147427 -0.0236291 0.0891278 0.0147427 -0.0236291 0.0903278 0.0118541 -0.0214108 0.0903278 0.0115626 -0.0208205 0.0891278 0.0112938 -0.0175377 0.0903278 0.0115435 -0.0143861 0.0891278 0.0131742 -0.0142484 0.0903278 0.0148446 -0.0115052 0.0903278 0.0151734 -0.0114894 0.0891278 0.0190134 -0.0101567 0.0903278 0.0195239 -0.0101982 0.0891278 0.0184065 -0.0134434 0.0897278 0.0214617 -0.015012 0.0897278 0.0184694 -0.0130546 0.0903278 0.0225936 -0.0173071 0.0900278 0.0169266 -0.0214755 0.0840748 0.0173143 -0.0218855 0.0900278 0.02085 -0.0211069 0.0838509 0.0211872 -0.0209297 0.0900278 0.0222049 -0.015767 0.0837763 0.0184222 -0.0132814 0.0839255 0.0163811 -0.0227263 0.0838028 0.0136264 -0.021148 0.0841278 0.0141953 -0.0190625 0.0839255 0.0123664 -0.0172959 0.0841278 0.0146649 -0.0152902 0.0837763 0.0142091 -0.0134199 0.085286 0.0140263 -0.021727 0.0887366 0.0128002 -0.0199163 0.0887998 0.0123588 -0.0173407 0.0887674 0.0129325 -0.0149824 0.088841 0.0139425 -0.0189058 0.0903278 0.015425 -0.0207566 0.0897278 0.0143121 -0.0189163 0.0897278 0.0141298 -0.0167245 0.0897278 0.0156232 -0.0144056 0.0897278 -0.0109468 0.0179037 0.0889519 -0.0203752 0.0173334 0.0891278 -0.0129315 0.0128316 0.0887695 -0.0150157 0.0228778 0.0888597 -0.0116961 0.0206101 0.0864525 -0.0110096 0.0156928 0.0888087 -0.0167478 0.0115084 0.0864524 -0.010479 0.0215164 0.0891278 -0.0105511 0.0216439 0.0903278 -0.00994516 0.0155392 0.0903278 -0.00970673 0.0173446 0.0891278 -0.0106233 0.01306 0.0891278 -0.0132576 0.011312 0.0903278 -0.0162583 0.00995375 0.0891278 -0.0199289 0.0113495 0.0903278 -0.0203994 0.011584 0.0891278 -0.0235605 0.0171671 0.0903278 -0.0235927 0.0176918 0.0891278 -0.0203381 0.023221 0.0903278 -0.0201554 0.0234948 0.0891278 -0.0159866 0.0248433 0.0903278 -0.0159866 0.0248433 0.0891278 -0.0177767 0.0213701 0.0883145 -0.0135993 0.0202585 0.0898778 -0.0184764 0.0211879 0.0903278 -0.0127718 0.016059 0.0897278 -0.0128081 0.0151993 0.0903278 -0.014446 0.0138421 0.0897278 -0.0161042 0.0129656 0.0900278 -0.017741 0.0129601 0.0837763 -0.0139625 0.0139053 0.0838509 -0.0122332 0.0174822 0.0837763 -0.0142931 0.021226 0.0837763 -0.0186802 0.0215646 0.083627 -0.0205595 0.0129537 0.0864649 -0.0201203 0.0143807 0.0837763 -0.0224513 0.015914 0.0864475 -0.0211607 0.0173177 0.0837763 -0.022561 0.0185732 0.0864534 -0.0213778 0.0210574 0.086464 -0.0189128 0.0229106 0.0864314 -0.0145479 0.0228123 0.0841278 -0.0204927 0.0150068 0.0903278 -0.0108194 0.0173508 0.0841278 -0.0118478 0.0139954 0.0841278 -0.0144057 0.0119328 0.0841278 -0.0206159 0.018941 0.0869013 -0.0209019 0.0175496 0.0897278 -0.0203577 0.0152319 0.0897278 -0.0185862 0.0136414 0.0897278 0.0208363 0.0230123 0.0891252 0.0240372 0.0188332 0.0864738 0.0222762 0.0217946 0.0853149 0.0238399 0.0154738 0.0887487 0.0217642 0.0125646 0.0887589 0.0192804 0.0115264 0.0864541 0.0219864 0.0232228 0.0891278 0.0218444 0.023436 0.0903278 0.0250244 0.0206274 0.0903278 0.0251797 0.017115 0.0891278 0.0252706 0.0146521 0.0903278 0.0232794 0.012523 0.0903278 0.0217424 0.011312 0.0891278 0.018377 0.00991965 0.0903278 0.0175736 0.00996358 0.0891278 0.0121382 0.013163 0.0891278 0.0147427 0.0113709 0.0903278 0.0118541 0.0135892 0.0903278 0.0112938 0.0174623 0.0903278 0.0112938 0.0174623 0.0891278 0.0133076 0.0222839 0.0903278 0.0133819 0.0224101 0.0891278 0.01821 0.0248872 0.0897278 0.0222919 0.0194634 0.0900278 0.022474 0.0180331 0.0897278 0.021751 0.0146779 0.0903278 0.0221751 0.0157416 0.0897278 0.0206243 0.0138895 0.0897278 0.0181177 0.0131494 0.0897278 0.0170448 0.0134001 0.0869013 0.0193926 0.0130594 0.0837763 0.0221045 0.0149742 0.0837763 0.0225769 0.0189301 0.0837763 0.0198118 0.0214567 0.0839255 0.0201653 0.0214311 0.0900278 0.0167653 0.021559 0.0900278 0.0166141 0.0117007 0.0864402 0.0145422 0.0141848 0.0834778 0.014186 0.0131001 0.0864497 0.0124672 0.0172556 0.0841278 0.0138005 0.0177604 0.0837763 0.0131078 0.0203267 0.0841278 0.0163882 0.0216174 0.0837763 0.0152006 0.0224129 0.0841278 0.0187579 0.02332 0.0841278 0.0126336 0.0158924 0.0888289 0.012698 0.0194388 0.0887896 0.0141317 0.0216519 0.0887407 0.0164176 0.0230847 0.0888677 0.0138924 0.0180509 0.0900278 0.0161832 0.0133245 0.0903278 0.023965 0.0159362 0.0841278 0.0217539 0.0125819 0.0841278 0.0152427 0.0202451 0.0869013 0.0146228 0.0153374 0.0869013 -0.0151655 -0.0130073 0.0820215 -0.0122288 -0.0196221 0.0820235 -0.0177143 -0.0221078 0.0820528 -0.0197996 -0.0157094 0.082213 -0.0152898 -0.0202812 0.0824278 -0.0126023 -0.0176133 0.0825243 -0.0151027 -0.022576 0.0828532 -0.0194339 -0.0199924 0.0824429 -0.0199371 -0.0213925 0.0831967 -0.0217035 -0.0191171 0.0827138 -0.0215887 -0.0151092 0.0826528 -0.0144642 -0.013337 0.0823923 -0.0188376 -0.0128616 0.0829378 -0.0174272 -0.0133765 0.0828874 -0.0130172 -0.0182498 0.0832258 -0.011389 -0.018527 0.082763 -0.013811 -0.0133411 0.0832318 -0.0214015 -0.0166333 0.0833709 -0.0238696 -0.0225197 0.0178774 -0.0186988 -0.027543 0.0184126 -0.0268153 -0.0196196 0.0185033 -0.0263317 0.0193427 0.0179687 -0.0283046 0.0169719 0.0188043 -0.0234551 0.0233199 0.0188318 -0.0326914 0.00454955 0.018182 -0.0307641 0.0119181 0.0184078 -0.0305988 0.009461 0.0180595 0.000605318 -0.033873 0.0185169 -0.00767528 -0.0324997 0.0188816 -0.00905722 -0.0319889 0.0178777 -0.0293072 -0.0148377 0.0183156 -0.0231571 0.0225984 0.0180175 -0.0167404 0.028702 0.0184409 -0.0158087 0.0282668 0.0179388 -0.00880624 0.032186 0.0185826 -0.00176612 -0.0327818 0.0178477 -0.0320488 -0.0076913 0.0182826 -0.0303216 -0.0103995 0.0180135 -0.00600626 0.0317775 0.0181095 -0.00133414 0.0335472 0.0182417 -0.0186459 -0.0263043 0.018229 -0.032418 -0.00112436 0.0179579 -0.011273 -0.0303055 0.0184609 -0.0263899 -0.0178683 0.0184384 -0.0231401 -0.0227096 0.0188869 -0.0315476 -0.00242692 0.0187281 -0.0255232 0.0190564 0.0189046 0.00594063 -0.0322002 0.0182877 -0.000269849 -0.0326163 0.0190014 0.00573334 0.033245 0.0180071 0.00979664 0.032376 0.0188319 0.0153539 0.0298021 0.017993 0.0314836 0.0137348 0.0188172 0.0341817 0.00525716 0.0187154 0.0333927 0.00520966 0.0180147 0.0343101 0.00080603 0.017917 0.0340902 0.00125094 0.0189613 0.0341914 -0.00504402 0.0184703 0.0318301 -0.0129868 0.0179517 0.0326546 -0.0102036 0.0190379 0.0295082 -0.017458 0.0188714 0.0279869 -0.0195978 0.0179245 0.0239865 -0.024643 0.0186207 -8.74108e-05 0.0329793 0.0189105 0.0242046 0.0230922 0.0179274 0.0177667 0.0289594 0.0185313 0.0262922 0.0219805 0.0186041 0.0303492 0.0144398 0.0181118 0.0240341 -0.0233258 0.0179057 0.0168607 -0.0290511 0.0179919 0.00867594 -0.0328335 0.0181868 0.0159033 -0.0302474 0.018706 0.00773011 0.0319232 0.018435 0.0315466 -0.0112383 0.0178865 0.0154475 0.0288285 0.0185672 0.0328634 -0.00574799 0.0185668 0.0298562 -0.0147332 0.0187996 0.0241257 0.0228056 0.0190923 0.0324086 0.00930599 0.0190016 0.0221712 -0.0246747 0.0189039 0.01361 -0.0303763 0.0190539 -0.0269439 -0.0182409 0.0190876 -0.031187 -0.00923482 0.0190187 -0.0160418 0.0282685 0.0190929 -0.0159573 -0.0288898 0.0190855 -0.0308032 0.00929322 0.0191705 -0.0326738 0.00162608 0.0190463 0.0208563 -0.0224203 0.0824748 0.0186021 -0.0231929 0.083116 0.0166469 -0.0220986 0.0823425 0.0150437 -0.022069 0.0830679 0.0132307 -0.0178688 0.0824811 0.0135483 -0.0182154 0.0831201 0.014631 -0.013597 0.082749 0.0205636 -0.0212069 0.0829369 0.0208438 -0.0144394 0.0827974 0.0151884 -0.0155257 0.0829831 0.0194686 -0.0121362 0.0828245 0.0211984 -0.0130948 0.0831975 0.0224137 -0.0156211 0.082244 0.0234249 -0.0164309 0.0828017 0.0225598 -0.0207687 0.0831283 -0.0152346 0.0122735 0.0826031 -0.0183356 0.0128844 0.0832625 -0.0210167 0.0149249 0.0824469 -0.0221538 0.0180162 0.0829153 -0.0180617 0.0225117 0.0828955 -0.01654 0.0217291 0.0823492 -0.0168488 0.0132939 0.0825861 -0.0197229 0.0195905 0.0831504 -0.0118437 0.0178879 0.0823791 -0.0128288 0.0211392 0.0831291 -0.0113548 0.0162193 0.0828589 -0.0122828 0.0186786 0.0828372 -0.0130792 0.0140462 0.0833653 0.0131988 0.0162028 0.0825942 0.0138084 0.0193276 0.0831663 0.0158985 0.0221828 0.0826931 0.0180066 0.0126964 0.0823871 0.0193484 0.0119002 0.0827292 0.0150538 0.0133734 0.0830238 0.0145729 0.0152698 0.0827564 0.0166304 0.0213206 0.0826815 0.0185942 0.0227831 0.0833115 0.0207765 0.0224607 0.0828053 0.0213776 0.0217469 0.0823067 0.0232267 0.0171304 0.0832029 0.023127 0.0156988 0.0825514 0.0225547 0.0169901 0.0826831 0.0215783 0.0211207 0.0831708 0.0193284 0.0126772 0.0833107 0.0150614 -0.0183588 0.0820528 0.0201097 -0.0194707 0.0823809 0.0159052 -0.0137442 0.0822676 0.0227401 -0.0170385 0.0820528 -0.0153655 0.0215518 0.0823653 -0.0184761 0.0143568 0.0822774 -0.013053 0.0146582 0.0821641 -0.0168885 0.017667 0.0819278 -0.0202434 0.0197171 0.0822091 0.0183736 0.0178228 0.0824278 0.0218941 0.0211998 0.0822559 0.0171688 0.0220159 0.0819883 0.0233628 0.017564 0.0819278 0.0136497 0.017929 0.0820528 0.0218303 0.0135053 0.0820528 0.0152577 0.0137725 0.0822276 0.0235291 0.0166587 0.0821778 -0.00220121 0.00561289 0.0864278 0.00772621 -0.00118702 0.0864278 0.00232421 -0.00754557 0.0864278 -0.00583088 -0.00386419 0.0865919 -0.00210377 -0.00732017 0.0866153 0.00727137 -0.00360886 0.0869278 0.00190364 0.00678262 0.0868594 -0.00683974 0.00110312 0.0869278 -0.00184886 -0.00667509 0.0869278 0.00838706 0.00181002 0.0868028 -0.00145415 0.00725626 0.0866778 -0.00636201 0.00266274 0.0866778 0.00377352 -0.00718429 0.0866778 0.00798376 -0.00281989 0.0866934 -0.00516963 0.00251639 0.0877648 -0.00652178 0.00335404 0.087201 -0.000953719 0.00602232 0.0869793 -0.00250283 0.00748925 0.0874302 -0.00650358 -0.00113387 0.0869715 0.00564559 0.00415078 0.0878403 0.00359919 0.00761633 0.0872968 -0.00100737 0.00659129 0.0878135 0.00721214 0.00466782 0.0879278 0.00552229 0.00421416 0.0869278 0.00834096 -0.00187888 0.0879278 0.0073003 -0.000443653 0.0869278 -0.00641594 -0.00383034 0.0879278 -0.00624254 0.00424547 0.0879278 -0.00393805 -0.0058556 0.0869278 -0.00205122 -0.00789328 0.0874278 0.00295772 -0.00808236 0.0869278 -0.000366164 -0.00681172 0.0879278 0.00486634 -0.00713773 0.0879278 0.00698492 -0.00537677 0.0869278 0.00249296 -0.00635434 0.0869278 0.00910547 -0.000561983 0.0869278 0.0062035 -0.00392436 0.0869278 0.00768231 0.00435026 0.0869278 -0.00521207 -0.00275468 0.0879278 0.00463011 -0.00516363 0.0879278 0.000844615 -0.00597191 0.0855977 0.00631289 -0.00543995 0.0858046 0.00142947 -0.0075941 0.0855858 -0.00672357 0.000555937 0.0858951 -0.00197857 0.00646509 0.0860198 -0.00526531 0.00240536 0.0852515 -0.00357837 -0.00536558 0.085177 -0.0026456 -0.00702627 0.0859787 -0.00561566 -0.00433799 0.0854439 0.000999034 0.00673715 0.0851667 -0.00590486 -0.00259498 0.0863325 -0.00252243 0.00482038 0.0861121 0.00766531 0.00311538 0.0862082 0.00858239 -0.00122932 0.0857694 0.0071394 0.00331283 0.0852705 0.00775465 -0.0018941 0.0851477 0.00535432 0.0060816 0.0858604 0.00748636 -0.0010417 0.0860074 0.00559216 0.00427136 0.086088 0.00295111 -0.0062949 0.0862308 0.00973749 0.0188978 0.0155486 0.00995077 0.014513 0.0161278 0.00931324 0.0218356 0.0161278 0.00843479 0.0218981 0.0154948 -0.00290649 0.0219795 0.0156118 -0.00749923 0.0223345 0.0161278 -0.00837391 0.0190945 0.0161278 -0.00803849 0.014577 0.0155849 0.00903861 0.0120097 0.0154584 0.00828182 0.011418 0.0159868 -0.0113843 0.012065 0.0161278 -0.00660649 0.0115569 0.0156823 0.000793513 0.0221034 0.0151278 -0.00800629 0.0179356 0.0151278 0.00957764 0.018059 0.0151278 0.000793513 0.0115034 0.0151278 0.00819351 0.0117034 0.0153778 0.0014588 0.0251811 0.0141278 0.0117935 0.0249811 0.0143278 -0.0102065 0.0249811 0.0143278 0.0132959 0.0245269 0.0142278 0.0117935 0.0101811 0.0143278 0.0140507 0.0113973 0.0142278 0.0117935 0.0099811 0.0141278 -0.0102065 0.0101811 0.0143278 -0.0121072 0.0109799 0.0141778 -0.0114126 0.0105576 0.0147278 -0.00754532 0.0099811 0.0141278 0.000793513 0.0249811 0.0151278 0.013972 0.0238404 0.0151278 0.0146005 0.0221134 0.0143028 0.0143677 0.0181524 0.0151278 0.0149327 0.0173589 0.0141778 0.0139202 0.0113232 0.0151278 0.0117935 0.0101811 0.0151278 -0.0102065 0.0101811 0.0151278 -0.0128743 0.0166101 0.0151278 -0.0136783 0.0164102 0.014184 -0.0132778 0.0219512 0.0142778 -0.0119091 0.0241421 0.0151278 0.0173238 0.0109061 0.0121278 0.0140117 0.00998063 0.0132278 0.0200815 0.0120975 0.0123278 0.0118565 0.00970343 0.0132278 0.00662499 0.00950343 0.0121278 0.0229879 0.0142504 0.0122778 0.0227322 0.0137602 0.0121278 0.00139351 0.00970343 0.0123278 0.000188281 0.00926554 0.0122278 0.0252562 0.0146094 0.0141272 0.0267263 0.0109437 0.0121278 0.0272785 0.0104293 0.0123278 0.0284505 0.00710564 0.0141277 0.0133537 0.00730343 0.0121278 0.0133537 0.00710343 0.0123278 -0.00114463 0.00801329 0.0122778 0.0159268 -0.0107811 0.0132278 0.0151146 -0.0104372 0.0121278 0.0205447 -0.0124285 0.0141277 0.0223749 -0.0137059 0.0121278 0.0244527 -0.0161644 0.014127 0.0266134 -0.011316 0.0122278 0.0127232 -0.00998087 0.0123278 0.00139351 -0.00969657 0.0121278 0.00139351 -0.00989657 0.0123278 0.000857766 -0.00989617 0.0141278 -0.000647806 -0.00896636 0.0122778 0.0133537 -0.00749657 0.0121278 0.0133537 -0.00729657 0.0123278 0.0280249 -0.00750557 0.0123028 -0.0013058 -0.0077809 0.0122278 -0.0344159 -0.0018822 0.0161278 -0.034661 -0.000994443 0.0151278 -0.0342521 -0.00546536 0.0151278 -0.0335291 -0.00898332 0.0151278 -0.0322916 -0.0130591 0.0161274 -0.0302002 -0.0174336 0.0141281 -0.027243 -0.0217984 0.0151278 -0.0235046 -0.0260032 0.0161276 -0.0201984 -0.0286827 0.0151278 -0.0164126 -0.031096 0.0155278 -0.00840415 -0.0338756 0.0161278 -0.0115358 -0.0333868 0.0159278 -0.00969056 -0.0340762 0.0141278 -0.00458217 -0.0351872 0.0151278 0.000762468 -0.0356529 0.0141282 0.00346621 -0.0351704 0.0161278 0.00825724 -0.0348653 0.0141278 0.0133071 -0.0333952 0.0161275 0.0179644 -0.0309988 0.0161278 0.0210475 -0.0291963 0.0151278 0.0243734 -0.0261984 0.0161278 0.0252518 -0.0258267 0.0151278 0.02883 -0.0217984 0.0151278 0.0307122 -0.018745 0.0161278 0.0318328 -0.0173248 0.0151278 0.0334165 -0.0140962 0.0159278 0.0360385 -0.00459837 0.0161277 0.0348908 -0.00985364 0.0151278 0.0357692 0.00615423 0.0161277 0.0361569 0.00259703 0.0151278 -0.033415 -0.00844176 0.0141278 -0.0214367 -0.027357 0.0141278 0.0269612 -0.0231492 0.0141278 0.0333246 -0.0140568 0.0142278 0.0355481 -0.00729656 0.0141278 0.0358676 0.0025727 0.0141278 0.0362935 -9.65741e-05 0.0143278 -0.0341792 0.00702947 0.0141283 0.0274053 -0.00982216 0.0141278 0.0227531 0.0141419 0.0141278 -0.00142697 -0.00773471 0.0141278 -0.000503242 0.00710343 0.0141278 -0.00119412 0.00802271 0.0141278 0.026689 0.0117211 0.0141278 0.0280762 0.0074865 0.0141278 0.0190097 0.0117074 0.0141278 0.00139351 0.00970343 0.0141278 0.000259847 0.00945645 0.0141278 0.0118565 -0.00989657 0.0141278 0.02279 -0.0143584 0.0141278 -0.0230807 0.000259153 0.0141278 -0.0230011 -4.34666e-06 0.0161278 -0.0252174 0.000678028 0.0161278 -0.0253211 8.98618e-05 0.0141278 0.0237332 -0.000909522 0.0141278 0.0240051 0.000492741 0.0161278 0.0233494 0.00121011 0.0141278 0.0227248 0.00128794 0.0161278 0.0215668 0.00076238 0.0141278 0.0212929 6.65672e-05 0.0161278 0.0214944 -0.000757712 0.0141278 0.0211741 0.0161033 0.0141278 0.0210702 0.016309 0.0161278 0.0203618 0.019756 0.0161278 0.0202775 0.0199811 0.0141278 0.0173157 0.0205464 0.0141278 0.0172347 0.0206808 0.0161278 0.015344 0.0179936 0.0161278 0.0213738 -0.017588 0.0141278 0.0214792 -0.016825 0.0161278 0.0194921 -0.0147599 0.0141278 0.019368 -0.0146883 0.0161278 0.0162171 -0.015684 0.0141278 0.0159564 -0.0159881 0.0161278 0.0157546 -0.0190394 0.0141278 0.0152895 -0.0184102 0.0161278 -0.0138231 -0.0174439 0.0141278 -0.0139469 -0.0165851 0.0161278 -0.0175963 -0.0135319 0.0141278 -0.0168032 -0.0148499 0.0161278 -0.0201244 -0.0171781 0.0141278 -0.0197434 -0.0185616 0.0161278 -0.0142905 0.0201872 0.0161278 -0.0152466 0.02007 0.0141278 -0.0189558 0.0199047 0.0141278 -0.0198456 0.0185427 0.0151278 -0.0190201 0.00814032 0.0154278 -0.0192875 0.00832912 0.0161278 -0.0227809 0.00977976 0.0155965 -0.0230092 0.00967243 0.0161278 -0.0232213 0.00651359 0.0155403 -0.0211375 0.00953569 0.0141278 -0.0228689 0.00694899 0.0141278 -0.0213929 -0.00571675 0.0155403 -0.0178883 -0.00781737 0.0161278 -0.0212808 -0.00428785 0.0161278 -0.022508 -0.00970442 0.0161278 -0.0232136 -0.00844157 0.0153715 -0.0202919 -0.00882139 0.0141278 -0.0210479 -0.00620587 0.0141278 -0.022906 -0.00695907 0.0141278 0.0342596 0.0113392 0.0142278 0.030165 0.0192588 0.0141278 0.0216117 0.0282569 0.0141278 0.0112933 0.0333687 0.0141278 0.000824579 0.0354597 0.0141279 -0.0117372 0.0246649 0.0141278 -0.00976044 0.0335413 0.0141278 -0.0225169 0.025702 0.0141278 -0.0204826 0.0170872 0.0141278 -0.0318095 0.0139814 0.0141282 -0.0206395 0.00509693 0.0141278 -0.0237769 -0.00150507 0.0141278 -0.0180905 -0.0206887 0.0141278 -0.00754532 -0.015408 0.0141278 -0.0149556 -0.0202179 0.0141278 0.0192375 -0.0208952 0.0141278 0.0177049 0.0144602 0.0141278 -0.000335055 -0.00927876 0.0141278 -0.0175918 0.0143931 0.0141278 0.0319181 0.0170039 0.0161274 0.0206323 0.00995381 0.0161278 -0.033987 0.00704542 0.0161275 -0.0247886 -0.00118071 0.0161278 -0.0215282 0.00512153 0.0161278 -0.0207897 0.0194519 0.0161278 -0.0284727 0.0202302 0.0161268 -0.0223207 0.0269263 0.0161272 -0.00976044 0.0335413 0.0161278 0.0189756 0.0299264 0.0161278 0.00632238 0.0349833 0.0161275 -0.00443296 0.0350296 0.0161277 0.0298887 0.0202623 0.0161275 0.0276535 0.022962 0.0160278 0.0227677 -0.00129648 0.0161278 0.0212386 -0.00925522 0.0161278 0.0207257 -0.0200287 0.0161278 -0.014558 -0.0199047 0.0161278 -0.0176505 -0.0208952 0.0161278 0.016573 0.014988 0.0161278 0.0173158 -0.020653 0.0161278 -0.0154215 0.0148456 0.0161278 -0.0190146 0.015255 0.0161278 0.034041 0.0122169 0.0155278 0.0264906 0.0243304 0.0143278 0.0238876 0.0268048 0.0151278 0.0225233 0.027976 0.0159278 0.0195717 0.0300303 0.0143278 0.0179996 0.0309029 0.0151278 0.0147752 0.0324846 0.0159278 0.0114073 0.0337319 0.0147278 -0.0204006 -0.0103651 0.015484 -0.0201309 0.00559491 0.0155403 -0.0164126 0.0309029 0.0151278 -0.0115358 0.0331936 0.0151278 -0.00810465 0.0342702 0.0151278 -0.0115826 0.024577 0.0143278 0.0279562 -0.0105717 0.00663393 0.0285539 -0.0163762 0.0113276 0.0247297 -0.0107115 0.00708512 0.0200135 -0.00680191 0.00741625 0.0202243 0.00152033 0.0069584 0.0310687 0.0137157 0.00662782 0.0217601 -0.00742094 0.0112048 0.025061 0.0110876 0.00694801 0.0204143 0.00658465 0.0114404 0.0227032 0.00784165 0.0113264 0.0205168 -0.00669355 0.013781 0.0204771 0.00606695 0.0141277 0.020633 0.00675504 0.0135178 0.0204275 0.00624986 0.0140203 0.028157 0.0156194 0.0125054 0.0275151 0.007265 0.011346 0.0254143 0.00688391 0.0120552 0.03342 0.00685405 0.0132838 0.0321949 -0.0112504 0.0113101 0.0258341 -0.00711633 0.0120118 0.0333438 -0.00704666 0.00662772 0.0294666 0.0158724 0.00662781 0.0403572 -0.00462173 0.0141274 0.0396966 -0.00703166 0.00686888 0.0403558 0.00247097 0.0092989 0.035053 0.00665649 0.0070104 0.0394221 -0.00645727 0.0118833 0.0393795 0.00637528 0.0102998 0.0381981 -0.00701785 0.0132714 0.0383978 0.00638396 0.0137684 0.0205135 -0.00641355 0.0141278 0.0219678 0.0130494 0.0065278 0.0233147 0.0147036 0.0141278 0.0205555 0.0108193 0.0141278 0.0198762 0.00900757 0.0065278 0.0195802 0.00751476 0.0141278 0.0195741 0.00669584 0.0065278 0.0195741 -0.00688898 0.0065278 0.0195741 -0.00349278 0.0141278 0.0198762 -0.00920072 0.0065278 0.0198762 -0.00920072 0.0141278 0.0210541 -0.0120661 0.0065278 0.0210541 -0.0120661 0.0141278 0.0234183 -0.0152266 0.0065278 0.0228815 -0.0144191 0.0141278 0.0190166 -0.0228761 0.00362779 0.018497 -0.0234084 0.0029278 0.0158152 -0.0223978 0.00362779 0.013498 -0.0212085 0.0029278 0.013632 -0.0205401 0.00362779 0.0128107 -0.0182257 0.00362779 0.0121825 -0.0170136 0.0029278 0.0132177 -0.0158039 0.00362779 0.0136399 -0.0139828 0.0029278 0.0143082 -0.0141113 0.00362779 0.0160008 -0.0130207 0.00362779 0.0187995 -0.011635 0.0029278 0.0187977 -0.0126137 0.00362779 0.0212371 -0.0134351 0.00362779 0.0230361 -0.0153994 0.00362779 0.0243767 -0.0171601 0.0029278 0.0235533 -0.0182189 0.00362779 0.022203 -0.0214687 0.0034528 0.0174258 0.0124792 0.00362779 0.0176832 0.0113928 0.0029278 0.0149999 0.0133377 0.00362779 0.0133275 0.0143915 0.0029278 0.0137278 0.0146098 0.00362779 0.0128693 0.0169107 0.00362779 0.01309 0.0196574 0.0029278 0.0130632 0.0191272 0.00362779 0.0148397 0.0216642 0.00362779 0.0166304 0.0225848 0.00362779 0.0176542 0.0233473 0.0029278 0.0190166 0.0226829 0.00362779 0.0222327 0.0227735 0.0029278 0.0214424 0.0218245 0.00362779 0.0230947 0.0197371 0.00362779 0.025239 0.0185349 0.0032778 0.023573 0.0169107 0.00362779 0.0231462 0.0143756 0.0029278 0.0227146 0.0146098 0.00362779 0.0214424 0.0133377 0.00362779 0.0198119 0.0125774 0.00362779 0.0116935 0.0284018 0.0029278 0.0116935 0.0103034 0.0029278 0.0109935 0.0284018 0.00362779 0.0114935 0.0101034 0.0031278 0.0115935 -0.0103966 0.0030278 0.0116935 -0.028595 0.0029278 0.0109935 -0.028595 0.00362779 0.0110935 -0.0102966 0.0035278 0.0110935 0.0101034 0.0035278 0.0113477 0.029418 0.00362779 0.0126743 0.0294144 0.0029278 0.0127763 0.0303148 0.00362779 0.0137976 0.0302332 0.00362779 0.0152947 -0.02866 0.0029278 0.0157331 -0.029467 0.00362779 0.0127701 -0.0305397 0.0076778 0.0176398 0.0274181 0.0029278 0.0166461 0.0288464 0.00362779 0.0193638 0.0271825 0.00362779 0.0223077 0.0248791 0.00362779 0.020636 -0.0264164 0.00362779 0.022139 -0.0241366 0.0029278 0.0252886 0.0204655 0.0050778 0.0241812 0.0221209 0.0061653 0.0239828 -0.022939 0.00362779 0.0229413 -0.0244038 0.00362779 0.0257609 -0.0189877 0.00362779 0.0270156 0.0126254 0.00362779 0.0266189 0.0117878 0.0029278 0.0257469 0.0153221 0.0032778 0.0262039 -0.0150272 0.00362779 0.0266891 -0.0116577 0.0029278 0.0277998 -0.011313 0.00407779 0.0281355 0.0079263 0.0032778 0.028199 -0.00649286 0.00359306 0.025988 0.00473948 0.00377623 0.0279205 0.00444735 0.00542766 0.0222314 0.0056425 0.0029278 0.0224246 -0.0059884 0.0029278 0.0253975 -0.00473824 0.00393858 0.0212041 0.00171297 0.00365308 0.0223562 -0.00407694 0.00439321 0.0200714 -0.00210948 0.0029278 -0.0171815 0.0102034 0.0030278 -0.0107065 0.0103034 0.0029278 -0.0100928 0.0104372 0.00354149 -0.0107065 0.0280552 0.0029278 -0.0100065 0.0280552 0.00362779 -0.0133221 0.0280834 0.002928 -0.0137148 0.0294089 0.00362779 -0.0117817 0.0299802 0.00362779 -0.0102757 0.0289386 0.00362779 -0.0166717 0.0275374 0.00383527 -0.0179983 0.0255936 0.00354964 -0.0194441 0.0251885 0.00672256 -0.0194817 0.0241189 0.0083576 -0.0173441 0.0227705 0.00394306 -0.0154113 0.0230947 0.00294146 -0.0164327 0.0124206 0.00362779 -0.0168842 0.0116811 0.0029278 -0.0264065 0.0123811 0.00362779 -0.026703 0.0116377 0.0029278 -0.028379 0.0102684 0.0029278 -0.0292777 0.00933005 0.00362779 -0.0280315 0.0118089 0.00362779 -0.0276165 0.00668978 0.0029278 -0.0284065 0.00590343 0.00362779 -0.02901 0.00626175 0.00362779 -0.025949 0.00581515 0.00362779 -0.0242112 0.00458818 0.0034528 -0.0239134 0.00520162 0.0029278 -0.0239065 0.00330343 0.00362779 -0.0232065 0.00330343 0.0029278 -0.0239065 -0.00349657 0.00362779 -0.0233198 -0.00401662 0.0029278 -0.0241297 -0.00448176 0.00362779 -0.0252042 -0.0056393 0.00362779 -0.0270017 -0.00668807 0.0029278 -0.0274565 -0.00609657 0.00362779 -0.0287065 -0.00833541 0.0029278 -0.0294065 -0.00709657 0.00362779 -0.0290963 -0.00649272 0.00362779 -0.0293837 -0.00983472 0.00362779 -0.0216453 -0.0118742 0.0029278 -0.0264065 -0.0125742 0.00362779 -0.0272688 -0.0124194 0.00362779 -0.027592 -0.0113033 0.0029278 -0.0287964 -0.0112627 0.00362779 -0.0164343 -0.0126135 0.00362779 -0.017878 -0.0230641 0.00418103 -0.0151928 -0.0226701 0.00362779 -0.0153917 -0.0232199 0.00292899 -0.0133372 -0.0215238 0.00362779 -0.0115313 -0.0201152 0.0029278 -0.0122562 -0.0201434 0.00362779 -0.011922 -0.0193263 0.00362779 -0.0110246 -0.0184636 0.0029278 -0.0117419 -0.018547 0.00362779 -0.0117198 -0.0183818 0.00362779 -0.010992 -0.0174695 0.0029278 -0.0117723 -0.016908 0.00362779 -0.0135565 -0.0133361 0.0029278 -0.0126052 -0.0149116 0.00362779 -0.0141641 -0.0134031 0.00362779 -0.0183908 -0.0246653 0.00376635 -0.0197206 -0.0245794 0.00841721 -0.0184205 -0.0263629 0.00499758 -0.0125585 -0.0285625 0.0029278 -0.0148879 -0.0289018 0.00362779 -0.0107065 -0.0282483 0.0029278 -0.0100065 -0.0282483 0.00362779 -0.0101822 -0.0289465 0.00362779 -0.0115337 -0.0300515 0.00362779 -0.0100582 -0.0106645 0.00357606 -0.0107065 -0.0104966 0.0029278 -0.0105065 -0.0102966 0.0031278 -0.0294433 0.00978532 0.0141271 -0.0297849 0.00863285 0.0126278 -0.0297849 0 0.0141278 -0.0297849 -0.008826 0.0126278 -0.0297719 -0.00943498 0.0141279 -0.0294065 -0.00957424 0.0126278 -0.0294065 -0.00709657 0.0126278 -0.0292246 0.00642305 0.0126278 -0.0285801 0.00591862 0.0126278 -0.0284065 0.00590343 0.0126278 -0.0261713 0.00585435 0.0126278 -0.0245352 0.00481681 0.0126278 -0.0239065 0.00330343 0.0126278 -0.0239065 -0.00349657 0.0126278 -0.0241297 -0.00448176 0.0126278 -0.0249716 -0.00548808 0.0126278 -0.0265065 -0.00609657 0.0126278 -0.0284065 -0.00609657 0.0126278 -0.0291008 -0.00644817 0.0126278 -0.0293913 -0.00692293 0.0126278 -0.0291567 -0.0106583 0.012284 -0.0282461 0.0123806 0.0141278 -0.0279117 0.0118362 0.0122528 -0.025479 -0.012565 0.0133778 -0.0278444 -0.0121438 0.0121278 0.00585595 0.0200505 0.0109153 0.00594028 0.0162278 0.0117278 0.00602933 0.0207745 0.0118653 0.00451558 0.0213909 0.0093903 -8.1487e-05 0.0214534 0.0117028 0.00696803 0.0160169 0.0119278 0.00425725 0.0125519 0.0121403 0.00703341 0.0183193 0.0121778 -0.00402178 0.0209843 0.0104153 0.000568423 0.02274 0.0120919 -0.00587478 0.0174771 0.0120528 0.00535869 0.0136131 0.0107559 -0.00430188 0.0133788 0.0118016 0.000733821 0.0122774 0.011859 -0.00576706 -0.0323108 0.0128278 -0.0087884 -0.031719 0.0141276 -0.00967489 -0.0298698 0.0127403 0.0116335 -0.031358 0.0141268 0.00725797 -0.0324226 0.0141277 0.0037686 -0.032486 0.0127278 -0.00255463 -0.0328631 0.0141278 -0.00783606 0.0315966 0.0129278 -0.00360198 0.0325819 0.0130278 0.00156859 0.0325171 0.0128278 0.00447696 0.0328265 0.0141276 0.00969013 0.031491 0.0129278 0.00858152 0.0113182 0.0084278 0.00899347 0.0246038 0.0084278 0.00909317 0.0113037 0.00832814 0.00839351 0.0111034 0.0082278 0.0098711 0.011826 0.00557236 -0.0075945 0.0113182 0.0084278 -0.0076437 0.0111272 0.0072153 -0.00886512 0.011701 0.00756916 -0.00800563 0.0246974 0.0084278 0.013911 0.0217776 0.0125965 0.0130901 0.0180288 0.0122278 0.0134822 0.0163256 0.013034 0.0127306 0.0232615 0.0122231 0.0117935 0.0110811 0.0121778 0.0117935 0.0108811 0.0123778 0.0128041 0.0123998 0.012084 0.0136021 0.012128 0.0132528 -0.0116807 0.0132803 0.0121872 -0.0102065 0.0108811 0.0123778 -0.00721899 0.0110811 0.0121778 -0.0117343 0.0116474 0.0132528 -0.0101675 0.0180354 0.0121778 -0.0118739 0.0160228 0.0136903 -0.0116828 0.0209305 0.0121755 -0.0110343 0.0229461 0.0121653 -0.00557032 0.0241778 0.0122778 -0.0111577 0.02428 0.0141278 -0.00970394 0.0133091 0.00950706 -0.00921209 0.012896 0.0121778 -0.0109133 0.0135306 0.0091153 0.0112005 0.0134486 0.0100528 0.0124466 0.0133621 0.0100071 0.0108978 0.0130606 0.0121778 -0.0102101 0.0208581 0.00958405 -0.00958764 0.0222031 0.0091153 -0.0106001 0.0219897 0.00786986 0.011438 0.0210391 0.0100528 0.0110798 0.0220299 0.0121778 0.0117638 0.0221267 0.00950706 -0.0100065 0.0235383 0.0064278 -0.0100065 0.0137034 0.0064278 -0.00945009 0.0121576 0.00441452 0.00953662 0.0244088 0.00788422 0.0109935 0.0235397 0.0064278 0.0109935 0.0137034 0.0064278 -0.0124773 -0.0302498 0.0141277 -0.010007 -0.0293647 0.0117282 -0.00900635 -0.0122965 0.0127278 -0.0100065 -0.0134189 0.0117254 -0.00978325 -0.0129114 0.0117278 -0.00827315 -0.0126017 0.0127278 -0.00914516 -0.0120001 0.0117278 -0.00807686 -0.0113947 0.0117278 -0.00740649 -0.0112966 0.0117278 0.00839351 -0.0112966 0.0117278 0.0109931 -0.0127455 0.0117292 0.00906388 -0.0113947 0.0117278 0.00999684 -0.0213164 0.0127278 0.0104475 -0.0300738 0.0127278 0.0103782 -0.0124336 0.0041778 0.0109935 -0.0122084 0.0036778 0.00891026 -0.0111014 0.0036778 0.00839351 -0.0112966 0.0041778 -0.00740649 -0.0107966 0.0036778 -0.00740649 -0.0112966 0.0041778 -0.00912853 -0.0119545 0.0040528 -0.00829442 -0.0114839 0.0041778 -0.00992839 -0.0112891 0.0036778 -0.0100065 -0.0126627 0.00385891 0.000493513 0.0111034 0.0041778 0.000420143 0.0106069 0.0036778 0.0101101 0.0112903 0.0036778 0.0109935 0.0120152 0.0036778 0.000492436 0.0251034 0.0089278 0.00882792 0.0252748 0.0089278 0.0103106 0.0264597 0.0089278 0.0109862 0.0266701 0.0083659 -0.00722683 0.0246384 0.0084278 -0.00960638 0.0259752 0.00843095 -0.00821371 0.0254981 0.0108778 -0.0100064 0.0101047 0.0036778 -0.0191342 -0.0102824 0.00367776 0.00589351 0.0174034 0.0086278 0.00578976 0.0155947 0.0084278 -0.0012739 0.0134571 0.0093903 0.000793513 0.0131784 0.0084278 -0.00430846 0.0214299 0.00842827 0.0053817 0.0210135 0.0085278 -0.00400902 0.0140104 0.0085278 0.00749481 0.0241662 0.0122778 0.000417796 0.0238829 0.0141278 -0.0123561 0.0228039 0.0141278 -0.0121574 0.0200961 0.0141278 -0.0102065 0.0108811 0.0141278 0.0117935 0.0108811 0.0141278 0.0141304 0.0141436 0.0141278 0.0139918 0.0206919 0.0141278 0.0135949 0.0232051 0.0141278 0.00757414 0.0242811 0.0141278 0.0112297 0.0291686 0.0128278 0.0108765 0.0274041 0.0128278 0.0103277 0.0263366 0.0128278 0.00906816 0.0253696 0.0128278 0.000492436 0.0251034 0.0128278 -0.0100693 0.02827 0.0128278 -0.0108811 0.0296625 0.0128278 -0.0122617 0.0301907 0.0141276 0.0128476 0.0302629 0.0129061 0.0174845 0.0102867 0.0029278 0.0172935 0.0101034 0.0031278 0.0187006 0.00924659 0.0031278 0.0193935 0.00810343 0.0030278 -0.0214065 -9.6574e-05 0.0031278 -0.0216065 0.00810343 0.0029278 -0.0206711 0.00939861 0.00347155 -0.0206773 0.00968983 0.0029278 -0.0214845 -0.00875265 0.0029278 0.0177585 -0.0100909 0.0033278 0.0193852 -0.00839208 0.0030278 -0.0197532 -0.010421 0.0029278 -0.0207854 -0.00953846 0.00343717 -0.0214064 -0.0002199 0.0036778 -0.0206228 0.0240716 0.0141278 -0.020481 0.0243307 0.0117278 -0.0215908 0.0217521 0.0117278 -0.0215322 0.0221719 0.0141278 -0.0217065 0.0177282 0.0141278 -0.0216851 -0.0238076 0.0141278 -0.021699 -0.0159116 0.0117278 -0.0212489 -0.0231643 0.0117278 0.0109935 0.0137034 0.0041778 -0.0287087 -0.0112268 0.0141278 0.0285756 -0.00766603 0.0054278 0.0285567 0.00734396 0.0054278 0.0288586 0.00909809 0.0054278 -0.0189233 0.0232393 0.0117278 -0.0164489 0.0226716 0.0117278 0.0174635 -9.65742e-05 0.00472779 0.0179003 -9.65742e-05 0.0035278 0.0179814 -0.00855277 0.0036778 0.0165868 -0.00781557 0.0050778 0.0141285 -0.00779298 0.0049903 0.0137747 -0.00805148 0.0035278 0.0132635 -0.00634657 0.00472779 0.0128267 -0.00634657 0.0035278 0.0128267 0.00615343 0.0035278 0.0132635 0.00615343 0.00472779 0.0149337 0.00762273 0.00509967 0.0144555 0.0080518 0.0035278 0.0132635 0.00615343 0.0054278 0.0133032 -0.0066173 0.0054278 0.0174635 -9.65742e-05 0.0054278 0.0178786 0.00980412 0.0035278 0.0192935 -9.6574e-05 0.0035278 0.021807 0.00160878 0.00532467 -0.0156458 -0.028451 0.0141278 -0.0188192 0.0259268 0.0141278 -0.0167512 0.0275479 0.0141278 -0.0145404 0.0289679 0.0141278 0.0283595 0.0097841 0.0065278 0.0308034 0.00183372 0.0054278 0.0309173 0.00119627 0.0065278 0.030841 -0.00268225 0.0065278 0.0306134 -0.00395717 0.0054278 0.0293029 -0.00827763 0.0065278 0.0288946 -0.00927481 0.0054278 0.0265898 -0.0137908 0.0065278 0.0243745 -0.0218201 0.0065278 0.0255731 -0.0201156 0.0065278 0.0259627 -0.0169189 0.0065278 0.0260212 0.0164042 0.0065278 0.0265004 -0.0049447 0.0054278 -0.0215035 -0.00920518 0.0104278 -0.0210819 -0.0105959 0.0141278 -0.020265 -0.00879138 0.0104278 -0.020501 -0.00722123 0.0104278 -0.0207821 -0.00670016 0.0141278 -0.0212065 -0.00809657 0.00661003 -0.0220736 -0.00762114 0.0108403 -0.0215161 0.00689602 0.0104278 -0.0223199 0.00715987 0.0141278 -0.0200524 0.00772538 0.0141278 -0.0202211 0.00721343 0.0087778 -0.0200519 0.00822522 0.0104278 -0.0210879 0.009011 0.0104278 -0.0215902 0.00970658 0.0141278 -0.0212065 0.00790343 0.00661003 -0.0226737 -0.0130125 0.0123278 -0.0185695 -0.0125743 0.0117278 -0.0237065 0.0123811 0.0117278 -0.0235328 0.0123963 0.0141278 -0.0227799 0.0126894 0.0117278 -0.0223196 0.0130766 0.0141278 -0.0217924 0.0140022 0.0117278 -0.0168842 0.0123811 0.0117278 0.0243629 -0.0217178 0.0141278 0.0235948 -0.0234985 0.0141278 0.0247219 -0.019812 0.0065278 0.0246995 -0.019164 0.0141278 0.0245481 -0.0178805 0.0065278 0.0241871 -0.0166396 0.0141278 0.0228328 -0.0245479 0.0141278 0.021119 -0.0260749 0.0141278 0.0232138 0.0238301 0.0141278 0.0245424 0.0205718 0.0141278 0.0246995 0.0189709 0.0065278 0.0245481 0.0176874 0.0141278 0.0241871 0.0164464 0.0065278 0.0219083 0.0252641 0.0141278 0.0187977 0.0124206 0.0117278 0.0160008 0.0128276 0.0117278 0.0143082 0.0139181 0.0117278 0.0132763 0.0153918 0.0117278 0.0128304 0.0178068 0.0117278 0.0134063 0.019956 0.0117278 0.0149999 0.0218245 0.0117278 0.0166304 0.0225848 0.0117278 0.0182212 0.0227811 0.0117278 0.0176447 -0.0229347 0.0117278 0.0150451 -0.0219532 0.0117278 0.0132177 -0.0197446 0.0117278 0.0128693 -0.0171039 0.0117278 0.0137278 -0.014803 0.0117278 0.0149999 -0.0135309 0.0117278 0.0174258 -0.0126724 0.0117278 -0.0157247 0.020269 0.0141278 -0.0167557 0.0205414 0.0117278 -0.0141158 0.0174317 0.0117278 -0.0139911 0.0182217 0.0141278 -0.014297 0.0160144 0.0141278 -0.017256 0.0147784 0.0141278 -0.0173964 0.0148696 0.0117278 0.0204416 0.0223346 0.0117278 0.0226501 0.0205072 0.0117278 0.0236317 0.0180326 0.0117278 0.0233791 0.016035 0.0117278 0.0221341 0.0139181 0.0117278 0.0206604 0.0128862 0.0117278 0.0185711 0.0204296 0.0117278 0.0210495 0.0172843 0.0117278 0.0185385 0.0146493 0.0117278 0.0156453 0.0168651 0.0117278 0.0158841 0.0191477 0.0117278 0.017602 0.0202783 0.0141278 0.0211425 0.0188562 0.0141278 0.020237 0.0152165 0.0141278 0.0168883 0.0154662 0.0141278 0.0201101 -0.0129313 0.0117278 0.0228103 -0.0150084 0.0117278 0.0235434 -0.0178803 0.0117278 0.0225543 -0.0209057 0.0117278 0.0204416 -0.0225278 0.0117278 0.0192232 -0.0152188 0.0117278 0.0211667 -0.0188269 0.0117278 0.0172627 -0.0200188 0.0117278 0.0158287 -0.0167061 0.0117278 0.0164007 -0.0149905 0.0141278 0.0204439 -0.0155279 0.0141278 0.0213825 -0.0183952 0.0141278 0.0193891 -0.020606 0.0141278 -0.0142375 -0.013396 0.0117278 -0.0125747 -0.0149585 0.0117278 -0.0117332 -0.0172175 0.0117278 -0.0117419 -0.018547 0.0117278 -0.0119488 -0.0194119 0.0117278 -0.0129664 -0.0211135 0.0117278 -0.014492 -0.0223699 0.0117278 -0.017116 -0.0229567 0.0117278 -0.014594 -0.0162931 0.0117278 -0.0148829 -0.0199594 0.0117278 -0.0177759 -0.0206 0.0117278 -0.0196588 -0.0174669 0.0117278 -0.0194603 -0.0240734 0.0117278 -0.0167586 -0.0149149 0.0141278 -0.0141278 -0.0164889 0.0141278 -0.0140524 -0.0186921 0.0141278 -0.0168445 -0.0206866 0.0141278 -0.00247826 0.0326354 0.0141278 0.010841 0.0313366 0.0141278 0.0138146 0.0302259 0.0141278 0.0166677 0.0288345 0.0141278 0.019374 0.0271755 0.0141278 -0.0190347 0.0197316 0.0117278 -0.0137527 0.0216642 0.0117278 -0.0121893 0.0197703 0.0117278 -0.0118706 0.0168047 0.0117278 -0.0126408 0.0146098 0.0117278 -0.0147282 0.0129576 0.0117278 -0.0197984 0.0173261 0.0117278 0.0163165 -0.0291751 0.0141278 0.0174101 0.00707911 0.0041278 -0.0125895 0.0140759 0.0029278 -0.0113669 0.0191845 0.0029278 0.0163498 -0.0196421 0.0141278 -0.0196752 -0.0178365 0.0141278 0.0155043 0.0181684 0.0141278 -0.0132453 0.0102173 0.0141278 -0.0198511 0.0169938 0.0141278 -0.0191733 0.0194141 0.0141278 -0.0145093 0.022146 0.00362779 -0.0126408 0.0205523 0.00362779 -0.0119978 0.0193596 0.00362779 -0.0117434 0.0173554 0.00362779 -0.0121893 0.0153918 0.00362779 -0.013958 0.0134022 0.00362779 -0.0223166 0.00825097 0.0120778 0.0115125 -0.0297638 0.00362779 0.0114101 -0.029652 0.0117278 -0.00354235 0.0219627 0.011735 0.00193908 0.0217519 0.0115084 -0.00490479 0.0186644 0.0117379 -0.00420059 0.0214007 0.0102501 0.00557898 0.0215922 0.0117947 0.00603703 0.0186133 0.0115377 0.00516178 0.0209428 0.00934843 0.00579021 0.0144011 0.00809784 0.00569917 0.0134139 0.0118047 0.00490928 0.0136664 0.00973051 0.00116722 0.012608 0.0118767 0.000762802 0.0134059 0.00958405 -0.0036992 0.0140357 0.00986546 0.00531438 0.0144007 0.0121766 0.00231388 0.0211957 0.0120851 0.00479358 0.0204033 0.00853328 -0.00355178 0.0204088 0.0121644 -0.00320871 0.0204064 0.00833381 0.0067902 0.0174497 0.0117528 -0.0049997 0.0189233 0.0121778 -0.00438905 0.0133838 0.0117528 0.000793513 0.0224034 0.0117528 0.000474763 0.0137217 0.00806478 0.0185323 0.0173492 0.0217278 0.0196826 0.0149362 0.0212278 0.0207967 0.015796 0.016644 0.0213768 0.0179449 0.0212278 0.0201349 0.0199473 0.0166694 0.0178985 0.0204257 0.0166619 0.0153418 0.0177741 0.0100628 0.0186052 0.0201586 0.0101203 0.0198418 0.0179195 0.0110778 0.0156529 0.0172681 0.00776806 0.0171094 0.0144765 0.00864105 0.0205731 0.0159522 0.00983436 0.0174756 0.0199087 0.00733382 0.0206868 0.0196576 0.00736157 0.022709 0.0166243 0.00771152 0.0205653 0.013296 0.00980165 0.0204053 0.0154981 0.00734334 0.0177457 0.0129136 0.00978543 0.0188981 0.0219539 0.00776293 0.0221779 0.0200697 0.00777175 0.0207756 0.021816 0.0117278 0.0230199 0.019359 0.0117278 0.0227198 0.0151899 0.0117278 0.0206555 0.0181708 0.0117278 0.0182179 0.0146141 0.0120079 0.0161892 0.0179699 0.0117278 0.0146338 0.0145242 0.0117278 0.0135781 0.0178151 0.0117278 0.0146677 0.0207933 0.0117278 0.0168533 0.0222128 0.0117278 0.0138763 0.0173657 0.00883858 0.0160139 0.0192099 0.0166716 0.0155897 0.0172909 0.0120632 0.0166435 0.0153215 0.0189528 0.0152904 0.0144662 0.00776386 0.021303 0.0175597 0.0121105 0.0155355 0.0173197 0.0212278 0.0153939 0.0209156 0.00786277 0.018947 -0.0174307 0.0217278 0.0176975 -0.0149862 0.0166622 0.0157647 -0.0166842 0.0166576 0.016059 -0.0193023 0.0212278 0.0180006 -0.0206875 0.0212278 0.0196202 -0.0185304 0.0110764 0.0207737 -0.0211669 0.00827093 0.0170873 -0.0202049 0.0102421 0.0172606 -0.01375 0.0076013 0.0161675 -0.0160635 0.00996813 0.0157796 -0.0159802 0.00733244 0.0194583 -0.014805 0.00750396 0.0203675 -0.0158844 0.00978701 0.0213391 -0.0187982 0.00734786 0.0182705 -0.0204361 0.0073278 0.0161109 -0.0214683 0.00775039 0.0164793 -0.0195141 0.00813819 0.0143428 -0.0186407 0.00764272 0.0199182 -0.0133086 0.0107647 0.0151892 -0.0146381 0.00784191 0.0136978 -0.0176764 0.0107647 0.0185345 -0.0225394 0.00980165 0.0153696 -0.0215512 0.0117278 0.0153348 -0.0141676 0.0117278 0.0211799 -0.0217728 0.0117278 0.0190685 -0.01663 0.0117278 0.0176005 -0.0206606 0.0119979 0.0231365 -0.0187456 0.00980165 0.0156872 -0.0188885 0.0118943 0.023167 -0.0165342 0.0117278 0.0198758 -0.0202209 0.0121115 0.0214017 -0.0182465 0.0166414 0.0201935 -0.0154065 0.0143649 0.0212137 -0.0167505 0.0189528 0.0224197 -0.0157245 0.00777539 0.019989 -0.0202346 0.0212278 -0.0174144 -0.0183113 0.0217278 -0.0170106 -0.0149639 0.0212278 -0.0195317 -0.0165687 0.0212278 -0.0197508 -0.0185288 0.0143569 -0.0190848 -0.0196768 0.0212278 -0.0166651 -0.0206712 0.0166455 -0.0148468 -0.0197739 0.0102333 -0.0177727 -0.0200384 0.0103148 -0.0185247 -0.0177139 0.0109512 -0.0146877 -0.0162562 0.0101084 -0.0186021 -0.015385 0.00929405 -0.0142296 -0.0210161 0.00763641 -0.0173933 -0.0203225 0.00733453 -0.0207312 -0.0184869 0.00762579 -0.0207705 -0.0151947 0.00980165 -0.0188925 -0.0140998 0.00761792 -0.0147568 -0.0167198 0.00735153 -0.0174522 -0.013072 0.00976232 -0.0189808 -0.0220081 0.00978446 -0.016126 -0.0221065 0.00764324 -0.0158948 -0.0225548 0.0117278 -0.0211993 -0.0194634 0.0117278 -0.0173624 -0.0196991 0.0117278 -0.0175262 -0.0149615 0.012048 -0.01506 -0.0154492 0.0119815 -0.0134996 -0.0145081 0.0117278 -0.0128463 -0.0202762 0.0107647 -0.0121831 -0.0171432 0.00980165 -0.01406 -0.0185903 0.0120706 -0.0149691 -0.0200487 0.0166778 -0.0140196 -0.0169825 0.0121278 -0.0196321 -0.0167368 0.0121075 -0.0184524 -0.0202601 0.0121005 -0.0140392 -0.0182571 0.0212278 -0.0146877 -0.0158667 0.0212278 -0.0140199 -0.0142936 0.0078755 -0.0175014 0.017797 0.0217278 -0.0164047 0.0204998 0.0166694 -0.0181743 0.0202421 0.0166462 -0.0194955 0.0189011 0.0166778 -0.0197567 0.0170993 0.0166778 -0.0188418 0.0154034 0.0212278 -0.017547 0.0147302 0.0143878 -0.0176875 0.0199227 0.00877009 -0.015344 0.0212566 0.00826357 -0.0168822 0.0175805 0.0119078 -0.0152163 0.0149905 0.00769908 -0.0176635 0.0153132 0.0103739 -0.0149014 0.0145274 0.00979658 -0.0144467 0.0180331 0.0103501 -0.0184156 0.0212749 0.00757197 -0.0194274 0.0189101 0.0073278 -0.0142071 0.0184221 0.00735704 -0.0187268 0.0156665 0.00734644 -0.0201737 0.0177055 0.00998897 -0.0169373 0.0128891 0.0107443 -0.0207964 0.0201034 0.00969881 -0.0216209 0.0176167 0.00980165 -0.0196857 0.0142038 0.00778325 -0.0208827 0.0148724 0.0117278 -0.0183215 0.0221919 0.0117278 -0.0149338 0.0159083 0.0117278 -0.0196038 0.0162033 0.0119129 -0.018137 0.0192237 0.0118114 -0.0143714 0.0217666 0.0117278 -0.0126289 0.0196297 0.00980165 -0.0125024 0.0157025 0.0117278 -0.0148877 0.0197094 0.0120795 -0.0139718 0.017566 0.0120945 -0.014977 0.0154691 0.012109 -0.014951 0.0154316 0.0212278 -0.0139564 0.0176345 0.0212278 -0.0147064 0.0195387 0.0212278 -0.0130675 0.0154378 0.0078755 0.0335106 -0.00729657 0.0047528 0.0331258 -0.00676468 0.0062949 0.032625 -0.00566927 0.0029278 0.0331376 0.00663068 0.0029278 0.0330342 0.00629139 0.00606853 0.0335106 0.00710343 0.0065778 0.0334235 0.00747865 0.0029278 -0.00899324 0.0050468 0.0033278 -0.00860649 -0.00529657 0.0033278 0.00979351 0.00510343 0.0033278 0.00979351 -0.00529657 0.0033278 -0.0109448 0.00346049 0.0034153 -0.011248 -0.00186369 0.00337155 0.0115257 -0.00447196 0.0033778 0.0127935 -0.00202157 0.0033778 0.0126952 0.00172636 0.00366138 -0.00860649 0.00510343 0.00342779 0.0104154 0.00493714 0.00342779 -0.00860649 -0.00529657 0.00342779 0.00979351 -0.00529657 0.00342779 -0.013197 1.19559e-05 0.0029278 -0.0132065 0.00440343 0.00342779 -0.0123327 0.00601044 0.0031778 -0.0107065 0.00690343 0.00342779 -0.0107065 0.00690343 0.0029278 -0.0126123 -0.00554433 0.00342779 -0.0107065 -0.00709657 0.0029278 -0.0107065 -0.00709657 0.00342779 -0.0127913 -0.00560541 0.0029278 -0.0268798 0.0129154 0.000752796 -0.0222465 0.0132406 0.000527798 -0.0183538 0.0125261 0.000827796 -0.0217287 -0.0136338 0.000827796 -0.0189037 -0.0125115 0.000527798 -0.0240869 -0.0142239 0.000527798 -0.027073 -0.0130973 0.000677797 -0.012383 -0.027321 0.000827796 -0.0113301 -0.0290711 -0.000972202 -0.0125577 -0.028234 0.000527798 -0.0123358 -0.0217676 0.000527798 -0.0117463 -0.0172837 0.000827796 0.0147637 -0.0235124 0.000827796 0.0143203 -0.0225105 0.000527798 0.0149431 -0.0258836 0.000602797 0.0277225 -0.0135759 0.000752796 0.0238849 -0.013772 0.000527798 0.0209409 -0.0125571 0.000827796 0.0196897 0.0122659 0.000827796 0.023042 0.0131298 0.000527798 0.0287547 0.0128614 0.000827796 0.0284946 0.01427 0.000527798 0.0300211 0.0114839 -0.000972202 0.0316634 0.00527182 0.000827796 0.0110814 0.0295388 0.000827796 0.013343 0.028778 -0.000972202 0.0145457 0.0263848 0.000602797 -0.0117328 0.0203453 0.000827796 -0.0128232 0.0238072 0.000527798 -0.0124864 0.0271351 0.000827796 -0.0110749 0.028868 -0.000222202 -0.0090227 0.0298062 0.000827796 0.0270048 0.00221247 0.0046278 0.025537 0.00283541 0.000827796 0.0281576 0.0015034 0.000827796 0.0286676 -0.00045066 0.0046278 0.0284627 -0.000777255 0.000827796 0.0268651 -0.00284468 0.0046278 0.0267369 -0.0028673 0.000827796 0.0249015 -0.00292807 0.0046278 0.02502 -0.00298332 0.000827796 0.0239869 -0.00245224 0.000827796 0.0230447 -0.000498458 0.0046278 0.0228807 -0.00012029 0.000827796 0.0234361 0.00162906 0.0046278 0.0236196 0.00181254 0.000827796 0.0257935 -9.65741e-05 0.0046278 -0.015178 0.011993 0.000527798 -0.0120149 0.0143902 0.000827796 -0.0111742 0.016271 0.000527798 0.0136315 0.0210242 0.000827796 0.0146598 0.0231741 0.000677797 0.0126759 0.0179544 0.000527798 0.0139021 0.0143209 0.000827796 0.0149349 0.0130333 0.000527798 0.0188404 -0.0119177 0.000527798 0.0151199 -0.0130944 0.000827796 0.0137175 -0.0153855 0.000527798 0.0128662 -0.0183735 0.000827796 -0.0124899 -0.0138999 0.000527798 -0.0158778 -0.0121654 0.000827796 -0.0304079 -0.00442321 0.000827796 -0.0306467 0.00077007 0.000827796 -0.00776473 -0.030362 0.000827796 0.0321383 -0.00269387 0.000827796 -0.0296962 0.00762448 0.000827796 -0.029308 -0.00953847 0.000827795 0.0308094 -0.00949154 0.000752796 0.000793513 0.0313556 0.000827796 -0.00439122 0.0309738 0.000827796 0.00597824 0.0309738 0.000827796 0.0120356 -0.0294021 0.000715297 0.00578688 -0.0311965 0.000822992 -0.000939117 -0.031501 0.000827796 0.00471399 -0.0352769 0.00383195 0.00266931 -0.0270998 0.00201698 0.00223432 -0.0354269 0.00205366 0.00543847 -0.0352828 0.0111217 0.0055806 -0.0350733 0.0059404 0.00386472 -0.0352882 0.0103782 0.00503182 -0.0271024 0.00942411 0.00108741 -0.0355684 0.0133624 -0.000272021 -0.0271007 0.0116252 -0.00166098 -0.0353867 0.0108536 -0.00406666 -0.0352617 0.00636872 -0.00346151 -0.0351445 0.00904728 -0.00406586 -0.0350628 0.00723588 -0.00405064 -0.035065 0.00607831 -0.00330502 -0.0352114 0.00408646 -0.00650649 0.012324 0.0084278 -0.00646125 0.0117329 0.0078278 -0.00632095 0.0123094 0.0084278 0.00790798 0.0123094 0.0084278 0.00779351 0.0117034 0.0078278 0.00809351 0.012324 0.0084278 0.00821689 0.0117393 0.0078278 0.00947235 0.0124016 0.00704896 -0.00550649 -0.0118966 0.0111278 -0.00400602 -0.0133968 0.0126278 0.00709351 -0.0118966 0.0111278 0.00559351 -0.0133966 0.0126278 -0.00741929 -0.0325597 0.0105698 -0.0048613 -0.032475 0.0126278 -0.00928455 -0.0300524 0.0076278 -0.0105184 -0.0313355 0.00789585 -0.00900649 -0.0219254 0.0076278 -0.00411235 -0.030223 0.0126278 -0.00704738 -0.0121475 0.0095869 -0.00883394 -0.0138238 0.00780034 0.0139349 -0.0309053 0.00316782 0.0122982 -0.0311439 0.0076278 0.00951562 -0.0323943 0.0101691 0.00634233 -0.0321734 0.0126278 0.00555939 -0.0332335 0.0126278 0.0107512 -0.0298041 0.0076278 0.0105935 -0.0219254 0.0076278 0.00560177 -0.0293963 0.0126278 0.00811544 -0.0119377 0.0101059 0.0099212 -0.0130448 0.00830011 0.0103693 0.0319915 0.00769466 0.0119631 0.030821 0.0059278 0.0133029 0.0309884 0.00316785 0.00808966 0.0326454 0.00842851 0.0105658 0.01785 0.00595548 0.00952272 0.0299154 0.0071778 0.00904989 0.0317427 0.0084278 -0.0110379 0.0312251 0.00629746 -0.00972865 0.0301325 0.0059278 -0.00842478 0.0321074 0.0111126 -0.00709342 0.0309748 0.0084278 -0.00900649 0.0217323 0.0059278 -0.00650649 0.0289611 0.0084278 -0.00807939 0.0124897 0.0068549 -0.0090058 0.0139951 0.00292781 -0.00900649 0.0250812 0.0031678 -0.0102227 0.0304837 0.0031678 -0.0132777 0.0302671 0.0031678 0.0112557 0.03015 0.0031678 0.0105935 0.025607 0.0031678 0.0105934 -0.0256863 0.00316779 0.0114695 -0.0306634 0.0031678 -0.0110667 -0.0311916 0.0031678 -0.00950668 -0.0303827 0.0031678 -0.00900638 -0.0239099 0.00312711 -0.00349139 0.0175066 0.00142779 -0.00280154 0.0144615 0.00142779 0.000793513 0.0141034 0.00142779 0.00509351 0.0174034 0.00142779 0.00409978 0.0142408 0.00142779 0.00439902 0.0202628 0.00142779 0.000793513 0.0207034 0.00142779 -0.00350695 0.0153815 0.00842777 -0.00284153 0.0202882 0.00142779 0.00478836 0.0148368 0.00142779 0.00467401 0.0199547 0.0084278 0.000793513 0.0141034 0.0084278 0.00443804 0.0144779 0.0084278 0.00495613 0.0150972 0.0084278 0.00509351 0.0174034 0.0084278 0.000793513 0.0207034 0.0084278 -0.00270788 0.020422 0.0084278 -0.00336911 0.0197097 0.0084278 -0.0028307 0.0145497 0.0084278 0.0267324 -0.023384 0.0141278 0.0252307 -0.0229927 0.0140419 0.0225603 -0.0255302 0.0139278 0.0160547 -0.032161 0.0141332 0.0197298 -0.0277022 0.0139278 0.0149923 -0.030379 0.0139778 0.00747849 -0.0328639 0.0139778 0.000646243 -0.0335643 0.0139278 0.00229755 -0.0345606 0.0141278 -0.00622271 -0.0329232 0.0141278 -0.00579737 -0.0328677 0.0139278 -0.00972806 -0.0319014 0.0139278 -0.0138658 -0.0303878 0.0141278 -0.0126095 -0.0307948 0.0139278 -0.0153877 -0.0294294 0.0139278 -0.0162133 -0.0289586 0.0139278 -0.0161775 -0.030589 0.0141278 -0.018803 -0.0272628 0.0139278 -0.0236709 -0.0229743 0.0139841 -0.0319292 0.011499 0.0124505 -0.0315022 0.00871621 0.0122552 -0.0281984 0.0166894 0.0133831 -0.0303717 0.0115634 0.0123048 -0.032273 0.00516459 0.0120816 -0.0341557 -0.00643437 0.0117976 -0.0326887 0.000598854 0.0119577 -0.0325849 -0.0032808 0.0120556 -0.0324414 -0.00898972 0.0122987 -0.0317317 -0.00799877 0.0122429 -0.0294895 -0.0141883 0.0124614 -0.0284088 -0.0173455 0.0133439 -0.0238754 0.0225311 0.0139096 -0.0259932 0.0215392 0.0139131 -0.0197417 0.028031 0.0141278 -0.0209118 0.0254171 0.0139278 -0.0170102 0.0284601 0.0141278 -0.0184213 0.027345 0.0139278 -0.0165565 0.0285279 0.0139278 -0.0146531 0.0296297 0.0139278 -0.00968072 0.0317956 0.0141278 -0.0117879 0.0309484 0.0139278 -0.00560512 0.032754 0.0139278 0.0024282 0.0333477 0.0140278 -0.00448165 0.0329847 0.00842838 -0.000950414 0.0333553 0.00842919 0.00854963 0.0324602 0.0139278 0.00858057 0.0334846 0.0141278 0.0140025 0.0308547 0.0141278 0.0132803 0.0309544 0.0139278 0.0162401 0.0296297 0.0139278 0.021015 0.0266675 0.0141278 0.0186878 0.0282238 0.0139278 0.020458 0.0269876 0.0139278 0.0233557 0.0246126 0.0139368 0.0255955 0.0224226 0.0141278 -0.0301324 -0.0118905 0.0122278 -0.0309113 -0.0108445 0.0122428 -0.0281794 -0.0126266 0.0122278 -0.0289727 -0.0125328 0.0122778 -0.0256387 -0.0134612 0.0124278 -0.0250834 -0.0130473 0.0108939 -0.0233483 -0.0143816 0.0122278 -0.022396 -0.0243497 0.0124256 -0.022725 -0.0175511 0.0122278 -0.0251739 0.0130449 0.0124278 -0.0289014 0.0123294 0.0122778 -0.0267708 0.0124494 0.0108753 -0.0245565 0.0139522 0.0106356 -0.0232329 0.0143239 0.0122278 -0.0229384 0.0190209 0.0124278 -0.0227068 0.0155511 0.00292934 -0.0226961 0.0211276 0.0122528 -0.0221317 0.0242081 0.0122344 -0.0242182 0.0220958 0.0124278 0.0344731 0.00762561 0.0131863 0.0353304 0.00710652 0.00657783 0.0348787 0.00974667 0.013827 0.0323152 0.0112484 0.0141368 0.031688 0.0167066 0.0141278 0.0339186 0.0126697 0.0139278 0.0332244 0.0143426 0.0139278 0.0319744 0.0168494 0.0139278 0.0305611 0.0192461 0.0139278 0.0289509 0.0215034 0.0139278 0.0250243 0.0253924 0.0141278 0.0271752 0.0236576 0.0139278 0.0252317 0.0256354 0.0139278 0.0231711 0.0274623 0.0139278 0.0216599 0.0286235 0.0139278 0.0160126 0.0316083 0.0141278 0.0201837 0.0296401 0.0139278 0.0185435 0.0306473 0.0139278 0.0117636 0.0336659 0.0139278 0.0161093 0.0319148 0.0139278 0.0136127 0.0330081 0.0139278 0.00365819 0.0352775 0.0139278 -0.00130909 0.0348326 0.0141278 0.00913738 0.0343947 0.0139278 0.00648712 0.0349439 0.0139278 -4.56396e-05 0.0353836 0.0139278 -0.00291725 0.035209 0.0139278 -0.00918034 0.0339577 0.0139278 -0.0133212 0.0322065 0.0141278 -0.00557542 0.0348123 0.0139278 -0.0176334 0.0302361 0.0139278 -0.0126765 0.0327319 0.0139278 -0.015095 0.0316494 0.0139278 -0.025885 0.0231929 0.0138289 -0.0229606 0.0262851 0.0139278 -0.0206957 0.0281497 0.0139278 -0.0290297 0.0190959 0.0131463 -0.0308575 0.0159414 0.0126121 -0.0316469 0.0143219 4.76115e-05 -0.0329782 0.010847 5.17551e-05 -0.0344211 0.00406344 0.0115625 -0.0345184 0.0035611 3.42835e-05 -0.0347081 -0.000167856 5.07026e-05 -0.0338793 -0.00774152 5.32337e-05 -0.0320873 -0.0134297 0.0122499 -0.0309134 -0.0160493 0.0125957 -0.0289149 -0.019476 0.01318 -0.0254305 -0.0238067 0.0139152 -0.023455 -0.0260156 0.011421 -0.0206957 -0.0283428 0.0139278 -0.0176334 -0.0304292 0.0139278 -0.015095 -0.0318425 0.0139278 -0.0126765 -0.0329251 0.0139278 -0.0101766 -0.0338591 0.0139278 -0.00541892 -0.0347119 0.0141278 -0.00818409 -0.0344426 0.0139278 -0.00516386 -0.0350584 0.0139278 0.010896 -0.0337827 0.0141278 0.00817438 -0.0348208 0.0139278 0.010932 -0.034107 0.0139278 0.0136127 -0.0332012 0.0139278 0.0193636 -0.0303369 0.0139278 0.0224155 -0.0282361 0.0139278 0.0252317 -0.0258285 0.0139278 0.0271752 -0.0238507 0.0139278 0.0310493 -0.0186429 0.0139278 0.0301002 -0.0163261 0.0141392 0.0289509 -0.0216965 0.0139278 0.0350667 -0.0093487 0.0139278 0.0349163 -0.00911688 0.0141092 0.034556 -0.0110667 0.0139278 0.0316591 -0.0131195 0.0141392 0.0324113 -0.0162386 0.0139278 0.0335715 -0.0136993 0.0139278 0.0353658 -0.00815178 0.0134133 0.0352102 -0.00778722 0.0132297 -0.00350802 -0.0270966 0.00448993 -0.000469874 -0.0270966 0.00201277 -0.000335209 -0.0354409 0.00195153 -0.00200632 -0.0270966 0.00272922 -0.0017418 -0.0353672 0.00250367 -0.00406927 -0.0270966 0.00630236 -0.00383127 -0.0270966 0.00818471 -0.00265813 -0.0270966 0.0101794 0.0024257 -0.0270966 0.0114001 0.00563768 -0.0270966 0.00651508 0.00521752 -0.0270966 0.00466485 0.00424515 -0.0270966 0.00327616 -0.000986903 -0.0335017 0.0126278 -0.0160526 0.0219065 0.0029278 -0.0121767 0.0240046 0.0029278 -0.0156292 0.0244169 0.0031678 -0.00952359 0.0227843 0.0030478 -0.00900649 0.0212013 0.0029278 0.0105829 0.0177308 0.0029278 0.0147931 0.0236299 0.0030478 -0.0181473 -0.0247954 0.0029878 -0.0141775 -0.0237217 0.0031678 -0.0134749 -0.0241761 0.0029278 0.0154086 -0.0239554 0.0029278 0.0120336 -0.0235215 0.0030478 0.0107689 -0.0221843 0.0029278 0.0105935 -0.0213945 0.0031678 0.00779351 -0.0118966 0.0029278 -0.00644959 -0.0119178 0.0029278 0.0105935 -0.0146966 0.0029278 0.00972189 -0.0129819 0.0029278 -0.00804279 -0.0128095 0.0029278 -0.00900649 -0.0180455 0.0029278 0.00257646 0.0333559 0.0084278 0.00862603 0.0118607 0.0029278 0.00992242 0.0127916 0.0029278 0.00779351 0.0117034 0.0029278 -0.00620649 0.0117034 0.0029278 -0.00835119 0.0128505 0.0029278 -0.00726745 0.0119438 0.0029278 -0.0260097 -0.0233694 0.0070375 -0.0238991 -0.0255771 0.00813139 -0.0263436 -0.0126235 0.00708914 -0.0274165 -0.0195966 0.0078412 -0.0274036 -0.0216581 0.00863643 -0.0274953 -0.0195966 0.0101403 -0.0250987 -0.0243409 0.0105082 -0.0253854 -0.0195966 0.0107023 0.0143657 0.00683189 0.00525689 0.013496 0.00655405 0.00342779 0.0132907 0.00647776 0.00510395 0.0142955 0.00690342 0.0029278 0.0131889 -0.00651278 0.00490551 0.0130796 -0.00640907 0.00342779 0.0140705 -0.00705445 0.00342779 0.0151842 -0.00630158 0.00535981 0.0154695 0.00550948 0.0054278 0.0159263 -0.00639489 0.0029278 0.0167935 -9.65742e-05 0.0052278 0.016151 0.00585808 0.0052528 0.0291338 -0.000553511 0.0054278 0.0334052 0.000317707 0.00605516 0.0316589 0.00412494 0.00466122 0.0263345 0.00365438 0.0053278 0.0228859 0.00436823 0.00292803 0.0218146 -0.00126111 0.0053278 0.0219206 -0.0028384 0.00292785 0.0235846 -0.00416238 0.0052278 0.0272734 -0.0042523 0.0037903 0.0307476 -0.00405995 0.00431337 0.0353675 -0.00758363 0.00650229 0.0354238 -0.00790657 0.0063778 0.0355178 -0.00747744 0.0063778 0.0359046 -0.00533683 0.0063778 0.0359646 -0.000963615 0.0065778 0.0361855 -0.00239007 0.0063778 0.0362502 0.00165587 0.0063778 0.0359524 0.00437155 0.0064278 0.033743 -9.65743e-05 0.0065778 0.00264889 -0.0354993 2.7797e-05 0.00254436 -0.0335048 -0.0019722 0.00945207 -0.0324107 -0.0019722 0.00817438 -0.0348208 2.7797e-05 0.0117636 -0.0338591 2.7797e-05 0.0144192 -0.0307003 -0.0019722 0.0152327 -0.0325274 2.7797e-05 0.0190139 -0.0281535 -0.0019722 0.0185435 -0.0308405 2.7797e-05 0.0216599 -0.0288167 2.7797e-05 0.0244491 -0.0237522 -0.0019722 0.0245476 -0.0264782 2.7797e-05 0.0271752 -0.0238507 2.7797e-05 0.0278956 -0.0197874 -0.0019722 0.0295136 -0.0209629 2.7797e-05 0.0306013 -0.0152844 -0.0019722 0.0315374 -0.0178466 2.7797e-05 0.0332244 -0.0145357 2.7797e-05 0.0326539 -0.0104486 -0.0019722 0.034556 -0.0110667 2.7797e-05 0.0338357 -0.00532995 -0.0019722 0.0355178 -0.00747744 2.7797e-05 0.036099 -0.00380733 2.7797e-05 0.0342935 -9.65741e-05 -0.0019722 0.0362935 -9.65741e-05 2.7797e-05 0.0336088 0.00598355 -0.0019722 0.0358084 0.00544924 2.7797e-05 0.034556 0.0108735 2.7797e-05 0.0313973 0.0135291 -0.0019722 0.0332244 0.0143426 2.7797e-05 0.0288505 0.0181238 -0.0019722 0.0315374 0.0176534 2.7797e-05 0.0295136 0.0207698 2.7797e-05 0.0256889 0.0223193 -0.0019722 0.0271752 0.0236576 2.7797e-05 0.0218469 0.0259021 -0.0019722 0.0245476 0.0262851 2.7797e-05 0.0216599 0.0286235 2.7797e-05 0.0175435 0.0289153 -0.0019722 0.0185435 0.0306473 2.7797e-05 0.0127824 0.0311355 -0.0019722 0.0152327 0.0323343 2.7797e-05 0.0117636 0.0336659 2.7797e-05 0.00775855 0.0326714 -0.0019722 0.00817438 0.0346277 2.7797e-05 0.00254436 0.0333117 -0.0019722 0.00450427 0.035209 2.7797e-05 0.000793513 0.0354034 2.7797e-05 -0.00528662 0.0327188 -0.0019722 -0.00291725 0.035209 2.7797e-05 -0.00658735 0.0346277 2.7797e-05 -0.0101766 0.0336659 2.7797e-05 -0.0143943 0.0297112 -0.0019722 -0.0136456 0.0323343 2.7797e-05 -0.0169565 0.0306473 2.7797e-05 -0.0208797 0.0252823 -0.0019722 -0.0200729 0.0286235 2.7797e-05 -0.0229606 0.0262851 2.7797e-05 -0.0255881 0.0236576 2.7797e-05 -0.0263086 0.0195942 -0.0019722 -0.0279266 0.0207698 2.7797e-05 -0.0290143 0.0150913 -0.0019722 -0.0299504 0.0176534 2.7797e-05 -0.0316578 0.00769615 -0.0019722 -0.0339307 0.00728429 2.7797e-05 -0.0326147 -0.00184743 -0.0019722 -0.034512 -0.00380733 2.7797e-05 -0.0319744 -0.00706162 -0.0019722 -0.0304386 -0.0120854 -0.0019722 -0.032969 -0.0110667 2.7797e-05 -0.0316374 -0.0145357 2.7797e-05 -0.0282183 -0.0168466 -0.0019722 -0.0299504 -0.0178466 2.7797e-05 -0.0252052 -0.0211499 -0.0019722 -0.0279266 -0.0209629 2.7797e-05 -0.0255881 -0.0238507 2.7797e-05 -0.0216224 -0.0249919 -0.0019722 -0.0229606 -0.0264782 2.7797e-05 -0.0174269 -0.0281535 -0.0019722 -0.0200729 -0.0288167 2.7797e-05 -0.0169565 -0.0308405 2.7797e-05 -0.0103486 -0.0315555 -0.0019722 -0.0136456 -0.0325274 2.7797e-05 -0.0101766 -0.0338591 2.7797e-05 -0.00658735 -0.0348208 2.7797e-05 -0.00270819 -0.0334131 -0.0019722 -0.00291725 -0.0354021 2.7797e-05 -0.0192065 -9.6574e-05 0.00142779 -0.021197 0.0118367 0.00142779 -0.0277354 0.00584836 0.00142779 -0.0266978 -0.00519872 0.00142821 -0.0285738 -0.00607461 0.0014278 -0.0215615 -0.0124372 0.00142779 -0.0281794 -0.0126266 0.00142779 -0.0285817 0.0123654 0.00142779 -0.0267864 0.00495889 0.00142779 -0.0194641 -0.0107633 0.00142779 -0.030421 0.0113576 0.00142779 -0.0313929 0.00901364 0.00142779 -0.0312696 0.00660723 0.0036153 -0.0290209 0.00480343 0.00142779 -0.0325891 -0.0030986 0.00142781 -0.0290858 -0.00499127 0.00142779 -0.0318867 0.00436493 0.0031778 -0.0326107 0.00208208 0.00142779 -0.0323301 -0.00396721 0.00142779 -0.0313411 -0.00685424 0.00142779 -0.0314483 -0.00912181 0.00142779 -0.030421 -0.0115508 0.00142779 -0.0289841 -0.0124904 0.00142779 -0.02101 -0.0121924 0.0029278 -0.0194641 -0.0107633 0.0029278 -0.0192065 -9.6574e-05 0.0029278 -0.0200213 0.0138573 0.0029278 -0.0237493 0.0124445 0.0029278 -0.0216225 0.0247985 0.0076978 0.021155 -0.0267283 0.00316777 0.0232284 -0.0249907 0.00292779 -0.0192019 -0.0269749 0.00316779 0.0284449 0.00363484 0.0029278 0.0326259 0.00507673 0.0029278 0.0335175 -0.00728956 0.00657781 0.0245818 -0.00453995 0.0029278 0.0218995 0.00237773 0.0029278 0.0150815 0.00673177 0.0029278 0.0165164 0.00543996 0.0029278 0.0167935 -9.65742e-05 0.0029278 0.0142935 -0.00709657 0.0029278 -0.0271065 -0.00609657 0.0049278 -0.0290858 -0.00499127 0.0049278 -0.0306107 -0.00624604 0.0049278 -0.0319176 -0.00458038 0.0049278 -0.0319388 -0.00706892 0.0049278 -0.0317456 0.00786924 0.0049278 -0.0324684 0.00385934 0.0049278 -0.0277125 0.00577539 0.0049278 -0.0290209 0.00480343 0.0049278 0.0331708 0.00847395 0.0138224 0.0335106 0.00710343 0.0121278 -0.0284695 0.0161129 0.0124278 -0.0255186 -0.0207543 0.0124278 0.0354415 0.00754975 0.00639562 -0.00657183 0.0307283 -0.0017222 -0.0154212 0.027134 -0.0017222 -0.0231179 0.0207361 -0.0017222 -0.0253099 0.0174758 -0.0014722 -0.0268772 0.0158791 -0.0019722 -0.0283357 0.0117347 -0.0014722 -0.0303021 0.00687007 -0.0019722 -0.0302179 0.00507832 -0.0014722 -0.0311458 -0.000976974 -0.0019722 -0.0306706 -0.000529896 -0.0014722 -0.0304079 -0.00442321 -0.0014722 -0.0301802 -0.00794018 -0.0019722 -0.0299324 -0.00698241 -0.0014722 -0.0283357 -0.0119278 -0.0014722 -0.0277153 -0.0145237 -0.0019722 -0.0257845 -0.0169426 -0.0014722 -0.0222836 -0.0219302 -0.0018472 -0.0229518 -0.0207764 -0.0014722 -0.0173157 -0.0260475 -0.0017222 -0.00872102 -0.0305095 -0.0019722 -0.00126578 -0.0315574 -0.0015972 0.00690463 -0.0313716 -0.0019722 0.0123265 -0.0296425 -0.0017222 0.0279401 -0.0167859 -0.0019722 0.0234508 -0.022279 -0.0017222 0.0270002 -0.0174782 -0.0014722 0.030167 -0.0113265 -0.0014722 0.0317672 -0.00794018 -0.0019722 0.0319476 -0.00419899 -0.0014722 0.0327328 -0.000976974 -0.0019722 0.0319955 0.00357385 -0.0014722 0.0318892 0.00687007 -0.0019722 0.0278143 0.0165057 -0.0017222 0.0245532 0.0208922 -0.0017222 0.0193852 0.0251984 -0.0014722 0.0182245 0.0265799 -0.0019722 0.0106885 0.0300627 -0.0017222 -0.0243352 -0.0132978 0.00796213 -0.0251062 -0.0127277 0.0029278 -0.0257176 0.0124514 0.00710605 -0.023507 0.014152 0.0029278 -0.0242156 0.0132254 0.00827788 -0.0245669 0.0246977 0.00742453 -0.0259026 0.0149034 0.0109305 -0.0239919 0.0253175 0.00868724 -0.0276493 0.0149034 0.00940031 -0.0276476 0.0124334 0.00846809 -0.0270277 0.0149034 0.00742655 -0.0258423 0.0233675 0.0070621 -0.0246544 0.0246457 0.0104386 -0.0269388 0.022044 0.010546 -0.0277354 0.021029 0.00847225 -0.0270977 0.0218638 0.00745709 -0.0163656 -0.0206932 0.000527798 -0.0157705 -0.0204609 0.0029278 -0.0140999 -0.0182447 0.000527798 -0.0138056 -0.0180436 0.0029278 -0.0143527 -0.0160017 0.0029278 -0.0157812 -0.0149437 0.000527798 -0.0156906 -0.0148947 0.0029278 -0.0189752 -0.0160844 0.0029278 -0.0190358 -0.015779 0.000527798 -0.0196602 -0.0188574 0.000527798 -0.019251 -0.0195559 0.0029278 -0.0176047 0.0147906 0.000527798 -0.016588 0.0148788 0.0029278 -0.0145865 0.0154746 0.000527798 -0.0143136 0.0157812 0.0029278 -0.0138233 0.0173781 0.000527798 -0.0137936 0.017175 0.0029278 -0.0163673 0.0202677 0.000527798 -0.0192681 0.0190899 0.0029278 -0.0197129 0.0181358 0.000527798 0.0187865 0.0146592 0.000527798 0.0186742 0.0145203 0.0029278 0.0207837 0.0155569 0.0029278 0.0213017 0.0164781 0.000527798 0.0215498 0.0173118 0.0029278 0.0210953 0.0190182 0.000527798 0.0210127 0.0192269 0.0029278 0.0176533 0.0204039 0.0029278 0.0168345 0.0200221 0.000527798 0.0155099 0.0181095 0.0029278 0.0159373 0.0161681 0.000527798 0.016447 0.0152686 0.0029278 0.018382 -0.0207444 0.000527798 0.0174969 -0.0205689 0.0029278 0.020989 -0.0193216 0.0029278 0.021257 -0.0187154 0.000527798 0.0212532 -0.0166227 0.0029278 0.0198305 -0.0152169 0.000527798 0.0174171 -0.0151902 0.0029278 0.0166457 -0.0156399 0.000527798 0.015369 -0.0172273 0.0029278 0.0153806 -0.0181803 0.000527798 0.0153451 -0.0180477 0.0029278 0.0155112 -0.0188516 0.0029278 0.0161735 -0.0198807 0.000527798 -0.000729743 0.0315268 -0.0017222 0.00612791 0.0311201 -0.0017222 -0.0273531 0.0138495 0.000527798 0.0179488 0.0261652 0.000527798 0.025072 0.0198983 0.000527798 0.0288995 -0.0143199 0.000527798 0.0261366 -0.0187237 0.000527798 0.0207368 -0.0243092 0.000527798 0.0176484 -0.0268877 -0.0017222 0.014237 -0.0285838 0.000527798 -0.0171282 -0.0259433 0.000527798 -0.0211713 -0.0226752 0.000527798 -0.0245495 -0.0187237 0.000527798 -0.0273125 -0.0143199 0.000527798 -0.022863 0.0205033 0.000527798 -0.019278 0.024458 -0.0017222 -0.0156771 0.0266981 0.000527798 -0.0275828 -0.0126266 0.00817472 -0.027367 -0.0126266 0.0102584 -0.023295 -0.0144861 0.0029278 -0.022725 -0.0175511 0.0029278 -0.0218633 0.0245517 0.0029278 -0.0226266 0.0228843 0.0029278 -0.0222051 -0.0241322 0.0029278 0.0282067 -0.019352 0.0141278 0.0328672 -0.00976775 0.0141278 0.0332906 -0.0081977 0.0135012 0.0309205 0.0145532 0.0141278 0.0291926 0.0176725 0.0141278 0.027143 0.0205905 0.0141278 0.0219043 0.0259123 0.0030478 0.0193123 0.0278194 0.0031678 0.0162401 0.0296297 0.0031678 -0.0205877 0.0256929 0.0031678 -0.0177253 0.0278194 0.0031678 -0.0162133 -0.0289586 0.0031678 -0.0130491 -0.0306028 0.0031678 -0.0134703 0.0106673 0.0029278 0.0300981 -0.016329 0.0029278 0.0282067 -0.019352 0.0029278 0.0260046 -0.0221567 0.0029278 0.0328672 -0.00976775 0.0029278 0.0316575 -0.0131222 0.0029278 0.0325145 0.0106752 0.0029278 0.0247948 0.0232741 0.0029278 0.0291926 0.0176725 0.0029278 0.027143 0.0205905 0.0029278 0.0309205 0.0145532 0.0029278 0.032307 0.0112679 0.0029278 0.0178003 -0.0289586 0.0031678 -0.0252065 -0.0195966 0.00716683 -0.0245461 -0.0195966 0.00757482 -0.025325 -0.0200966 0.00952575 -0.0241101 -0.0195966 0.00818244 -0.0239202 -0.0195966 0.00906217 -0.0239926 -0.0195966 0.00959565 -0.0242967 -0.0195966 0.0101783 -0.0247263 -0.0195966 0.0106374 -0.0252913 -0.0195966 0.0109157 -0.0259691 -0.0195966 0.0110232 -0.0266313 -0.0195966 0.010874 -0.0273018 -0.0195966 0.0104312 -0.0277543 -0.0195966 0.00978713 -0.026716 -0.0200966 0.00834445 -0.0278654 -0.0195966 0.00920364 -0.0278176 -0.0195966 0.00844593 -0.0275581 -0.0195966 0.00792596 -0.0271766 -0.0195966 0.00748817 -0.0267949 -0.0195966 0.0072405 -0.026367 -0.0195966 0.00708573 -0.025901 -0.0195966 0.00703346 -0.0263489 0.0194034 0.0109691 -0.0256401 0.0199034 0.00952386 -0.0269302 0.0194034 0.0107422 -0.0273774 0.0194034 0.0103518 -0.0277842 0.0194034 0.00970696 -0.0273057 0.0199034 0.00844634 -0.0278749 0.0194034 0.00883858 -0.0276159 0.0194034 0.00800693 -0.0273043 0.0194034 0.00760193 -0.026945 0.0194034 0.00732239 -0.0266402 0.0194034 0.00716724 -0.0260848 0.0194034 0.00705211 -0.0254073 0.0194034 0.00709447 -0.0247939 0.0194034 0.00738544 -0.0241834 0.0194034 0.00804484 -0.0239235 0.0194034 0.00884893 -0.0239375 0.0194034 0.00935973 -0.0241749 0.0194034 0.00999574 -0.0245924 0.0194034 0.0105311 -0.0251788 0.0194034 0.0108732 -0.0258408 0.0194034 0.0110235 0.000123622 -0.0325147 0.00662885 0.001395 -0.0336185 0.00436513 0.00241804 -0.0333309 0.00681084 0.00343687 -0.0335966 0.00685547 0.00267435 -0.0336966 0.0086461 0.000809529 -0.0308216 0.00973129 -5.27095e-05 -0.0332372 0.00875069 -0.00144005 -0.0324942 0.00642895 0.00177572 -0.0337466 0.00794108 0.00220401 -0.0337091 0.00814806 0.00175255 -0.0336966 0.00838948 0.00199096 -0.0298966 0.00820522 0.000375876 -0.0298966 0.00377502 0.00277247 -0.0298966 0.00512482 0.00336724 -0.0298966 0.00845132 -0.00219287 -0.0323888 0.0081445 -0.00221595 -0.0298966 0.00690863 -0.00335173 -0.0271472 0.00245347 0.00475925 -0.0271978 0.00228305 0.00245185 -0.0285966 0.0017644 0.00441366 -0.0210966 0.00565256 0.000998573 -0.0206083 0.00703542 0.0038463 -0.0210966 0.00915397 0.00129312 -0.0210966 0.0106364 -0.00149699 -0.0210966 0.0098922 -0.00303602 -0.0210966 0.00676438 -0.00165461 -0.0210966 0.00369452 0.00124895 -0.0210966 0.00295266 0.00579351 -0.0270966 0.00676442 0.00398761 -0.0270966 0.00885102 0.00512602 -0.0270966 0.0108855 0.00411011 -0.0270966 0.0117644 0.00136185 -0.0270966 0.0106871 -0.00252314 -0.0270966 0.0117644 3.35614e-05 -0.0270966 0.0106685 -0.00332756 -0.0270966 0.0110969 -0.0021957 -0.0270966 0.00910805 -0.00420649 -0.0270966 0.00676437 0.000539092 -0.0270966 0.00279511 -0.00150291 -0.0270966 0.00358402 0.00232274 -0.0270966 0.00315195 0.00447323 -0.0270966 0.00564227 -0.00303721 -0.0270966 0.00602154 0.00506186 -0.0353966 0.00484393 0.00415605 -0.0347567 0.00751709 0.00297648 -0.0348122 0.00422519 0.00272453 -0.0324966 0.00237549 -0.00169857 -0.0351317 0.0042379 -0.000245008 -0.0353966 0.00208496 -0.00253264 -0.0353966 0.00334141 -0.00385007 -0.0353966 0.00601285 -0.00310105 -0.0353966 0.00949094 0.000249217 -0.035038 0.0101466 0.000159991 -0.0339466 0.011469 0.00328899 -0.0353966 0.0108109 0.00520926 -0.0353966 0.00866919 0.00314606 -0.0298966 0.00433273 0.00421639 -0.0298966 0.00670484 -0.00169573 -0.0298966 0.00456138 0.00569808 -0.0295966 0.0053163 0.00490731 -0.0295966 0.00345095 -0.000810978 -0.0295966 0.00204132 -0.00310204 -0.0295966 0.00310427 -0.00403592 -0.0295966 0.0070508 -0.00273634 -0.0295966 0.010772 -0.000654276 -0.0295966 0.0116689 0.00336986 -0.0295966 0.0108064 0.00495827 -0.0295966 0.00916895 0.00411011 -0.0295966 0.0117644 0.0057935 -0.0295966 0.010081 0.00512602 -0.0295966 0.0108855 0.000654954 -0.00929228 0.000627796 0.00059519 -0.00738417 0.000627796 0.00304093 -0.00750215 0.000627796 0.00442872 -0.00869083 0.000633108 0.00179101 -0.0106403 0.000634045 0.00059519 -0.00738417 0.000637795 -0.000380094 -0.00889565 0.000634045 -0.00275401 -0.00682599 0.000637795 0.00270684 -0.00742216 0.000637795 0.00497931 -0.00584684 0.000630764 -0.00468788 0.000634853 0.000627796 0.00265731 -0.0127323 0.000633186 0.00517769 -0.0130463 0.000627796 0.00263604 -0.0153492 0.000633967 0.0267428 0.00291147 0.000827796 0.0181579 0.00336345 0.000627796 0.0278925 -0.00134694 0.000777796 0.0241947 -0.00223319 0.000627796 0.0239769 -0.00258238 0.000827796 0.0229837 0.000790645 0.000827796 0.0238988 0.00230098 0.000627796 -0.00509838 0.0301524 0.000827796 -0.00902028 0.0291962 0.000627796 -0.0126741 0.0257713 0.000827796 -0.0124352 0.0231202 0.000627796 -0.011202 0.0199359 0.000827796 0.0103896 0.0291863 0.000827796 0.00479862 0.0302311 0.000627796 0.0130468 0.020505 0.000827796 0.0138825 0.0239306 0.000627796 0.0225533 0.0127852 0.000727796 0.0172066 0.0121409 0.000627796 0.0136221 0.0136396 0.000827796 0.0123128 0.0162974 0.000627796 0.0313275 0.00357082 0.000827796 0.0303999 0.00817329 0.000627796 0.0273119 0.0134292 0.000827796 0.0299468 -0.00984429 0.000827796 0.0314068 -0.00363795 0.000627796 0.0248065 -0.013295 0.000827796 0.020826 -0.0120921 0.000627796 0.0274924 -0.0131844 0.000627796 0.0134611 -0.0217797 0.000827796 0.0131557 -0.0210484 0.000627796 0.0126603 -0.0163908 0.000827796 0.0138054 -0.0144666 0.000627796 0.0171875 -0.0116159 0.000827796 0.00668541 -0.0303456 0.000827796 0.00708376 -0.0303456 0.000627796 0.0139052 -0.0266927 0.000684046 -0.0109299 -0.0286434 0.000827796 -0.00887069 -0.0295539 0.000627796 -0.00552993 -0.0305052 0.000827796 -0.00238489 -0.0309927 0.000627796 -0.0127722 -0.0240203 0.000827796 -0.0113698 -0.0207642 0.000627796 -0.0128133 -0.0258226 0.000627796 -0.0189454 -0.0125118 0.000827796 -0.0171371 -0.0124319 0.000627796 -0.011881 -0.0138805 0.000827796 -0.0115745 -0.0143101 0.000627796 -0.0106298 -0.0167373 0.000827796 -0.0105652 -0.0172611 0.000627796 -0.0108922 -0.0198452 0.000827796 -0.0282781 -0.0107822 0.000827796 -0.0293308 -0.00726965 0.000627796 -0.02531 -0.0135386 0.000669983 -0.0286638 0.00956763 0.000827796 -0.0286638 0.00956763 0.000627796 -0.0301026 0.00228514 0.000627796 -0.0301026 -9.65743e-05 0.000827796 -0.0203676 0.0122841 0.000827796 -0.0201583 0.0122657 0.000627796 -0.0239538 0.0136523 0.000709046 -0.0256049 0.0134075 0.000827796 -0.0112554 0.0151158 0.000627796 -0.0120061 0.0139387 0.000827796 -0.0147347 0.0117135 0.000627796 -0.0170287 0.0113233 0.000827796 -0.00164528 -0.0147717 0.000627796 0.000323026 -0.0198237 0.000630467 0.00520659 -0.0177459 0.000627796 0.0014113 0.0130349 0.000637922 0.00134175 -0.0167339 0.000634358 -0.00413719 0.0256722 0.0068278 -0.00304245 0.0234088 0.0078278 -0.00417675 0.0230527 0.0073278 -0.00362149 0.0217753 0.0078278 -0.00409908 0.0217755 0.0068278 -0.00226723 0.0226352 0.0068278 0.00443534 0.0232256 0.0068278 0.00554258 0.0231835 0.0078278 0.00446175 0.0210511 0.00783081 0.00530738 0.0208719 0.00682816 0.00604351 0.0223534 0.0068278 0.00604351 0.0223534 0.0078278 0.00580511 0.0230305 0.0068278 -0.00395521 0.0280993 0.00760123 -0.00345649 0.0268534 0.0068278 -0.00460115 0.01311 0.0073278 -0.00505649 0.0205034 0.0068278 0.00625429 0.0132017 0.0073278 0.000793513 0.0126534 0.0068278 0.00561372 0.0273349 0.0068278 0.00664351 0.0270534 0.0068278 0.00664351 0.0139534 0.0068278 -0.00345649 0.0268534 0.0078278 0.00504351 0.0268534 0.0078278 0.00533757 0.0280952 0.0075778 0.00664351 0.0270534 0.0078278 0.00664351 0.0139534 0.0078278 -0.00505617 0.0126543 0.00782835 0.0148756 -0.00841157 0.100552 0.00990829 -0.00693918 0.103078 0.0163309 -0.00543338 0.102232 0.0219041 -0.014152 0.101829 0.0281994 -0.0134695 0.103292 0.0253566 -0.0104638 0.102862 0.0223265 -0.0159123 0.100637 0.0212193 -0.0171287 0.0984024 0.0228863 -0.0198226 0.102053 0.0202587 -0.019788 0.100393 0.0274705 -0.0277026 0.105001 0.0275608 -0.0207972 0.102727 0.02057 -0.0311718 0.105006 0.0169554 -0.0210687 0.0999145 0.0141337 -0.0254628 0.102174 0.0150273 -0.0192794 0.100741 0.0101312 -0.0237784 0.103019 0.014278 -0.0208428 0.102207 0.00806994 -0.0200147 0.103142 0.0154529 -0.015758 0.0998534 0.0115724 -0.011767 0.102139 0.00851488 -0.0141513 0.103095 0.0197987 -0.0152601 0.0993566 0.0224199 -0.0179767 0.101022 0.019713 -0.0216175 0.102256 0.0184223 -0.0230552 0.101837 0.0128142 -0.0166613 0.101348 0.0143253 -0.0173375 0.101327 0.0137643 -0.0156631 0.102576 0.0175797 -0.00988838 0.101471 0.0181507 -0.0129783 0.101866 0.0170399 -0.0141642 0.100996 0.0215135 -0.0246648 0.0922916 0.0228329 -0.024677 0.0994033 0.0179685 -0.0255056 0.0932135 0.0256847 -0.0169722 0.0908008 0.0262172 -0.0172574 0.0946849 0.0261393 -0.0192686 0.0978443 0.0242808 -0.022758 0.0942653 0.0245418 -0.0217598 0.0906574 0.0247411 -0.0176043 0.0903278 0.018435 -0.0243394 0.0905068 0.0132436 -0.0215784 0.0903278 0.0148323 -0.0177216 0.0903278 0.0157122 -0.0197197 0.0903278 0.0206102 -0.0200146 0.0903278 0.0183383 -0.021011 0.0903278 0.0217523 -0.0177754 0.0903278 0.0177883 -0.0209405 0.0946461 0.0207113 -0.0200071 0.0946346 0.0216197 -0.0180787 0.0946859 0.021682 -0.0170808 0.0946278 0.0215916 -0.0164251 0.0903278 0.0211072 -0.015564 0.0946451 0.0204658 -0.0149276 0.0903278 0.0184412 -0.014305 0.0946463 0.0183264 -0.0142544 0.0903278 0.0188201 -0.0197916 0.0948278 0.0157076 -0.0198931 0.0946489 0.0149087 -0.0173721 0.0946983 0.0158879 -0.014455 0.0947448 0.012565 -0.0180327 0.0948656 0.0217336 -0.0221361 0.0956769 0.0242579 -0.0172066 0.0954188 0.0218221 -0.0129043 0.0956375 0.0161961 -0.0120028 0.0955521 0.0156329 -0.0228124 0.0954979 0.0180482 -0.0141405 0.09651 0.0222133 -0.0181199 0.0965134 0.0170801 -0.0199501 0.0965077 0.0158485 -0.0180819 0.0980177 0.0107605 -0.0175298 0.101275 0.0138723 -0.00926452 0.10249 0.0210351 -0.0115886 0.100691 0.0232276 -0.00614681 0.105103 0.0199391 -0.0069854 0.103331 0.0166723 -0.0051451 0.105055 0.0297889 -0.0129863 0.105166 0.0286458 -0.0165502 0.103081 0.0305207 -0.0200759 0.104973 0.0173805 -0.00897117 0.108834 0.0157247 -0.00732364 0.107333 0.0233453 -0.00830484 0.107333 0.0261407 -0.0112101 0.107739 0.0284128 -0.0159889 0.107536 0.0275286 -0.0220214 0.107536 0.0237633 -0.0121584 0.109949 0.0188307 -0.00993349 0.109588 0.0258873 -0.015973 0.109957 0.0252446 -0.0209977 0.109946 0.0207752 -0.0249104 0.109405 0.0156986 -0.0269873 0.107955 0.0140095 -0.023993 0.109585 0.0224057 -0.0242356 0.110765 0.0173031 -0.00599774 0.112713 0.0126491 -0.00816929 0.112352 0.00756144 -0.0115799 0.112944 0.0111898 -0.0145774 0.109586 0.0170469 -0.025265 0.110732 0.022432 -0.0303874 0.113406 0.0181198 -0.0286646 0.11235 0.0141641 -0.029479 0.113074 0.0100242 -0.0264694 0.112897 0.00677255 -0.0215392 0.112896 0.00946106 -0.0171147 0.111371 0.0259467 -0.028376 0.113334 0.019607 -0.00362663 0.113743 0.00973478 -0.0063102 0.113718 0.0104065 -0.0294871 0.11372 0.0187489 -0.0319984 0.113718 0.00505992 -0.023024 0.113747 0.00435758 -0.0152429 0.113759 0.0141786 -0.00337692 0.113074 0.00797661 -0.00679897 0.113074 0.00355391 -0.0156023 0.113074 0.0052875 -0.0102005 0.113074 0.00375801 -0.0210407 0.113074 0.00590085 -0.0259385 0.113074 0.00878649 -0.0291486 0.113074 0.0124431 -0.0313229 0.113074 0.0185921 -0.0324464 0.113074 0.028055 -0.0164366 0.110692 0.0329345 -0.0148178 0.113074 0.0330382 -0.0201481 0.113074 0.0279011 -0.01964 0.110666 0.0311995 -0.0249341 0.113074 0.0250331 -0.024425 0.110597 0.0260049 -0.0303185 0.113074 0.0195913 -0.0271926 0.110676 0.00900041 -0.0250196 0.108071 0.0106931 -0.0273803 0.107625 0.0127709 -0.0255408 0.110589 0.0142781 -0.0293343 0.107625 0.0188721 -0.0287903 0.108607 0.00665054 -0.0231852 0.107179 0.0092671 -0.021287 0.110598 0.00655609 -0.019145 0.108079 0.0250595 -0.0276838 0.102074 0.0292791 -0.0212289 0.101713 0.0315902 -0.0224079 0.103679 0.0301476 -0.017085 0.108071 0.0288571 -0.0211076 0.108691 0.0325416 -0.0199308 0.105598 0.0297852 -0.0261402 0.104654 0.0246222 -0.0288253 0.107103 0.0182395 -0.0319998 0.104557 0.0236335 -0.0310716 0.104715 0.0326679 -0.0163652 0.104106 0.0323015 -0.0139412 0.104974 0.0300552 -0.0154253 0.101972 0.0287962 -0.0258747 0.106663 0.0193515 -0.0277593 0.100762 0.0144191 -0.0295085 0.102361 0.0146009 -0.0246964 0.0966318 0.0123 -0.0229883 0.0993635 0.0102348 -0.0184988 0.0994432 0.0110223 -0.0205887 0.0920832 0.00844813 -0.0181034 0.110692 0.0135527 -0.00920815 0.110597 0.0090833 -0.0143499 0.110678 0.0199905 -0.00278464 0.113074 0.0188979 -0.00785309 0.11068 0.0264782 -0.0052292 0.113074 0.0237522 -0.00947293 0.11067 0.0266354 -0.0128867 0.110553 0.0311619 -0.0100156 0.113074 0.0076055 -0.0163522 0.109071 0.00833999 -0.0118223 0.10833 0.0121491 -0.00755623 0.108071 0.0180526 -0.00561338 0.107908 0.0245077 -0.00817843 0.108549 0.0224578 -0.00429697 0.106242 0.0289444 -0.0120511 0.107865 0.027809 -0.0113026 0.101602 0.0302433 -0.00973557 0.104662 0.0142102 -0.00369769 0.104926 0.00386727 -0.0168702 0.104484 0.00520332 -0.0122389 0.105942 0.00800419 -0.00746391 0.10479 0.0216253 -0.00354249 0.104273 0.0257513 -0.00525354 0.104832 0.00445294 -0.0215054 0.105732 0.00449772 -0.0216308 0.10396 0.0107315 -0.014748 0.0993511 0.00466564 -0.0128046 0.104378 0.0213457 -0.00764827 0.100838 0.0246774 -0.00812169 0.10161 0.0241963 -0.0123124 0.0972381 0.0128192 -0.0118575 0.0950346 0.0156511 -0.010074 0.0947689 0.0189024 -0.00967958 0.0946849 0.0218812 -0.0104763 0.0938456 0.0251658 -0.0136694 0.0930064 0.0108494 -0.0169743 0.0907016 0.0131374 -0.0129495 0.0905184 0.0185703 -0.0106822 0.0904545 0.0225798 -0.0113775 0.0907409 0.0153864 -0.0158051 0.0903278 0.0136698 -0.0312486 0.105187 0.00770158 -0.0273913 0.105352 0.00696101 -0.0264253 0.103908 0.0318038 -0.0219513 0.113742 0.0312498 -0.015992 0.113165 0.0302198 -0.0117891 0.113314 0.0255555 -0.00746125 0.113042 0.0299798 -0.0208048 0.112894 0.0267862 -0.0246507 0.11235 0.0108366 -0.0198487 0.109401 0.0110368 -0.025693 0.10713 0.00872387 -0.0227651 0.10713 0.00809446 -0.0187619 0.107638 0.00873364 -0.0139689 0.107587 0.011738 -0.00964952 0.107539 0.00960703 -0.00887062 0.105023 0.00577371 -0.0164239 0.105119 0.014146 -0.0291407 0.105094 0.00685449 -0.0225997 0.10508 0.012763 -0.0203658 0.0955965 0.0124495 -0.0165691 0.0955857 0.0126308 -0.0223679 0.0906298 0.0202606 -0.022768 0.101507 -0.0237105 -0.00673427 0.102548 -0.0195307 -0.00740279 0.100952 -0.0239714 -0.0112703 0.100369 -0.00902647 -0.0266575 0.101774 -0.0139949 -0.0295193 0.102111 -0.0149099 -0.0255941 0.0988897 -0.0128605 -0.0165144 0.100318 -0.00775383 -0.0115437 0.103339 -0.0131597 -0.0137277 0.102287 -0.00845094 -0.0157512 0.101909 -0.0137974 -0.0194674 0.10034 -0.0104118 -0.0225744 0.10161 -0.0118707 -0.02015 0.101404 -0.00702227 -0.0202736 0.102852 -0.0136594 -0.0279023 0.103331 -0.019066 -0.0243853 0.101132 -0.0176878 -0.0283488 0.103335 -0.016617 -0.0223907 0.102422 -0.0165076 -0.0204182 0.0992303 -0.0247077 -0.0253697 0.103587 -0.0199543 -0.0210135 0.101705 -0.0247998 -0.0211564 0.102102 -0.0195235 -0.0192381 0.0995027 -0.0212367 -0.00925478 0.102541 -0.0282295 -0.0100846 0.105061 -0.0220116 -0.0159592 0.100872 -0.0198072 -0.0159132 0.0997844 -0.0118555 -0.0185672 0.102272 -0.0209646 -0.016926 0.10176 -0.0180499 -0.0125837 0.101785 -0.0145741 -0.00967812 0.101695 -0.0173135 -0.00722968 0.103107 -0.0161388 -0.0133104 0.10068 -0.00911137 -0.0185395 0.0914146 -0.00950324 -0.0209823 0.0988544 -0.010156 -0.0220869 0.0930064 -0.0117502 -0.0233917 0.090758 -0.0119639 -0.0240092 0.0964474 -0.014855 -0.0252912 0.0921671 -0.0192186 -0.024371 0.0907329 -0.0107111 -0.018928 0.0903278 -0.0194969 -0.02326 0.0903278 -0.018275 -0.0205515 0.0903278 -0.019999 -0.0178588 0.0903278 -0.0228195 -0.0147374 0.090535 -0.0158303 -0.0209714 0.0903278 -0.0132836 -0.0173239 0.0903278 -0.0142647 -0.0199745 0.0903278 -0.0163101 -0.0210198 0.0946512 -0.0142026 -0.020664 0.0947592 -0.0132842 -0.017225 0.0946412 -0.0142581 -0.015227 0.0946386 -0.0144595 -0.0150778 0.0903278 -0.0169935 -0.0143671 0.094665 -0.0171917 -0.0142563 0.0903278 -0.0199391 -0.0167936 0.0947029 -0.0188254 -0.0202014 0.0946568 -0.0132592 -0.015186 0.0948436 -0.0196969 -0.012464 0.0952824 -0.0139006 -0.0227015 0.095649 -0.0109588 -0.0170201 0.0957204 -0.0128745 -0.0129387 0.095733 -0.0168185 -0.0114655 0.0958272 -0.0180282 -0.0145845 0.0965054 -0.0175158 -0.0199469 0.0965193 -0.0148575 -0.015489 0.0965278 -0.0142375 -0.015242 0.100794 -0.017481 -0.0146221 0.0998834 -0.0260508 -0.0180494 0.102478 -0.0118294 -0.0249287 0.102076 -0.011832 -0.0287094 0.105006 -0.00448924 -0.0144204 0.105037 -0.0112856 -0.00965933 0.102602 -0.0088083 -0.00808121 0.104975 -0.00479586 -0.0214627 0.105119 -0.00915012 -0.0257742 0.10686 -0.0176013 -0.0051262 0.104937 -0.0154691 -0.00680211 0.10713 -0.01986 -0.00549817 0.10559 -0.0108304 -0.00911518 0.107536 -0.00810961 -0.0122928 0.107728 -0.00565923 -0.0160902 0.106926 -0.0100622 -0.0199667 0.110372 -0.0147804 -0.0279062 0.107333 -0.00916419 -0.0159224 0.109896 -0.0191114 -0.0109842 0.110392 -0.0138074 -0.0105547 0.109825 -0.0112794 -0.023217 0.109584 -0.0181845 -0.0256105 0.109345 -0.0275904 -0.023399 0.112871 -0.0231061 -0.027574 0.112805 -0.0180602 -0.0305396 0.113235 -0.0228804 -0.0239598 0.108648 -0.0253068 -0.0169774 0.109056 -0.0304819 -0.0204561 0.113675 -0.0284659 -0.014859 0.112834 -0.023142 -0.013275 0.109586 -0.0270012 -0.00920866 0.113359 -0.0245223 -0.0295843 0.113749 -0.022022 -0.00433021 0.113743 -0.0158375 -0.0039408 0.113484 -0.0208645 -0.00323838 0.113074 -0.0242131 -0.00465405 0.113074 -0.0275916 -0.00737205 0.113074 -0.0308688 -0.0130534 0.113074 -0.0315618 -0.0187694 0.113074 -0.0304988 -0.0233272 0.113074 -0.0288237 -0.0264122 0.113074 -0.0255427 -0.0295924 0.113074 -0.0200437 -0.0321202 0.113074 -0.014027 -0.0322611 0.113074 -0.0122652 -0.0308963 0.11366 -0.00699555 -0.0174823 0.110609 -0.00185099 -0.0164035 0.113074 -0.00231498 -0.0216949 0.113074 -0.00853455 -0.0229672 0.110692 -0.00527619 -0.027063 0.113074 -0.0122425 -0.0262708 0.11061 -0.00937315 -0.0306144 0.113074 -0.0168843 -0.0273485 0.110692 -0.0246349 -0.0240617 0.109432 -0.0249914 -0.0272794 0.107307 -0.022159 -0.0255905 0.110599 -0.0213887 -0.0290611 0.107625 -0.0171177 -0.0287448 0.108707 -0.0269325 -0.0198688 0.109338 -0.0294538 -0.0233848 0.106286 -0.0286754 -0.0252035 0.106096 -0.00551704 -0.0217112 0.101972 -0.00638806 -0.0276392 0.104439 -0.00559356 -0.0223982 0.107848 -0.00907667 -0.02547 0.108847 -0.00408094 -0.0244109 0.104813 -0.0107193 -0.0294147 0.106836 -0.0120899 -0.0312517 0.104701 -0.00410652 -0.0107495 0.104164 -0.00235911 -0.0182747 0.104659 -0.0088535 -0.0158149 0.0993799 -0.0043379 -0.0146987 0.107297 -0.00495454 -0.0190116 0.108117 -0.0205386 -0.0286844 0.101845 -0.0187592 -0.0252723 0.0947501 -0.0226001 -0.0232626 0.0994286 -0.0278092 -0.0197895 0.101569 -0.0243321 -0.020008 0.0967476 -0.0246782 -0.016097 0.0994032 -0.0249949 -0.0124863 0.110609 -0.0264289 -0.0168361 0.110609 -0.0155617 -0.00275593 0.113074 -0.0141777 -0.00823299 0.110668 -0.0190792 -0.00803035 0.110692 -0.0219234 -0.00940108 0.110609 -0.0067556 -0.00640927 0.113074 -0.0100586 -0.0103706 0.11067 -0.0101354 -0.0042042 0.113074 -0.00776213 -0.0135626 0.110687 -0.00376548 -0.0102642 0.113074 -0.0266806 -0.0112132 0.108071 -0.0294788 -0.0133643 0.106612 -0.0295317 -0.0159677 0.107179 -0.0240528 -0.00797168 0.107872 -0.0201822 -0.00716595 0.108857 -0.0142857 -0.00788947 0.109618 -0.0172966 -0.00472936 0.107195 -0.00768333 -0.011281 0.108808 -0.0105971 -0.00752792 0.108071 -0.0293342 -0.0109278 0.104403 -0.0257848 -0.00647228 0.105412 -0.0136308 -0.00346034 0.10506 -0.0214733 -0.00394875 0.104791 -0.0152405 -0.00373495 0.103546 -0.030727 -0.0213926 0.105318 -0.0311886 -0.017242 0.104154 -0.029443 -0.023904 0.104049 -0.0309238 -0.0179447 0.105914 -0.0145022 -0.00820696 0.100344 -0.00787753 -0.00628147 0.104917 -0.0106485 -0.0121474 0.0993733 -0.0232559 -0.0130535 0.0947501 -0.0210151 -0.0109188 0.0949727 -0.0181916 -0.00993717 0.0919226 -0.0154066 -0.00979627 0.0951817 -0.023731 -0.0204278 0.0906921 -0.0132389 -0.0117311 0.0905564 -0.0192411 -0.0152363 0.0903278 -0.0185169 -0.0319559 0.104892 -0.0239378 -0.0300699 0.10521 -0.0255688 -0.0217137 0.110671 -0.00418169 -0.0238701 0.11373 -0.0027763 -0.0146446 0.113746 -0.00639891 -0.0075083 0.113731 -0.0102612 -0.00549375 0.1135 -0.014429 -0.00703495 0.11226 -0.00874296 -0.00991357 0.11235 -0.00597356 -0.0134356 0.112623 -0.00937972 -0.0261871 0.112477 -0.0259777 -0.0225159 0.107327 -0.0291599 -0.0195567 0.105078 -0.0260067 -0.0258067 0.105073 -0.0249015 -0.00812003 0.104998 -0.0203643 -0.0296403 0.105122 -0.0209677 -0.0215506 0.0956575 -0.0226705 -0.0164066 0.0957711 -0.0150613 -0.0214896 0.101699 -0.00828842 0.0103095 0.101348 -0.00781748 0.00619821 0.10392 -0.0120632 0.00595803 0.102078 -0.0128811 0.0213578 0.101422 -0.00639913 0.0217771 0.103629 -0.009643 0.024579 0.102863 -0.0122345 0.0194877 0.101345 -0.00833808 0.0181157 0.101835 -0.014834 0.0192725 0.0988493 -0.0120627 0.00991103 0.10212 -0.00767358 0.0116161 0.103278 -0.0122997 0.0149484 0.101518 -0.013795 0.0164208 0.10005 -0.00840527 0.0153355 0.101928 -0.0119302 0.0166559 0.102087 -0.0160058 0.00858047 0.102121 -0.0152722 0.012214 0.102003 -0.0170412 0.013068 0.101274 -0.0169458 0.0146422 0.0982386 -0.0209557 0.0137241 0.101355 -0.0249769 0.0118641 0.102804 -0.0221025 0.00892536 0.102891 -0.0208136 0.0156201 0.101375 -0.0255241 0.0148149 0.102316 -0.018962 0.0153503 0.100478 -0.0205493 0.0202642 0.101654 -0.0192834 0.0189459 0.0995035 -0.0233247 0.0245192 0.102666 -0.0267115 0.0226627 0.103758 -0.022032 0.0192668 0.101641 -0.0139408 0.0202218 0.102316 -0.0154401 0.0141357 0.10114 -0.0196397 0.0140277 0.101879 -0.0177507 0.0225338 0.101766 -0.0147565 0.0279523 0.103278 -0.0188638 0.0271012 0.102842 -0.0161101 0.0215715 0.10067 -0.0134678 0.0244372 0.101423 -0.0174306 0.0203272 0.0994367 -0.0130052 0.0234466 0.0905826 -0.00955434 0.0197729 0.0908043 -0.0112319 0.0128353 0.0905828 -0.00887129 0.0158805 0.0946849 -0.00883321 0.0186664 0.0966363 -0.00956437 0.0138582 0.0938456 -0.0113819 0.0115069 0.092967 -0.0134056 0.0101665 0.0955504 -0.0162076 0.010476 0.0905255 -0.0150066 0.00959082 0.0968254 -0.0138358 0.015628 0.0903278 -0.0132691 0.0178279 0.0903278 -0.0226585 0.0160389 0.0903278 -0.0201653 0.0175823 0.0903278 -0.0198779 0.0159545 0.0903278 -0.019191 0.0149572 0.0903278 -0.0182046 0.014255 0.0903278 -0.0163645 0.0140122 0.0903278 -0.0140432 0.015003 0.0947027 -0.0134267 0.0191276 0.0947451 -0.0150947 0.0202956 0.0903278 -0.0153807 0.0204701 0.0946412 -0.0188289 0.0199314 0.0946534 -0.0175827 0.0207782 0.0903278 -0.0173255 0.013968 0.094646 -0.0193528 0.0166698 0.0948278 -0.0187348 0.0145671 0.0946608 -0.0197408 0.015698 0.0946448 -0.0201702 0.0175145 0.0946427 -0.0128383 0.0126997 0.0956899 -0.0107112 0.0167417 0.0957602 -0.0130333 0.0219305 0.0956784 -0.0154476 0.0114741 0.0959779 -0.0179701 0.011371 0.0955645 -0.0147899 0.0142828 0.0965278 -0.0167389 0.0199921 0.0965278 -0.0195006 0.0223913 0.095688 -0.0172867 0.0153291 0.0965278 -0.0200111 0.0155682 0.0965134 -0.013573 0.00552463 0.105089 -0.00413853 0.0170964 0.105188 -0.00490864 0.0134975 0.104418 -0.0064516 0.0101092 0.105002 -0.0241365 0.0273215 0.105142 -0.0156997 0.0299636 0.105051 -0.018383 0.0276533 0.107536 -0.015421 0.0276996 0.107536 -0.0116948 0.0264208 0.107536 -0.00977011 0.0277553 0.105166 -0.00826353 0.0233849 0.107536 -0.00593269 0.0238306 0.105081 -0.0066104 0.0196713 0.107536 -0.00949838 0.0163181 0.110201 -0.00870843 0.0104283 0.107333 -0.0100436 0.00798756 0.10653 -0.0140244 0.00688087 0.10713 -0.0145744 0.0248749 0.10959 -0.0205026 0.0256681 0.108513 -0.0105908 0.022185 0.109587 -0.0116114 0.0114585 0.109589 -0.017186 0.00977178 0.110135 -0.00850107 0.0179805 0.110925 -0.018389 0.0303887 0.113225 -0.020894 0.0276431 0.11235 -0.0249305 0.0243608 0.11226 -0.0236219 0.0214299 0.109403 -0.0286798 0.0133325 0.113057 -0.0264326 0.00801792 0.113416 -0.0235363 0.011468 0.108647 -0.0229124 0.00535463 0.113413 -0.0193509 0.00574362 0.112806 -0.0146196 0.0061659 0.112532 -0.0254922 0.0156456 0.108835 -0.0298203 0.0174345 0.113222 -0.0289973 0.02191 0.113225 -0.0163813 0.00325977 0.113738 -0.0252513 0.0286774 0.113753 -0.0188177 0.0320495 0.113074 -0.0258596 0.0290883 0.113074 -0.0313978 0.0157511 0.113074 -0.0301315 0.023821 0.113074 -0.0290659 0.00913578 0.113074 -0.0242898 0.00457272 0.113074 -0.0197715 0.00274194 0.113074 -0.0150198 0.00260546 0.113074 -0.00711042 0.0194838 0.110692 -0.00198013 0.0198899 0.113074 -0.00704227 0.0170787 0.110484 -0.00207415 0.0144688 0.113074 -0.00910318 0.0113675 0.110675 -0.00363758 0.0101194 0.113074 -0.00844408 0.00519407 0.113074 -0.0127598 0.00840032 0.110692 -0.0163269 0.00768548 0.110607 -0.0212333 0.00933342 0.110345 -0.0256136 0.0144589 0.110331 -0.0251818 0.00841272 0.10763 -0.0185878 0.0062481 0.108525 -0.0139006 0.0059298 0.108071 -0.00496842 0.018724 0.108088 -0.00547904 0.0136615 0.108105 -0.00244461 0.015844 0.105096 -0.00229611 0.0192893 0.104436 -0.0034635 0.0184865 0.102813 -0.00438778 0.0100643 0.10462 -0.00706116 0.0082964 0.106784 -0.0103198 0.00879205 0.109055 -0.011604 0.00395051 0.105096 -0.0051778 0.0140809 0.101972 -0.017775 0.00462897 0.102556 -0.0197178 0.00785016 0.100717 -0.0185563 0.00969236 0.0933864 -0.0212457 0.0109202 0.0947501 -0.0232559 0.0127537 0.0972977 -0.0249044 0.0112817 0.10096 -0.0245446 0.0164125 0.0946659 -0.0228918 0.024926 0.11066 -0.0260524 0.0197448 0.110562 -0.0174077 0.0270681 0.11068 -0.00634876 0.0280638 0.113074 -0.011995 0.025975 0.110681 -0.0117727 0.031462 0.113074 -0.00321012 0.0238295 0.113074 -0.00889121 0.0232065 0.110601 -0.027772 0.0216135 0.108071 -0.030199 0.0191924 0.106542 -0.0242275 0.0259066 0.108485 -0.00893908 0.0266591 0.107848 -0.0140999 0.0283392 0.108549 -0.00548153 0.0225197 0.107589 -0.0136066 0.0312884 0.105684 -0.0249609 0.0265779 0.102123 -0.0255276 0.0209405 0.100304 -0.0296914 0.0236133 0.104587 -0.0279711 0.0190349 0.10161 -0.0198146 0.0287691 0.108084 -0.0214518 0.0311014 0.105413 -0.00962061 0.0299673 0.104382 -0.025982 0.0284837 0.104897 -0.0198674 0.029668 0.102416 -0.00467091 0.0253327 0.104683 -0.00978552 0.0280285 0.102417 -0.0308426 0.0142331 0.104885 -0.0309647 0.0197482 0.104383 -0.0294831 0.0145309 0.10268 -0.0156556 0.0317785 0.10419 -0.0149926 0.0276902 0.10088 -0.0117281 0.0237724 0.0993644 -0.00946708 0.0209634 0.0994327 -0.0242308 0.019979 0.0947111 -0.0210949 0.0242718 0.0989616 -0.0231528 0.0221069 0.0930064 -0.0179555 0.0252807 0.0965314 -0.0203545 0.0244104 0.0930064 -0.0150074 0.0251733 0.0942818 -0.0220115 0.0124219 0.0906744 -0.0239427 0.0195137 0.0906392 -0.0188818 0.0241701 0.0906664 -0.019441 0.019438 0.0903278 -0.00919385 0.0143519 0.0991797 -0.028616 0.0101146 0.103365 -0.0193095 0.00523833 0.104468 -0.0198029 0.0032951 0.105295 -0.0237366 0.00477429 0.104573 -0.0278716 0.0081546 0.105215 -0.00946118 0.00624498 0.113305 -0.00400282 0.0162603 0.113118 -0.00555631 0.0097115 0.11345 -0.00486491 0.0243195 0.113579 -0.0110403 0.0303944 0.113737 -0.01404 0.0289368 0.112713 -0.011222 0.0274048 0.112532 -0.0189078 0.0070321 0.107333 -0.0226958 0.00773449 0.106621 -0.0265407 0.0213088 0.107315 -0.026975 0.0183271 0.103061 -0.0290003 0.018591 0.105049 -0.026097 0.00943747 0.104956 -0.0214413 0.013603 0.0953906 -0.0227006 0.0177698 0.0958274 -0.0206695 0.0181119 0.102123 0.026035 0.00675453 0.102546 0.0205447 0.00594952 0.101734 0.0252707 0.0113097 0.100115 0.0205683 0.0176804 0.0983579 0.0269236 0.0201042 0.102249 0.0218631 0.0189096 0.101674 0.0225879 0.0206638 0.101282 0.0272558 0.0247213 0.103811 0.0258674 0.0135377 0.101919 0.0226834 0.0146883 0.101674 0.0213619 0.0162258 0.101143 0.0229182 0.0170198 0.100448 0.0216203 0.00718146 0.103307 0.0195979 0.0119935 0.101214 0.0183077 0.00742126 0.102803 0.0151958 0.00886289 0.102267 0.0177283 0.0124517 0.10098 0.0185914 0.0134616 0.102173 0.01864 0.0146252 0.0982849 0.0149213 0.015629 0.100754 0.0164484 0.015664 0.0980341 0.00845644 0.0169493 0.102744 0.014194 0.0137127 0.101345 0.00869783 0.0127425 0.103266 0.0117384 0.0104062 0.102575 0.013452 0.0186623 0.102298 0.0115655 0.023719 0.102358 0.00912748 0.0214189 0.102853 0.0153113 0.0198214 0.100051 0.0211226 0.020503 0.10213 0.0229685 0.0163208 0.102569 0.0151393 0.0142505 0.102364 0.0201126 0.0135964 0.101424 0.0178516 0.0223663 0.10218 0.0191361 0.0264418 0.102325 0.0146456 0.0265569 0.102733 0.018768 0.021033 0.100589 0.0164912 0.0212754 0.10056 0.0253966 0.0156508 0.0906888 0.0261644 0.0181076 0.0925867 0.0258401 0.0148392 0.0946849 0.0247233 0.0127053 0.0947072 0.0224952 0.0117166 0.0905195 0.0224767 0.0105354 0.0953949 0.0173551 0.0100557 0.0907752 0.0199436 0.00963701 0.0946849 0.0238855 0.0206768 0.0903278 0.0163325 0.0146486 0.0903278 0.0139508 0.0130349 0.0903278 0.0149066 0.0166793 0.0903278 0.0195489 0.0143025 0.0903278 0.0215815 0.01709 0.0903278 0.0183815 0.0141211 0.0946454 0.0212846 0.0157832 0.0946482 0.0216105 0.0182503 0.0946524 0.0211651 0.019381 0.0903278 0.0203443 0.0201857 0.0946315 0.0199158 0.0204634 0.0903278 0.0177118 0.0207282 0.0946372 0.0180209 0.0208263 0.0903278 0.0187988 0.0120932 0.0948652 0.0195521 0.0193012 0.0948455 0.0155757 0.0153688 0.0946495 0.0148409 0.0175359 0.0946438 0.0157866 0.0197254 0.0946817 0.0225722 0.01418 0.0948278 0.0206055 0.0119304 0.0956108 0.0240666 0.0155805 0.0957252 0.0223808 0.021272 0.0957204 0.0163774 0.0232173 0.0956018 0.0200984 0.0154039 0.0965208 0.0173412 0.0211131 0.0965278 0.0150324 0.018189 0.100426 0.0245375 0.0106294 0.102354 0.0287065 0.0105875 0.105269 0.0280125 0.0164462 0.102682 0.0308172 0.0165967 0.105053 0.0227319 0.0246131 0.101869 0.0200208 0.0296217 0.104881 0.0267445 0.0267446 0.105211 0.0220874 0.00553621 0.104925 0.0295624 0.0228343 0.105053 0.0123072 0.0282748 0.105199 0.0189871 0.0279882 0.107333 0.0152242 0.0278566 0.10713 0.0236163 0.0266223 0.107309 0.0274014 0.0221873 0.107536 0.0289123 0.0176527 0.107333 0.0292479 0.0142594 0.106723 0.0230774 0.00831819 0.107536 0.0232427 0.0123231 0.110414 0.0200516 0.0249543 0.109586 0.0245381 0.0220267 0.109225 0.0259524 0.0165241 0.109584 0.01864 0.00977665 0.109493 0.0256928 0.0192424 0.110309 0.0235815 0.0229739 0.110683 0.0122278 0.0275576 0.112758 0.00704577 0.0223709 0.112986 0.0126071 0.0223217 0.109771 0.0111176 0.0168484 0.110441 0.00983345 0.0090015 0.112806 0.0112842 0.0119781 0.108778 0.017726 0.00603564 0.112532 0.0141351 0.00632085 0.112715 0.0159872 0.0248548 0.10994 0.0174607 0.0272556 0.111807 0.0296806 0.0244487 0.113412 0.0245412 0.0292407 0.113411 0.0148702 0.0312538 0.113744 0.00749178 0.0268354 0.113735 0.0041716 0.0189644 0.113752 0.00648022 0.00984403 0.113757 0.0217821 0.00695015 0.11235 0.0183409 0.00325992 0.113743 0.0108459 0.0050625 0.113719 0.016725 0.0321726 0.113074 0.00969652 0.0294374 0.113074 0.00348241 0.018043 0.113074 0.00496003 0.0240572 0.113074 0.00526893 0.0102463 0.113074 0.00945733 0.00540757 0.113074 0.0135387 0.00321709 0.113074 0.0197816 0.00262532 0.113074 0.0275861 0.0191655 0.110419 0.0332283 0.0175 0.113074 0.0270819 0.0135556 0.110628 0.0322083 0.0120956 0.113074 0.0291551 0.00719159 0.113074 0.0227129 0.00900682 0.110442 0.0249219 0.00401283 0.113074 0.0223849 0.00845024 0.110671 0.0193542 0.00765707 0.110681 0.0170678 0.00541337 0.107901 0.0217313 0.00574993 0.1078 0.0114146 0.0107661 0.11059 0.0119374 0.00563524 0.106679 0.00951367 0.00952298 0.108071 0.00900409 0.0182613 0.110291 0.00709873 0.0135916 0.108071 0.0315488 0.0145848 0.106465 0.0299256 0.0207209 0.107848 0.0326833 0.018416 0.104548 0.0322357 0.0133903 0.10409 0.0302519 0.0161468 0.101998 0.0293293 0.0131843 0.108071 0.0260767 0.00820388 0.107848 0.0300909 0.00910334 0.105382 0.0251358 0.00458911 0.104883 0.0203839 0.00315006 0.104548 0.0291502 0.0208549 0.101594 0.0298208 0.0108284 0.10282 0.029235 0.00804441 0.104041 0.0163917 0.00959875 0.0970996 0.0159822 0.00673539 0.101268 0.0129322 0.0112599 0.0994302 0.0105266 0.0158332 0.0942653 0.012198 0.012709 0.0914519 0.0093084 0.0138479 0.100315 0.0119331 0.0247963 0.11068 0.0151419 0.0264987 0.110398 0.0276359 0.0288362 0.113074 0.0219936 0.0262676 0.110677 0.0212537 0.032093 0.113074 0.0319973 0.0232017 0.113074 0.0218564 0.0281532 0.108473 0.0156189 0.0294069 0.107625 0.0267604 0.0255366 0.108088 0.00799335 0.0228961 0.108145 0.00397763 0.0182081 0.105564 0.0108553 0.0266787 0.108048 0.00611816 0.0249739 0.104752 0.0123321 0.0306794 0.105117 0.0169554 0.0315931 0.104625 0.00527301 0.0207121 0.102977 0.00653224 0.0177274 0.101831 0.00975879 0.0276279 0.102931 0.0292554 0.0266737 0.105471 0.0310842 0.0238274 0.104423 0.00449732 0.0131103 0.104746 0.0114081 0.0215331 0.0994145 0.0138921 0.0278958 0.101485 0.0185254 0.0288038 0.101562 0.0235276 0.03076 0.104462 0.0249132 0.022046 0.0988902 0.027139 0.0268233 0.10269 0.0198022 0.0251628 0.098804 0.00635195 0.0144501 0.102153 0.0105287 0.0192436 0.0948317 0.0127981 0.0231966 0.096087 0.0147538 0.0245987 0.0965804 0.017365 0.025268 0.0938456 0.0235624 0.0233541 0.0963635 0.0263689 0.0172947 0.0990107 0.0215015 0.0245882 0.0921212 0.0108205 0.0179086 0.0906518 0.0128531 0.0225808 0.0907918 0.0185473 0.0249536 0.0908326 0.0243272 0.0216503 0.0906355 0.0139922 0.0223399 0.0903316 0.0149983 0.0184697 0.0903278 0.0162072 0.020168 0.0903278 0.00648542 0.00931045 0.104195 0.0134947 0.00393002 0.104788 0.0155195 0.00794369 0.110692 0.028176 0.00722679 0.113739 0.0324806 0.0158194 0.113731 0.0296952 0.0167755 0.112525 0.0290968 0.0136712 0.112532 0.021207 0.0284079 0.112532 0.029372 0.020093 0.112532 0.0173476 0.00685358 0.107333 0.0130341 0.00784817 0.107061 0.00780334 0.0181771 0.107333 0.00884656 0.0231946 0.106944 0.0121392 0.0263802 0.107106 0.00679952 0.0222756 0.105033 0.0106292 0.00778293 0.104986 0.0160157 0.00508407 0.104881 0.00607539 0.0145553 0.105051 0.0160072 0.0156975 0.0965173 0.0151063 0.0125077 0.0960534 0.0134021 0.0141938 0.0953113 0.0129175 0.0198761 0.0955422</float_array>
                    <technique_common>
                        <accessor count="5995" source="#shape0-lib-positions-array" stride="3">
                            <param name="X" type="float"/>
                            <param name="Y" type="float"/>
                            <param name="Z" type="float"/>
                        </accessor>
                    </technique_common>
                </source>
                <source id="shape0-lib-normals" name="normal">
                    <float_array id="shape0-lib-normals-array" count="36204">-0.693375 0.632943 -0.344406 -0.930527 0.322163 -0.174155 -0.979188 0.173629 -0.105093 -0.941509 0.336965 0.00396367 -0.967177 -0.208909 0.144654 -0.806641 -0.58536 0.0817594 -0.600379 0.793894 -0.096323 -0.198604 -0.0543767 -0.97857 0.0566374 0.015507 -0.998274 0.153527 0.0507896 -0.986838 0.512348 0.13686 -0.847803 0.903355 -0.311259 -0.295073 -0.166561 0.978927 0.118153 0.906242 -0.27311 -0.322702 -0.897704 -0.009256 -0.440501 -0.573727 -0.0534591 -0.8173 -0.957718 0.274475 0.0862499 0.503965 0.41941 -0.755059 0.186199 0.0475733 -0.98136 0.288432 0.953679 0.0854616 -0.291801 -0.949477 -0.115525 0.215492 -0.889576 -0.402761 0.132156 0.954385 0.267738 0.849958 0.101535 0.516974 0.572701 0.398412 0.716437 -0.703884 -0.0683489 0.707019 0.677603 0.734755 0.0314589 -0.849361 0.442362 0.287926 0.100252 0.941462 0.321867 -0.105397 -0.989782 0.0960402 -0.70398 -0.60724 0.368335 -0.19996 0.935598 -0.290987 0.801283 0.287794 0.52452 0.929918 -0.164893 0.32873 0 0 1 -0.385984 0.292352 0.874955 -0.75804 0.634819 -0.149598 -0.245018 -0.609078 0.754315 0.626943 0.446873 0.638159 -0.280822 0.328219 0.901893 0 0 1 0.069116 -0.323389 0.943739 -0.14812 -0.988968 -0.00134401 -0.772842 0.429902 -0.466798 0.027107 0.991885 -0.124214 0.996538 -0.0686264 -0.0469266 0.796153 -0.525589 0.299828 0.99713 0.0355276 -0.0668586 0.995073 0.096624 -0.0222026 -0.76188 -0.576192 -0.295876 -0.499627 -0.855659 0.134981 -0.445672 -0.755245 -0.480606 0.761595 -0.576847 0.295332 0.753406 -0.630938 0.185192 0.586874 -0.754941 0.292649 -0.645961 0.688992 -0.328671 -0.814119 -0.580289 -0.0218056 0.850237 0.103417 0.516141 -0.884575 -0.263355 -0.384929 0.0354384 -0.658923 -0.751375 -0.0911571 -0.906374 0.412524 -0.813555 -0.565967 0.133451 0.767816 -0.204638 -0.60711 0.641852 -0.750184 0.158905 0.955462 0.00715338 -0.295026 -0.951448 -0.113659 0.286056 -0.803001 -0.594028 -0.0481572 0.538359 0.841817 -0.0389014 0.0965753 0.982435 0.159673 -0.262941 0.400701 -0.877668 -0.958685 0.274693 0.073935 -0.473248 0.759062 -0.447058 0.633459 -0.418976 0.65053 0.817003 0.155919 -0.555154 0.761585 0.628589 -0.157685 -0.180069 0.962152 0.204544 0.88384 -0.257604 0.39047 -0.495716 0.419607 -0.760392 0.384692 -0.286004 -0.877618 -0.554275 0.782673 0.283199 0.360275 0.895589 -0.261004 -0.634891 0.692297 -0.342985 -0.903916 -0.033622 0.426386 0.893751 0.149636 -0.422869 0.325402 0.794821 0.512223 -0.372384 0.927996 -0.0123709 -0.398298 0.916246 -0.0430229 0.988637 -0.0891815 0.121012 0.988682 -0.0705144 0.132424 -0.764141 -0.641376 0.0687373 -0.916278 -0.363352 0.168555 -0.0889109 0.994833 0.0490166 -0.348474 0.93333 -0.0863784 0.991748 -0.117276 0.0517938 -0.388671 0.920584 -0.038205 0.990803 0.127689 -0.0447719 0.468688 0.882848 0.0301824 -0.982206 -0.174158 -0.070292 -0.997122 0.0711164 -0.0262663 0.0514394 -0.998547 0.0160861 0.397913 -0.915359 0.0615088 0.917137 0.389892 -0.0827278 -0.609379 -0.786675 -0.0989917 -0.480717 -0.87682 0.00993681 -0.120643 0.894369 -0.430754 0.818066 -0.559237 -0.134245 -0.863396 -0.494397 0.100595 -0.163886 0.869079 0.466737 -0.347321 -0.936881 -0.0402872 -0.185711 0.210801 0.959726 -0.656403 0.745087 -0.11824 0.998292 0.0510016 -0.028487 -0.103715 -0.0542299 -0.993128 0.0144481 -0.401147 -0.9159 0.238232 0.456133 -0.857431 -0.0571555 -0.19368 0.979398 -0.0724291 -0.107878 -0.991522 0.729533 -0.513897 -0.451323 0.21683 0.95378 0.20806 -0.473096 -0.880332 0.0345811 0.717413 -0.536736 -0.444111 -0.108431 -0.0850225 -0.990461 0.53632 0.751087 0.385006 0.447883 -0.395185 -0.802016 -0.0717255 -0.108325 -0.991525 0.515951 0.844288 0.144821 0.221486 -0.868412 -0.443626 -0.16198 0.135158 -0.977494 0.9641 0.265318 -0.0108286 -0.85083 0.491958 -0.18457 -0.139806 -0.0664431 -0.987947 0.294188 0.954286 -0.0528334 0.661432 -0.749344 0.0314842 -0.981319 -0.188413 0.0389103 -0.992086 -0.0940262 0.0832101 -0.482418 -0.842395 -0.240091 -0.783257 0.575452 -0.235294 0.885566 0.418855 -0.200833 -0.216452 -0.966298 -0.139344 -0.787427 0.611169 -0.0801958 0.163551 -0.97509 -0.149835 -0.603894 0.795943 -0.0422767 -0.992151 -0.097508 -0.078283 -0.415741 -0.909242 0.0209559 0.765017 -0.388917 0.513315 0.139807 0.0664435 0.987947 0.16198 -0.135158 0.977494 0.0717254 0.108325 0.991525 0.0724291 0.107878 0.991522 -0.268752 -0.580332 -0.768757 0.103715 0.0542299 0.993128 0.569966 0.686472 0.451547 0.733752 0.651105 0.194088 0.316076 -0.80087 0.50863 0.993257 0.0795167 -0.0843614 -0.29602 -0.953717 0.0528772 0.144194 0.0636507 0.9875 0.108431 0.0850225 0.990461 -0.678778 0.522829 0.515665 0.899885 0.150385 -0.409379 0.520647 0.852745 0.0418749 0.602403 -0.251028 0.757691 0.706681 0.683308 0.183555 -0.256832 -0.386024 0.886015 -0.217581 -0.426896 0.877735 0.0571555 0.19368 -0.979398 -0.0612195 0.524468 0.849226 -0.873395 0.0491952 0.484522 -0.104008 -0.0532929 -0.993148 -0.00217588 -0.355418 -0.934705 -0.359327 0.0667267 0.930823 -0.499467 -0.707289 -0.500274 -0.0569904 -0.19357 0.97943 0.0441555 -0.991692 -0.120817 -0.0681921 -0.110464 -0.991538 0.443461 -0.393764 -0.805166 0.320335 0.76641 0.556777 -0.771305 -0.608086 0.187936 0.610731 -0.494673 -0.618309 -0.108364 -0.0850661 -0.990465 0.469673 0.87455 0.120707 0.613814 -0.470308 -0.634068 -0.0676907 -0.110782 -0.991537 -0.0705366 -0.958439 -0.276441 0.245569 -0.906183 -0.34428 -0.161402 0.133207 -0.977858 -0.81362 0.435426 -0.385263 -0.128384 -0.0736103 -0.988989 -0.136115 -0.0687762 -0.988303 0.14023 -0.95394 0.265207 -0.398812 -0.911661 0.0991175 0.471145 -0.828505 -0.302659 -0.994546 -0.0647043 0.0818061 -0.615018 -0.786057 0.0621832 -0.926589 -0.334935 -0.171031 -0.401367 -0.9134 -0.067857 0.153436 0.988001 0.017665 0.846199 0.529656 -0.0584147 -0.203521 -0.972932 -0.109469 -0.910843 0.411533 -0.0317061 0.763568 0.628279 -0.149094 -0.522345 0.849661 -0.072329 0.867983 0.370587 0.330561 -0.149541 -0.779747 -0.607974 0.128384 0.0736103 0.988989 0.136115 0.0687762 0.988303 0.999148 -0.0307512 0.0275266 0.161402 -0.133207 0.977858 0.0676907 0.110782 0.991537 0.0681921 0.110464 0.991538 -0.504667 0.171387 0.846131 0.104008 0.0532929 0.993148 0.737037 -0.360276 0.57182 0.00489523 0.979005 -0.203777 0.862171 0.505399 0.0351049 0.302985 -0.711469 0.634045 -0.869676 0.490033 -0.0594226 -0.733684 0.514102 0.444305 0.108364 0.0850661 0.990465 -0.100522 0.21794 0.970772 0.242802 0.932651 0.266849 0.360891 0.671862 -0.646807 -0.548872 0.766561 0.333353 0.409908 -0.111043 0.905343 -0.257026 -0.483142 0.836966 0.0569904 0.19357 -0.97943 0.1971 -0.966569 -0.163998 -0.101739 0.624642 0.774255 0.972659 0.051308 -0.2265 -0.992041 -0.057294 -0.112126 0.818651 -0.572952 0.0391967 -0.765905 0.620487 0.168478 -0.160509 -0.980739 -0.111304 -0.179014 0.891639 -0.415854 -0.542391 0.779744 0.312747 0.984159 -0.0231188 0.175773 -0.985158 0.171483 0.00760639 -0.655196 0.736547 0.167982 0.638083 0.763285 0.101218 0.601559 -0.782897 -0.15874 0.890424 0.326022 0.317577 -0.147192 -0.966882 0.208502 -0.947522 0.218233 -0.233615 -0.967443 0.25079 0.0340219 0.729001 0.680067 -0.0778893 0.70636 0.70238 -0.0878517 0.144109 0.98807 -0.0543234 -0.402752 0.914771 0.0313834 -0.938414 -0.343593 -0.0363668 -0.720485 -0.693085 0.023108 0.660058 -0.749529 -0.0502882 0.98591 -0.152812 0.0680382 0.570406 -0.82068 0.0334936 0.402818 -0.914999 -0.022687 -0.103715 -0.0542299 -0.993128 0.0715919 -0.550721 -0.831614 0.512918 -0.834819 0.199982 0.081078 0.229083 -0.970024 -0.0569946 -0.193417 0.97946 -0.0724291 -0.107878 -0.991522 -0.201994 -0.0269819 -0.979015 -0.368108 -0.928765 -0.0434948 -0.440664 0.147728 -0.885433 -0.1113 -0.0831308 -0.990304 0.771714 -0.524377 -0.359843 -0.0711755 -0.108674 -0.991526 0.047983 -0.98823 -0.145255 0.213955 -0.855889 -0.470826 -0.15914 0.125653 -0.979227 -0.82711 0.455159 -0.329727 -0.140035 -0.0662942 -0.987925 -0.855128 -0.463222 -0.23277 0.836741 0.506376 0.20844 -0.977311 -0.209523 -0.0310379 -0.391845 -0.919973 0.0103725 -0.984454 -0.175073 0.014118 -0.198882 -0.979325 -0.0370007 0.415987 0.907792 0.05356 0.33206 0.903453 -0.271127 -0.861295 -0.26212 -0.435274 -0.0448996 0.567323 0.82227 0.989772 0.128246 0.062479 0.857849 0.446363 0.254668 0.788445 -0.411973 0.456763 0.140035 0.0662942 0.987925 -0.686519 -0.667671 -0.287936 0.15914 -0.125653 0.979227 0.0711755 0.108674 0.991526 0.0724291 0.107878 0.991522 -0.546857 -0.757433 -0.35671 0.103715 0.0542299 0.993128 0.687094 0.668808 0.283899 -0.236006 0.892351 0.384722 -0.837777 0.545855 -0.0130976 -0.809009 0.53065 0.252814 0.473853 0.880154 0.0281562 0.762253 0.646669 0.028123 0.1113 0.0831308 0.990304 0.427896 -0.138197 0.8932 0.394161 0.918983 -0.0103936 0.461113 -0.062659 0.885127 0.0181705 0.971297 0.237176 -0.3916 0.368012 0.843337 0.585601 -0.0238057 0.81025 0.361206 0.462202 0.809877 0.0569946 0.193417 -0.97946 -0.457989 0.792743 -0.402249 -0.191967 0.820802 0.53799 -0.104008 -0.0532929 -0.993148 0.120908 -0.669684 -0.732738 -0.377685 0.925773 0.0172568 -0.298332 -0.357936 -0.884805 -0.0569671 -0.193401 0.979465 -0.0723777 -0.10791 -0.991522 0.759739 -0.522448 -0.387099 0.122932 0.988318 0.0900822 -0.296838 -0.950725 -0.0894934 0.633992 -0.504726 -0.585923 -0.111232 -0.0831746 -0.990308 0.834422 -0.530319 -0.150005 -0.0710853 -0.108731 -0.991526 -0.301123 0.701783 -0.645621 -0.159253 0.126044 -0.979159 -0.990928 0.076377 -0.110579 -0.827463 0.455526 -0.32833 -0.139578 -0.0665914 -0.987969 0.203366 0.967038 -0.153232 -0.712237 -0.701685 -0.0188967 0.955551 0.278109 0.0978636 -0.982984 0.124014 -0.135509 0.27153 0.961722 0.0369041 -0.393045 -0.918123 -0.050651 0.487904 0.846334 0.213699 0.288254 0.955899 0.0562777 0.216061 -0.946673 -0.239014 0.979294 0.108944 0.170629 -0.366075 -0.891517 -0.266807 0.995749 0.00337455 0.0920506 0.843996 -0.479029 0.241252 0.139578 0.0665914 0.987969 0.159253 -0.126044 0.979159 0.0710853 0.108731 0.991526 0.0723777 0.10791 0.991522 -0.855678 -0.506 -0.108533 0.104008 0.0532929 0.993148 -0.675223 -0.6465 -0.355123 -0.213423 0.854959 0.472753 -0.912148 0.401261 0.0835241 0.579951 0.814635 0.00524623 -0.44132 0.392025 0.807189 0.111232 0.0831746 0.990308 -0.576401 0.47918 0.661928 0.298143 0.950232 0.0903903 0.0596374 -0.99263 -0.105492 0.422756 -0.119959 0.898269 0.256658 -0.663744 0.702546 0.278304 -0.669032 0.689161 -0.0956172 -0.685524 0.721744 -0.249802 -0.472422 0.845232 0.0569671 0.193401 -0.979465 -0.267752 0.938491 0.218043 0.775674 0.615962 0.137554 0.809093 0.538618 -0.235073 0.441475 -0.896958 0.0237887 -0.96701 0.147741 -0.207521 -0.436985 0.839631 0.322589 -0.0346218 -0.959459 -0.279716 0.949525 0.29274 -0.112717 -0.841358 0.540473 -0.00242749 0.46996 -0.4199 0.776416 0.503875 -0.46755 -0.726297 -0.967431 0.079326 0.240384 0.767323 -0.641229 -0.00645393 0.25498 0.966614 -0.0253439 -0.761612 0.445501 -0.470613 -0.0770705 -0.980147 -0.182681 -0.562112 0.694018 0.449855 0.955789 0.264919 0.127614 -0.788737 -0.5657 0.240577 -0.00663564 0.999674 -0.0246731 0.0678532 -0.975145 0.210924 -0.834822 0.375529 -0.402554 0.699341 0.568409 0.433397 0.941185 -0.331508 -0.0653613 -0.0703798 0.994026 0.0834176 -0.720737 0.683232 -0.117187 0.896206 0.41873 -0.146559 0.933044 -0.359761 -0.000277791 0.237447 0.969464 0.0612991 -0.069413 0.997562 0.00716735 -0.79678 -0.604134 0.0128201 -0.933012 -0.357891 -0.0374434 0.72482 -0.68876 -0.0156395 0.894853 -0.441617 -0.0649075 -0.265698 -0.952929 -0.146053 -0.79501 -0.596549 0.109947 0.552088 -0.833708 0.0114054 0.0304077 -0.98948 0.141435 0.927525 0.370622 0.0483474 -0.881427 0.449149 0.146124 -0.733065 0.63368 -0.247113 -0.0578482 0.975531 0.212113 0.302111 0.953272 -0.00110308 -0.558515 0.828354 -0.0434829 -0.00953058 0.997466 0.0704989 -0.927617 -0.372256 -0.0308674 -0.268713 -0.958169 0.0985191 0.886128 -0.451545 -0.104334 0.969455 0.245267 0.000352064 0.709237 -0.698473 -0.0954888 0.102027 -0.994335 0.0298088 -0.969745 -0.237914 -0.0547029 -0.105576 -0.0484015 -0.993233 0.724912 0.661255 0.192991 0.223214 -0.877583 -0.424292 0.133169 0.305432 -0.942856 -0.0569726 -0.193402 0.979464 -0.0724291 -0.107878 -0.991522 0.819016 -0.532141 -0.214568 0.140354 0.987575 0.0706872 0.425205 0.780922 0.45756 -0.369752 0.0954793 -0.924212 -0.1113 -0.0831308 -0.990304 0.428168 -0.385594 -0.817306 -0.0711755 -0.108674 -0.991526 0.550856 0.833597 0.0409071 0.199968 -0.830571 -0.519773 -0.15914 0.125653 -0.979227 -0.82963 0.454532 -0.324214 -0.127037 -0.0744437 -0.989101 -0.139256 -0.0668012 -0.988001 0.373966 0.927243 -0.0192085 -0.447228 -0.894316 0.0136343 0.825797 0.563212 0.0291807 -0.957923 -0.26498 -0.110309 0.674601 0.724975 -0.139016 -0.694581 -0.702145 0.156683 0.826548 0.547804 -0.129341 -0.249984 -0.9658 -0.0688297 -0.0632192 -0.993329 -0.0964397 0.726992 0.654646 0.207175 0.590659 -0.79141 0.157454 -0.693813 -0.672606 -0.257341 0.127036 0.0744444 0.989101 0.139256 0.0668014 0.988001 0.443711 0.896058 -0.0141502 0.990327 0.13792 0.0151842 0.15914 -0.125653 0.979227 0.0711755 0.108674 0.991526 -0.886132 -0.326858 -0.328532 0.0724291 0.107878 0.991522 0.0957143 0.973793 0.206316 0.566298 0.765543 0.305371 0.105576 0.0484015 0.993233 0.846803 -0.479323 0.230595 0.320934 -0.904706 0.280194 -0.93233 -0.356898 0.0581728 0.773423 -0.394194 0.496415 0.1113 0.0831308 0.990304 -0.0947436 0.214392 0.972142 0.305816 0.731117 0.609872 -0.461254 0.40241 0.790767 -0.977433 0.211214 0.00366649 0.189065 0.849629 0.492326 0.461089 0.634515 0.620312 0.0569726 0.193402 -0.979464 -0.496106 0.770405 -0.400443 -0.1737 0.785386 0.594136 -0.105841 -0.0475501 -0.993246 0.0277626 -0.437567 -0.898757 0.0591592 0.419134 -0.905995 -0.357914 -0.456301 -0.81467 -0.0569671 -0.193401 0.979465 -0.0723777 -0.10791 -0.991522 0.757187 -0.521789 -0.392944 -0.0181876 0.944453 0.328142 0.404414 0.801168 0.441111 -0.557597 0.238017 -0.795257 -0.111232 -0.0831746 -0.990308 0.679608 -0.496027 -0.540453 -0.0710853 -0.108731 -0.991526 0.698528 0.696562 0.163889 -0.321569 0.883276 -0.341201 -0.159253 0.126044 -0.979159 -0.978839 -0.203588 -0.0206467 -0.854902 0.496546 -0.15028 -0.137917 -0.0676841 -0.988128 -0.137348 -0.0680407 -0.988183 -0.224862 -0.969527 0.0972306 -0.478924 0.876197 -0.053951 0.875222 -0.426665 0.22791 -0.159062 0.98642 -0.0409209 -0.755263 -0.63837 -0.148528 -0.841078 -0.415402 -0.346451 0.795684 0.496005 0.347658 -0.380212 -0.799528 -0.464966 -0.633307 -0.766825 -0.104411 0.107493 -0.985296 -0.132804 -0.267602 0.925565 -0.267804 0.979273 -0.111189 -0.1693 0.137917 0.0676844 0.988128 0.13735 0.0680413 0.988183 0.985486 -0.125488 0.114326 0.159253 -0.126044 0.979159 0.0710853 0.108731 0.991526 0.0723777 0.10791 0.991522 0.0733944 0.435409 0.897236 0.105841 0.0475501 0.993246 -0.82263 -0.544581 -0.163436 0.804362 -0.425251 0.414925 0.142176 0.977092 -0.15836 -0.224927 0.874617 0.42948 0.997876 0.0501185 -0.0416214 0.716627 -0.34261 0.607507 0.111232 0.0831746 0.990308 -0.212238 0.284997 0.934736 0.244227 0.748428 0.61661 -0.132382 0.228575 0.964484 0.136252 0.866543 -0.480145 0.619215 -0.784148 0.0410469 -0.146027 -0.324138 0.934671 0.0569671 0.193401 -0.979465 0.0996997 0.888719 0.44748 -0.0118081 0.394415 0.918857 0.853747 0.0844842 0.513788 0.474604 -0.869977 -0.133755 -0.996747 -0.063262 -0.0499321 0.546906 0.834129 -0.071567 0.469797 -0.88196 -0.0379045 0.115474 0.506597 0.854415 -0.922929 0.380833 -0.0562823 0.692998 0.698942 -0.17673 -0.45668 0.565027 -0.687159 -0.519432 -0.851569 0.0708575 -0.421007 0.897162 0.13362 0.999122 -0.0147691 0.0391968 0.544259 0.828072 -0.134457 -0.383088 -0.897379 -0.218986 -0.87613 0.46235 0.136486 0.738191 -0.644546 0.199086 0.470639 -0.843738 -0.258081 -0.604777 0.674305 -0.423743 -0.517058 -0.743983 0.42325 0.894423 0.245015 0.374132 -0.91817 0.379423 0.114029 0.465063 0.873501 -0.143916 -0.277649 0.952719 0.123441 0.6626 0.74897 -0.0025646 0.570484 0.820856 -0.0272573 -0.995549 0.0921626 0.0197205 -0.978245 -0.204071 -0.0373209 0.591364 -0.805247 0.0432089 0.280345 -0.959666 -0.0211674 -0.645089 -0.753309 -0.12801 0.988592 -0.104128 -0.108825 0.501863 -0.859634 0.095725 0.837472 0.505184 -0.208398 0.156089 -0.954572 0.253829 -0.7621 0.557678 0.328936 -0.644701 0.764396 0.00773083 0.899779 0.430896 -0.0687445 -0.973555 0.134743 -0.184487 0.443532 0.878287 0.17858 -0.16108 0.985092 -0.0603993 -0.6644 0.745149 0.0576736 -0.759712 -0.649734 -0.0261474 0.945925 -0.294414 0.136184 -0.43165 -0.888315 -0.156763 0.995486 -0.0935344 0.0161008 0.643029 -0.751919 -0.145368 -0.270484 -0.959807 0.0748974 -0.271742 -0.962344 0.00704815 -0.833864 -0.126049 0.537384 -0.988662 0.148061 -0.0249986 0.988851 0.138712 -0.0541593 -0.108609 -0.915084 -0.388364 -0.235153 0.0358273 -0.971298 -0.482812 0.236116 -0.843293 0.0366819 0.81489 0.578453 -0.568119 -0.586909 -0.57687 0.939271 -0.0753221 -0.334809 -0.506351 0.858364 -0.0825787 0.0463793 -0.0931749 -0.994569 0.271752 0.391392 -0.879183 0.667214 0.111608 -0.736457 -0.999619 -0.00229697 0.0275249 -0.599709 0.231332 -0.766052 -0.918378 -0.391967 0.0542496 -0.435312 0.00352078 -0.900273 0.937235 0.338656 0.0830835 0.803045 -0.161406 -0.573643 0.101857 -0.406132 -0.90812 -0.309757 0.695857 -0.647946 -0.205855 -0.238681 -0.949029 -0.347762 -0.224832 -0.910227 0.472303 -0.704768 -0.52937 0.457237 -0.396445 0.796094 -0.0642496 0.552154 0.831263 0.875132 0.0883217 0.475755 -0.121265 0.238511 0.963539 0 0 1 -0.313109 0.402378 0.860265 -0.407567 0.819242 0.4034 -0.090582 0.675285 0.731973 -0.76641 -0.113697 0.632209 0.975797 -0.0559037 0.211411 -0.996847 0.0577949 0.0543715 -0.968657 -0.0971908 0.228599 -0.799812 0.600206 0.0073824 0.578774 -0.167348 0.798132 -0.227815 0.2056 0.95175 0.468591 -0.699815 0.539148 0.128361 -0.0799467 0.9885 0.83988 0.394628 -0.372652 -0.406538 -0.454858 0.792358 0.140769 -0.940614 0.308916 0.288869 -0.853876 -0.432955 -0.334877 -0.926567 0.171264 -0.819248 -0.493562 0.29194 -0.0650581 0.989092 -0.132155 0.0135818 0.996142 -0.0866996 0.999257 0.0349975 0.0161572 0.81495 0.579529 -0.00153536 0.00280408 -0.968606 0.248587 0.874706 -0.457329 -0.160436 -0.976366 0.212359 -0.0401607 -0.811117 -0.231122 -0.537282 0.754141 -0.20041 -0.625386 -0.110875 -0.598247 0.793604 0.0593584 -0.756467 -0.651332 0.798432 -0.60206 0.00541819 0.5426 -0.710046 0.448798 0.681863 -0.615373 -0.395448 0.0614912 -0.996599 0.0548506 -0.918053 -0.372797 0.134914 0.861395 -0.507933 -0.00188729 -0.818528 -0.506622 -0.270827 -0.932645 -0.337423 -0.127743 0.0744887 0.979998 0.18454 0.701199 -0.361211 0.614692 -0.647516 -0.693063 0.316839 0.461232 0.83182 -0.308773 -0.127001 0.902532 0.41147 0.265987 0.179127 -0.947188 -0.935124 0.351102 -0.047644 -0.235536 0.93746 0.256301 -0.373322 -0.813285 -0.446317 -0.963446 -0.26782 -0.00671434 0.272426 0.941291 -0.199387 0.81058 0.464916 0.356109 -0.809903 -0.0843109 0.580473 0.0474957 0.964274 0.260614 -0.312403 0.944365 -0.10286 0.0264446 -0.998177 -0.0542492 -0.385052 -0.670032 0.634659 0.986207 0.128361 -0.104497 -0.299768 0.933093 0.19869 -0.840676 0.531529 -0.103636 0.855579 0.493424 0.156581 -0.770144 0.634651 0.0639982 0.846956 0.52927 0.0503813 0.913344 -0.37841 -0.150364 0.762875 0.6458 -0.0310625 0.520812 0.848921 -0.0899358 -0.932004 0.359706 0.0444946 -0.992032 -0.122182 -0.0307127 0.305863 -0.952066 0.00434184 0.264176 -0.964468 -0.00363537 0.176134 -0.978997 0.102677 -0.780788 -0.617945 -0.0922715 -0.033735 -0.793063 -0.608204 0.97691 0.191541 0.094653 -0.586941 -0.782643 0.207295 -0.528908 0.845976 -0.0676856 0.30866 -0.947844 0.0795063 -0.935498 -0.353075 -0.0134921 0.23285 0.882205 0.409263 0.297643 0.909071 -0.291546 -0.103423 -0.0551616 -0.993107 0.272334 -0.94289 -0.191814 -0.261297 -0.297889 -0.918142 -0.057158 -0.193679 0.979398 0.240585 -0.95534 -0.171596 -0.0724291 -0.107878 -0.991522 0.813369 -0.531919 -0.23557 -0.659003 -0.750556 0.0487972 0.467875 0.883371 0.027351 -0.724269 0.381148 -0.574596 -0.1085 -0.0849796 -0.990458 -0.777015 0.397605 -0.488015 -0.0717029 -0.108339 -0.991525 -0.549292 -0.82949 0.101116 0.250065 -0.912472 -0.323824 -0.161857 0.134731 -0.977574 0.718789 0.609308 0.334793 -0.824702 0.452073 -0.339848 -0.139635 -0.0665544 -0.987964 -0.138223 -0.948585 0.284748 -0.446709 0.805909 -0.388539 0.382018 0.920902 -0.0774709 -0.0788748 -0.995754 0.0474667 -0.900111 -0.346146 -0.264544 0.386377 0.921837 -0.0304919 0.656316 0.750342 -0.0789707 -0.0647481 -0.997812 -0.0134045 -0.862867 -0.484968 0.142358 -0.55576 -0.820121 -0.136134 -0.83258 -0.550465 -0.0616302 0.0403534 0.822021 -0.568026 0.429295 -0.900528 0.06896 -0.938379 -0.345468 0.00979269 -0.27226 -0.49801 -0.823323 0.905132 0.422881 0.0436718 0.629217 -0.272866 0.727757 0.139636 0.0665531 0.987964 0.161857 -0.134731 0.977574 0.0717027 0.108339 0.991525 0.0724291 0.107878 0.991522 0.718892 0.691799 0.0678855 0.103423 0.0551616 0.993107 -0.102992 0.622507 0.775808 -0.445227 -0.895027 -0.026458 -0.73767 0.515307 0.436236 0.1085 0.0849796 0.990458 -0.784223 0.554257 0.278913 -0.279722 0.953874 0.109 0.0390655 0.128133 0.990987 0.996661 0.0808507 -0.0114309 -0.140832 -0.316583 0.938052 0.057158 0.193679 -0.979398 0.0572374 -0.607617 0.792165 0.0194101 0.306974 0.95152 -0.10373 -0.0541816 -0.993129 -0.0258773 -0.288519 -0.957124 -0.491118 -0.689916 -0.531808 -0.0571621 -0.193688 0.979397 -0.0723878 -0.107903 -0.991523 0.75223 -0.520483 -0.404039 -0.235765 0.912472 0.334378 0.0621401 -0.936476 0.345184 -0.275371 0.0282756 -0.960922 -0.108437 -0.0850194 -0.990461 0.594504 -0.462241 -0.65795 -0.0716515 -0.108371 -0.991525 0.618945 0.785265 -0.0162827 -0.24368 0.435178 -0.866741 -0.161935 0.135004 -0.977523 -0.988338 -0.149093 0.0309826 -0.658206 0.296064 -0.692179 -0.140382 -0.0660668 -0.987891 -0.318616 0.749385 -0.580437 0.440479 -0.897444 -0.0239243 0.454375 0.889622 -0.0459952 0.871408 -0.484904 -0.0742683 -0.606904 -0.793672 -0.0418601 0.678625 0.731725 0.0636076 -0.926594 0.374281 0.0365655 0.453948 0.890917 0.0140705 -0.0255164 -0.993925 -0.107061 -0.418481 -0.899555 -0.125195 0.336864 0.933833 0.120324 0.208898 -0.875179 0.436375 -0.402556 0.844696 -0.352757 0.283182 -0.752211 0.594967 0.686545 -0.249283 -0.683018 0.994854 0.0956643 0.0333655 0.698959 -0.329848 0.634552 0.140382 0.0660668 0.987891 -0.430037 -0.901191 0.0540617 -0.882852 -0.453928 -0.120503 0.161935 -0.135004 0.977523 0.0716515 0.108371 0.991525 0.0723878 0.107903 0.991523 -0.997475 0.0611656 0.0360908 0.10373 0.0541816 0.993129 0.737964 0.658392 0.148084 -0.265908 0.932264 0.245311 -0.894212 -0.447644 0.000421695 0.38861 -0.0958323 0.916405 0.108437 0.0850194 0.990461 0.737108 -0.393463 0.549417 -0.487326 0.414869 0.768373 0.268766 0.872455 -0.40815 0.114625 0.0666097 0.991173 0.0571621 0.193688 -0.979397 0.290631 -0.930494 0.222967 -0.156923 0.749707 0.642896 0.429469 0.676448 0.598309 0.746648 -0.157795 0.646233 0.46115 -0.738015 -0.49262 -0.998908 0.0166692 0.0436485 0.535785 0.819189 -0.204605 -0.516102 0.822468 -0.239134 0.921734 0.0647261 -0.382384 0.801168 -0.0134552 0.598288 -0.466106 -0.873981 0.137488 0.059441 0.998227 -0.00308818 -0.580548 0.785256 -0.21526 -0.926019 -0.376359 -0.0290215 -0.436912 0.878829 0.19175 -0.45814 -0.790484 0.406501 0.0561162 0.997558 -0.0415892 0.988174 0.0929172 0.121978 0.703196 -0.678409 -0.212785 0.308028 0.94807 -0.0792588 0.495724 0.867926 -0.0310309 -0.99958 -0.0253485 0.0140786 -0.995607 -0.0936161 0.00178066 0.441769 -0.89695 0.0179163 0.62272 -0.780295 0.05797 -0.229818 -0.970713 -0.0700051 -0.947053 -0.314323 0.0655113 0.994952 0.00258612 -0.10032 0.859835 -0.49742 0.115141 -0.103423 -0.0551616 -0.993107 0.199859 -0.835699 -0.51153 0.185728 0.381406 -0.905557 -0.0569661 -0.193394 0.979466 -0.0724291 -0.107878 -0.991522 0.171296 -0.250512 -0.952839 -0.157818 -0.966474 -0.202538 -0.346089 -0.935094 -0.0762929 0.7815 -0.553806 -0.287326 -0.111369 -0.0830877 -0.9903 -0.587694 0.238869 -0.773018 -0.071153 -0.108688 -0.991526 0.266718 -0.933488 -0.239713 -0.159027 0.125262 -0.979296 0.981312 0.169762 0.0906015 -0.798616 0.419168 -0.431869 -0.129313 -0.0730323 -0.988911 -0.1388 -0.0670972 -0.988045 0.37504 -0.844653 0.381977 -0.709719 -0.702527 -0.0524861 -0.970751 -0.221016 -0.093775 -0.98095 -0.167779 -0.0979157 -0.513964 -0.85607 -0.0546474 0.149598 0.985714 0.0773801 0.446555 0.894284 0.029059 -0.255347 -0.966829 -0.00623812 0.308921 0.93133 -0.192853 -0.425758 0.218184 0.878138 -0.758857 -0.535683 -0.370378 0.981162 0.166135 0.0985914 0.129312 0.0730328 0.988911 0.138801 0.0670974 0.988045 0.159027 -0.125262 0.979296 0.0711529 0.108688 0.991526 0.0724291 0.107878 0.991522 0.92675 0.30403 0.220683 0.103423 0.0551616 0.993107 0.778717 -0.399066 0.484094 0.452605 0.891319 -0.0264495 -0.242582 0.902244 0.356524 -0.456346 -0.889478 -0.024047 -0.829407 0.530932 0.173765 0.448247 0.893089 0.0382966 0.587292 0.808605 0.0353145 0.111369 0.0830877 0.9903 -0.41106 0.39651 0.820859 0.400106 0.902917 0.157023 -0.657338 0.488652 0.573695 0.322868 0.939376 0.115447 -0.377335 -0.919506 -0.110122 0.298471 -0.953411 0.0438402 -0.219149 -0.429106 0.876266 0.0569661 0.193394 -0.979466 -0.343104 0.927722 -0.147012 0.00579683 0.345328 0.938464 -0.431031 0.223972 0.874099 -0.10373 -0.0541816 -0.993129 0.233039 -0.892732 -0.385646 -0.803399 -0.508595 -0.309648 0.408012 -0.764893 -0.498462 -0.316334 -0.56664 -0.760823 -0.259776 -0.295445 -0.919363 -0.0569716 -0.193404 0.979464 0.212424 -0.918118 -0.334568 -0.0723878 -0.107903 -0.991523 0.729965 -0.51403 -0.450471 0.282698 0.953998 0.099845 0.600795 0.769818 0.215466 -0.746112 0.402288 -0.530547 -0.111305 -0.0831277 -0.990304 0.424395 -0.38373 -0.820147 -0.0711019 -0.10872 -0.991526 0.539761 0.839861 0.0573834 0.181375 -0.79476 -0.579189 -0.159098 0.125511 -0.979252 0.596479 -0.247342 0.763567 -0.139593 -0.0665802 -0.987968 0.46263 -0.188447 -0.866292 0.391795 -0.210841 -0.895569 0.0682098 -0.358613 0.930991 -0.700983 -0.701001 0.131224 0.425945 0.830055 -0.359972 -0.736326 -0.668728 0.103086 0.535577 0.844206 -0.0217601 0.915157 0.385002 0.11942 0.0202384 -0.981867 -0.188487 -0.951996 -0.282674 -0.117466 0.964282 0.0833553 0.25142 -0.13755 -0.817308 -0.559543 -0.120618 0.991628 0.0460992 0.374221 0.927265 -0.0117569 -0.299406 -0.953654 -0.0300133 -0.481326 0.845672 0.230574 -0.230287 0.968707 -0.0925961 -0.688563 0.115356 0.715943 -0.163925 0.288273 0.943413 -0.157105 0.243286 0.957147 0.139594 0.0665801 0.987968 0.50727 -0.679062 -0.530615 0.159098 -0.125511 0.979252 0.0711019 0.10872 0.991526 -0.369789 -0.929055 0.0106226 0.0723878 0.107903 0.991523 0.897958 0.365911 0.244502 0.10373 0.0541816 0.993129 -0.109738 -0.119018 0.986809 -0.162666 -0.102342 -0.981359 0.0342649 0.661311 -0.749329 -0.125962 -0.752949 0.645911 -0.694888 -0.621056 0.362519 0.885483 0.246139 -0.394127 -0.856145 0.237129 0.459114 0.329407 0.936404 0.120993 -0.157976 0.746682 0.64615 -0.911266 0.278531 -0.303339 0.96194 -0.0747683 0.262835 -0.959333 -0.268445 0.0872815 0.35727 0.930547 -0.0802555 0.846956 -0.479903 0.228819 0.692619 0.721115 0.0164968 0.111305 0.0831277 0.990304 0.564564 -0.243576 0.788631 0.497611 -0.173002 0.849973 0.269704 -0.654846 0.706001 -0.0514248 -0.627326 0.777057 -0.180265 -0.373567 0.909919 0.0569716 0.193404 -0.979464 -0.0092281 0.386894 0.922078 0.798599 -0.527918 -0.289036 -0.769928 -0.636415 -0.0467604 0.495385 0.40948 0.766108 0.034708 0.961851 -0.271362 0.974423 -0.0819479 -0.209248 -0.716521 -0.629638 -0.300255 0.521495 -0.541803 0.659161 -0.714488 0.699359 0.020086 -0.136855 0.954943 -0.263351 -0.344192 -0.938136 0.0378591 -0.134336 0.979303 0.151392 0.798937 -0.594617 -0.090169 0.301361 0.557056 -0.773867 -0.992291 -0.0617263 0.107466 0.474541 0.873915 0.105279 0.39316 -0.918026 0.0515062 -0.412391 0.776206 -0.476904 -0.393545 -0.913167 0.106056 0.0673138 -0.800872 -0.595041 -0.534235 0.830984 0.155108 0.831821 0.167905 0.529039 -0.508347 0.856094 0.0932006 0.762398 0.634168 -0.128763 0.0850022 0.987582 0.132125 0.995736 0.091008 -0.0150588 0.395716 0.918204 0.0176234 0.333207 0.942346 0.0309414 -0.98561 -0.162294 -0.0472585 -0.990995 -0.121828 -0.0555612 0.469114 -0.88297 0.0172174 0.548961 -0.835848 0.000869242 -0.032275 -0.99648 0.0773708 -0.33217 -0.942609 -0.033943 -0.989897 0.12572 -0.0655678 -0.777853 -0.500465 0.380105 0.816932 -0.460471 -0.347259 0.951368 0.233573 0.200853 -0.0505173 0.993242 -0.104493 -0.968366 -0.217219 -0.122813 0.389955 0.918013 0.0720189 0.866625 0.488225 -0.102944 0.866239 0.497948 -0.0409623 0.972668 0.231404 0.0192216 -0.764056 0.645036 0.0121512 -0.870228 0.490512 0.0458446 -0.383515 -0.922497 -0.0437775 0.0405242 -0.998767 0.0286715 0.768812 -0.635317 0.0728038 -0.556996 -0.820984 -0.125461 -0.871432 0.457801 0.176139 -0.105312 -0.0492486 -0.993219 0.278261 -0.948184 -0.153358 -0.426419 -0.573086 -0.699814 -0.0569661 -0.193394 0.979466 -0.0724291 -0.107878 -0.991522 0.810419 -0.531715 -0.245967 -0.738584 -0.669578 0.0784767 0.175431 0.976251 0.127112 -0.482528 0.179387 -0.857314 -0.111369 -0.0830877 -0.9903 0.564157 -0.449193 -0.692786 -0.071153 -0.108688 -0.991526 0.580797 0.798173 -0.159984 0.000197644 -0.359302 -0.933221 -0.159027 0.125262 -0.979296 0.196158 -0.957997 0.209197 -0.841311 0.474879 -0.258235 -0.140322 -0.0661074 -0.987897 -0.890112 -0.42154 -0.17322 0.321083 0.946347 -0.0365006 -0.977168 -0.152726 0.14771 0.560354 0.826208 -0.058163 -0.665502 -0.737096 0.117457 0.989691 -0.126104 -0.0678888 -0.26866 -0.85864 -0.43653 -0.0669586 -0.990558 -0.119629 0.307246 0.945327 0.109353 -0.325955 0.843618 -0.426686 -0.867861 -0.494585 -0.0469307 -0.713151 -0.700649 -0.0224915 0.834636 -0.465143 0.295 0.140322 0.0661058 0.987897 -0.967545 -0.249017 -0.0429865 0.159027 -0.125262 0.979296 0.0711529 0.108688 0.991526 0.0724291 0.107878 0.991522 0.0433855 0.996053 0.0774305 0.911277 0.410679 0.0302682 0.105312 0.0492486 0.993219 -0.210402 0.849595 0.483651 0.997386 0.044527 -0.0569114 0.64869 0.75985 -0.0427716 0.67771 -0.309872 0.666849 0.785766 0.60533 -0.127075 0.111369 0.0830877 0.9903 -0.776346 0.552866 0.302699 -0.821157 -0.555431 0.131141 -0.82607 0.532039 0.185856 -0.186207 -0.153428 0.970457 -0.114221 -0.277782 0.95383 0.0569661 0.193394 -0.979466 0.0550124 -0.998424 -0.0111354 -0.0374796 0.463394 0.88536 -0.9393 -0.305835 0.155499 -0.105559 -0.0484536 -0.993232 -0.0143222 -0.321775 -0.946708 -0.37645 -0.487702 -0.787675 -0.0569235 -0.193371 0.979473 -0.0723771 -0.107909 -0.991523 0.260206 -0.299363 -0.917973 -0.148779 0.314833 0.937414 0.556843 -0.807431 -0.19489 0.80427 -0.556318 -0.208952 -0.111305 -0.0831277 -0.990304 0.585977 -0.458663 -0.668027 -0.071092 -0.108726 -0.991526 -0.0980473 -0.984861 -0.142956 0.146805 -0.722688 -0.675404 -0.159098 0.125511 -0.979252 -0.950678 0.102497 0.292756 -0.813992 0.43585 -0.383994 -0.126274 -0.0749192 -0.989162 -0.139209 -0.0668293 -0.988005 0.696359 0.71282 0.0834966 -0.219413 0.928014 -0.301079 -0.565518 0.824547 0.01765 -0.346309 -0.935817 0.0657063 -0.876383 -0.479911 -0.0404848 0.0474947 -0.998803 -0.0117396 0.979364 -0.0727688 -0.188547 -0.851189 -0.523266 0.0408714 0.0154372 -0.319874 -0.947334 -0.0644489 0.466056 0.882405 -0.08814 -0.229219 -0.969376 -0.891445 0.206258 0.403463 0.106546 0.723672 -0.681871 0.311015 -0.920713 -0.235707 0.928839 -0.0455019 -0.36768 0.126275 0.074918 0.989162 0.139209 0.0668291 0.988005 0.827096 0.557164 0.0740356 0.159098 -0.125511 0.979252 0.071092 0.108726 0.991526 0.419454 0.90671 0.0439913 0.0723771 0.107909 0.991523 -0.966445 -0.0148636 0.256442 0.105559 0.0484536 0.993232 0.836568 -0.463713 0.291761 -0.162486 -0.98003 0.114628 0.215817 -0.327212 0.919976 -0.852868 -0.460264 -0.246524 0.28346 -0.958971 -0.00492912 -0.776155 0.525357 0.348688 0.111305 0.0831277 0.990304 -0.802126 0.556228 0.217265 -0.554503 0.805953 0.207284 0.807705 0.5863 0.062171 0.859871 0.510158 -0.0189992 -0.398198 0.917075 0.02031 0.301623 -0.952373 0.0448142 -0.175834 0.253049 0.951341 0.327217 0.405534 0.853505 0.0569235 0.193371 -0.979473 0.350387 0.36923 0.860754 -0.176335 0.790728 0.586221 0.909912 0.412798 0.0407227 -0.848754 -0.486355 -0.207547 -0.475417 -0.762218 0.43932 0.525328 0.842239 0.121096 0.925535 -0.132839 -0.354598 0.348947 -0.935717 -0.0516606 0.512386 -0.176786 0.840361 -0.997788 -0.0309487 -0.0588251 0.731144 0.67851 -0.0710785 0.161584 -0.900272 -0.404229 -0.82988 0.529556 -0.175697 0.111472 -0.902997 0.414935 0.663251 0.730692 0.161826 -0.362685 -0.900148 -0.241233 0.873316 -0.389305 -0.29285 -0.516795 0.847524 0.12094 0.233625 0.73768 0.633441 0.218411 0.973492 0.0678973 0.606772 -0.763539 -0.220989 -0.812258 -0.578913 -0.071385 -0.86132 -0.484166 -0.153984 0.382448 0.918053 0.10446 0.582605 -0.796301 -0.162717 0.251037 0.961311 -0.113405 0.150305 0.98583 -0.0744847 0.987907 0.154276 -0.0154235 0.871001 0.489608 0.0405087 -0.5076 0.861461 -0.0150918 -0.533721 0.845368 -0.0222376 -0.408456 -0.912149 0.0338776 -0.274812 -0.958772 0.0723566 0.756683 -0.651459 0.0550703 0.677501 -0.729601 0.0931357 -0.813541 -0.580773 -0.029229 -0.984527 -0.162151 0.0664285 -0.704042 0.344105 -0.621221 -0.984381 0.00984915 0.175774 0.555049 0.789925 0.260653 0.0254576 -0.975319 0.219328 0.896348 0.371671 -0.241702 -0.790242 0.607608 0.0795646 0.572882 0.817505 -0.059092 0.989466 -0.073806 0.124534 -0.576223 -0.796964 -0.181149 -0.0974276 0.995103 -0.0166972 -0.215001 0.976602 0.00473495 -0.702673 -0.710894 -0.0296909 -0.896374 -0.442993 0.0164496 0.843028 -0.537812 0.00783061 0.78478 -0.619077 0.0294075 0.247793 -0.963955 -0.0968958 0.0710093 0.92224 -0.38004 -0.0676223 0.918565 -0.389443 -0.784877 -0.0614843 0.616594 -0.560633 -0.33179 -0.758688 -0.531192 0.236234 -0.813652 -0.847058 -0.413418 -0.334034 -0.112445 0.000694119 0.993658 0 0 1 0.301042 -0.218302 0.928288 -0.563823 0.219156 -0.796288 -0.175875 0.00288869 0.984408 0.803109 0.120889 0.58344 0.145041 0.403444 0.903436 0.018614 0.592962 0.805016 -0.247577 0.0673157 0.966527 -0.0180939 0.0460028 0.998778 0.180696 -0.459411 0.86965 0 0 1 0 0 1 -0.253052 -0.109957 0.961184 0.23493 0.123691 0.96411 -0.0367376 0.5433 0.838734 0.0369278 -0.143119 0.989016 0 0 1 0 0 1 -0.0725105 -0.297412 0.951992 0.196204 -0.308853 0.930652 -0.990716 -0.13274 -0.0293621 0 0 1 0 0 1 0 0 1 0.234945 0.413581 -0.879632 -0.302476 -0.657756 0.68983 0 0 -1 0.107343 -0.470394 -0.875904 0 0 -1 0.0621721 0.172937 0.982969 0 0 -1 -0.275367 -0.687021 -0.672439 0 0 -1 -0.0566837 -0.110372 -0.992273 0 0 -1 -0.118603 0.931551 0.343725 -0.573889 0.0905073 -0.813917 0.815709 -0.128644 -0.563977 0.0223779 0.491881 -0.870375 0 0 -1 0 0 -1 0 0 -1 -0.707187 -0.134955 -0.694027 0.773063 0.147526 -0.616936 -0.0313762 -0.999508 0 -0.044804 -0.984821 -0.167693 -0.963788 -0.0979376 0.248034 0.73812 -0.0121234 -0.674561 0.91341 0.396454 -0.092227 0.0533859 -0.789506 -0.611416 0.122582 -0.992458 0 0.831001 -0.0790208 -0.55063 0.216877 0.471614 -0.854719 0.933633 0.125092 0.335679 -0.686121 0.467371 0.557497 -0.174789 0.949954 -0.258913 -0.037738 0.93694 0.347446 -0.526969 -0.0663243 -0.847293 0.022219 0.963634 0.266301 -0.960463 0.209901 0.1829 0.354001 0.130088 -0.926153 0.207017 -0.468388 0.858928 0.182131 0.665269 0.724048 0.963369 0.250399 0.0960225 -0.0486895 -0.880627 0.471301 0.583148 0.194335 0.788779 0.4244 -0.134056 -0.895496 -0.782938 0.620277 -0.0475893 -0.129944 0.80718 0.575826 -0.0238635 0.965122 0.26071 0 0.994043 0.108988 0.01665 0.973307 0.228902 -0.040228 0.999191 0 0.00434517 -0.0517952 -0.998648 0.606562 -0.366865 -0.705332 0.117628 -0.257756 0.959023 -0.0314823 -0.0360509 0.998854 0.340897 0.15042 -0.927989 0.528487 -0.437038 0.727804 -0.685352 0.532456 -0.496774 0.129023 -0.0539548 0.990173 0.34753 0.683189 0.642243 0.352072 0.144558 0.924742 0.380005 -0.159731 -0.911089 -0.930445 0.287924 -0.226654 0.0509317 -0.0861998 0.994975 0.560057 -0.158015 -0.813245 0.166755 0.816708 -0.552431 -0.665505 0.0998188 -0.739689 0.0516494 -0.180311 -0.982253 0.972152 0.132267 0.19346 0.697824 0.245486 0.672888 -0.0450192 -0.0411125 0.99814 -0.301051 -0.27483 0.913147 0.548229 0.231175 0.803744 -0.424643 0.180835 0.887117 -0.854077 -0.0514904 -0.517592 0.925404 0.0627832 0.373746 0.819992 -0.319176 -0.475121 0.371558 -0.111817 0.921652 0.158857 -0.15899 0.974416 -0.0315593 0.127085 0.99139 -0.226224 0.0585637 -0.972313 -0.817287 -0.419693 0.394842 -0.056691 -0.995935 0.0699955 0.146353 0.818367 -0.555749 0.309428 -0.0040055 -0.950914 -0.0952819 0.475324 0.874636 0.957946 0.254126 0.133264 -0.161605 -0.142497 -0.976513 0.122289 -0.990672 -0.0601195 -0.32336 -0.796116 -0.511506 -0.628128 0.486587 0.607197 -0.940465 0.0376092 0.337803 0.767774 0.229637 -0.598156 -0.215683 0.00751216 0.976435 0.146274 0.0730338 0.986544 0.679336 0.247292 -0.690904 -0.206212 -0.674335 -0.709048 -0.232159 0.148102 -0.961337 -0.915855 -0.368937 -0.158413 0.699552 0.0178818 0.714358 -0.115776 -0.692456 -0.71211 -0.244523 0.00313003 -0.969638 0.367338 -0.248851 -0.896179 -0.228918 0.0114465 -0.973379 -0.0310463 0.207126 0.977822 0.241758 0.0630281 0.968287 0.0102567 0.195107 -0.980728 -0.468025 -0.339929 -0.815721 -0.324586 -0.544119 -0.773678 0.369508 0.574819 0.7301 0.00522407 0.844359 -0.535752 -0.292512 0.27316 0.916417 0.304253 -0.13859 -0.942456 -0.227121 0.330503 -0.91607 -0.0109146 0.356517 -0.934225 -0.149236 0.903302 -0.402212 0.12224 0.251803 -0.960027 -0.160558 0.474344 -0.865574 0.372018 0.0186325 -0.928038 0.0939508 0.582157 -0.80763 0.0743021 0.0850848 -0.993599 0.0337215 0.388871 -0.920675 -0.0480572 0.129306 0.99044 -0.349357 0.523488 -0.777117 -0.0860605 0.255828 0.962884 0.208143 0.258679 -0.943272 -0.0565472 0.848737 -0.525783 0.0815882 0.0559633 -0.995094 -0.253194 0.614573 0.747123 -0.46474 -0.195538 -0.863587 -0.114653 0.513822 -0.850201 -0.117923 -0.989407 0.0846632 0.185063 -0.981362 -0.0517666 -0.377224 -0.917427 0.12661 0.48917 -0.287019 -0.82361 0.272041 -0.0095393 0.962238 -0.28663 0.800281 -0.526682 -0.602717 0.766998 -0.220105 -0.13362 0.987227 -0.0867628 0.257421 0.719599 -0.644912 -0.516968 0.800844 -0.302313 -0.0859992 0.216804 -0.97242 0.237352 0.94086 -0.241759 -0.636698 0.385455 -0.667862 -0.289973 0.0520409 -0.955619 -0.89139 0.318481 -0.32248 -0.0140669 -0.44403 -0.895902 -0.00576938 -0.89152 -0.452945 0.0144794 -0.530413 -0.847615 0.617499 -0.784386 0.058591 -0.102868 -0.23259 0.96712 0.260559 -0.244175 -0.93407 0.0217784 -0.77352 -0.633398 0.0194974 -0.0543475 0.998332 0 -0.938085 -0.346406 -0.691909 -0.52953 0.490774 0.0464248 -0.291672 -0.955391 -0.0479144 -0.400553 -0.91502 -0.0657267 -0.152675 -0.986088 -0.0566128 -0.137555 -0.988875 -0.134605 -0.191876 -0.972145 0 -0.751205 -0.660069 -0.226617 0.102055 0.968622 0.473496 -0.880736 -0.0103245 0.617794 -0.367992 -0.694919 -0.114831 -0.388566 0.914238 -0.000623781 -0.91873 -0.394887 0.0149247 -0.184236 -0.982769 -0.0131802 -0.608571 -0.79339 0.00527027 -0.757797 -0.652469 0.00955342 -0.506156 -0.862389 -0.00938961 -0.16977 -0.985439 -0.349805 -0.0374044 -0.936076 -0.498734 0.00794977 -0.866719 -0.000651001 0.00347761 -0.999994 0 0 -1 -0.112068 -0.964441 0.239362 0 0 -1 0.0232354 -0.983629 0.178704 0.0472609 -0.923946 0.379592 0 0 -1 0.0752777 0.259708 -0.962749 0.153723 -0.81047 -0.56525 0.392949 0 -0.91956 -0.201264 0.965767 0.163667 0.123373 0.554637 -0.822896 -0.362712 0.893829 0.263648 0 0 -1 0.0541628 0.998532 -0.000227084 0.116382 0.990695 -0.0705638 -0.0358806 -0.18132 -0.982769 -0.0983265 0.736394 -0.66937 -0.269089 -0.843995 -0.463965 -0.110501 -0.346585 -0.931487 1 0 0 1 0 0 1 0 0 1 0 0 0.882909 0.244528 -0.400846 0.336278 -0.438624 -0.833383 1 0 0 1 0 0 -0.0843991 -0.907171 0.412211 0 -0.618361 0.785895 0.860001 0.315166 0.401334 -0.716154 0.612724 0.334205 0.0549504 -0.658062 0.750956 -0.0552018 -0.998475 0 0.0296646 -0.978378 0.204686 0 -1 0 -0.0306525 -0.960579 0.276311 0 -1 0 0 -1 0 0 -1 0 -0.0713568 -0.921044 0.382866 -0.110242 -0.949754 0.292941 0.0576446 -0.996005 0.0682006 -0.0589083 -0.997036 0.0494894 0.0249794 -0.971593 0.235337 1 0 0 1 0 0 -0.0334632 -0.435467 0.899583 0.122283 -0.199715 0.972194 0.0287877 0.0298534 0.99914 -0.00367609 -0.075906 0.997108 -0.0335904 0.0425097 0.998531 0 0 1 -0.0490218 -0.174608 0.983417 0.00568113 -0.0766774 0.99704 -0.296667 0.42912 0.853138 -0.451254 0.180991 0.873849 -0.235489 -0.294345 0.926232 -0.956259 -0.199433 -0.214 -0.994705 -0.0386255 -0.0952329 0 0.999222 0.0394426 0.0548006 0.970193 0.236057 0.015822 0.98291 0.183404 -0.0280889 0.981968 0.186947 -0.161768 0.918279 0.361378 -0.157403 0.220364 0.962634 0 0 1 0.831839 0.129397 0.539722 -0.0748803 -0.890547 0.448686 -0.285281 0.897103 0.337373 0.0342016 -0.177944 0.983446 0.0440905 -0.178517 0.982948 -0.0509056 0.998585 -0.0153535 -0.188745 0.981999 0.0072497 -0.0404245 -0.058557 -0.997465 0.0501132 0.99868 -0.0112644 -0.0701176 0.997309 -0.0213996 -0.244946 -0.964344 0.10021 0.0012771 0.778195 0.628021 0.078182 0.996617 0.0253244 0.0622249 0.99775 -0.0249533 -0.0739873 0.994962 -0.067647 0.0193022 -0.999747 -0.011535 0.051981 -0.995082 -0.0843149 -0.104359 -0.990222 0.092577 0.0411582 0.997022 0.0652208 -0.0894667 0.995475 -0.0320288 0.0793428 -0.996825 0.00665962 -0.304982 0.930243 -0.204046 -0.336697 0.935741 -0.104991 -0.725992 0.631058 -0.273315 -0.727368 0.444474 -0.522856 -0.959085 0.272797 -0.0757417 -0.956054 -0.179096 -0.232134 -0.814335 -0.258391 -0.519705 -0.723714 -0.686701 -0.0684128 -0.548509 -0.828486 -0.112907 -0.289255 -0.766316 -0.573664 0.030242 -0.99779 -0.0591622 -0.334128 0.90148 -0.275123 0.0295371 -0.974534 -0.222288 -0.417524 -0.862743 0.285215 -0.0662867 0.982419 0.174522 -0.594554 0.749768 0.290436 -0.732806 0.619493 0.281468 -0.720258 0.626074 0.298765 -0.947695 0.278329 0.156225 -0.94619 0.184358 0.265963 -0.959461 -0.22003 0.176128 -0.952402 -0.178412 0.247183 -0.780294 -0.579377 0.235505 -0.336685 -0.890678 0.305508 0.870714 -0.126025 0.475368 0.672004 0.133802 0.728359 0.511918 0.501882 0.697175 0.303372 0.475685 0.825644 -0.2841 0.711596 0.642587 -0.41926 -0.638863 0.645039 -0.109374 -0.599778 0.792656 0.307529 -0.53219 0.788796 0.294519 -0.219794 0.930026 0.814605 -0.319702 0.483952 -0.459076 0.273393 0.845284 -0.892107 0.173821 0.417051 -0.825866 -0.169355 0.537833 -0.521774 -0.725698 0.448457 0 0 -1 0 0 -1 0 0 -1 0 0 -1 0.0199804 0.139554 -0.990013 0.136703 0.0957205 -0.985977 0.154253 0.0719296 -0.98541 0.154379 0.0413658 -0.987145 0.139778 0.012229 -0.990107 0.149992 0.0227051 -0.988426 0.191449 -0.0167496 -0.98136 0.206732 -0.0553936 -0.976828 0.193972 -0.0904507 -0.976828 0.151767 -0.113261 -0.981906 0.149088 -0.104392 -0.983298 0.145183 -0.145183 -0.978695 0.120174 -0.171626 -0.977805 0.0812187 -0.174174 -0.98136 -0.0425698 -0.118907 -0.991992 0 0 -1 0 0 -1 0 0 -1 0 0 -1 0 0 -1 0 0 -1 0.0142375 -0.184289 -0.982769 -0.239731 -0.239731 -0.940775 -0.316877 -0.221879 -0.922149 -0.473541 0.0714501 -0.877869 0 0 -1 0 0 -1 0 0 -1 0 0 -1 0 0 -1 -0.0791617 -0.0428272 -0.995941 -0.154602 0.0720919 -0.985343 -0.169742 0.118855 -0.978295 -0.16365 0.16365 -0.97285 -0.131686 0.188067 -0.973288 -0.127535 0.187701 -0.973911 -0.119708 0.256716 -0.959045 -0.0882609 0.329394 -0.940058 0.325064 0.584632 -0.74333 0 0 -1 0 0 -1 -0.203511 0.975691 0.0813015 -0.204621 0.950849 0.232414 -0.436564 0.764507 0.47428 -0.419242 0.665404 0.617636 -0.336802 0.552914 0.762136 -0.415808 0.22446 0.881318 -0.340452 0.398351 0.85171 -0.0423693 0.0358644 0.998458 -0.327089 0.336439 0.883075 -0.239762 0.376527 0.894842 -0.39507 0.355182 0.84721 -0.530631 0.379631 0.757833 -0.779871 0.534061 0.326466 -0.341382 0.875738 0.341382 -0.476546 0.813365 0.333679 -0.631013 0.717803 0.294248 -0.782569 0.58619 0.209684 -0.89625 0.436562 0.0784155 -0.509273 0.705733 0.492526 -0.29519 0.877335 0.378346 -0.71893 0.691391 0.071544 -0.804533 0.593505 0.0218924 -0.769135 0.553678 0.319174 -0.996167 2.05976e-06 0.0874738 -0.996194 0 0.0871599 -0.965927 0 0.258814 -0.965927 0 0.258814 -0.906307 0 0.422621 -0.906307 0 0.422621 -0.819154 0 0.573574 -0.819154 0 0.573574 -0.707107 0 0.707107 -0.707107 0 0.707107 -0.573569 0 0.819157 -0.573569 0 0.819157 -0.422627 0 0.906304 -0.422627 0 0.906304 -0.258809 0 0.965928 -0.258809 0 0.965928 -0.0595034 -0.000472116 0.998228 -0.087167 0 0.996194 -0.0593624 0.000295821 0.998236 0 0.996546 0.0830393 0 0.246808 0.969064 0 0.246808 0.969064 0 0.423659 0.905822 -0.000156549 0.403807 0.914844 5.90433e-06 0.549621 0.835414 -0.000232921 0.587222 0.809426 0.000218254 0.704072 0.710129 -5.26755e-06 0.732925 0.680309 0.000151639 0.84976 0.527169 0 0.839796 0.542902 0 0.918254 0.395992 0 0.918254 0.395992 0 0.971403 0.237438 0 0.971403 0.237438 0 0.996546 0.0830393 -0.000699407 0.047684 0.998862 0 0.0830473 0.996546 0 0.0830473 0.996546 -0.0594172 -0.053816 0.996782 -0.143847 -0.234969 0.9613 -0.304101 -0.502192 0.809522 -0.413216 -0.600008 0.685014 -0.437402 -0.757333 0.484897 -0.220796 -0.945144 0.240733 -0.331207 -0.868952 0.36773 -0.455507 -0.772816 0.441893 -0.191748 -0.978055 0.0814911 -0.689271 -0.72192 0.0611239 -0.767555 -0.632857 0.101743 -0.981833 0.147191 0.11974 -0.748117 -0.663072 0.0256015 -0.415742 -0.699069 0.581774 -0.422631 -0.539685 0.728096 -0.181481 -0.389412 0.903008 -0.170985 -0.171434 0.970245 -0.255726 -0.153885 0.954423 -0.60669 -0.325455 0.725263 -0.37385 -0.466377 0.801704 -0.520033 -0.421861 0.742697 -0.645596 -0.407936 0.645596 -0.740687 -0.427088 0.518631 -0.827907 -0.507081 0.239664 -0.171587 -0.981914 0.0800129 -0.480864 -0.867277 0.128844 0.569946 0.754513 0.325379 0.423368 0.637859 0.643347 0.444267 0.492402 0.748443 0.50246 0.349132 0.790974 0.587942 0.199644 0.783879 0.0868681 0.0827334 0.992779 0.398468 0.412096 0.81939 0.226079 0.486757 0.843775 0.375362 0.459525 0.804947 0.509448 0.459444 0.727581 0.617775 0.486528 0.617775 0.691512 0.536062 0.484199 0.689116 0.532142 0.491878 0.815312 0.436718 0.380189 0.89836 0.367435 0.24071 0.93923 0.333308 0.0821759 0.480582 0.736459 0.476097 0.665382 0.725155 0.177248 0.220272 0.97207 0.0809997 0.362525 0.796171 0.484447 0.610101 0.672399 0.419115 0 -0.996547 0.0830318 0 -0.0830473 0.996546 0 -0.0830473 0.996546 0 -0.0830473 0.996546 0 -0.237438 0.971403 0 -0.237438 0.971403 0 -0.372382 0.92808 -9.1928e-05 -0.395988 0.918256 8.41909e-05 -0.470693 0.882297 -0.000181596 -0.527159 0.849767 0.000148622 -0.610217 0.792234 -3.67027e-05 -0.658891 0.752239 0.000170234 -0.748663 0.66295 0 -0.768645 0.639676 0 -0.842168 0.539214 0 -0.842168 0.539214 0 -0.920931 0.389727 0 -0.920931 0.389727 0 -0.96906 0.246824 0 -0.96906 0.246824 0 -0.996547 0.0830318 0.996194 0 0.0871599 0.0871669 0 0.996194 0.087167 0 0.996194 0.0871669 0 0.996194 0.996194 0 0.0871599 0.965927 0 0.258814 0.965927 0 0.258814 0.906307 0 0.422621 0.906307 0 0.422621 0.819154 0 0.573574 0.819154 0 0.573574 0.707107 0 0.707107 0.707107 0 0.707107 0.573569 0 0.819157 0.573569 0 0.819157 0.422627 0 0.906304 0.422627 0 0.906304 0.258809 0 0.965928 0.258809 0 0.965928 0.087167 0 0.996194 0.087167 0 0.996194 0.087167 0 0.996194 0.495722 -0.323407 0.80602 0.463663 -0.417039 0.781726 0.446911 -0.545887 0.708716 0.464808 -0.662875 0.586984 0.37108 -0.855177 0.3619 0.297658 -0.925135 0.235636 0.266555 -0.960492 0.0800277 0.598859 -0.667179 0.44299 0.768297 -0.371684 0.521125 0.512858 -0.722979 0.462901 0.496805 -0.715904 0.490577 0.546606 -0.198829 0.813443 0.0868681 -0.0827334 0.992779 0.401381 -0.415187 0.816403 0.220178 -0.525596 0.821749 0.372119 -0.474062 0.797993 0.511638 -0.451988 0.730708 0.626421 -0.46389 0.626421 0.705907 -0.50733 0.494279 0.742492 -0.573436 0.346232 0.734535 -0.649402 0.196814 0.765545 -0.407658 0.497751 0.993666 -0.0712027 0.0869387 0.0256902 -0.629115 0.776888 0.87414 -0.469581 -0.123989 0.189937 -0.260144 -0.946705 0.977 -0.198818 -0.077092 0.750334 0.409987 0.518565 0.169315 0.516438 -0.839419 0.105361 0.436557 -0.893486 0.0408009 -0.999153 0.00527925 0.165815 -0.985895 0.0227275 0.589662 -0.80762 -0.00695118 0.758528 -0.651603 0.00700017 0.979845 -0.199398 -0.0120019 0.994274 -0.106851 -0.00141622 0.847005 0.531519 -0.00838765 0.877543 0.479495 0.00157404 0.311532 0.950221 0.005252 0.252505 0.967492 0.0141627 0.0956489 -0.568706 0.816961 0.402685 -0.34592 0.847458 0.534419 -0.0574323 0.843266 0.471755 0.296039 0.830547 0.142334 0.545362 0.826027 -0.248126 -0.968597 -0.0159026 -0.500638 -0.861987 0.0796177 -0.589639 -0.807592 -0.0110263 -0.880047 -0.474443 0.0205197 -0.888962 -0.456982 0.0302396 -0.965926 -0.258817 -3.9159e-07 -0.995887 -0.0871296 0.0248389 -0.989451 -0.144865 0 0.91575 0.189 0.354515 0.516877 0.794625 0.318448 0.222225 0.925954 0.305329 0.0755009 0.938383 0.337248 0.52057 0.793269 0.315802 0.727939 0.62172 0.289084 0.81701 0.482404 0.31588 0.848794 0.42907 0.308946 0.888364 0.367973 0.274601 0.200786 0.95872 0.20135 0.214731 0.949056 0.230617 0.236878 0.938661 0.250607 0.21774 0.939064 0.265985 0.218417 0.930117 0.295257 0.933934 0.122909 0.335649 0.945719 0.12446 0.30021 0.950867 0.138866 0.27671 0.954528 0.125618 0.270365 0.963873 0.126848 0.234218 0.44457 0.861365 0.24578 0.513523 0.837687 0.185942 0.74459 0.635941 0.202891 0.721957 0.658192 0.21345 0.902353 0.373768 0.214607 0.912682 0.35507 0.202329 0.966945 0.166805 0.192854 0.96169 0.18536 0.201974 0.135799 0.98575 0.0992721 0.170692 0.975956 0.135551 0.967721 0.170829 0.185291 0.900548 0.411223 0.141097 0.783981 0.607448 0.127987 0.500914 0.848824 0.169067 0.379009 0.915009 0.13824 0.218129 0.96235 0.162182 0.215216 0.962593 0.164613 0.189293 0.981438 0.0307929 0.15394 0.985729 0.0681294 0.979255 0.114086 0.167463 0.987496 0.0777187 0.137154 0.991931 0.0780677 0.0998945 0.648719 0.754855 0.0967358 0.785938 0.604407 0.130361 0.931225 0.348458 0.106757 0.940925 0.320674 0.108756 0.988182 0.133041 0.0761394 0.989132 0.130171 0.0683605 0.0782668 0.994471 0.0700149 0.233129 0.97105 0.0520878 0.381744 0.921613 0.0700147 0.381743 0.921613 0.0700151 0.52179 0.851482 0.0520877 0.634398 0.770003 0.0680737 0.648325 0.759093 0.0587624 0.760035 0.64913 0.0312641 0.841176 0.537908 0.0554778 0.851482 0.52179 0.0520881 0.920778 0.385338 0.0606802 0.922283 0.382022 0.0587605 0.971895 0.233331 0.0312628 0.990224 0.130315 0.0497429 0.99643 0.078421 0.0312641 0.973036 0.22606 0.0458122 0.176661 0.982668 -0.0561631 0.187294 0.970249 0.153422 0.244819 0.963733 0.106221 0.284189 0.957707 0.0450918 0.0386162 0.975806 0.215199 0.0450649 0.975003 0.217575 0.880393 0.422065 0.21626 0.741394 0.624229 0.24632 0.355744 0.91603 0.185296 0.0930706 0.960484 0.262315 0.975345 0.192728 0.107505 0.978859 0.133711 0.154781 0.977576 -0.0165368 0.209932 0.975965 0.0076478 0.217792 0.959732 0.101065 0.262109 0.92884 0.190982 0.317461 0.108053 0.940717 0.321521 0.0291495 -0.999575 -0.000212457 0.202282 -0.979327 0.000424929 0.258819 -0.965926 0 0.422619 -0.906307 0 0.474544 -0.880232 -0.000424933 0.620184 -0.784456 0.000212449 0.664844 -0.746982 -0.000212466 0.784456 -0.620184 0.000424923 0.851082 -0.525033 -0.000424936 0.929324 -0.369266 0.00021245 0.949263 -0.314483 -0.000212465 0.989451 -0.144868 0.000424921 0.996195 -0.0871578 0 0.989451 0.144868 0 0.989451 0.144868 0 0.929324 0.369265 0 0.929324 0.369265 0 0.819151 0.573578 0 0.819151 0.573578 0 0.707107 0.707107 0 0.664844 0.746982 -0.000424932 0.525031 0.851083 0.000212464 0.474541 0.880233 -0.000212455 0.314483 0.949263 0.000424929 0.202283 0.979327 -0.000424917 0.0871583 0.996194 1.6842e-09 0.988117 0.153706 0 0.941265 0.337163 0.0184673 0.733494 0.679647 0.00818303 0.685032 0.728344 0.0156966 0.306905 0.95174 0.00103543 0.220997 0.975268 0.00344996 0.17694 0.984222 0 0 0 -1 0 0 -1 0 0 -1 0 0 -1 0 0 -1 0 0 -1 0 0 -1 0 0 -1 0 0 -1 0 0 -1 0 0 -1 0 0 -1 0 0 -1 0 0 -1 0 0 -1 0.774656 0.361229 0.519059 0.457657 0.519008 -0.721928 0.231737 0.799389 0.554324 -0.352565 0.660883 0.662519 -0.60199 0.370522 -0.707334 -0.749756 0.365333 -0.551723 0.906207 0.422572 -0.0149196 0.880581 0.473867 -0.00512073 0.348484 0.937313 -0.00193351 0.278415 0.960405 -0.0103728 -0.145453 0.98935 0.00541911 -0.470591 0.882123 -0.0200865 -0.748793 0.662712 0.0110546 -0.898932 0.438022 -0.00762129 -0.977471 0.21092 0.00797956 0.48805 0.262635 0.832364 0.18686 0.502595 0.844086 -0.0774894 0.527072 0.846281 -0.411469 0.364167 0.83551 -0.521821 0.1126 0.845591 0.966065 -0.258301 0 0.953918 -0.298599 0.0296422 0.78361 -0.620272 -0.0348987 0.662265 -0.744872 0.0810622 0.422617 -0.906309 -2.67515e-07 0.144387 -0.986184 0.0812032 0.2583 -0.966065 0 -0.00360364 -0.998972 0.0451799 0 -1 0 0 -1 0 0 -1 0 0 0.999508 0.0313599 0 0.999508 0.0313599 0 0.99762 0.0689513 0 0.99762 0.0689513 0 0.994967 0.1002 0 0.994967 0.1002 0 0.990492 0.13757 0 0.990492 0.13757 0 0.985691 0.168563 0 0.985691 0.168563 0 0.97865 0.205536 0 0.97865 0.205536 0 0.971723 0.236125 0 0.971723 0.236125 0 0.962149 0.272523 0 0.962149 0.272523 0 0.95313 0.302562 0 0.95313 0.302562 0 0.941069 0.338214 0 0.941069 0.338214 0 0.946258 0.323414 0 0.946258 0.323414 0 0.964671 0.263458 0 0.964671 0.263458 0 0.975994 0.217796 0 0.975994 0.217796 0 0.987728 0.156186 0 0.987728 0.156186 0 0.993981 0.109555 0 0.993981 0.109555 0 0.998893 0.0470309 0 0.998893 0.0470309 -0.576602 0.752699 0.317764 -0.833674 0.464495 0.298717 -0.931257 0.122557 0.343133 -0.929724 0.154813 0.334136 -0.927651 0.274158 0.253577 -0.837411 0.449632 0.310763 -0.771698 0.569229 0.283654 -0.567725 0.754544 0.329169 -0.472158 0.834133 0.285112 -0.969921 0.0608711 0.235687 -0.951293 0.161057 0.262872 -0.952246 0.143106 0.269719 -0.945719 0.12446 0.30021 -0.223416 0.917282 0.329665 -0.241982 0.924803 0.29357 -0.236414 0.924101 0.300242 -0.191983 0.944252 0.267454 -0.193822 0.953296 0.231647 -0.907021 0.36909 0.202695 -0.778449 0.574208 0.253579 -0.723748 0.661843 0.195328 -0.483314 0.853842 0.19329 -0.517576 0.829024 0.211743 -0.205658 0.954943 0.213981 -0.195151 0.959833 0.201584 -0.981083 0.166476 0.0988021 -0.976792 0.165748 0.135667 -0.196792 0.967908 0.15629 -0.390476 0.91231 0.123363 -0.484163 0.862361 0.148056 -0.764036 0.631222 0.133441 -0.901637 0.411081 0.134399 -0.914826 0.371888 0.157458 -0.985315 0.140216 0.0974364 -0.990972 0.130413 0.0310929 -0.989132 0.130171 0.0683605 -0.222012 0.961092 0.164357 -0.170692 0.975956 0.135551 -0.135799 0.98575 0.0992721 -0.982642 0.146725 0.113516 -0.920251 0.38021 0.0926164 -0.765432 0.629182 0.13507 -0.647852 0.755612 0.0966394 -0.15394 0.985729 0.0681294 -0.995195 0.0783238 0.0587607 -0.971895 0.233331 0.0312628 -0.913806 0.401335 0.0623552 -0.921637 0.381754 0.0696332 -0.84297 0.535614 0.0501886 -0.851166 0.521596 0.0587618 -0.760035 0.64913 0.0312641 -0.63979 0.766153 0.0606536 -0.648062 0.758785 0.065283 -0.521999 0.851823 0.043758 -0.373623 0.925162 0.0669396 -0.381743 0.921613 0.0700146 -0.233129 0.97105 0.0520878 -0.161042 0.985081 0.0606786 -0.078421 0.99643 0.0312633 -0.130971 0.990289 0.0466258 -0.780571 0.624993 0.00965967 -0.156285 0.986723 0.0441791 -0.985926 -0.0603722 0.155899 -0.98972 0.0924823 0.109089 -0.968939 0.243054 0.0456193 -0.601639 0.789147 0.123603 -0.989675 0.00118444 0.143323 -0.96665 0.13804 0.215713 -0.457147 0.864416 0.209289 -0.7955 0.515373 0.318702 -0.950644 0.169911 0.259627 -0.146004 0.988363 0.0426784 -0.211379 0.971521 0.10708 -0.247538 0.941764 0.227606 0.0211711 0.987506 0.156151 -0.106851 0.970407 0.21655 -0.136725 0.955612 0.260984 -0.133295 0.937814 0.320528 -0.178031 0.937786 0.298099 -0.931142 0.178024 0.318248 0.996195 0.087155 0.00063526 0.989451 0.144868 0 0.929324 0.369265 0 0.929324 0.369265 0 0.819151 0.573578 0 0.819151 0.573578 0 0.664844 0.746982 0 0.664844 0.746982 0 0.474541 0.880233 0 0.474541 0.880233 0 0.258819 0.965926 0 0.202283 0.979327 -0.000424917 0.0291513 0.999575 0.00021247 -0.0291513 0.999575 -0.00021247 -0.202283 0.979327 0.000424917 -0.258819 0.965926 0 -0.474541 0.880234 0 -0.474541 0.880234 0 -0.664845 0.746981 0 -0.664845 0.746981 0 -0.819151 0.573578 0 -0.851081 0.525034 -0.000424927 -0.929323 0.369267 0.000212471 -0.949264 0.314481 -0.000212459 -0.989451 0.144867 0.000424926 -0.996195 0.0871556 0 -0.131113 0.991367 0 -0.249832 0.968259 0.00770119 -0.363246 0.931664 0.00741774 -0.920836 0.389574 0.0171056 -0.966931 0.255038 0 0 0 -1 0 0 -1 0 0 -1 0 0 -1 0 0 -1 0 0 -1 0 0 -1 0 0 -1 0 0 -1 0 0 -1 0 0 -1 0 0 -1 0 0 -1 0 0 -1 0 0 -1 0 0 -1 -0.979686 -0.0857087 0.181301 -0.790941 -0.262032 0.552949 -0.563038 -0.48367 0.670114 0.0984988 -0.730485 -0.675788 -0.0924679 -0.265231 -0.959741 0.228415 -0.504153 -0.83286 0.584597 -0.30642 -0.751234 -0.994442 0.105036 0.00726504 -0.996195 -0.0871531 0 -0.965925 -0.258824 0 -0.949261 -0.314482 -0.00220546 -0.805264 -0.592904 0.00374143 -0.758545 -0.651617 -0.00219448 -0.41268 -0.910858 0.00576398 -0.329193 -0.944242 -0.00622693 0.445115 -0.895434 0.00841967 0.412642 -0.910773 0.0147989 0.885696 -0.464243 -0.00469137 0.962871 -0.269394 0.0175257 -0.427394 -0.314684 0.847531 -0.498881 -0.133678 0.856299 -0.527167 0.0556809 0.847935 -0.225938 -0.498685 0.836819 0.253762 -0.510491 0.821586 0.539573 -0.150963 0.828295 -0.999533 0.00242956 0.0304601 -1 0 0 -1 0 0 -1 0 0 -0.989451 0.144865 4.70613e-07 -0.928193 0.368819 0.0492995 -0.922404 0.381801 0.0583025 -0.70727 0.706511 -0.0247262 -0.5725 0.817614 0.0612491 -0.422002 0.906258 -0.0247267 -0.087051 0.994985 0.0492571 -0.18562 0.982622 0 0.155047 -0.933834 0.322358 0.3962 -0.863432 0.312267 0.581957 -0.714538 0.38828 0.76439 -0.5626 0.314942 0.913 -0.218815 0.344311 0.907811 -0.2635 0.326261 0.893409 -0.370063 0.254705 0.770473 -0.567077 0.291195 0.723337 -0.639801 0.259687 0.447396 -0.858546 0.250472 0.968784 -0.141633 0.203464 0.96107 -0.147667 0.233536 0.936872 -0.205413 0.282977 0.935221 -0.23493 0.264896 0.929195 -0.222696 0.294964 0.20178 -0.921712 0.331257 0.156373 -0.941404 0.29884 0.133635 -0.953519 0.270079 0.182315 -0.955437 0.232166 0.448371 -0.857765 0.251401 0.210031 -0.952819 0.219143 0.195151 -0.959833 0.201584 0.986546 -0.129833 0.0993522 0.982183 -0.129259 0.136416 0.196891 -0.968393 0.153128 0.486809 -0.860017 0.152928 0.510415 -0.842156 0.173924 0.747829 -0.638705 0.181129 0.737651 -0.652462 0.173678 0.909759 -0.376835 0.174167 0.909759 -0.376835 0.174167 0.971299 -0.160199 0.175826 0.968926 -0.183649 0.165696 0.979488 -0.199146 0.0307326 0.977711 -0.198784 0.0675711 0.212423 -0.963195 0.164718 0.197421 -0.970998 0.134863 0.198278 -0.975213 0.0982109 0.97897 -0.196093 0.0562667 0.918658 -0.380521 0.106169 0.868981 -0.491883 0.0540636 0.754934 -0.644774 0.11975 0.648022 -0.758735 0.0662445 0.488352 -0.862743 0.131102 0.381475 -0.920962 0.0794062 0.155775 -0.978036 0.138488 0.130173 -0.989132 0.0683604 0.972456 -0.233065 0.00323349 0.869922 -0.492416 0.0275931 0.852433 -0.522828 0.00299546 0.648326 -0.759092 0.0587614 0.552036 -0.833799 -0.00600988 0.382298 -0.922951 0.0448339 0.319427 -0.94749 0.0151637 0.130317 -0.990224 0.0497435 0.078421 -0.99643 0.0312641 0.0972138 -0.994162 0.0468082 0.95904 -0.23926 0.151648 0.948414 -0.299304 0.104537 0.921858 -0.387257 -0.0145205 0.602341 -0.784773 0.146007 0.96879 -0.166612 0.183538 0.952001 -0.220367 0.212444 0.645451 -0.744837 0.169148 0.932359 -0.256649 0.254634 0.0476185 -0.992853 0.109435 -0.0390509 -0.986975 0.156065 -0.126818 -0.976006 0.177003 0.00642444 -0.975974 0.217794 0.0924775 -0.960537 0.262329 0.158536 -0.93429 0.319324 0.90908 -0.277551 0.310707 0.941069 0 0.338214 0.941069 0 0.338214 0.95313 0 0.302562 0.95313 0 0.302562 0.962149 0 0.272523 0.962149 0 0.272523 0.971723 0 0.236125 0.971723 0 0.236125 0.97865 0 0.205536 0.97865 0 0.205536 0.985691 0 0.168563 0.985691 0 0.168563 0.990492 0 0.13757 0.990492 0 0.13757 0.994967 0 0.1002 0.994967 0 0.1002 0.99762 0 0.0689471 0.99762 0 0.0689471 0.999508 0 0.0313607 0.999508 0 0.0313607 0.998893 -1.3071e-08 0.0470296 0.998893 0 0.04703 0.99398 0 0.109559 0.99398 0 0.109559 0.987728 0 0.156184 0.987728 0 0.156184 0.975994 0 0.217798 0.975994 0 0.217798 0.964671 0 0.263458 0.964671 0 0.263458 0.946258 0 0.323414 0.946258 0 0.323414 -0.996194 -0.0871583 0 -0.989451 -0.144868 -0.00042492 -0.949263 -0.314483 0.000212465 -0.929324 -0.369265 -0.00021244 -0.851083 -0.525031 0.000424949 -0.784456 -0.620184 -0.000424923 -0.664844 -0.746982 0.000212466 -0.620184 -0.784456 -0.000212449 -0.422617 -0.906308 0.00063525 -0.369265 -0.929324 0 -0.144868 -0.989451 0 -0.144868 -0.989451 0 0.0871583 -0.996194 0 0.144868 -0.989451 -0.00042492 0.314483 -0.949263 0.000212465 0.369265 -0.929324 -0.00021244 0.573575 -0.819153 0.000635258 0.620184 -0.784456 0 0.784456 -0.620184 0 0.784456 -0.620184 0 0.929324 -0.369265 0 0.929324 -0.369265 0 0.989451 -0.144868 0 0.996195 -0.087155 -0.00063526 1 0 0 1 0 0 -0.012371 -0.999924 0 0.276426 -0.960838 0.0194539 0.646734 -0.762687 0.00661355 0.625929 -0.779873 0.00329056 0.916672 -0.399639 -0.00124108 0.930097 -0.367305 0.00272819 0.995078 -0.0990221 0.00371289 0 0 -1 0 0 -1 0 0 -1 0 0 -1 0 0 -1 0 0 -1 0 0 -1 0 0 -1 0 0 -1 0 0 -1 0 0 -1 -0.576373 0.802211 0.155729 -0.939382 0.0154194 -0.342527 -0.181111 -0.201701 -0.962557 -0.270513 -0.226181 -0.935769 -0.0931004 0.995396 0.0227772 -0.583319 0.811878 -0.0243531 -0.840699 0.541154 0.0194328 -0.999645 0.0164086 -0.0209935 -0.98936 -0.145457 -0.00315923 -0.676766 -0.736192 -0.0030482 -0.6681 -0.744057 -0.00474595 -0.0537302 0.574464 0.816764 -0.478563 0.308049 0.822243 -0.527072 -0.0774907 0.84628 -0.369794 -0.402266 0.837517 0 1 0 0 1 0 0 1 0 0 1 0 0.0871568 0.996195 0 0.0871568 0.996195 0 0.258819 0.965926 0 0.314436 0.949133 0.0166181 0.474524 0.880203 -0.00831127 0.745882 0.659959 0.090082 0.729438 0.675323 0.108897 0.921644 0.386809 0.0308441 0.984845 0.0861638 0.150521 0.951129 0.308793 0 1 0 0 1 0 0 1 0 0 1 0 0 0 0 -1 0 0 -1 0 0 -1 0 0 -1 0 0 -1 0 0 -1 0 0 -1 0 0 -1 0 0 -1 0 0 -1 0 0 -1 0 0 -1 0 0 -1 0 0 -1 0 0 -1 0 0 -1 0 0 -1 0 0 -1 0 0 -1 0 0 -1 0 0 -1 0 0 -1 0 0 -1 0 0 -1 0 0 -1 0 0 -1 0 0 -1 0 0 -1 0 0 -1 0 0 -1 0 0 -1 0 0 -1 0 0 -1 0 0 -1 0 0 -1 0 0 -1 0 0 -1 0 0 -1 0 0 -1 0 0 -1 0 0 -1 0 0 -1 0 0 -1 0 0 -1 0 0 -1 0 0 -1 0 0 -1 0 0 -1 0 0 -1 0 0 -1 0 0 -1 0 0 -1 0 0 -1 0 0 -1 0 0 -1 0 0 -1 0 0 -1 0 0 -1 0 0 -1 0 0 -1 0 0 -1 0 0 -1 0 0 -1 0 0 -1 0 0 -1 0 0 -1 0 0 -1 0 0 -1 0 0 -1 0 0 -1 0 0 -1 0 0 -1 0 0 -1 0 0 -1 0 0 -1 0 0 -1 0 0 -1 0 0 -1 0 0 -1 0 0 -1 0 0 -1 0 0 -1 0 0 -1 0 0 -1 0 0 -1 0 0 -1 0 0 -1 0 0 -1 0 0 -1 0 0 -1 0 0 -1 0 0 -1 0 0 -1 0 0 -1 0 0 -1 0 0 -1 0 0 -1 0 0 -1 0 0 -1 0 0 -1 0 0 -1 0 0 -1 0 0 -1 0 0 -1 0 0 -1 0 0 -1 0 0 -1 0 0 -1 0 0 -1 0 0 -1 0 0 -1 0 0 -1 0 0 -1 0 0 -1 0 0 -1 0 0 -1 0 0 -1 0 0 -1 0 0 -1 0 0 -1 0 0 -1 0 0 -1 0 0 -1 0 0 -1 0 0 -1 0 0 -1 0 0 -1 0 0 -1 0 0 -1 0 0 -1 0 0 -1 0 0 -1 0 0 -1 0 0 -1 0 0 -1 0 0 -1 0 0 -1 0 0 -1 0 0 -1 0 0 -1 0 0 -1 0 0 -1 0 0 -1 0 0 -1 0 0 -1 0 0 -1 0 0 -1 0 0 -1 0 0 -1 0 0 -1 0 0 -1 0 0 -1 0 0 -1 0 0 -1 0 0 -1 0 0 -1 0 0 -1 0 0 -1 0 0 -1 0 0 -1 0 0 -1 0 0 -1 0 0 -1 0 0 -1 0 0 -1 0 0 -1 0 0 -1 0 0 -1 0 0 -1 0 0 -1 0 0 -1 0 0 -1 0 0 -1 0 0 -1 0 0 -1 0 0 -1 -0.999508 0 0.0313607 -0.999508 0 0.0313607 -0.99762 0 0.0689471 -0.99762 0 0.0689471 -0.994967 0 0.1002 -0.994967 0 0.1002 -0.990492 0 0.13757 -0.990492 0 0.13757 -0.985661 0 0.168737 -0.985691 5.75303e-06 0.168563 -0.978609 -6.52616e-06 0.20573 -0.97865 0 0.205536 -0.971723 0 0.236125 -0.971723 0 0.236125 -0.962149 0 0.272523 -0.962149 0 0.272523 -0.95313 0 0.302562 -0.95313 0 0.302562 -0.941069 0 0.338214 -0.941019 -8.1846e-06 0.338354 -0.946258 8.27919e-06 0.323414 -0.946182 0 0.323634 -0.964671 0 0.263458 -0.964671 0 0.263458 -0.975994 0 0.217798 -0.975994 0 0.217798 -0.987728 0 0.156184 -0.987728 0 0.156184 -0.99398 0 0.109559 -0.99398 0 0.109559 -0.998893 0 0.0470296 -0.998893 -6.63452e-08 0.0470315 -0.791119 -0.526977 0.310526 -0.547712 -0.772167 0.322133 -0.220801 -0.921282 0.320135 -0.182239 -0.92531 0.33255 -0.448493 -0.861606 0.237675 -0.561955 -0.767494 0.308479 -0.829239 -0.501204 0.247299 -0.780466 -0.559717 0.27855 -0.141633 -0.968784 0.203464 -0.147667 -0.96107 0.233534 -0.205414 -0.936872 0.282977 -0.234931 -0.935221 0.264896 -0.222698 -0.929194 0.294964 -0.947875 -0.104863 0.300894 -0.942634 -0.195859 0.270332 -0.944252 -0.191982 0.267454 -0.953296 -0.19382 0.231647 -0.41923 -0.863236 0.281195 -0.634316 -0.742689 0.214607 -0.780532 -0.559765 0.278266 -0.860417 -0.467674 0.202393 -0.955829 -0.213787 0.201708 -0.956248 -0.212735 0.200831 -0.149953 -0.983717 0.0990674 -0.179528 -0.974399 0.135335 -0.967344 -0.198991 0.156996 -0.859255 -0.489541 0.148428 -0.79696 -0.590541 0.126954 -0.601386 -0.783662 0.15559 -0.643639 -0.753604 0.133458 -0.400204 -0.906591 0.133901 -0.334829 -0.928677 0.159529 -0.2087 -0.965667 0.154695 -0.183647 -0.968926 0.165698 -0.0784211 -0.99643 0.0312641 -0.0782739 -0.99456 0.0687356 -0.961092 -0.222012 0.164357 -0.975956 -0.170692 0.135551 -0.98575 -0.135799 0.0992721 -0.123922 -0.980879 0.150069 -0.914119 -0.388057 0.117467 -0.985729 -0.153943 0.0681252 -0.078421 -0.99643 0.0312642 -0.346366 -0.937595 0.0307561 -0.233129 -0.97105 0.0520878 -0.403063 -0.913067 0.0620316 -0.381743 -0.921613 0.0700156 -0.52179 -0.851482 0.0520882 -0.607543 -0.791686 0.0642215 -0.648567 -0.759373 0.0520883 -0.780248 -0.623311 0.0519263 -0.758761 -0.648043 0.0657429 -0.851823 -0.521999 0.0437588 -0.925561 -0.372696 0.0665889 -0.921613 -0.381743 0.0700146 -0.97105 -0.233129 0.0520878 -0.985081 -0.16104 0.0606788 -0.99643 -0.078421 0.0312641 -0.495507 -0.868549 0.00973376 -0.689676 -0.722344 0.0506617 -0.984664 0.150922 0.0875209 -0.9895 -0.130212 0.0627243 -0.0248611 -0.987423 0.156136 -0.11613 -0.987255 0.108818 -0.179221 -0.98272 0.0462694 0.012159 -0.986077 0.165845 -0.111072 -0.969955 0.216451 -0.58228 -0.728377 0.361132 -0.721346 -0.671586 0.16921 -0.164725 -0.951493 0.259859 -0.998182 0.0301427 0.0521957 -0.991289 -0.0735397 0.109262 -0.982684 -0.100931 0.155386 -0.982541 -0.108374 0.151225 -0.961226 -0.1733 0.214503 -0.952058 -0.161179 0.260013 -0.930849 -0.0712927 0.358381 -0.199541 -0.927228 0.31691 0 -0.941069 0.338214 0 -0.941069 0.338214 0 -0.95313 0.302562 0 -0.95313 0.302562 0 -0.962149 0.272523 0 -0.962149 0.272523 0 -0.971723 0.236123 0 -0.971723 0.236123 0 -0.97865 0.205536 0 -0.97865 0.205536 0 -0.985691 0.168565 0 -0.985691 0.168565 0 -0.990492 0.13757 0 -0.990492 0.13757 0 -0.994967 0.1002 0 -0.994967 0.1002 0 -0.99762 0.0689471 0 -0.99762 0.0689471 0 -0.999508 0.0313607 0 -0.999508 0.0313607 0 -0.998893 0.0470309 0 -0.998893 0.0470309 0 -0.99398 0.109559 0 -0.99398 0.109559 0 -0.987728 0.156184 0 -0.987728 0.156184 0 -0.975994 0.217798 0 -0.975994 0.217798 0 -0.964671 0.263458 0 -0.964671 0.263458 0 -0.946258 0.323414 0 -0.946258 0.323414 -0.0291495 0.999575 -0.000212457 -0.202282 0.979327 0.000424929 -0.314483 0.949263 -0.000424929 -0.474541 0.880234 0.000212452 -0.525031 0.851083 -0.000212475 -0.664845 0.746981 0.000424923 -0.707107 0.707107 0 -0.851082 0.525034 0 -0.851082 0.525034 0 -0.949264 0.314481 0 -0.949264 0.314481 0 -0.996195 0.0871556 0 -0.996195 0.0871556 0 -0.996195 -0.0871556 0 -0.989451 -0.144867 -0.000424926 -0.949264 -0.314481 0.000212459 -0.929323 -0.369267 -0.000212471 -0.851081 -0.525034 0.000424927 -0.784456 -0.620184 -0.000424923 -0.664845 -0.746981 0.000212462 -0.620184 -0.784456 -0.000212462 -0.474541 -0.880234 0.000424938 -0.369265 -0.929324 -0.000424917 -0.202283 -0.979327 0.000212458 -0.144868 -0.989451 -0.000212463 -0.452707 -0.89154 0.0146075 -0.22362 -0.974627 0.00985395 -0.101755 -0.99481 0 -1 0 0 -1 -9.25702e-08 -6.58942e-07 0 0 -1 0 0 1 0 0 1 0 0 1 0 0 1 0 0 1 0 0 1 0 0 1 0 0 1 0 0 1 0 0 1 0 0 1 0 0 1 0 0 1 0 0 1 0 0 1 0 0 1 0 0 1 0 0 1 0 0 1 0 0 1 0 0 1 0 0 1 0 0 1 0 0 1 0 0 1 0 0 1 0 0 1 0 0 1 0 0 1 0 0 1 0 0 1 0 0 1 0 0 1 0 0 1 0 0 1 0 0 1 0 0 1 0 0 1 0 0 1 0 0 1 0 0 1 0 0 1 0 0 1 0 0 1 0 0 1 0 0 1 0 0 1 0 0 1 0 0 1 0 0 1 0 0 1 0 0 1 0 0 1 0 0 1 0 0 1 0 0 1 0 0 1 0 0 1 0 0 1 0 0 1 0 0 1 0 0 1 0 0 1 0 0 1 0 0 1 0 0 1 0 0 1 0 0 1 0 0 1 0 0 1 0 0 1 0 0 1 0 0 1 0 0 1 0 0 1 0 0 1 0 0 1 0 0 1 0 0 1 0 0 1 0 0 1 0 0 1 0 0 1 0 0 1 0 0 1 0 0 1 0 0 1 0 0 1 0 0 1 0 0 1 0 0 1 0 0 1 0 0 1 0 0 1 0 0 1 0 0 1 0 0 1 0 0 1 0 0 1 0 0 1 0 0 1 0 0 1 0 0 1 0 0 1 0 0 1 0 0 1 0 0 1 0 0 1 0 0 1 0 0 1 -8.94075e-05 -5.19156e-05 1 0 0 1 4.1742e-05 -5.15229e-05 1 1.91634e-06 8.46909e-05 1 2.15665e-06 -4.54665e-05 1 0 0 1 -5.44095e-05 1.389e-05 1 1.53317e-05 2.20256e-05 1 0 0 1 0 0 1 0 0 1 0 0 1 0 0 1 0 0 1 0 0 1 -0.585665 0.261697 0.767145 0 0 1 0 0 1 0 0 1 0.0207804 -0.161528 0.986649 0 0 1 0 0 1 0.318251 0.0948866 0.943246 -0.0461439 -0.271912 0.961215 0 0 1 0 0 1 0 0 1 0 0 1 0 0 1 0 0 1 0 0 1 -0.00379345 0.00252897 0.99999 0.0201131 0.0591765 0.998045 0 0 1 0 0 1 0 0 1 0.0221093 -0.0670386 0.997505 0 0 1 0 0 1 0 0 1 0 0 1 0 0 1 0 0 1 0 0 1 0 0 1 0 0 1 0 0 1 0 0 1 0 0 1 0 0 1 0 0 1 0 0 1 -0.00737332 -0.0597013 0.998189 0 0 1 0.0786574 0.0819453 0.993528 0 0 1 0 0 1 0.0638422 0.200998 0.977509 0 0 1 0 0 1 -0.306685 -0.0851062 0.947999 0 0 1 0 0 1 0 0 1 0 0 1 0 0 1 0.13522 -0.00939867 0.990771 -0.082355 -0.00308344 0.996598 0 0 1 0 0 1 0 0 1 -0.0210729 0.044272 0.998797 0 0 1 0 0 1 0 0 1 0 0 -1 0 0 -1 0 0 -1 0 0 -1 0 0 -1 0 0 -1 0 0 -1 0 0 -1 0 0 -1 0 0 -1 0 0 -1 0 0 -1 0 0 -1 0 0 -1 0 0 -1 0 0 -1 0 0 -1 -0.0871558 0.996195 0 -0.0871558 0.996195 0 -0.258819 0.965926 0 -0.258819 0.965926 0 -0.422618 0.906308 0 -0.422618 0.906308 0 -0.573576 0.819152 0 -0.573576 0.819152 0 -0.707107 0.707107 0 -0.707107 0.707107 0 -0.819152 0.573576 0 -0.819152 0.573576 0 -0.906308 0.422618 0 -0.906308 0.422618 0 -0.965926 0.258819 0 -0.965926 0.258819 0 -0.996195 0.0871558 0 -0.996195 0.0871558 0 -0.996195 -0.0871558 0 -0.996195 -0.0871558 0 -0.965926 -0.258819 0 -0.965926 -0.258819 0 -0.906308 -0.422618 0 -0.906308 -0.422618 0 -0.819152 -0.573576 0 -0.819152 -0.573576 0 -0.707107 -0.707107 0 -0.707107 -0.707107 0 -0.573577 -0.819152 0 -0.573577 -0.819152 0 -0.422619 -0.906308 0 -0.422619 -0.906308 0 -0.258819 -0.965926 0 -0.258819 -0.965926 0 -0.0871558 -0.996195 0 -0.0871558 -0.996195 0 0 -1 0 0.0235462 -0.997769 -0.0624692 -4.79867e-07 -1 4.18304e-06 0 -1 0 4.07581e-07 -1 0 -3.06157e-07 -1 -7.48181e-06 0 -1 0 0 -1 0 3.90415e-06 1 0 0 1 0 0 1 0 0 1 0 -1.06203e-06 1 -2.77856e-05 0 1 0 -2.05902e-06 1 5.14665e-05 0 1 0 0 1 0 0.0871558 -0.996195 0 0.0871558 -0.996195 0 0.258819 -0.965926 0 0.258819 -0.965926 0 0.422618 -0.906308 0 0.422618 -0.906308 0 0.573577 -0.819152 0 0.573577 -0.819152 0 0.707107 -0.707107 0 0.707107 -0.707107 0 0.819152 -0.573576 0 0.819152 -0.573576 0 0.906308 -0.422618 0 0.906308 -0.422618 0 0.965926 -0.258819 0 0.965926 -0.258819 0 0.996195 -0.0871558 0 0.996195 -0.0871558 0 0.996195 0.0871558 0 0.996195 0.0871558 0 0.965926 0.258819 0 0.965926 0.258819 0 0.906308 0.422618 0 0.906308 0.422618 0 0.819152 0.573576 0 0.819152 0.573576 0 0.707107 0.707107 0 0.707107 0.707107 0 0.573576 0.819152 0 0.573576 0.819152 0 0.422618 0.906308 0 0.422618 0.906308 0 0.258819 0.965926 0 0.258819 0.965926 0 0.0871558 0.996195 0 0.0871558 0.996195 0 0.0871563 -0.996194 0.000635245 0.144868 -0.989451 0 0.369265 -0.929324 0 0.369265 -0.929324 0 0.620184 -0.784456 0 0.620184 -0.784456 0 0.784456 -0.620184 0 0.784456 -0.620184 0 0.929324 -0.369265 0 0.929324 -0.369265 0 0.989451 -0.144868 0 0.996195 -0.087155 -0.00063526 0.989451 0.144868 0.000212443 0.979327 0.202282 -0.000212465 0.929324 0.369265 0.000424917 0.906309 0.422615 0 0.819151 0.573578 0 0.819151 0.573578 0 0.707107 0.707107 0 0.664844 0.746982 -0.000424932 0.525031 0.851083 0.000212464 0.474541 0.880233 -0.000212455 0.314483 0.949263 0.000424929 0.202282 0.979327 -0.00042493 0.0291495 0.999575 0.000212457 0.18438 -0.488014 0.853139 -0.099611 -0.53099 0.841503 0.414312 -0.357371 0.837037 0.545004 -0.0222555 0.838138 0.423398 0.370719 0.826621 -0.184378 -0.982852 0.00257692 -0.162434 -0.986719 0 0.353433 -0.93546 0 0.386996 -0.922078 -0.00238159 0.75721 -0.653142 0.00622673 0.812819 -0.582488 -0.00576405 0.999156 -0.040801 0.0048315 0.984446 -0.174468 0.0206598 0.839853 0.54279 0.00507368 0.752215 0.658624 0.0196573 0.313754 0.949208 -0.0236994 -0.15488 -0.940834 -0.301404 0.36474 -0.869048 0.334245 0.811381 -0.581458 -0.059727 0.714759 -0.341925 -0.610087 0.124535 0.376759 -0.917902 0.0836751 0.320678 -0.943485 0.989451 0.144868 0.000212443 0.979327 0.202282 -0.000212465 0.929324 0.369265 0.000424917 0.906309 0.422615 0 0.819151 0.573578 0 0.819151 0.573578 0 0.707107 0.707107 0 0.664844 0.746982 -0.000424932 0.525031 0.851083 0.000212464 0.474541 0.880233 -0.000212455 0.258819 0.965926 0.000635239 0.202282 0.979327 0 -0.0291495 0.999575 0 -0.087155 0.996195 -0.000635236 -0.314483 0.949263 0.000212465 -0.369268 0.929323 -0.000212465 -0.525031 0.851083 0.000424916 -0.620182 0.784458 -0.000424933 -0.746982 0.664844 0.000212466 -0.784456 0.620184 -0.000212449 -0.906308 0.422617 0.00063525 -0.929324 0.369265 0 -0.989451 0.144868 0 -0.989451 0.144868 0 0.47816 0.272421 0.834955 0.174951 0.532864 0.827918 -0.47762 0.25797 0.839839 -0.189056 0.502906 0.843412 0.962503 0.270699 -0.0176106 0.868845 0.495004 0.00888424 0.365399 0.930724 -0.015392 0.311934 0.950087 -0.00558274 -0.351884 0.93604 -0.00266418 -0.449526 0.893135 -0.0153764 -0.879719 0.47515 0.0180613 -0.96225 0.272167 -0.000672242 0.399363 0.112319 -0.909886 0.308172 0.136376 -0.941505 0.283163 0.721258 0.632144 -0.395119 0.694722 0.601034 -0.800663 0.175577 -0.57281 -0.996195 -0.0871552 0 -0.996195 -0.0871552 0 -0.965926 -0.258819 0 -0.949264 -0.314481 -0.000424917 -0.880232 -0.474544 0.000212484 -0.851081 -0.525035 -0.000212446 -0.746982 -0.664844 0.000424932 -0.664845 -0.746981 -0.000424923 -0.525034 -0.851081 0.000212464 -0.474543 -0.880232 -0.000212463 -0.314483 -0.949263 0.000424929 -0.202282 -0.979327 -0.00042493 -0.0291495 -0.999575 0.000212457 0.0291495 -0.999575 -0.000212457 0.202282 -0.979327 0.000424929 0.258819 -0.965926 0 0.422619 -0.906307 0 0.422619 -0.906307 0 0.620184 -0.784456 0 0.620184 -0.784456 0 0.784456 -0.620184 0 0.784456 -0.620184 0 0.906308 -0.422617 0 0.929324 -0.369266 -0.000424922 0.979328 -0.202281 0.000212467 0.989451 -0.144868 -0.000212441 -0.490793 -0.221572 0.842631 -0.329269 -0.411911 0.849654 -0.116295 -0.512121 0.851004 0.221557 -0.513557 0.828958 0.529677 -0.0336643 0.847531 0.418525 -0.333901 0.844599 -0.979419 -0.201694 -0.00763049 -0.911388 -0.411452 0.00887961 -0.784072 -0.620641 -0.00597641 -0.624385 -0.781096 0.00568154 -0.474546 -0.88023 -0.0011029 -0.221446 -0.975164 0.00401463 -0.125895 -0.992041 -0.00238139 0.396115 -0.918171 0.00749279 0.42121 -0.906957 0.00332115 0.781679 -0.623626 0.00823181 0.926635 -0.375611 -0.0162542 0.997982 -0.063428 0.00312114 -0.965222 -0.19877 -0.169815 -0.593464 -0.469764 -0.653546 -0.829011 -0.477916 -0.290409 -0.372583 -0.691101 0.619323 -0.0909675 -0.716816 0.691303 0.420414 -0.907126 -0.0193675 0.923451 -0.377896 0.0665768 -0.0871583 0.996194 -0.000635252 -0.0291513 0.999575 0 -0.258819 0.965926 0 -0.314483 0.949263 -0.000424929 -0.474541 0.880233 0.000212455 -0.525031 0.851083 -0.000212464 -0.664844 0.746982 0.000424932 -0.707107 0.707107 0 -0.819151 0.573578 0 -0.819151 0.573578 0 -0.929324 0.369265 0 -0.929324 0.369265 0 -0.989451 0.144868 0 -0.989451 0.144868 0 -0.989451 -0.144868 0 -0.989451 -0.144868 0 -0.929324 -0.369266 0 -0.929324 -0.369266 0 -0.819151 -0.573578 0 -0.819151 -0.573578 0 -0.707107 -0.707107 0 -0.664844 -0.746982 -0.000424932 -0.525034 -0.851081 0.000212453 -0.474544 -0.880232 -0.000212467 -0.314483 -0.949263 0.000424929 -0.202282 -0.979327 -0.00042493 -0.0291495 -0.999575 0.000212457 -0.24586 0.472006 0.846619 -0.432603 0.302908 0.849177 -0.544091 0.0175575 0.838843 -0.405528 -0.410419 0.816764 -0.335526 0.941998 -0.00787113 -0.461967 0.88689 0.00367313 -0.819117 0.573545 -0.00964257 -0.798934 0.601393 -0.00552048 -0.999462 0.0322522 0.0058934 -0.999588 -0.0286705 -0.00165993 -0.70281 -0.711286 0.0113878 -0.663392 -0.748271 0.00155143 -0.32269 0.90596 -0.274059 -0.79647 0.599538 0.0786738 -0.629611 0.044177 -0.775654 -0.573683 -0.687564 -0.445133 -0.0900211 -0.92268 0.374911 0.110867 -0.338337 0.934471 0.64206 0.097192 0.760469 0.277026 0.359068 -0.89125 0.214368 -0.965854 0.145508 0.493699 -0.854363 0.162251 0.521768 -0.845331 0.11478 0.841303 -0.539175 0.03873 0.218848 0.959259 0.178684 0.982855 -0.108012 0.14943 0.974843 0.1941 0.109571 0.968666 0.243651 0.048173 0.744625 0.664864 0.0590663 0.266739 -0.874891 -0.404248 0.899622 -0.403252 -0.167537 0.696102 0.716654 -0.0429901 0.273138 0.961946 0.00746794 0.298946 0.947307 0.11507 -4.30974e-06 0.908231 0.418469 0.00012869 0.880803 0.473483 -0.000128053 0.618705 0.785623 0 0.556767 0.830669 0 0.304349 0.952561 0 0.304349 0.952561 0 0.0842254 0.996447 -0.0842301 -0.000277419 0.996446 -0.942151 0.0166511 0.334774 -0.27866 0.401956 0.872227 -0.615482 0.304405 0.726994 -0.939142 0.163338 0.302215 -0.418275 0.52305 0.742607 -0.00513246 0.0391596 0.99922 -0.00166611 -0.997811 -0.066115 -0.110595 0.302482 0.946717 -0.10756 0.615116 0.781066 -0.129323 0.900604 0.414955 0.504714 0.690452 0.518209 0.00013993 0.00119295 0.999999 0.150238 0.24786 0.957076 0.146398 0.30107 0.942297 0.135013 0.551669 0.823063 0.12416 0.873988 0.469819 0.619446 0.0214438 0.784746 0.910592 0.0878606 0.403859 -0.951926 0.00026742 0.306329 -0.800383 -0.000276924 0.599489 -0.646146 9.35053e-05 0.763214 -0.408943 -0.000140894 0.91256 -0.304328 0 0.952567 -0.0842301 0 0.996446 -0.0842301 0 0.996446 0.914127 2.3572e-05 0.405427 0.908231 -8.90166e-06 0.418469 0.619589 8.75387e-05 0.784927 0.556785 -0.000105077 0.830656 0.266467 2.8429e-05 0.963844 -0.43138 -0.768194 0.473064 -0.000138855 -0.00183351 0.999998 -0.115439 -0.253619 0.960391 -0.104405 -0.372724 0.92205 -0.0940974 -0.72608 0.681142 -0.114888 -0.935934 0.33291 -0.594952 -0.803685 -0.0110467 -0.75743 -0.191237 0.624282 -0.0801342 -0.308052 0.947989 -0.391396 -0.289784 0.873404 -0.776256 -0.243682 0.581418 0.935409 -0.246249 0.253716 0.00774133 -0.000247692 0.99997 0.134373 -0.0502422 0.989656 0.549857 -0.157269 0.82032 0.875302 -0.266832 0.403296 0.940525 -0.305133 0.149356 0.859661 -0.454249 0.233754 0.39795 -0.911618 0.102898 0.00496383 -0.109308 0.993996 0.00166611 0.997809 -0.0661325 0.102494 -0.443384 0.890452 0.116033 -0.807317 0.578598 0.150583 -0.961915 0.228132 0 -0.97301 0.230763 -0.000159021 -0.942172 0.335129 0.00010318 -0.812807 0.582533 -0.000112433 -0.729315 0.684178 0.00014613 -0.445732 0.895167 0 -0.374772 0.927117 0 -0.0842254 0.996447 -0.019372 -0.0754468 -0.996962 -0.481652 -0.876096 0.0216349 0.636324 0.76934 -0.0566336 -0.728951 -0.684512 0.0086487 -0.0363236 -0.0143815 -0.999237 -0.018611 -0.00604699 -0.999809 -0.982046 -0.187365 0.0219042 -0.0777302 0.00489045 -0.996962 -0.0740691 0.0240669 -0.996963 -0.844134 0.535745 0.0203573 -0.00954024 0.00895889 -0.999914 -0.0201174 0.016644 -0.999659 -0.637424 0.770513 0 -0.500021 0.866013 0 -0.0417109 0.0657259 -0.996966 -0.425842 0.90421 -0.0326022 -0.248632 0.968382 0.0204699 0 0 1 0 0 1 0 0 1 0 0 1 0 0 1 0 0 1 0 0 1 0 0 1 0 0 1 0 0 1 0 0 1 0 0 1 0 0 1 0 0 1 0 0 1 0 0 1 0 0 1 6.47168e-07 4.00666e-07 1 4.78269e-07 8.69943e-07 1 0 0 1 0 0 1 -9.5316e-06 1.83372e-05 1 0 0 1 0 0 1 0 0 1 0 0 1 0 0 1 0.168531 0.985206 0.0310706 0.261558 0.964485 0.0368196 0.310007 0.950147 0.0334145 0.406823 0.912992 0.0306737 0.462682 0.885838 0.0348909 0.535508 0.843812 0.0348322 0.516505 0.855744 0.0304027 0.5925 0.804725 0.0369024 0.638391 0.768992 0.0332884 0.712149 0.701386 0.0300295 0.754081 0.655854 0.0348887 0.808526 0.587429 0.0348292 0.793229 0.608196 0.0297376 0.843488 0.535877 0.0369243 0.876921 0.479486 0.0332 0.91912 0.39288 0.0293925 0.948882 0.313466 0.0369105 0.968044 0.248559 0.0333091 0.970593 0.23819 0.034852 0.991512 0.125262 0.0348297 0.990233 0.135511 0.0327932 0.997997 0.0514295 0.0368518 0.999495 0 0.0317711 0.998898 -0.0313911 0.0348823 0.992783 -0.114752 0.0348519 0.991564 -0.125267 0.0333024 0.980268 -0.194202 0.0368918 0.968093 -0.248566 0.0317868 0.960331 -0.276672 0.0348797 0.941442 -0.335365 0.0348858 0.929307 -0.367936 0.0318063 0.911549 -0.409546 0.0367463 0.875822 -0.481483 0.0333317 0.87102 -0.49001 0.0348495 0.814818 -0.578669 0.0348536 0.808562 -0.587465 0.0333488 0.771108 -0.635634 0.0369186 0.728592 -0.684205 0.0319126 0.701082 -0.712141 0.0366111 0.637069 -0.770083 0.0333967 0.630031 -0.775787 0.0348491 0.569137 -0.821502 0.0348907 0.535552 -0.843895 0.0320208 0.505333 -0.862152 0.0364959 0.42554 -0.904321 0.0334592 0.417833 -0.907855 0.034848 0.34906 -0.936451 0.0348924 0.308857 -0.950565 0.0321615 0.188957 -0.981411 0.0335915 0.27875 -0.959675 0.0363729 -0.0833924 -0.0370092 -0.995829 -0.439327 -0.110822 -0.891465 -0.416699 -0.00409546 -0.909035 -0.0833099 -0.037412 -0.995821 -0.0798243 -0.0254378 -0.996484 -0.134175 -0.161711 -0.977674 -0.136033 -0.130925 -0.982015 -0.196147 -0.084401 -0.976936 -0.1745 -0.205774 -0.962916 -0.0391579 -0.0412379 -0.998382 -0.13716 -0.230697 -0.96331 -0.0267544 -0.197869 -0.979863 -0.145639 -0.145466 -0.978585 -0.0693853 -0.351478 -0.933621 -0.258404 -0.0113115 -0.965971 -0.244624 -0.0530057 -0.968168 -0.117665 -0.336919 -0.934152 -0.097792 -0.361274 -0.927318 -0.0545052 -0.42481 -0.90364 0.00109344 -0.913858 -0.406032 -0.0041543 -0.971548 -0.236805 -0.321615 -0.166619 -0.932095 -0.325168 -0.14126 -0.935046 -0.494097 -0.0441309 -0.868286 -0.492408 -0.0394683 -0.869469 -0.00351317 -0.519168 -0.854665 -0.00887993 -0.52204 -0.852875 -0.0101589 -0.705119 -0.709017 -0.0187246 -0.721286 -0.692384 -0.0416616 -0.717337 -0.69548 -0.0247041 -0.634732 -0.772338 -0.0674299 -0.48458 -0.872144 -0.0537619 -0.60475 -0.794599 -0.0604147 -0.674909 -0.735424 -0.0549579 -0.67539 -0.73541 -0.0597398 -0.56439 -0.823344 -0.0542996 -0.477097 -0.877172 -0.529229 -0.0776171 -0.844921 -0.418201 -0.217727 -0.881875 -0.271933 -0.326715 -0.905157 -0.130945 -0.583004 -0.801848 -0.0784993 -0.585193 -0.807086 -0.0767202 -0.548923 -0.832344 -0.104268 -0.425065 -0.899137 -0.387485 -0.12017 -0.91401 -0.262078 -0.324876 -0.908719 -0.142429 -0.436673 -0.888274 -0.122253 -0.429319 -0.894841 -0.0855339 -0.479038 -0.873617 -0.0786133 -0.426371 -0.901126 -0.384094 -0.119558 -0.91552 -0.291271 -0.131373 -0.947577 -0.219003 -0.210952 -0.952647 -0.192751 -0.218912 -0.956517 -0.139823 -0.278224 -0.950285 -0.101801 -0.360911 -0.927027 -0.121877 -0.342179 -0.931697 -0.725589 -0.028568 -0.687536 -0.690603 -0.0243089 -0.722825 -0.572782 -0.048811 -0.818253 -0.592042 -0.0576689 -0.803841 -0.811871 -0.34695 -0.469565 -0.836728 -0.315276 -0.447758 -0.938772 -0.0128681 -0.344298 -0.945567 -0.0242983 -0.324519 -0.65459 -0.343323 -0.673529 -0.651644 -0.345405 -0.675319 -0.752317 -0.098002 -0.651471 -0.743401 -0.0963273 -0.661873 -0.801384 -0.0709884 -0.593923 -0.967457 -0.00536207 -0.25298 -0.950732 -0.0177193 -0.309507 -0.981539 -0.000444941 -0.191264 -0.997511 0 -0.0705168 -0.925057 -0.0112121 -0.379663 -0.862937 -0.0291293 -0.504471 -0.572472 -0.0501753 -0.818388 -0.823765 -0.0224604 -0.566486 -0.74069 -0.0410165 -0.670594 -0.740712 -0.0409927 -0.670571 -0.656204 -0.0608722 -0.752124 -0.522878 -0.0722123 -0.849343 -0.431214 -0.0802255 -0.898676 -0.436928 -0.0818733 -0.895763 -0.320729 -0.147008 -0.935693 -0.85664 -0.0226045 -0.51542 4.30297e-05 -0.997074 -0.0764411 -0.0123564 -0.988346 -0.151723 -0.73631 -0.633566 -0.237574 -0.995152 -0.00192639 -0.0983341 -0.999725 -0.0148896 0.0181287 -0.951114 -0.175071 -0.254425 -0.0235042 -0.979015 -0.202427 -0.716862 -0.620876 -0.317208 -0.976656 -0.173469 -0.126697 -0.350244 -0.89318 -0.282061 -0.306286 -0.92068 -0.241944 -0.368733 -0.853919 -0.367231 -0.503541 -0.722476 -0.473788 -0.0193089 -0.911857 -0.410054 -0.00619515 -0.870328 -0.492434 -0.0385261 -0.946148 -0.321433 -0.00778073 -0.958247 -0.285835 -0.0075505 -0.942207 -0.334946 -0.00484156 -0.935715 -0.352723 -0.00473323 -0.931989 -0.362455 -0.0445349 -0.817622 -0.57403 -0.0194009 -0.879854 -0.474848 -0.0228289 -0.888397 -0.458508 -0.0224272 -0.876007 -0.481776 -0.0178206 -0.935884 -0.351859 -0.106681 -0.805665 -0.582686 -0.15632 -0.7142 -0.682262 -0.0369504 -0.795064 -0.605399 -0.032875 -0.799917 -0.59921 -0.00189545 -0.833295 -0.552825 -0.0139027 -0.813821 -0.580949 -0.0403341 -0.819397 -0.571805 -0.0581542 -0.69325 -0.718347 -0.402513 -0.616633 -0.67657 -0.494552 -0.333413 -0.802654 -0.380164 -0.429018 -0.819402 -0.121213 -0.614568 -0.779496 -0.151726 -0.62441 -0.766219 -0.00067184 -0.990617 -0.136663 -0.00349483 -0.98639 -0.164386 -0.108025 -0.848296 -0.518386 -0.462581 -0.619344 -0.634376 -0.818269 -0.0689582 -0.570684 -0.845438 -0.0524425 -0.531493 -0.789244 -0.00508286 -0.614058 -0.821025 -0.0108502 -0.570789 -0.893786 -0.00549332 -0.44846 -0.913506 -0.00238832 -0.406819 -0.922321 -0.00378751 -0.386407 -0.945038 -0.000917481 -0.326958 -0.966729 -0.00364154 -0.255776 -0.991484 -0.00404214 -0.130164 -0.959331 -0.00265724 -0.282272 -0.916853 -0.0151752 -0.398937 -0.870849 -0.0234095 -0.490994 -0.796868 -0.0420856 -0.602686 -0.745906 -0.0435826 -0.664624 -0.716334 -0.0563189 -0.695481 -0.657678 -0.0581012 -0.751055 -0.588802 -0.0795642 -0.804352 -0.594981 -0.127447 -0.793571 -0.482078 -0.219002 -0.848315 -0.297945 -0.428871 -0.852818 -0.971302 -0.198573 0.130924 -0.151335 -0.987129 0.0517151 -0.253195 -0.967052 -0.0265042 -0.928453 -0.363223 -0.0777407 -0.160927 -0.986966 0.000853199 -0.0790591 0.0178313 -0.99671 -0.427816 0.0061152 -0.903845 -0.396345 0.118316 -0.910446 -0.127329 0.127675 -0.983609 -0.30171 0.134199 -0.943908 -0.169487 0.087389 -0.98165 -0.153336 0.109115 -0.982131 -0.179625 0.084709 -0.980081 -0.160721 0.221664 -0.961787 -0.035861 0.0441646 -0.99838 -0.128551 0.245225 -0.960906 -0.0522801 0.190021 -0.980387 -0.0315742 0.154144 -0.987544 -0.035612 0.429817 -0.902214 -0.00861766 0.462021 -0.886827 -0.233673 0.053943 -0.970818 -0.120309 0.195539 -0.973288 -0.0199468 0.884039 -0.466987 -0.919433 0.0137293 -0.393007 -0.974504 0.00605618 -0.22429 -0.162423 0.225102 -0.960702 -0.491623 0.036026 -0.870063 -0.489831 0.059247 -0.869802 -0.401776 0.0942758 -0.910872 -0.130252 0.403848 -0.905506 -0.070159 0.458129 -0.886113 -0.00732326 0.507657 -0.861528 -0.0104797 0.738973 -0.673654 0.000249042 0.665372 -0.746512 -0.0403597 0.60827 -0.792703 -0.0479904 0.5349 -0.843551 -0.0464323 0.527007 -0.848592 -0.151752 0.436644 -0.886743 -0.144953 0.428906 -0.891643 -0.0667658 0.599374 -0.79768 -0.191496 0.214985 -0.957659 -0.0989593 0.334999 -0.937007 -0.5501 0.0831175 -0.830952 -0.399263 0.092995 -0.912108 -0.676123 0.0464554 -0.735323 -0.572185 0.0070528 -0.820095 -0.635394 0.0261179 -0.771746 -0.619701 0.094783 -0.779094 -0.679379 0.0128941 -0.733674 -0.664312 0.0589811 -0.745125 -0.548024 0.0774735 -0.832867 -0.52147 0.0702906 -0.850369 -0.549577 0.016189 -0.835286 -0.526683 0.00859791 -0.850018 -0.998863 0.0217586 -0.0424241 -0.999702 0.00812351 -0.0230221 -0.974131 0.0293925 -0.224065 -0.809722 0.189102 -0.555509 -0.744656 0.437309 -0.50423 -0.793695 0.0631916 -0.605025 -0.544622 0.191747 -0.816468 -0.435056 0.212175 -0.875048 -0.584062 0.310253 -0.750077 -0.597924 0.23001 -0.767843 -0.91454 0.0182623 -0.404083 -0.98914 0.0014403 -0.14697 -0.973259 0.000815863 -0.22971 -0.905957 0.0114329 -0.423215 -0.863412 -0.000684923 -0.504498 -0.775339 0.0399649 -0.63028 -0.754093 0.0555044 -0.654418 -0.947721 0.00758512 -0.31901 -0.962348 0.00728205 -0.271722 -0.959956 0.00561946 -0.280096 -0.922301 0.020238 -0.385942 -0.98819 0.000912344 -0.153234 -0.76809 0.0183765 -0.640078 -0.772005 0.0223297 -0.635224 -0.759285 0.0334874 -0.649896 -0.67012 0.0629205 -0.739581 -0.592549 0.0900949 -0.80048 -0.421498 0.122432 -0.898526 -0.385701 0.111791 -0.915826 -0.302359 0.135733 -0.943481 -0.00288832 0.935556 -0.353167 -0.00168884 0.974607 -0.223916 -0.00109265 0.987257 -0.159131 -8.64059e-05 0.999079 -0.042915 -0.000275637 0.996233 -0.0867167 -0.989764 0.135338 -0.0452946 -0.741954 0.516758 -0.427159 -0.437247 0.886817 -0.149571 -0.885237 0.177399 -0.429983 -0.915933 0.149383 -0.372493 -0.853949 0.0282316 -0.51959 -0.79814 0.592706 -0.108038 -0.0823793 0.988658 -0.125579 -0.00329132 0.987511 -0.157517 -0.0234616 0.928868 -0.369668 -0.309953 0.870285 -0.382796 -0.0790166 0.876399 -0.475059 -0.646734 0.438189 -0.624281 -0.227711 0.186025 -0.955794 -0.0120415 0.942831 -0.333053 -0.00818413 0.914001 -0.40563 -0.00679498 0.963964 -0.265946 -0.0123639 0.839649 -0.542988 -0.023083 0.758445 -0.651328 -0.0451715 0.627494 -0.77731 -0.0877477 0.416455 -0.904912 -0.147484 0.298949 -0.942803 -0.020864 0.869168 -0.494077 -0.0300141 0.751735 -0.658782 -0.0783829 0.513204 -0.85468 -0.092606 0.462604 -0.881715 -0.0777891 0.870059 -0.486771 -0.320144 0.607762 -0.726728 -0.0404695 0.803434 -0.594017 -0.0457186 0.844478 -0.533636 -0.00618175 0.963207 -0.268691 -0.00362854 0.988772 -0.149391 -0.13926 0.629432 -0.764475 -0.128054 0.537096 -0.833745 -0.0567616 0.715341 -0.696466 -0.0577762 0.718223 -0.693411 -0.217844 0.655976 -0.722661 -0.141973 0.398426 -0.906146 -0.0731807 0.628928 -0.774012 -0.0364981 0.755383 -0.654266 -0.0391821 0.80355 -0.593946 -0.0175441 0.86809 -0.496096 0.00111453 0.9211 -0.389324 -0.224191 0.187139 -0.956409 -0.856538 0.0177943 -0.515777 -0.862112 0.0197912 -0.506332 -0.853328 0.0279443 -0.520625 -0.779712 0.0657522 -0.622676 -0.995705 0.0011924 -0.0925749 -0.92379 0.337386 -0.181062 -0.274998 0.881456 -0.383943 -0.420224 0.740849 -0.52398 -0.419969 0.637716 -0.645713 -0.373856 0.445178 -0.813664 -0.291853 0.353592 -0.888704 -0.319305 0.305927 -0.896913 -0.991037 -7.13799e-05 0.133584 -0.409403 0.912284 0.0112397 -0.164116 0.982511 0.0879681 -0.791941 0.597853 -0.124101 -0.512462 -0.0555942 -0.856909 -0.852648 0.0402367 -0.520935 -0.999821 9.54463e-05 -0.0189333 -0.999723 0 -0.0235154 -0.0830004 0.99098 -0.10521 -0.179054 0.983837 0.00189406 0.479463 -0.0170881 -0.877396 0.0742291 -0.0129012 -0.997158 0.479014 -0.0149624 -0.87768 0.424534 -0.0696039 -0.902733 0.372536 -0.106754 -0.921857 0.0990417 -0.0844488 -0.991493 0.290209 -0.13183 -0.947839 0.0945045 -0.138704 -0.985814 0.105843 -0.0759759 -0.991476 0.180691 -0.171397 -0.96849 0.178274 -0.0842702 -0.980366 0.150764 -0.215254 -0.96485 0.0358609 -0.0441646 -0.99838 0.0707958 -0.0837819 -0.993966 0.0601649 -0.211764 -0.975467 -0.59824 0.28536 -0.748785 0.058162 -0.381581 -0.922504 0.00845302 -0.467949 -0.883715 0.373621 -0.0856557 -0.923618 0.0924179 -0.177343 -0.9798 0.152069 -0.243618 -0.957876 0.138343 -0.425875 -0.894143 0.0704097 -0.458332 -0.885988 0.00756186 -0.499408 -0.866334 -0.00170832 -0.707793 -0.706418 0.00746724 -0.69219 -0.721676 0.0228652 -0.588431 -0.808224 0.048963 -0.566227 -0.822794 0.0440227 -0.509153 -0.859549 0.0684448 -0.425391 -0.902418 0.205381 -0.40662 -0.890213 0.0879878 -0.578686 -0.81079 0.0557354 -0.51062 -0.857998 0.202986 -0.226006 -0.952742 0.0974516 -0.337509 -0.936264 0.58055 -0.0846593 -0.809812 0.648442 -0.0615428 -0.758772 0.418042 -0.102184 -0.902663 0.603375 -0.0200505 -0.797206 0.473506 -0.079035 -0.877237 0.509716 -0.0350171 -0.85963 0.636553 -0.0304616 -0.770631 0.49366 -0.0711217 -0.866742 0.251761 -0.16229 -0.954085 0.291102 -0.132635 -0.947453 0.385572 -0.0980823 -0.91745 0.376453 -0.110223 -0.919855 0.47324 -0.0772964 -0.877536 0.498059 -0.0842084 -0.863045 0.622938 -0.0502278 -0.780657 0.70774 -0.0252622 -0.706021 0.754497 -0.00581848 -0.656278 0.896015 -0.360941 -0.258608 0.879086 -0.0518138 -0.473839 0.699941 -0.682216 -0.211339 0.946876 -0.0139373 -0.321296 0.973876 -0.00823288 -0.226933 0.617624 -0.132268 -0.775271 0.597537 -0.221808 -0.770552 0.98962 -0.000714066 -0.143707 0.90379 -0.0150918 -0.42771 0.899033 -0.0111162 -0.43774 0.856415 -0.0103319 -0.516185 0.826887 -0.0207706 -0.561984 0.822029 -0.0285819 -0.568728 0.737072 -0.0457332 -0.674265 0.573604 -0.124362 -0.809637 0.435883 -0.160977 -0.88549 0.942374 -0.0113771 -0.334368 0.956284 -0.00372234 -0.292415 0.96703 -0.00229177 -0.254653 0.977143 -0.00470977 -0.21253 0.74208 -0.0529068 -0.66822 0.743914 -0.0515271 -0.666286 0.000957452 -0.951592 -0.307363 0.00099366 -0.971608 -0.236595 0.00172964 -0.973579 -0.228343 0.00109265 -0.987257 -0.159131 -0.000132052 -0.997023 -0.07711 0.156917 -0.98761 -0.00206527 0.846375 -0.254486 -0.467852 0.878515 -0.05275 -0.474793 0.864455 -0.0319332 -0.501694 0.863305 -0.0335143 -0.503568 0.730123 -0.603356 -0.320752 0.539975 -0.808452 -0.234162 0.00451865 -0.982499 -0.186211 0.325556 -0.885655 -0.331101 0.718076 -0.339252 -0.60768 0.713525 -0.0788149 -0.696183 0.372799 -0.206206 -0.90471 0.238548 -0.188038 -0.952752 0.0191166 -0.924754 -0.380085 0.0105414 -0.917952 -0.396552 0.0097696 -0.963265 -0.268373 0.0824089 -0.508253 -0.857256 0.0522393 -0.57143 -0.818986 0.0631157 -0.683882 -0.726857 0.0112137 -0.775248 -0.631557 0.0022311 -0.830135 -0.557558 0.0183747 -0.85454 -0.51906 0.0479039 -0.647209 -0.760806 0.0919508 -0.40891 -0.90793 0.148747 -0.302549 -0.941455 0.0391343 -0.761618 -0.646843 0.0510518 -0.645661 -0.761915 0.106387 -0.512765 -0.851912 0.390253 -0.690179 -0.60939 0.0591998 -0.910885 -0.408392 0.227115 -0.650763 -0.724518 0.0333057 -0.873349 -0.485954 0.0106035 -0.964925 -0.262311 0.00551107 -0.98983 -0.14215 0.143257 -0.540413 -0.829115 0.0729766 -0.712618 -0.697746 0.0481563 -0.729596 -0.682181 0.0726284 -0.761229 -0.644404 0.205549 -0.656768 -0.725538 0.0363235 -0.872324 -0.487578 0.162574 -0.36577 -0.916396 0.125328 -0.381822 -0.915699 0.104192 -0.50892 -0.854485 0.0411583 -0.77049 -0.636122 0.0290508 -0.837578 -0.545545 0.0130085 -0.908194 -0.418348 0.290179 -0.872585 -0.392926 0.51474 -0.577037 -0.634091 0.453816 -0.369645 -0.81081 0.233382 -0.191383 -0.953365 0.997123 0.000128017 -0.0758037 0.995052 -0.000693108 -0.0993553 0.989259 -0.0162042 -0.145274 0.989511 -0.0169012 -0.143464 0.903159 -0.265802 -0.337126 0.571553 -0.562426 -0.597499 0.390065 -0.380134 -0.838658 0.332198 -0.341057 -0.879389 0 -0.998631 0.0523178 0 -0.998631 0.0523178 0.170602 -0.983991 0.0515508 0.970935 -0.223007 0.0869128 0.160143 -0.971275 -0.17601 0.194752 -0.97589 -0.0985462 -0.0105227 -0.994308 -0.106021 0 -0.999711 -0.0240445 -0.000561068 -0.999019 -0.0442784 0.000230126 -0.999583 -0.0288852 0.0850406 0.0289468 -0.995957 0.431743 0.126591 -0.893069 0.237281 0.0535895 -0.969962 0.437708 0.0164434 -0.898967 0.43517 0.0105579 -0.900286 0.0835714 0.036135 -0.995846 0.0859093 0.0454054 -0.995268 0.271179 0.176377 -0.946231 0.225093 0.102158 -0.968967 0.215269 0.131997 -0.967593 0.149427 0.189746 -0.970396 0.16513 0.190705 -0.967659 0.0505205 0.0697204 -0.996287 0.048935 0.0696857 -0.996368 0.0187455 0.131821 -0.991096 0.0815909 0.190542 -0.978283 0.0373356 0.394142 -0.918291 0.128167 0.347048 -0.929048 0.0173605 0.430949 -0.902209 0.00256378 0.919656 -0.392716 0.00302061 0.966883 -0.255201 0.717106 0.0207743 -0.696654 0.144548 0.315219 -0.937946 0.0845651 0.454144 -0.886906 0.482601 0.0554632 -0.874083 0.0150765 0.531273 -0.847067 0.00154839 0.66357 -0.748112 0.0315711 0.676391 -0.735866 0.0338661 0.520785 -0.853016 0.0521567 0.630798 -0.774193 0.06142 0.645379 -0.761389 0.0565823 0.5711 -0.818928 0.0541299 0.473556 -0.879099 0.569392 0.0903097 -0.81709 0.334936 0.380728 -0.861896 0.109899 0.540103 -0.834393 0.0846948 0.560117 -0.824073 0.0773049 0.527388 -0.846101 0.083882 0.453723 -0.887186 0.395024 0.16137 -0.904387 0.27957 0.300028 -0.912044 0.257685 0.30059 -0.918283 0.119224 0.443621 -0.888249 0.109495 0.395759 -0.911804 0.108845 0.345695 -0.932013 0.180536 0.362962 -0.914148 0.374106 0.129011 -0.918369 0.323782 0.127554 -0.937494 0.240891 0.167102 -0.956059 0.190536 0.222669 -0.956093 0.177984 0.226648 -0.957576 0.116273 0.302476 -0.946039 0.0962974 0.408499 -0.907665 0.756344 -0.0016434 -0.654171 0.499206 0.0538924 -0.864806 0.655138 0.0282826 -0.75498 0.322498 0.118217 -0.939159 0.436538 0.0660824 -0.897256 0.59195 0.00870241 -0.805928 0.539478 0.0189055 -0.841787 0.952749 0.00926712 -0.303618 0.784807 0.083933 -0.61403 0.706434 0.165387 -0.688184 0.773782 0.0627148 -0.63034 0.953529 0.0105556 -0.301115 0.979859 0.00632063 -0.199593 0.986514 0.00226244 -0.16366 0.445531 0.0840534 -0.891312 0.631772 0.0503347 -0.773518 0.872496 0.0161245 -0.488354 0.845875 0.013167 -0.533218 0.784735 0.0360668 -0.618781 0.756288 0.0380328 -0.653132 0.693314 0.0613441 -0.71802 0.585636 0.0641106 -0.808035 0.503796 0.0660676 -0.861293 0.413733 0.102489 -0.904611 0.429989 0.114066 -0.895599 0.937505 0.0088516 -0.34786 0.887714 0.0198006 -0.45997 0.878064 0.0194934 -0.478147 0.697439 0.0560331 -0.71445 0.595681 0.0785131 -0.799374 0.000570316 0.994053 -0.108896 0.00247271 0.966889 -0.255185 0.0203325 0.980469 -0.195618 0.996955 0.000788118 -0.0779786 0.994424 0.0714878 -0.0775333 0.0202285 0.977129 -0.211683 0.633845 0.716786 -0.290619 0.497798 0.752879 -0.430547 0.239843 0.819467 -0.520528 5.60244e-05 0.999191 -0.0402239 0.000846178 0.994753 -0.102301 0.26811 0.836468 -0.477952 0.304701 0.836054 -0.456258 0.768026 0.589076 -0.251249 0.848036 0.410274 -0.335426 0.892788 0.320292 -0.316768 0.878132 0.047001 -0.476105 0.925534 0.0493928 -0.37543 0.00977565 0.951976 -0.306016 0.00940754 0.952023 -0.305882 0.0079851 0.920368 -0.390972 0.0215616 0.893329 -0.448887 0.0198735 0.89444 -0.446746 0.0231916 0.897595 -0.440211 0.0496397 0.792504 -0.607843 0.037674 0.810634 -0.58434 0.00372345 0.848596 -0.529028 0.0145885 0.833727 -0.551984 0.0183865 0.839062 -0.543725 0.0395213 0.814202 -0.579234 0.063403 0.724823 -0.686011 0.277891 0.640152 -0.716228 0.530164 0.468024 -0.707021 0.398505 0.384083 -0.832871 0.439712 0.478573 -0.760014 0.143951 0.611984 -0.777659 0.000423088 0.990175 -0.139835 0.00287994 0.983356 -0.181665 0.0139105 0.971863 -0.235136 0.070844 0.848204 -0.52491 0.642352 0.382732 -0.664003 0.843121 0.0110785 -0.53761 0.914672 0.000819465 -0.404195 0.934478 0.00334326 -0.356006 0.973401 0.0017229 -0.229103 0.985758 0.00178937 -0.168159 0.800561 0.0427031 -0.597727 0.515678 0.177896 -0.83811 0.575643 0.141394 -0.805384 0.144228 0.587585 -0.796205 0.057853 0.712936 -0.698838 0.0439165 0.743008 -0.66784 0.0352652 0.738768 -0.673036 0.0162751 0.786425 -0.617471 -0.016203 -0.0597482 -0.998082 -0.00515788 0.0746545 -0.997196 -0.0155954 0.0841527 -0.996331 -0.0193404 0.0665846 -0.997593 -0.0164539 0.0854765 -0.996204 -0.022517 0.0604082 -0.99792 -0.025873 0.0567206 -0.998055 -0.0338831 0.057382 -0.997777 -0.0343669 0.049892 -0.998163 -0.0340041 0.0574508 -0.997769 -0.0410352 0.0415713 -0.998293 -0.0518796 0.0429988 -0.997727 -0.0645127 0.0289847 -0.997496 -0.0668783 0.037256 -0.997065 -0.0669998 0.023867 -0.997468 -0.075865 0.0145707 -0.997012 -0.0706257 0.0209801 -0.997282 -0.0737926 0.00852943 -0.997237 -0.0633265 -0.00326339 -0.997988 -0.0768373 0.00241467 -0.997041 -0.0769877 0.00246304 -0.997029 -0.0581145 -0.00795281 -0.998278 -0.0631762 -0.0204653 -0.997793 -0.0583203 -0.0143122 -0.998195 -0.0698337 -0.0443661 -0.996572 -0.0701232 -0.0370639 -0.99685 -0.0734549 -0.0538609 -0.995843 -0.044437 -0.0420363 -0.998127 -0.0370615 -0.0418786 -0.998435 -0.0345528 -0.0459693 -0.998345 -0.0218955 -0.0530213 -0.998353 -0.0288888 -0.0553097 -0.998051 -0.0345307 -0.0583569 -0.997698 -0.0195923 -0.0540465 -0.998346 -0.0123112 -0.0758861 -0.997041 -0.0132084 -0.0772178 -0.996927 -0.00436185 -0.0693297 -0.997584 0.996018 -4.51629e-05 0.0891581 0.997648 0 0.0685438 9.03499e-05 0.991932 0.126775 0 0.996016 0.0891774 0.985827 0.153484 0.0677316 0.811353 0.000667489 0.584556 0.138409 0.982384 0.125555 0.493978 0.867447 0.0593387 0.998256 0.00165052 -0.0590041 0.99553 -0.0151231 -0.093231 0.999672 -9.20073e-05 -0.0256012 0.999768 0 -0.0215612 0.972331 0.123382 -0.198367 0.160912 0.984189 -0.0740208 0.316673 0.942421 -0.107524 0.0461048 0.99132 -0.123125 0 0.999848 -0.017454 0.000178715 0.999655 -0.0262542 -0.000376422 0.999579 -0.0290204 0.0162031 0.0597482 -0.998082 0.00452021 -0.0718539 -0.997405 0.0114273 -0.0816506 -0.996596 0.0136316 -0.0727104 -0.99726 0.0200524 -0.0644847 -0.997717 0.0290547 -0.0656264 -0.997421 0.047364 -0.0803832 -0.995638 0.0343669 -0.0498921 -0.998163 0.0335807 -0.0662168 -0.99724 0.0410352 -0.0415713 -0.998293 0.0518795 -0.0429988 -0.997727 0.0572598 -0.025726 -0.998028 0.0607939 -0.0345179 -0.997553 0.0587622 -0.0209325 -0.998053 0.075865 -0.0145707 -0.997012 0.0614398 -0.018334 -0.997942 0.0737925 -0.00852938 -0.997237 0.078115 0.00402558 -0.996936 0.0902184 -0.00283535 -0.995918 0.0792168 0.00177354 -0.996856 0.0720234 0.0123641 -0.997326 0.0824522 0.026834 -0.996234 0.0728467 0.0154556 -0.997223 0.063527 0.0403593 -0.997164 0.0825115 0.0443996 -0.995601 0.0490537 0.0402172 -0.997986 0.0473273 0.0411473 -0.998032 0.0447013 0.0501288 -0.997742 0.0488113 0.0653372 -0.996669 0.0255686 0.0530466 -0.998265 0.0316271 0.056072 -0.997926 0.0186923 0.055561 -0.99828 0.0104517 0.0835845 -0.996446 0.0163571 0.0956213 -0.995283 0.00492819 0.078338 -0.996915 -0.062753 -0.997421 0.0348307 -0.187268 -0.981691 0.034831 -0.16853 -0.985207 0.0310686 -0.261558 -0.964485 0.0368218 -0.308844 -0.950523 0.0334963 -0.318673 -0.947224 0.0348505 -0.416625 -0.90841 0.034851 -0.517284 -0.855271 0.0304706 -0.592502 -0.804724 0.0369004 -0.63708 -0.770074 0.0333986 -0.666007 -0.744946 0.0385882 -0.729863 -0.682785 0.0332549 -0.793809 -0.607435 0.0298202 -0.843488 -0.535877 0.036922 -0.875825 -0.481476 0.0333337 -0.880911 -0.471997 0.0348523 -0.929212 -0.367901 0.0348306 -0.918693 -0.393886 0.0292941 -0.948882 -0.313465 0.0369105 -0.968715 -0.245949 0.0331625 -0.990166 -0.136005 0.0327695 -0.997997 -0.0514308 0.0368483 -0.999495 4.88738e-06 0.0317715 -0.998898 0.031393 0.0348824 -0.992783 0.114752 0.034852 -0.991564 0.12527 0.0333021 -0.980268 0.194203 0.0368918 -0.968093 0.248568 0.0317872 -0.960332 0.276669 0.0348797 -0.941442 0.335365 0.0348858 -0.929306 0.367939 0.031806 -0.911549 0.409546 0.0367463 -0.876889 0.479529 0.0334304 -0.805316 0.591889 0.033677 -0.771107 0.635634 0.0369227 -0.728597 0.684199 0.0319116 -0.701082 0.71214 0.036611 -0.637069 0.770083 0.0333966 -0.63003 0.775788 0.0348492 -0.569136 0.821503 0.0348906 -0.535552 0.843895 0.0320209 -0.505333 0.862152 0.0364998 -0.425537 0.904322 0.0334589 -0.406801 0.912775 0.0368183 -0.308625 0.950594 0.0334877 -0.0627526 0.997421 0.0348322 -0.173673 0.984186 0.0348556 0.0627874 0.997978 0.00988488 0.0628021 0.997977 0.00987907 0.368047 0.92955 0.0218706 -0.534883 -0.843026 -0.0566399 0.637439 0.770453 0.00863555 0.00533521 0.00387621 -0.999978 0.00533502 0.00387612 -0.999978 0.929715 0.368144 0.0100412 -0.966824 -0.248107 -0.0607826 0.0390599 1.19304e-08 -0.999237 0.0390601 0 -0.999237 0.074072 -0.0240674 -0.996962 0.0657575 -0.0417314 -0.996963 0.0249003 -0.0300993 -0.999237 0.0248966 -0.0300953 -0.999237 0.0120714 -0.037152 -0.999237 -0.367369 0.92765 -0.0671263 0.187219 -0.981454 -0.0411969 0.0630778 -0.99796 0.00982106 0 0 -1 0 0 -1 0 0 -1 0 0 -1 0 0 -1 0 0 -1 0 0 -1 0 0 -1 0 0 -1 0 0 -1 0 0 -1 0 0 -1 0 0 -1 0 0 -1 0 0 -1 0 0 -1 0 0 -1 0 0 -1 0 0 -1 0 0 -1 0 0 -1 0 0 -1 0 0 -1 0 0 -1 0 0 -1 0 0 -1 0 0 -1 0 0 -1 0 0 -1 0 0 -1 0 0 -1 0 0 -1 0 0 -1 0 0 -1 1.5847e-07 1 0 0 1 8.21755e-07 0.989451 0.144868 0 0.989451 0.144868 0 0.929324 0.369266 0 0.906288 0.422609 0.00667696 0.784455 0.620182 -0.00223308 0.74698 0.664843 0.00223325 0.620178 0.784449 -0.00446638 0.525028 0.851073 0.00446631 0.369267 0.929321 -0.00223327 0.279464 0.960143 0.00503922 0.144864 0.989436 -0.00557688 1 -4.20242e-07 0 1 0 2.19135e-06 0.0871563 -0.996195 0 0.144865 -0.989441 0.00446626 0.314482 -0.949261 -0.00223336 0.42261 -0.906287 0.00667669 0.52503 -0.85108 -0.00223313 0.746953 -0.664818 0.00886475 0.707107 -0.707107 0 0.906308 -0.422618 0 0.915473 -0.402365 0.00339296 0.989404 -0.144861 -0.00976583 0 0 -1 0 0 -1 0 0 -1 0 0 -1 0 0 -1 0 0 -1 0 0 -1 0 0 -1 0 0 -1 0 0 -1 0 0 -1 0 0 -1 0 0 -1 0 0 -1 0 0 -1 0 0 -1 0 0 -1 0 0 -1 0 0 -1 0 0 -1 0 0 -1 0 0 -1 0 0 -1 0 0 -1 0 0 -1 0 0 -1 0 0 -1 0 0 -1 0 0 -1 0 0 -1 0 0 -1 0 0 -1 0 0 -1 0 0 -1 0 0 -1 0 0 -1 0 0 -1 0 0 -1 0 0 -1 0 0 -1 0 0 -1 0 0 -1 0 0 -1 0 0 -1 0 0 -1 0 0 -1 0 0 -1 0 0 -1 0 0 -1 0 0 -1 0 0 -1 0 0 -1 0 0 -1 0 0 -1 0 0 -1 0 0 -1 0 0 -1 0 0 -1 0 0 -1 0 0 -1 0 0 -1 0 0 -1 0 0 -1 0 0 -1 0 0 -1 0 0 -1 0 0 -1 0 0 -1 0 0 -1 0 0 -1 0 0 -1 0 0 -1 0 0 -1 0 0 -1 0 0 -1 0 0 -1 0 0 -1 0 0 -1 0 0 -1 0 0 -1 0 0 -1 -4.20242e-07 -1 0 0 -1 2.19135e-06 -0.989392 -0.14486 -0.0109403 -0.929322 -0.369268 -0.00136985 -0.908559 -0.4177 0.00688141 -0.784456 -0.620181 -0.00223323 -0.74698 -0.664843 0.00223325 -0.620176 -0.78445 -0.00446645 -0.573574 -0.819154 0 -0.36927 -0.929322 0 -0.360029 -0.932941 0.00114092 -0.144859 -0.989404 -0.00976583 -1 -8.33034e-07 5.14151e-06 -1 0 8.21755e-07 -0.0871563 0.996195 0 -0.144865 0.989441 0.00446626 -0.31448 0.949261 -0.00223328 -0.369267 0.929321 0.00223328 -0.525028 0.851073 -0.00446631 -0.620178 0.784449 0.00446638 -0.74698 0.664843 -0.00223325 -0.784456 0.620181 0.00223322 -0.880223 0.474538 -0.00446623 -0.906307 0.422621 0 -0.965926 0.258819 0 -0.973103 0.23036 0.00225687 -0.996189 0.0871559 -0.0033549 -0.186226 0.981794 -0.0374181 -0.309779 0.95071 -0.0136498 0.015359 0.986272 0.164412 0.204123 0.978935 -0.00448665 0.181764 0.983331 0.00471124 0 0 -1 0 0 -1 0 0 -1 0 0 -1 0 0 -1 0 0 -1 0 0 -1 0 0 -1 0 0 -1 0 0 -1 0 0 -1 0 0 -1 0 0 -1 0 0 -1 0 0 -1 0 0 -1 0 0 -1 0 0 -1 0 0 -1 0 0 -1 0 0 -1 0 0 -1 0 0 -1 0 0 -1 0 0 -1 0 0 -1 0 0 -1 0 0 -1 0 0 -1 0 0 -1 0 0 -1 0 0 -1 0 0 -1 0 0 -1 0 0 -1 0 0 -1 0 0 -1 0 0 -1 -0.447973 -0.0495066 -0.892675 -0.270559 -0.339672 0.900789 -0.176458 0.265086 -0.947941 0.530468 0.567171 -0.630016 -0.893463 -0.251557 -0.372079 -0.0637349 -0.155222 -0.985821 -0.417676 0.296545 -0.858841 -0.203786 0.241624 -0.94873 -0.0696918 -0.24826 0.966183 -0.335461 -0.204362 0.919621 0.641904 0.740207 0.200132 -0.231197 -0.907813 -0.34989 -0.388929 0.912077 -0.129806 -0.100972 -0.600861 0.792951 -0.520027 -0.853352 -0.0369179 -0.978695 -0.186987 0.0848087 -0.96041 -0.274173 0.0494156 -0.897899 0.439908 -0.0160683 -0.642188 0.765498 0.0400934 -0.52179 0.847493 0.0974202 0.00419053 0.119509 0.992824 -0.578544 -0.783501 0.226743 -0.282134 -0.889657 0.359041 -0.934933 -0.293314 0.199667 -0.927595 0.342135 0.150036 -0.89326 0.419131 0.162529 0.390985 -0.908622 0.146756 -0.00957662 -0.0380969 0.999228 -0.923809 -0.36222 0.123994 -0.0653444 0.126438 0.98982 -0.167258 0.0685301 -0.983529 -0.156281 0.13294 -0.978725 -0.601129 0.72664 -0.332624 -0.154135 0.272321 -0.949781 -0.0768114 0.288412 -0.954421 -0.0247226 -0.408712 -0.912329 -0.0335118 -0.182868 -0.982566 -0.0335118 -0.182868 -0.982566 -0.121816 -0.39092 -0.912328 -0.216239 -0.480463 -0.849939 -0.144059 -0.238302 -0.960447 -0.117195 -0.18123 -0.976433 -0.25252 -0.322319 -0.912329 -0.37256 -0.37256 -0.84994 -0.2192 -0.171732 -0.960447 -0.173845 -0.127895 -0.976433 -0.350407 -0.211829 -0.912329 -0.480462 -0.216238 -0.84994 -0.265853 -0.0828431 -0.960447 -0.661751 -0.257449 -0.704135 -0.696159 -0.127576 -0.706461 -0.240146 -0.00757274 -0.970707 -0.185575 -0.0112251 -0.982566 -0.366211 0.0221514 -0.930268 -0.403428 0.073931 -0.91202 -0.213724 0.0665991 -0.974621 -0.694845 0.150802 -0.703171 -0.645397 0.29047 -0.706463 -0.201938 0.130186 -0.970707 -0.159101 0.0961802 -0.982566 -0.288803 0.226263 -0.930268 -0.290018 0.290018 -0.912019 -0.138059 0.176219 -0.974621 -0.120642 0.158769 -0.979917 -0.211829 0.350407 -0.912328 -0.216238 0.480462 -0.84994 -0.0828426 0.265852 -0.960448 -0.0579378 0.2079 -0.976433 -0.073807 0.402751 -0.912329 -0.0318123 0.525918 -0.84994 -0.132584 -0.596494 -0.791591 -0.126644 -0.389771 -0.912162 -0.190693 -0.682921 -0.705163 -0.301368 -0.64044 -0.706409 -0.301368 -0.640439 -0.70641 -0.37926 -0.597618 -0.70641 -0.14661 -0.158421 -0.976426 -0.127434 -0.141537 -0.981696 -0.428939 -0.311642 -0.847874 -0.181717 -0.0952948 -0.978723 -0.511345 0.0975019 -0.853827 -0.672843 -0.0679023 -0.736662 -0.25111 0.0828597 -0.964406 -0.584985 0.260435 -0.768092 -0.333746 0.242481 -0.910943 -0.0402617 0.053372 -0.997763 -0.0716043 0.044545 -0.996438 -0.45295 0.547523 -0.703601 -0.206116 0.394288 -0.895574 -0.0676998 0.168573 -0.983362 -0.110544 0.395886 -0.911622 -0.0429542 0.408779 -0.911622 -0.10977 -0.621001 -0.776085 -0.513687 0.400408 -0.758814 -0.00830235 -0.00286341 0.999961 -0.39386 0.919102 -0.0112209 -0.21829 -0.975873 0.00459328 -0.644672 -0.762991 -0.0473636 -0.967299 0.252961 -0.0185572 -0.724367 0.687776 0.0474924 -0.59123 0.806489 0.00479785 0.0285424 0.999169 0.0291079 0.146177 -0.98914 -0.0152956 -0.379082 -0.92474 0.0339532 -0.270265 -0.962755 0.00770598 -0.738079 -0.674709 -0.00246445 -0.853014 -0.519655 0.0482381 -0.999777 -0.00696147 -0.0199476 -0.16572 -0.986159 -0.00527026 -0.578337 -0.815609 -0.0175887 8.22804e-05 4.99321e-05 1 0.000302922 -5.11206e-05 1 0 0 1 3.85368e-05 0.0002798 1 0 0 1 0 0 1 0 0 1 -5.31338e-05 -0.000176495 1 0.000118971 0.000162266 1 0 0 1 0 0 1 0 0 1 0.000270671 -0.000585984 1 -0.000128085 -0.000174286 1 -0.000119761 -0.000273027 1 -6.4125e-05 0.000601279 1 -9.90724e-07 -3.91229e-06 1 -8.61761e-07 -1.03999e-05 1 -8.59753e-07 0 1 -1.14038e-05 -1.26879e-05 1 2.2419e-07 3.42048e-06 1 1.05107e-06 4.29588e-06 1 2.20093e-06 5.00162e-06 1 -0.000597965 -3.33023e-05 1 0 0 1 0 0 1 0 0 1 0 0 1 0.000337898 -0.000225777 1 -0.000138954 0.00011171 1 1.48651e-05 -9.74308e-07 1 1.85755e-05 -4.54484e-06 1 2.14896e-05 -9.45638e-06 1 -1.96469e-05 0.00102322 0.999999 -8.05215e-06 -0.00117204 0.999999 0 0 1 0.00010197 5.7848e-05 1 5.0585e-05 -6.30241e-05 1 0 0 1 0 0 1 0 0 1 0 0 1 0 0 1 0 0 1 0.000632734 0.00016003 1 -0.000230273 0.000159687 1 -7.99137e-05 0.000157936 1 -7.23119e-05 0.000285553 1 -5.58776e-05 -0.000863453 1 0 0 1 -0.000216909 -0.000128335 1 -0.000167002 0.000202757 1 0 0 1 -0.000337342 0.000326771 1 1.11882e-05 -4.57279e-05 1 2.14848e-05 -5.20987e-05 1 2.91638e-05 -5.91383e-05 1 0 0 1 0 0 1 -0.000403016 0.000934312 1 -0.000224723 -0.000370309 1 -0.00226347 0.000230839 0.999997 0 0 1 0 0 1 0 0 1 0 0 1 0.000163979 0.000223127 1 0.000160255 0.000365344 1 5.84725e-05 -0.000628537 1 0 0 1 0 0 1 0 0 1 0 0 1 4.41425e-05 4.63374e-05 1 -1.56126e-06 -1.01418e-05 1 -4.95357e-06 -1.27391e-05 1 0.000875045 0.000231179 1 0 0 1 2.07905e-05 -0.00105658 0.999999 -0.000448574 -0.000328889 1 0 0 1 0 0 1 0 0 1 0.000114368 0.000834742 1 -0.00015935 0.000262585 1 0.000322078 -0.00034987 1 0 0 1 -0.000603488 -0.000531053 1 -0.000276247 0.000288588 1 -0.000165709 0.000260599 1 -7.40271e-05 0.000218077 1 0.000529399 -0.000476486 1 -1.26321e-07 1.15373e-06 1 0.000461193 0.000448295 1 -0.00131914 -0.000828449 0.999999 0 0 1 0 0 1 0 0 1 0 0 1 0 0 1 0 0 1 0 0 1 0 0 1 0 0 1 0 0 1 0 0 1 0 0 1 0 0 1 7.14018e-07 0 1 7.58263e-05 0.00098013 1 7.36618e-05 -0.000888965 1 8.5525e-05 -0.000337731 1 0.000100342 -0.000198309 1 -0.0825794 0.996584 0 -0.0825794 0.996584 0 -0.245485 0.9694 0 -0.245485 0.9694 0 -0.401695 0.915773 0 -0.451242 0.891802 -0.032703 -0.546948 0.837166 -4.58899e-08 -0.676472 0.734845 -0.0488731 -0.676472 0.734845 -0.0488731 -0.78914 0.614213 6.11866e-08 -0.878423 0.475379 -0.0488731 -0.851949 0.523625 0 -0.945817 0.3247 0 -0.945817 0.3247 0 -0.986361 0.164594 0 -0.986361 0.164594 0 -0.999146 0.0413245 0 -0.998075 -0.0550094 0.0286255 -0.998471 -0.0412966 0.0367474 -0.986361 -0.164594 1.85472e-07 -0.961738 -0.272012 0.0327031 -0.945817 -0.3247 0 -0.879474 -0.475947 0 -0.879474 -0.475947 0 -0.789141 -0.614213 0 -0.75374 -0.656359 -0.0327029 -0.677281 -0.735724 7.64832e-08 -0.546294 -0.836166 -0.0488731 -0.59219 -0.805798 0 -0.401695 -0.915773 0 -0.401695 -0.915773 0 -0.245486 -0.9694 0 -0.245486 -0.9694 0 -0.0825794 -0.996584 0 -0.0825794 -0.996584 0 0 0 1 0 0 1 0 0 1 0 0 1 0 0 1 0 0 1 0 0 1 0 0 1 0 0 1 0 0 1 0 0 1 0 0 1 0 0 1 0 0 1 0 0 1 0 0 1 0 0 1 0 0 1 0 0 1 0 0 1 0 0 1 0 0 1 0 0 1 0 0 1 0 0 1 0 0 1 0 0 1 0 0 1 0 0 1 0 0 1 0 0 1 0 0 1 0 0 1 0 0 1 -4.78277e-08 -9.24769e-07 1 0 0 1 0 0 1 0 0 1 0 0 1 0 0 1 0 0 1 0 0 1 0 0 1 0 0 1 0 0 1 0 0 1 0 0 1 0 0 1 2.24284e-06 1.42828e-06 1 0 0 1 0 0 -1 0 0 -1 0 0 -1 0 0 -1 0 0 -1 0 0 -1 0 0 -1 0 0 -1 0 0 -1 0.09205 -0.0012215 -0.995754 0.0882879 -0.566932 -0.81902 -0.0825713 -0.221027 -0.971766 0 0 -1 0 0 -1 0 0 -1 0 0 -1 0 0 -1 0 0 -1 0 0 -1 0 0 -1 0 0 -1 0 0 -1 0 0 -1 0 0 -1 0 0 -1 0 0 -1 0 0 -1 0 0 -1 0 0 -1 0 0 -1 0 0 -1 0 0 -1 0 0 -1 0 0 -1 0 0 -1 0 0 -1 0 0 -1 0 0 -1 0 0 -1 0 0 -1 0 0 -1 0 0 -1 0 0 -1 0 0 -1 0 0 -1 0 0 -1 0 0 -1 0 0 -1 -0.103282 -0.982898 -0.152464 -0.185803 -0.974012 0.129527 -0.2658 -0.951896 -0.152463 -0.422193 -0.897205 0.129526 -0.422192 -0.897205 0.129526 -0.553478 -0.823101 -0.127152 -0.627375 -0.758366 0.176865 -0.694381 -0.656622 -0.294421 -0.783655 -0.621086 -0.0117056 -0.841014 -0.417509 -0.344066 -0.872693 -0.486342 -0.0433372 -0.956442 -0.288741 -0.0429739 -0.956498 -0.287734 -0.0481839 -0.974783 -0.123144 -0.1861 -0.960816 -0.10382 -0.257009 -0.999055 0.0418482 -0.0117065 -0.967805 0.104576 -0.228947 -0.960424 0.246595 0.129525 -0.960488 0.278321 0 -0.876307 0.481754 0 -0.878105 0.466121 0.107991 -0.788129 0.581718 -0.20114 -0.672636 0.667816 0.318721 -0.633133 0.765327 -0.115831 -0.488909 0.820277 0.296841 -0.448482 0.889956 -0.0827131 -0.307954 0.947784 -0.0828827 -0.332139 0.943231 0 -0.146108 0.989269 0 -0.1538 0.987115 0.044162 -0.0870719 0.988362 -0.124738 0.0649765 -0.0357211 -0.997247 0.0819473 -0.0544485 -0.995148 0.0540516 -0.0507578 -0.997247 0.084556 -0.0959704 -0.991786 0.0770478 -0.110863 -0.990845 0.0760362 -0.108696 -0.991163 0.0327419 -0.0778846 -0.996425 0.0354216 -0.10268 -0.994084 0.013894 -0.0728346 -0.997247 0.0117453 -0.100181 -0.9949 -0.00465578 -0.0740017 -0.997247 -0.00951293 -0.0905313 -0.995848 -0.0244819 -0.0876759 -0.995848 -0.0244819 -0.087676 -0.995848 -0.0421718 -0.0806721 -0.995848 -0.0315707 -0.0670911 -0.997247 -0.0700485 -0.0885224 -0.993608 -0.0719996 -0.0948511 -0.992884 -0.154888 -0.133702 -0.978843 -0.0631381 -0.067405 -0.995726 -0.0801192 -0.0440459 -0.995812 -0.116451 -0.0579645 -0.991504 -0.120969 -0.0464851 -0.991567 -0.0718185 -0.0184399 -0.997247 -0.10799 -0.0116688 -0.994084 -0.467857 -0.13798 -0.872967 -0.818365 0.211808 -0.534243 -0.0803647 0.00868376 -0.996728 -0.0932012 0.0324587 -0.995118 -0.145059 0.0594347 -0.987636 -0.0722522 0.0437551 -0.996426 -0.0994945 0.0858856 -0.991325 -0.0474946 0.0321801 -0.998353 0 0 -1 0 0 -1 -0.0375959 0.0824872 -0.995883 -0.0280319 0.0862733 -0.995877 -0.0290521 0.109085 -0.993608 -0.0119144 0.0806708 -0.99667 -0.00834859 0.0947656 -0.995465 0.00165258 0.0788013 -0.996889 0.00875789 0.0994117 -0.995008 0.0200121 0.0853316 -0.996152 0.0259586 0.0974696 -0.9949 0.0315707 0.0670912 -0.997247 0.0315707 0.0670911 -0.997247 0.0670162 0.086837 -0.993966 0.0674647 0.0510955 -0.996412 0.0947685 0.0613393 -0.993608 0.0730408 0.03626 -0.99667 0.0875477 0.0372243 -0.995465 0.0718185 0.0184399 -0.997247 0.0718184 0.0184399 -0.997247 0.0656825 0.0208223 -0.997623 0 0 -1 0.0656825 -0.0208223 -0.997623 0.0718185 -0.0184398 -0.997247 0.0718186 -0.0184399 -0.997247 0.089882 -0.0400154 -0.995148 -0.0615799 -0.978787 0.195405 -0.171878 -0.984928 -0.0193764 -0.267524 -0.958073 0.102598 -0.309017 -0.951057 0 -0.463274 -0.886215 0 -0.42079 -0.894225 0.152634 -0.535827 -0.844328 -3.60385e-07 -0.601428 -0.792312 0.102599 -0.665581 -0.73924 -0.102599 -0.755974 -0.652572 0.0515035 -0.799538 -0.580898 -0.152634 -0.866039 -0.476109 0.152634 -0.916046 -0.391081 -0.0889737 -0.964967 -0.247761 0.086327 -0.975971 -0.215789 -0.0302762 -0.998496 -0.0458907 -0.029982 -0.985992 0.160514 0.0453316 -0.973955 0.224711 -0.0302669 -0.939385 0.327154 0.102599 -0.908735 0.404568 -0.102599 -0.854242 0.517318 0.0515037 -0.799538 0.580898 -0.152634 -0.755975 0.652572 0.051503 -0.592246 0.780215 -0.201269 -0.637424 0.770513 0 -0.463274 0.886215 0 -0.463274 0.886215 0 -0.309017 0.951056 0 -0.267524 0.958073 -0.102599 -0.145913 0.987956 0.0515031 -0.104365 0.993205 -0.0515031 0 0 -1 -1.94802e-07 -2.28377e-08 -1 0 0 -1 0 0 -1 -6.31902e-07 5.37775e-07 -1 0 0 -1 0 0 -1 0 0 -1 0 0 -1 0 0 -1 0 0 -1 -0.472828 -0.0694956 -0.87841 0.0267239 0.0125653 -0.999564 0.0119562 -0.0117783 -0.999859 0 0 -1 0 0 -1 0 0 -1 0 0 -1 0 0 -1 0 0 -1 -0.0561844 -0.00746673 -0.998393 0.0711836 -0.0442834 -0.99648 0 0 -1 0 0 -1 -0.0389295 -0.0114418 -0.999177 -0.0981993 -0.0130916 -0.995081 -0.0587521 0.00999394 -0.998223 0 0 -1 0 0 -1 0 0 -1 0 0 -1 1.64286e-07 -1.24059e-07 -1 0 0 -1 0 0 -1 1.29e-06 1.01527e-06 -1 0 0 -1 0 0 -1 0 0 -1 0 0 -1 0 0 -1 0 0 -1 0 0 -1 0 0 -1 -1 4.38632e-07 -1.11154e-05 -1 -4.38632e-07 1.11154e-05 -0.0447195 0.997355 -0.0573022 -0.270268 0.957219 0.103374 -0.616048 0.784213 -0.0741229 -0.787199 0.611836 0.077294 -0.936507 0.329748 -0.11925 3.34792e-07 1 5.54564e-06 1.44535e-06 1 -1.96728e-05 0.953588 0.279995 -0.110785 0.843465 0.537132 -0.00752938 0.661527 0.735214 -0.14779 0.520459 0.853702 0.0177294 1 1.09509e-06 2.69584e-05 1 -1.09509e-06 -2.69584e-05 0.278863 -0.949733 -0.142277 0.665595 -0.745947 -0.0233796 0.738206 -0.664217 -0.117763 0.92011 -0.386166 0.0653807 0.995604 -0.0871021 0.0344444 1.67641e-06 -1 5.28324e-05 0 -1 1.09567e-05 -0.995701 -0.0871106 0.0314945 -0.948193 -0.314126 0.0474832 -0.774494 -0.626967 -0.0840928 -0.810911 -0.567807 -0.141489 -0.52039 -0.853586 -0.0242065 -0.363303 -0.922361 -0.131386 -0.0654031 -0.997859 0 -0.193729 -0.973944 0.117911 -0.15215 -0.988357 0 -0.362412 -0.932018 0 -0.362412 -0.932018 0 -0.518797 -0.854897 0 -0.518797 -0.854897 0 -0.691493 -0.722383 0 -0.691493 -0.722383 0 -0.806461 -0.591287 0 -0.806461 -0.591287 0 -0.9153 -0.402772 0 -0.9153 -0.402772 0 -0.971349 -0.237659 0 -0.971349 -0.237659 0 -0.997859 -0.0654032 0 -0.997859 -0.0654032 0 -0.997859 0.0654031 0 -0.990948 0.108498 0.0790619 -0.970586 0.237472 -0.0396245 -0.959288 0.279636 0.0396244 -0.912435 0.401511 -0.079062 -0.896873 0.442289 0 -0.83147 0.55557 0 -0.803937 0.589436 0.0790623 -0.75184 0.659346 0 -0.654746 0.746595 0.117911 -0.691493 0.722383 0 -0.518797 0.854898 0 -0.518797 0.854898 0 -0.362412 0.932018 0 -0.319197 0.940324 0.117911 -0.19509 0.980785 -4.26041e-07 -0.0649469 0.990898 0.117911 -0.108839 0.994059 0 -0.0603788 -0.998176 0 -0.0603788 -0.998176 0 -0.180255 -0.98362 0 -0.180255 -0.98362 0 -0.297503 -0.954721 0 -0.297503 -0.954721 0 -0.410412 -0.9119 0 -0.410412 -0.9119 0 -0.517338 -0.855781 0 -0.517338 -0.855781 0 -0.616719 -0.787184 0 -0.616719 -0.787184 0 -0.707107 -0.707107 0 -0.707107 -0.707107 0 -0.787184 -0.616719 0 -0.787184 -0.616719 0 -0.855781 -0.517338 0 -0.855781 -0.517338 0 -0.9119 -0.410413 0 -0.9119 -0.410413 0 -0.954721 -0.297503 0 -0.954721 -0.297503 0 -0.98362 -0.180255 0 -0.98362 -0.180255 0 -0.998176 -0.0603779 0 -0.998176 -0.0603779 0 -0.998176 0.0603779 0 -0.998176 0.0603779 0 -0.98362 0.180255 0 -0.98362 0.180255 0 -0.954721 0.297503 0 -0.954721 0.297503 0 -0.9119 0.410413 0 -0.9119 0.410413 0 -0.855781 0.517338 0 -0.855781 0.517338 0 -0.787184 0.616719 0 -0.787184 0.616719 0 -0.707107 0.707107 0 -0.707107 0.707107 0 -0.616719 0.787183 0 -0.616719 0.787183 0 -0.517338 0.855781 0 -0.517338 0.855781 0 -0.410413 0.9119 0 -0.410413 0.9119 0 -0.297502 0.954721 0 -0.297502 0.954721 0 -0.180255 0.98362 0 -0.180255 0.98362 0 -0.0603788 0.998176 0 -0.0603788 0.998176 0 0.0603788 0.998176 0 0.0603788 0.998176 0 0.180255 0.98362 0 0.180255 0.98362 0 0.297502 0.954721 0 0.297502 0.954721 0 0.410413 0.9119 0 0.410413 0.9119 0 0.517338 0.855781 0 0.517338 0.855781 0 0.616719 0.787183 0 0.616719 0.787183 0 0.707107 0.707107 0 0.707107 0.707107 0 0.787184 0.616719 0 0.787184 0.616719 0 0.855781 0.517338 0 0.855781 0.517338 0 0.9119 0.410413 0 0.9119 0.410413 0 0.954721 0.297503 0 0.954721 0.297503 0 0.98362 0.180255 0 0.98362 0.180255 0 0.998176 0.0603788 0 0.998176 0.0603788 0 0.998176 -0.0603788 0 0.998176 -0.0603788 0 0.98362 -0.180255 0 0.98362 -0.180255 0 0.954721 -0.297503 0 0.954721 -0.297503 0 0.9119 -0.410412 0 0.9119 -0.410412 0 0.855781 -0.517338 0 0.855781 -0.517338 0 0.787184 -0.616719 0 0.787184 -0.616719 0 0.707107 -0.707107 0 0.707107 -0.707107 0 0.616719 -0.787184 0 0.616719 -0.787184 0 0.517338 -0.855781 0 0.517338 -0.855781 0 0.410412 -0.9119 0 0.410412 -0.9119 0 0.297503 -0.954721 0 0.297503 -0.954721 0 0.180255 -0.98362 0 0.180255 -0.98362 0 0.0603788 -0.998176 0 0.0603788 -0.998176 0 0.0654031 0.997859 0 0.0654031 0.997859 0 0.19509 0.980785 0 0.236915 0.968308 0.079062 0.362128 0.931286 -0.0396248 0.402456 0.914581 0.0396237 0.517173 0.852222 -0.0790621 0.589436 0.803937 0.0790625 0.69095 0.721816 -0.0396241 0.721816 0.69095 0.0396241 0.803937 0.589436 -0.0790623 0.852221 0.517173 0.0790623 0.914581 0.402456 -0.039624 0.931286 0.362128 0.0396244 0.968308 0.236915 -0.0790621 0.980785 0.19509 0 0.999761 0.0218426 0 0.990898 0.0649469 -0.117911 0.997859 -0.0654032 -6.45517e-09 0.985263 -0.151674 -0.0790622 0.968308 -0.236915 0.0790621 0.931286 -0.362128 -0.0396245 0.914581 -0.402456 0.0396239 0.852221 -0.517173 -0.0790623 0.83147 -0.55557 0 0.75184 -0.659346 0 0.75184 -0.659346 0 0.625945 -0.779867 0 0.625945 -0.779867 0 0.442289 -0.896873 0 0.442289 -0.896873 0 0.237659 -0.971349 0 0.237659 -0.971349 0 0.0654031 -0.997859 0 0.0217742 -0.996632 0.0790623 0.0208562 0.994504 0.102599 0.103952 0.989276 -0.102599 0.228024 0.972292 0.0515035 0.268587 0.961878 -0.0515035 0.42079 0.894225 0.152633 0.42079 0.894225 0.152634 0.569936 0.820073 -0.0515035 0.609418 0.789661 0.0710317 0.688472 0.70301 -0.178278 0.796218 0.603028 0.0489335 0.809017 0.587785 0 0.895701 0.444657 0 0.895701 0.444657 0 0.968583 0.24869 0 0.937736 0.283094 0.201268 0.992115 0.125333 0 0.988283 0 0.152634 0.999124 -0.0418511 0 0.968583 -0.24869 0 0.958126 -0.203681 0.201268 0.912343 -0.406174 -0.0515034 0.866039 -0.476109 0.152634 0.799538 -0.580898 -0.152634 0.720427 -0.676526 0.152634 0.668224 -0.742175 -0.0515032 0.567682 -0.81683 0.102599 0.497383 -0.861443 -0.102599 0.387024 -0.92063 0.0515034 0.348086 -0.936047 -0.0515027 0.185186 -0.970778 0.152634 0.185186 -0.970778 0.152634 0.0349396 -0.9988 -0.0343116 0.0622615 0.98962 0.129523 0.0877569 0.996138 0.00293055 0.15695 0.985965 -0.0569119 0.300941 0.926199 0.227133 0.332895 0.9391 0.0852804 0.424314 0.901714 -0.0828825 0.550472 0.816295 0.175051 0.54242 0.814258 0.206798 0.711271 0.702526 0.0234675 0.725614 0.644144 0.241995 0.794429 0.607357 0 0.895701 0.444657 0 0.891276 0.451307 0.0441584 0.913081 0.388232 -0.124738 0.960424 0.246595 0.129525 0.960424 0.246595 0.129526 0.987986 0.148321 -0.0434033 0.98722 0.0413525 0.153904 1 0 0 0.986 -0.166745 0 0.984844 -0.151029 0.0852807 0.96525 -0.247835 -0.082883 0.921944 -0.365024 0.129525 0.910434 -0.405325 -0.0825947 0.806277 -0.585795 -0.0822343 0.816488 -0.542502 0.197585 0.70481 -0.697908 -0.127152 0.627375 -0.758366 0.176865 0.514877 -0.80512 -0.294421 0.422193 -0.897205 0.129525 0.317448 -0.920223 -0.228947 0.225501 -0.973747 0.0310836 0.0271944 -0.997176 0.0700033 0.0825794 -0.996584 0 0.0825794 -0.996584 0 0.245486 -0.9694 0 0.245486 -0.9694 0 0.401695 -0.915773 0 0.451242 -0.891802 -0.0327029 0.546948 -0.837167 -4.58899e-08 0.676472 -0.734845 -0.0488732 0.635767 -0.771881 0 0.789141 -0.614213 0 0.821307 -0.569549 -0.0327029 0.879474 -0.475947 -2.2945e-08 0.944687 -0.324311 -0.0488732 0.926515 -0.376257 0 0.986361 -0.164595 0 0.986361 -0.164595 0 0.999146 -0.0413245 0 0.998075 0.0550094 0.0286255 0.998471 0.0412966 0.0367474 0.986361 0.164595 -1.91208e-09 0.961738 0.272012 0.0327028 0.945817 0.324699 0 0.879474 0.475947 0 0.879474 0.475947 0 0.78914 0.614213 0 0.75374 0.656359 -0.0327028 0.677281 0.735724 7.64832e-08 0.546295 0.836166 -0.0488729 0.59219 0.805798 0 0.401695 0.915773 0 0.401695 0.915773 0 0.245485 0.9694 0 0.245485 0.9694 0 0.0825794 0.996584 0 0.0825794 0.996584 0 0.361733 0.931868 -0.0277666 0.481629 0.876252 0.0147295 0.917996 0.396489 -0.00892756 0.927463 -0.373915 0 0.490865 -0.871236 0 0.442168 -0.896829 0.0136113 -0.146188 -0.989218 -0.0087099 0.442559 -0.896477 0.0216823 0.458335 0.878567 0.134346 0.967502 0.251832 0.0228155 0.939112 -0.343386 0.012473 0.0871443 0.996065 0.0161084 0.349103 0.934501 0.0695332 0.983777 -0.15598 0.0886224 0.59337 -0.804013 -0.0384044 -0.17047 0.49552 -0.851704 0.012549 0.119425 -0.992764 0.00183714 0.37502 -0.927015 0.172217 0.616751 -0.768088 0.0792962 0.168513 -0.982505 0.0792961 0.168513 -0.982505 0.36544 0.525827 -0.768088 0.311297 0.31787 -0.895574 0.118151 0.0918242 -0.988741 0.150669 0.109468 -0.982505 0.473054 0.234841 -0.849158 0.320125 0.0966428 -0.942433 0.0582792 -0.00660118 -0.998279 0.0477145 0.00602774 -0.998843 0.0514859 0.0280986 -0.998278 0.410671 -0.0172021 -0.911622 0.402047 -0.085468 -0.911621 0.109702 -0.0488391 -0.992764 0.119379 -0.0515646 -0.991509 0.223417 -0.162322 -0.961112 0.087828 -0.0975477 -0.991348 0.0820949 -0.0929105 -0.992284 0.205524 -0.355958 -0.911622 0.143264 -0.385255 -0.911622 0.0262117 -0.137406 -0.990168 0.220311 -0.678509 -0.700777 0.0464648 -0.706213 -0.706473 0.0168131 0.277953 -0.960448 0.0195494 0.214935 -0.976433 0.0738076 0.402754 -0.912327 0.156749 0.503026 -0.849938 0.114284 0.253929 -0.960447 0.24612 0.666052 -0.704131 0.366148 0.605684 -0.706458 0.193272 0.260858 -0.945832 0.252521 0.32232 -0.912328 0.372561 0.372561 -0.849939 0.2192 0.171733 -0.960447 0.173845 0.127895 -0.976433 0.350407 0.211829 -0.912328 0.480463 0.216239 -0.849939 0.265854 0.0828436 -0.960447 0.351888 0.120072 -0.928309 0.696154 0.127575 -0.706466 0.40871 0.0247225 -0.912329 0.248169 0.00137193 -0.968716 0.408709 -0.0247225 -0.91233 0.518246 -0.0949722 -0.849942 0.265852 -0.0828429 -0.960448 0.69086 -0.164041 -0.704133 0.6454 -0.290471 -0.70646 0.282253 -0.16042 -0.945832 0.350408 -0.211829 -0.912328 0.414753 -0.324938 -0.849939 0.196902 -0.196902 -0.960447 0.147917 -0.157161 -0.976433 0.252521 -0.322319 -0.912329 0.272575 -0.450894 -0.84994 0.114284 -0.253928 -0.960448 0.161613 -0.334851 -0.928308 0.21056 -0.675709 -0.706457 0.0738075 -0.402754 -0.912328 0.0479973 -0.30821 -0.950107 0.0318124 -0.52592 -0.849939 0.0768113 0.288412 -0.954421 0.104461 0.126725 -0.986422 0.106531 0.127955 -0.986042 0.250559 0.162175 -0.954421 0.44122 0.044548 -0.896293 0.707805 0 -0.706408 0.44122 -0.044548 -0.896293 0.104483 -0.891187 -0.44144 0.304074 0.951216 0.0522267 0.824645 0.549682 0.133455 -0.801099 -0.566971 0.191791 0.0815242 0.877586 -0.472438 0.448442 -0.890591 0.0758086 0.874445 -0.358054 0.327327 0.201067 0.921683 0.331772 0.835213 0.53033 -0.145494 0.342245 -0.893681 -0.290178 0.107635 0.195826 0.974714 0.824426 -0.533935 0.187711 0.984426 0.0784186 0.157342 0.0378913 -0.0768531 0.996322 0.0817822 -0.0935663 0.992248 0.346972 0.655962 0.670317 0.0114984 0.970437 0.241082 0.930422 0.36599 0.0191632 0.977324 -0.211458 -0.0110776 0.338329 -0.912391 0.230381 0.656598 0.683855 0.318151 0.815718 -0.0178392 0.578175 0.572255 -0.29409 -0.76553 0.290218 0.901574 -0.32084 0.993387 -0.104986 -0.0464774 0.881025 -0.293508 0.371009 -0.145763 0.97651 0.158684 0.17924 0.977099 -0.114681 0.345022 0.938238 -0.025871 0.654808 0.611252 -0.444519 0.983069 0.169006 -0.0708005 0.961822 -0.112143 -0.249645 0.950526 -0.301605 0.0743998 0.609251 -0.77907 -0.147864 0.113411 -0.878433 0.464213 -0.836677 0.547682 -0.00404081 -0.365994 -0.929811 0.0387399 -0.320346 -0.9473 0 -0.999877 0.0156583 0 -0.999877 0.0156583 0 -0.88885 0.458198 0 -0.912233 0.409375 -0.0155633 -0.999754 0.0069186 0.0210504 0.0583989 -0.998147 0.0170661 -0.13004 -0.974414 -0.18332 -0.20431 -0.976461 -0.0691408 -0.656048 -0.647559 -0.387645 -0.931987 -0.360519 0.0377708 -0.977291 -0.0958136 -0.189002 -0.999741 0.010607 0.0201329 0.0283011 -0.999599 0.000543001 -0.978409 0.0774555 0.191615 -0.758215 -0.44184 0.479466 0.402715 -0.806156 -0.433513 0.991451 0.13048 0 0.995045 0.078312 -0.0612543 0.97237 0.233446 -9.05621e-07 0.890754 0.445791 -0.0884758 0.903558 0.374265 -0.208589 0.851039 0.521518 -0.0612537 0.760049 0.649141 -0.0306704 0.600338 0.785336 -0.151134 0.631322 0.739185 -0.2346 0.519553 0.847833 -0.106038 0.381071 0.919991 -0.0916649 0.229003 0.953864 -0.194168 0.263316 0.953403 -0.147268 0.0784593 0.996917 0 -0.97896 0.14734 0.141169 -0.105883 0.659187 0.744488 -0.642225 0.765553 -0.038414 0.112865 0.993607 -0.00264209 0.226754 0.958212 -0.17439 0.584941 0.810943 0.0146651 0.734419 0.675462 -0.0661824 0.805799 0.59219 0 0.915773 0.401695 0 0.915773 0.401695 0 0.981441 0.191767 0 0.981441 0.191767 0 -1.50956e-05 1 -0.000301911 0 1 0 0 1 0 0 1 0 0 -1 1.49012e-05 -0.589966 -0.80742 -0.00359255 0.790062 -0.592064 -0.158941 0.901877 -0.431256 -0.0252118 -0.282319 -0.959199 0.0152375 -0.264276 -0.964395 0.00999996 -0.617696 -0.786415 0.00191298 0.955306 -0.257122 -0.145875 0.999178 0.0326226 -0.0240721 0.933449 -0.277642 -0.227129 0.702971 -0.561738 0.436214 0.19559 -0.967116 -0.162578 0.0998032 -0.992006 0.0772189 0.990531 -0.067599 0.119491 -0.271167 -0.961997 0.0320897 0.727636 0.685964 0 0.727636 0.685964 0 0.83377 0.552112 0 0.83377 0.552112 0 0.936868 0.349682 0 0.960614 0.27772 0.00965625 0.999108 -0.0408201 -0.0108009 0.944743 -0.324924 0.0434123 0.796076 -0.604958 -0.0170184 0.669381 -0.742778 0.0144901 0.0665864 -0.996688 -0.0466821 -0.216644 -0.974482 0.0587317 0.857884 0.513843 0 -0.486147 0.579142 0.654412 -0.0751022 0.95426 -0.28939 -0.231729 0.965216 -0.121082 -0.381963 0.922145 -0.0612525 -0.518655 0.846366 -0.121084 -0.578934 0.786582 -0.214767 -0.644668 0.754812 -0.121086 -0.760049 0.649141 -0.0306704 -0.851039 0.521518 -0.0612537 -0.866476 0.49008 -0.0950844 -0.92388 0.382683 0 -0.97237 0.233446 0 -0.97237 0.233446 0 -0.996917 0.0784593 0 -0.996917 0.0784593 0 0.781154 -0.622418 -0.04893 0.679287 -0.715109 0.164886 0.148132 -0.986314 -0.072398 0.163501 -0.982566 -0.0885009 -0.410597 -0.910009 -0.057395 -0.444974 -0.888843 -0.109345 -0.932171 -0.280081 0.229371 -0.965356 -0.235167 0.113068 0.538228 0.842784 -0.00504225 -0.962051 0.202548 -0.182847 -0.749826 0.661635 0 -0.0981014 0.995176 0 -0.0981014 0.995176 0 0.320304 0.947315 0 0.320491 0.947252 5.22989e-05 -0.994135 -0.108136 -0.00146265 -0.925455 0.375952 -0.0468299 -0.272264 0.95069 0.148527 -0.971979 0.232592 -0.0340309 -0.783457 -0.62144 -0.00270436 -0.848448 -0.529218 0.00799359 -0.930086 -0.367169 -0.0112814 -0.970543 -0.240927 0 -0.999877 -0.0156583 0 -0.999877 -0.0156583 0 -0.933835 0.357705 0 -0.897388 0.440796 0.0198557 -0.285083 0.957388 -0.0462188 0.0290724 0.9942 0.103544 -0.825736 -0.564 -0.00798586 -1 0 0 -1 0 0 -1 0 0 -1 1.42604e-07 1.85499e-06 1 0 0 1 0 0 1 0 0 1 0 0 0.185621 -0.982621 0 0.220667 -0.973821 0.0545727 0.534738 -0.839836 -0.0934439 0.606296 -0.78973 0.0934449 0.867329 -0.491494 -0.0785754 0.889369 -0.45719 0 0.989451 -0.144867 0 0.989451 -0.144867 0 -0.237007 -0.970675 0.040222 -0.580763 -0.580763 0.570464 -0.959697 -0.280516 0.0171192 -0.995886 -0.0865907 0.0267075 -0.993839 -0.110836 0 -0.922083 0.386992 0 -0.922083 0.386992 0 -0.773809 0.633419 0 -0.571967 0.798141 0.189275 -0.351076 0.933893 -0.0677533 0 0 -1 0 0 -1 0 0 -1 0 0 -1 0 0 -1 0 0 -1 0 0 -1 0 0 -1 0 0 -1 0 0 -1 0 0 -1 0 0 -1 0.219844 0.153715 -0.963348 -0.326789 0.513241 -0.793595 0 0 -1 -0.0927762 0.00304118 -0.995682 -0.445353 -0.0535287 -0.893753 0 0 -1 0 0 -1 0 0 -1 0 0 -1 0 0 -1 0 0 -1 -0.00306811 0.018438 -0.999825 0.0151766 0.38412 -0.923159 -0.320058 0.336936 -0.885459 -0.308051 -0.0824 -0.947795 -0.0251859 0.111897 -0.993401 0 0 -1 0.0621107 0.0166139 -0.997931 -0.0643588 0.163317 -0.984472 0 0 -1 0 0 -1 0 0 -1 0 0 -1 0 0 -1 0 0 -1 0 0 -1 0 0 -1 0 0 -1 0 0 -1 0 0 -1 0 0 -1 0 0 -1 0 0 -1 -0.18444 0.243548 -0.95219 -0.480602 -0.240524 -0.843309 -0.0509686 -0.44103 -0.896044 0 0 -1 0 0 -1 -0.0726808 -0.233457 -0.969647 -0.366646 -0.28543 -0.885494 0 0 -1 0 0 -1 0 0 -1 0 0 -1 0 0 -1 0 0 -1 0 0 -1 0 0 -1 -0.876664 0.480413 -0.0257733 0 0 -1 0 0 -1 0 0 -1 0 0 -1 0 0 -1 0 0 -1 0 0 -1 0 0 -1 0 0 -1 0 0 -1 0 0 -1 0 0 -1 0 0 -1 0 0 -1 0 0 -1 0 0 -1 0 0 -1 0 0 -1 0 0 -1 0 0 -1 0 0 -1 0 0 -1 0.0427727 -0.109226 -0.993096 0 0 -1 0 0 -1 0 0 -1 0 0 -1 0 0 -1 0 0 -1 0 0 -1 0 0 -1 0 0 -1 0 0 -1 0 0 -1 0.696568 -0.356026 -0.622927 0 0 -1 0 0 -1 0 0 -1 0 0 -1 0 0 -1 0 0 -1 0 0 -1 0 0 -1 -0.0020383 0.0568627 -0.99838 0 0 -1 0 0 -1 0 0 -1 0 0 -1 0 0 -1 0.0230098 0.988274 -0.150944 0 0 -1 0 0 -1 0 0 -1 0 0 -1 0.458247 0.0583667 -0.886906 0.253737 0.489223 -0.834433 -0.262556 0.162278 -0.951173 0 0 -1 0 0 -1 0.503925 0.345964 -0.791434 0.876664 -0.480413 -0.0257745 0 0 -1 0 0 -1 0 0 -1 0 0 -1 0 0 -1 0 0 -1 0 0 -1 0 0 -1 0 0 -1 0 0 -1 0.171378 0.0237459 -0.984919 0 0 1 0 0 1 0 0 1 0 0 1 0 0 1 0 0 1 0 0 1 0 0 1 0 0 1 0 0 1 0 0 1 0 0 1 0 0 1 0 0 1 0 0 1 0 0 1 -0.00230337 -0.998027 0.0627412 0 0 1 0 0 1 0 0 1 0 0 1 0 0 1 0 0 1 0 0 1 0 0 1 0 0 1 0 0 1 0 0 1 0.927371 0.373558 0.0209281 0 0 1 0 0 1 0 0 1 0 0 1 0 0 1 0 0 1 0 0 1 0 0 1 0 0 1 0.235755 -0.101703 0.966476 0.408396 -0.64423 0.646669 0 0 1 0 0 1 0 0 1 0 0 1 0 0 1 0 0 1 0 0 1 0 0 1 0 0 1 0 0 1 0 0 1 0 0 1 0 0 1 0 0 1 0 0 1 -0.339147 -0.334379 0.879301 0 0 1 0 0 1 0 0 1 0 0 1 -0.117014 -0.451123 0.884757 -0.413236 -0.253232 0.874705 -0.431537 -0.178748 0.884209 -0.201767 0.363791 0.909366 0 0 1 0 0 1 0 0 1 0 0 1 0 0 1 0 0 1 0 0 1 0 0 1 -0.354848 -0.246072 0.90196 0 0 1 0 0 1 0 0 1 0 0 1 0 0 1 0 0 1 -0.380334 0.495403 0.780975 0.252993 0.211787 0.944003 0 0 1 0 0 1 -0.343185 -0.103468 0.933552 0 0 1 0 0 1 0 0 1 0 0 1 0 0 1 0 0 1 0 0 1 0 0 1 0 0 1 0 0 1 0 0 1 0 0 1 -0.92737 -0.373559 0.0209278 0 0 1 -0.783325 0.356093 0.509509 0 0 1 0 0 1 0 0 1 0 0 1 0 0 1 0 0 1 0.0713761 0.361346 0.929696 -0.383258 0.305378 0.871698 -0.405671 -0.0348153 0.913356 0 0 1 0 0 1 -0.345634 0.919787 0.185818 -0.0374661 0.705352 0.707867 0 0 1 0 0 1 0 0 1 0 0 1 0 0 1 0 0 1 0 0 1 0 0 1 0 0 1 -0.265815 0.407691 0.873573 0.262082 0.427678 0.865104 0.319979 0.374646 0.870203 0 0 1 0 0 1 0 0 1 0 0 1 0 0 1 0 0 1 0 0 1 0 0 1 -0.016879 0.993693 0.110858 0 0 1 0 0 1 0 0 1 0 0 1 0.379619 0.00108719 0.925142 0 0 1 0 0 1 0 0 1 0 0 1 0 0 1 0 0 1 0.508973 0.31347 0.801675 0 0 1 0 0 1 0 0 1 0 0 1 0 0 1 0.826798 0.284514 0.48524 0 0 1 0 0 1 0 0 1 0 0 1 -1 0 0 -1 0 0 -1 0 0 -1 0 0 1 0 0 1 0 0 1 0 0 1 0 0 0.836673 -0.547689 -0.00403974 0.218444 0.973579 -0.0665298 0.424436 0.904717 0.0366201 0.999866 -0.0156582 -0.00484746 0.997371 -0.0724622 0 0.888851 -0.458197 0 0.912233 -0.409375 -0.015563 0.662669 0.67394 -0.326612 0.284398 0.958706 0 0.39848 0.853492 0.335806 0.95849 0.180116 0.221032 0.949488 0.157394 0.271478 -0.0444726 0.999011 0 -0.0444726 0.999011 0 0.995961 -0.0897833 0.000469884 0.0397492 0.99921 0 0.913798 0.388334 -0.119035 0.981665 0.188368 0.0291875 -0.191774 0.981371 0.0115842 0 1 0 0 1 0 0 -1 0 0 -1 0 0 -1 0 0 -1 0 -0.972461 -0.233067 0 -0.95426 -0.0751021 -0.289392 -0.965215 -0.231729 -0.121084 -0.922145 -0.381963 -0.0612542 -0.846366 -0.518655 -0.121086 -0.810435 -0.557457 -0.180105 -0.758978 -0.648229 -0.0612532 -0.649448 -0.760406 0 -0.458606 -0.884224 -0.0884753 -0.511006 -0.833885 -0.208588 -0.381963 -0.922145 -0.0612516 -0.233336 -0.971912 -0.0306688 -0.166883 -0.983489 -0.0699894 -0.0784593 -0.996917 0 0.107666 0.986469 0.123642 0.776819 0.586815 -0.228475 0.99669 0.0212689 0.0784589 0.990657 -0.1065 -0.085181 0.816944 -0.572027 0.0733953 0.801573 -0.590905 0.0911766 0.582405 -0.812552 -0.0237273 0.459303 -0.886792 0.0513899 0.157188 -0.968336 -0.193953 -0.110638 -0.992072 0.0595966 -0.832123 0.554435 0.0131754 -0.197867 0.975979 0.0911771 0.348208 0.929663 -0.120322 0.455014 0.890363 0.0147302 0.796042 0.604362 -0.0326092 0.81915 0.573579 0 0.949264 0.314479 0 0.949264 0.314479 0 0.985453 -0.169946 0 0.98552 -0.169561 -0.000506988 0.991657 -0.128904 0 0.96189 -0.24826 0.11461 0.841663 -0.535902 -0.0664222 0.513324 -0.827474 0.227562 0.354738 -0.934847 -0.0149071 -0.426662 -0.862178 0.273145 0.374179 -0.0839764 -0.923547 -0.778715 -0.620889 0.0899934 -0.931964 -0.289458 -0.218304 -0.979729 0.10742 0.169092 -0.106441 -0.985141 0.134784 -0.706894 -0.698576 0.110871 -0.948441 0.0117363 0.316736 -0.913635 0.402011 -0.0604868 -0.660235 0.747544 0.072577 -0.463873 0.872258 -0.154883 0.164964 -0.585263 0.793886 0.742962 0.538255 0.397856 0.234032 -0.438985 0.86748 -0.461762 0.854369 0.238389 0.65408 0.724507 0.217416 0.534471 0.329342 0.778379 0.567457 -0.331891 0.753552 0.631 -0.774583 -0.0431271 0.170082 -0.970207 0.172539 -0.686831 -0.726817 0 -0.635346 0.693207 0.340293 -0.00196904 0.594455 0.804126 0.317343 0.92751 0.197531 -0.139053 -0.310193 -0.940449 -0.5674 -0.807522 -0.161135 -0.971201 0.150201 -0.184958 -0.0822843 0.996609 -0.000187708 -0.364998 0.924903 -0.106444 -0.834402 0.551024 0.0121058 -0.97743 0.132599 -0.164464 -0.907365 -0.417799 0.0461754 -0.438572 -0.898689 0.00359744 -0.84865 0.52774 0.0358209 -0.947955 -0.119603 -0.295088 -0.179266 -0.943776 -0.277761 -0.0144115 -0.870453 -0.49204 -0.442296 -0.562248 -0.69875 -0.732684 -0.572095 -0.36862 -0.978059 -0.0538748 -0.20124 -0.910245 0.173712 -0.375871 -0.828557 0.480364 -0.287653 -0.326645 0.738807 -0.589463 -0.339665 0.718941 -0.606426 -0.475876 0.616412 -0.627358 -0.514598 0.843422 -0.154366 -0.999965 0.00840949 0 -0.899767 0.102109 -0.424257 0.983099 -0.00826807 -0.182889 -0.000133682 0.000219104 -1 0.0144647 -0.0817824 -0.996545 -0.000356468 4.04533e-05 -1 -0.045938 -0.0514391 -0.997619 0.0991884 0.289901 -0.951903 -0.102785 0.01299 -0.994619 0.318206 -0.00267618 -0.948018 0.0681577 0.0754964 -0.994814 0.137552 0.102672 -0.985159 0.000178269 -0.000218835 -1 -0.0162902 -0.0911716 -0.995702 0.106628 0.0532668 0.992871 -0.496463 -0.248012 0.831874 0.0840289 -0.1966 0.976876 -0.0244197 0.139299 0.989949 0 0 1 0 0 1 -0.0838058 0.012961 0.996398 0.0255587 -0.0716961 0.997099 0 0 1 0 0 1 -0.0397586 0.100748 0.994117 -0.138481 -0.085332 0.986682 -0.131849 0.0771148 0.988266 0.0116936 0.999924 -0.00389078 0.665351 0.745819 -0.0325907 0.592757 0.800813 -0.0856645 0.968162 0.24038 -0.0698573 0.940868 -0.331744 0.0686564 0.637748 -0.769142 0.0412007 0.252593 -0.967081 -0.0308284 -0.00459448 0.149221 -0.988793 0.89142 0.347742 -0.290596 0.257555 0.0392016 -0.965468 -0.0798207 -0.678162 -0.730565 0.703669 -0.426583 -0.568222 0.68322 0.182531 -0.707031 -0.419784 -0.583184 -0.69547 0.0589818 -0.852388 -0.519573 0.972079 -0.149026 -0.181254 0.842302 0.509818 -0.174964 0.664228 0.747066 0.0263602 0.524568 0.845198 -0.102318 0.999535 0.0283893 0.0111211 0.839213 -0.526858 -0.134695 0.434522 -0.90021 0.0284988 0.314215 -0.948666 -0.03607 0.548483 0.82545 -0.133414 0.85001 0.514483 0.113096 0.994935 -0.0668229 0.0750885 0.714116 -0.242103 -0.656829 0.772159 -0.484761 0.410825 0.246735 -0.744931 0.619838 -0.0707147 -0.726164 -0.683875 -0.571189 0.302298 0.763124 -0.44019 -0.607004 0.661649 -0.353598 -0.644293 0.678126 -0.566968 -0.158644 0.808319 -0.209977 0.323548 0.922619 -0.156767 0.34193 0.926557 0.353697 -0.752765 0.555197 0.225741 0.266532 0.937017 0.117692 0.833079 0.540488 0.752493 0.298907 0.586864 0.931643 0.115759 0.344445 0.894726 -0.437727 0.0886631 0.362746 -0.756185 0.544609 0.964873 0.214017 0.152369 0.986309 0.15917 -0.043127 0.843592 -0.483329 0.233976 0.844327 -0.535791 -0.00632007 -0.609083 -0.793107 0 -0.648121 -0.733832 -0.203543 -0.975699 -0.141168 0.167578 -0.577396 0.330092 0.746762 -0.574254 0.349672 0.740244 -0.615862 0.771731 -0.158572 -0.306973 0.949021 -0.0715994 -0.281197 0.947477 -0.152369 -0.387439 -0.754599 0.529596 -0.371313 -0.298075 -0.879362 -0.0890755 0.993257 0.0742024 -0.239556 0.97077 -0.0147699 -0.931454 0.361601 0.0404749 -0.961841 0.245726 0.120335 -0.892655 -0.447407 -0.0547265 -0.547725 -0.835812 0.0376188 -0.456596 -0.889292 -0.0260698 -0.0780974 0.244241 -0.966565 -0.1482 -0.0553362 -0.987408 -0.159383 -0.0521337 -0.985839 -0.131643 -0.0228216 -0.991035 -0.512481 0.46027 -0.724924 -0.0408855 0.621522 -0.782329 -0.383027 0.755858 -0.531007 -0.230956 -0.969474 -0.0823386 -0.584021 -0.803405 -0.116012 -0.501841 -0.862528 -0.0648153 -0.827997 -0.56073 0.00140175 -0.946942 -0.309741 -0.0858022 -0.985617 -0.168963 -0.00325193 -0.971665 0.23636 0.000685461 -0.882872 0.45476 -0.117177 -0.977469 -0.00290488 -0.211061 0.467213 0.867886 0.168776 0.532035 0.829731 -0.168776 -0.00293733 -0.263056 -0.964776 0.0272804 -0.0204636 -0.999418 0.00371859 0.0057993 -0.999976 0.041902 -0.0265901 -0.998768 -0.000402738 0.001357 -0.999999 -0.00201251 0.00343681 -0.999992 0.018502 0.00298584 -0.999824 -0.000930157 0.00116557 -0.999999 -0.00057706 -1.71493e-06 -1 -0.0317835 0.0169936 -0.99935 -0.098832 -0.111902 -0.988792 -0.0280624 0.113719 0.993117 -0.00506673 0.176812 0.984232 0 0 1 -0.117158 -0.0259866 0.992773 -0.115623 0.0448863 0.992278 -0.154149 0.0883185 0.984092 0 0 1 0 0 1 0.00150863 -0.068915 0.997621 0.104053 0.0176273 0.994416 0 0 1 0 0 1 0 0 1 0.39949 0.802844 -0.442548 0.462628 0.733913 -0.49734 0.601318 0.667436 -0.439256 0.850061 0.112273 -0.514578 0.618862 -0.30184 -0.725191 0.811411 -0.21348 -0.544094 0.387765 -0.818074 -0.424728 0.300697 -0.81509 -0.495186 0.173733 0.136326 -0.975311 0.509678 0.859972 0.0260274 0.657556 0.749211 0.079393 0.855306 0.51724 -0.030247 0.996315 0.0828577 -0.0221406 0.990844 -0.120982 0.059935 0.839463 -0.540646 -0.0548115 0.469051 -0.881426 0.0554845 0.326627 -0.944809 -0.0255029 0.455096 0.582778 -0.673244 0.759814 0.459492 0.459947 0.849879 0.0706794 0.522217 0.733511 0.120994 0.668822 0.226566 -0.145917 0.963004 0.144074 -0.639044 0.755556 0.282843 -0.818159 0.500615 0.0279534 -0.975477 0.218319 -0.0111655 -0.999938 0 -0.083849 -0.0168512 0.996336 -0.288544 -0.227837 0.929964 -0.0488102 0.0041971 0.998799 -0.0947364 -0.00802033 0.99547 -0.555913 0.815898 0.158971 -0.4335 0.89524 0.103069 0.021309 -0.044269 0.998792 0.699296 0.579786 0.418131 0.0789525 -0.0666766 0.994646 -0.290319 -0.542761 0.788115 0.9939 0.0986618 0.0492902 0.890179 0.164781 0.42477 0.970856 -0.2077 -0.11958 0.605846 -0.474743 0.638412 -0.00369772 -0.657488 0.753456 -0.826855 -0.516164 0.223351 -0.872355 -0.456088 -0.176015 -0.860438 0.457996 0.22335 -0.860296 0.509583 -0.0147317 -0.344897 0.925149 0.158572 -0.307763 0.951463 0 -0.198801 -0.967437 -0.156666 -0.936283 -0.173584 -0.305357 -0.618535 0.467129 0.631827 -0.482262 0.768164 -0.421126 -0.24336 0.967896 0.0628722 -0.471284 0.881495 -0.0293008 -0.796603 0.601609 -0.0590735 -0.89989 0.435524 0.0227171 -0.973331 -0.187047 -0.132816 -0.875897 -0.48194 0.0231799 -0.209292 -0.96919 -0.129876 -0.0760232 -0.996749 -0.026702 -0.332972 -0.875112 -0.351153 -0.451173 -0.755661 -0.474783 -0.774676 -0.497356 -0.39053 -0.797212 -0.282404 -0.533574 -0.892333 -0.0358166 -0.449955 -0.747572 0.35846 -0.559144 -0.7014 0.388681 -0.597466 -0.554905 0.731107 -0.396942 -0.211024 0.874287 -0.437139 0.0160347 0.999796 -0.0122545 0.471888 -0.856023 -0.21106 0.507265 0.86179 0 0.516118 0.854433 -0.0597156 0.114518 0.189584 -0.975163 -0.0518677 0.00185034 -0.998652 0 0 -1 0.152871 0.0282978 -0.987841 0 0 -1 0.0707129 0.0393675 -0.99672 -0.0377548 0.116721 -0.992447 -0.0180413 -0.0100647 -0.999787 0 0 -1 0.0192907 -0.0349941 -0.999201 0.12824 -0.027435 -0.991364 0 0 1 0.00101346 0.180203 0.983629 0.0734364 0.0113222 0.997236 0 0 1 0 0 1 0 0 1 -0.010327 0.0869889 0.996156 0 0 1 0 0 1 -0.0982712 0.0113634 0.995095 0.0200537 -0.348508 0.937091 -0.139854 -0.0138829 0.990075 0.586378 0.808686 0.0467773 0.964823 0.26286 -0.00465219 0.999094 -0.0303248 0.029857 0.954085 -0.292441 -0.064814 0.828566 -0.557309 0.0537114 0.626967 -0.77753 -0.0485735 0.271774 -0.957252 0.099036 0.0503839 0.223762 -0.973341 0.722345 0.258169 -0.641534 0.704528 0.387649 -0.594448 0.244571 0.60579 -0.757102 0.234355 -0.0718333 -0.969494 0.132913 -0.084858 -0.987488 0.135004 -0.167425 -0.976598 -0.708677 0.0605932 -0.702927 0.216108 -0.822365 -0.52632 0.860013 -0.498491 0.109016 0.686789 -0.708626 -0.161772 0.96438 -0.262614 -0.0317087 0.972246 0.228296 -0.0511793 0.942557 0.333891 -0.0101665 0.665971 0.741727 -0.0795249 0.512471 0.858327 -0.0254724 0.270091 0.960172 -0.0715548 0.266926 0.67497 -0.68787 0.613851 0.683679 0.394677 0.931199 0.218658 0.291645 0.431601 -0.140795 -0.891009 0.832306 -0.526049 -0.174755 0.603122 -0.785532 0.138501 -0.366047 -0.929814 -0.0381477 -0.188486 -0.504394 0.84265 -0.61647 -0.389944 0.684039 -0.781426 -0.0335935 0.623093 -0.659942 0.311424 0.683734 -0.424513 0.448389 0.786598 -0.427158 0.580346 0.693351 0.826618 0.54558 0.138008 0.808444 0.296717 0.508308 0.0479798 -0.030748 0.998375 -0.658501 -0.0847057 0.747798 0.660988 0.748401 -0.0546829 0.555921 0.290649 -0.778765 0.413247 -0.38648 -0.824536 0.741758 -0.439369 -0.506705 0.450383 -0.84813 0.278984 0.299204 -0.925004 -0.23419 -0.603403 -0.785711 0.136248 -0.973459 -0.140844 -0.180392 -0.981253 -0.192725 0 -0.922747 0.385406 0 -0.921192 0.388774 -0.0161412 -0.461864 0.884606 0.0644529 0.384894 0.91551 -0.117036 -0.749163 0.0432365 -0.660973 -0.89687 0.116987 -0.426543 -0.658522 0.55142 0.512136 -0.228927 0.775252 -0.588707 0.172164 0.984823 0.0219929 -0.282408 0.956362 -0.0749536 -0.576779 0.816882 0.00541907 -0.764628 0.640269 -0.0734898 -0.991588 0.129342 -0.00491564 -0.992946 0.118568 0.000706073 -0.992274 -0.119001 -0.0350866 -0.67325 -0.738708 0.0323255 -0.678718 -0.733504 0.0362477 -0.0375758 -0.999292 -0.00200369 -0.0539862 -0.865606 -0.497807 -0.152167 -0.80715 -0.570399 -0.468422 -0.810387 -0.351928 -0.821945 -0.496207 -0.279617 -0.263939 0.0257473 -0.964196 -0.274731 0.0573044 -0.959812 -0.143397 0.0962033 -0.984978 -0.171714 0.172254 -0.969971 -0.0774917 0.3039 -0.949547 0.049498 0.135408 -0.989553 -0.901275 -0.423596 -0.0909353 -0.998996 0.0186 0.0407515 -0.977845 0.203963 -0.0471028 -0.838621 0.543895 0.0298785 -0.705224 0.707444 -0.0467172 -0.531658 0.846799 0.0164913 -0.246413 0.966359 -0.0736918 -0.498709 -0.847255 -0.182888 0.999113 0.0411704 0.00881199 0.00203389 0.00106337 -0.999997 0.000327058 -0.000193728 -1 -0.0977389 0.0567929 -0.99359 -0.147368 0.0621942 -0.987124 -0.0435869 0.249814 -0.967312 0.0600122 0.380622 -0.922781 -0.195659 0.573962 -0.795164 -0.277939 -0.0545891 -0.959046 0.152474 -0.134908 -0.979056 -0.000100782 -0.000171218 -1 6.91248e-05 -0.000213702 -1 0 0 1 0.0962859 0.0478224 0.994204 0 0 1 0.0737119 -0.0603651 0.995451 -0.0754721 -0.085453 0.99348 -0.0747226 -0.0807543 0.993929 -0.10727 -0.00442027 0.99422 0.000458423 0.0625143 0.998044 0.126306 -0.0527546 0.990588 0.00332197 0.0883447 0.996084 -0.166145 -0.00840356 0.986066 0 0 1 0 0 1 0 0 1 0 0 1 0.0901791 0.106559 0.990209 0.013096 0.998343 0.0560251 0.429539 0.894555 -0.123566 0.998804 -0.0432924 0.0227224 0.834478 -0.550084 -0.0324498 0.814027 -0.580814 -0.00398652 0.389045 -0.921209 -0.00431145 0.427954 0.33325 -0.840119 0.384515 0.467819 -0.795798 0.836547 0.324817 -0.441229 0.833586 0.334938 -0.439262 0.197341 -0.0235646 -0.980052 0.271093 -0.178703 -0.945819 -0.683474 -0.0070841 -0.729941 0.527263 -0.746753 -0.405406 0.828952 -0.556132 0.0596291 0.973287 0.209686 -0.0935131 0.601866 0.752463 -0.2675 0.222045 0.973143 0.0607411 -0.0466269 -0.998891 -0.00652912 0.708653 -0.703831 -0.0493295 0.858643 -0.512453 0.0111969 0.956859 0.289249 -0.0275002 -0.163294 0.671774 -0.722533 0.104873 0.993313 0.0482882 0.615351 0.769322 0.171717 0.892446 0.422507 -0.158204 0.768991 -0.629752 -0.109845 -0.362607 -0.908082 0.209533 0.378528 -0.469307 0.797789 -0.0197005 -0.22394 0.974404 -0.106716 -0.19175 0.975625 -0.0323985 0.0116432 0.999407 -0.115555 0.096712 0.988582 -0.00433477 -0.00221957 -0.999988 -0.0469192 0.00971069 -0.998852 -0.108199 -0.0601014 0.992311 0.0088123 0.0556103 0.998414 0.119463 0.0533293 0.991405 0.212841 -0.459529 0.862283 0.0422335 -0.0872531 -0.995291 -0.142719 -0.310255 -0.939879 -0.337486 -0.670677 -0.660527 -0.122874 -0.0115623 -0.992355 -0.0946395 0.238359 -0.966555 0.150844 -0.479303 0.864589 0.0324169 0.0571963 -0.997837 -0.280804 0.787561 0.548541 0.303478 0.245582 0.920647 0.105131 -0.118418 -0.987383 0.249238 0.0787278 -0.965237 -0.162643 -0.101102 -0.981492 -0.0913203 -0.187809 0.977951 -0.798256 -0.128361 -0.588481 -0.0863719 -0.328648 0.940495 0.0989012 0.992477 -0.072171 0.237025 -0.196201 0.951485 0.783122 0.127391 -0.60868 -0.242301 0.52596 0.815264 0.22687 -0.133619 0.964716 0.643289 0.17061 0.746372 -0.46184 -0.173947 0.869739 0.0443837 -0.106935 0.993275 0.061945 0.0722038 0.995464 -0.948508 0.0319661 0.315136 -0.379204 0.35584 0.854156 -0.698072 -0.715418 0.0295511 -0.785324 0.600589 -0.150201 -0.318075 0.112034 -0.941423 -0.717044 0.394075 -0.574937 -0.169117 -0.952828 -0.252029 -0.411535 -0.905219 0.105911 -0.442036 -0.263987 -0.857272 -0.531384 0.528068 -0.662401 -0.486367 0.557958 -0.672407 -0.209841 0.511773 -0.8331 -0.0716994 -0.630047 -0.77324 -0.374589 -0.147937 -0.915313 -0.298203 0.374408 -0.878005 -0.107259 0.344822 -0.93252 -0.106213 0.34993 -0.930735 -0.119339 -0.14056 -0.982854 -0.0384227 -0.144885 -0.988702 -0.134592 0.0326373 -0.990364 -0.247453 -0.0617255 -0.966932 -0.28751 0.11542 -0.950798 0.414616 0.73271 -0.539658 0.341841 0.292902 -0.892947 0.0363698 0.369548 -0.9285 -0.0374496 -0.0763991 -0.996374 0.576549 0.770554 -0.271732 0.756636 0.465357 -0.459288 0.785728 0.174039 -0.593585 0.67541 -0.297848 -0.674617 0.554204 -0.530812 -0.641169 -0.07239 0.996172 -0.0489998 0.207273 0.894074 -0.397077 0.579334 -0.0917931 -0.809905 0.280076 0.784886 -0.552731 0.641635 0.213052 -0.736826 0.97768 -0.00944441 0.209886 0.978512 -0.000353015 0.206188 0.95848 -0.285145 0.00302904 0.865264 -0.382713 0.323804 0.838008 -0.486136 -0.247819 0.786131 -0.608018 0.11096 0.0540233 0.808592 0.585885 0.0540157 0.808621 0.585845 0.522153 0.631896 -0.572768 0.606494 0.208059 -0.767383 0.651216 0.152147 -0.743484 0.422629 -0.444133 -0.79002 0.354148 -0.45602 -0.816471 0.282736 -0.64824 -0.706997 -0.046648 -0.370787 -0.927546 -0.203925 -0.56656 -0.798388 0.343615 0.461232 -0.818043 0.430398 0.287416 -0.855657 0.419258 -0.0939033 -0.902998 0.217955 -0.00107725 -0.975958 0.0260781 -0.480826 -0.876428 0.0556076 -0.028217 -0.998054 -0.0324945 0.0188233 -0.999295 0.0324785 0.292494 -0.955716 0.0235568 0.0124813 -0.999645 -0.191054 -0.512175 -0.837362 -0.27193 -0.0353159 -0.961669 -0.971337 0.222651 0.0832507 -0.382101 -0.496392 -0.779483 -0.90121 0.382836 -0.203117 -0.24173 0.261013 -0.934579 -0.015172 -0.501732 0.86489 -0.544557 -0.805122 -0.235024 -0.89005 -0.29712 0.345733 -0.815933 0.259699 -0.516537 -0.662433 0.506281 -0.552144 -0.620836 0.776223 -0.109734 -0.462979 0.680228 -0.568279 -0.249725 0.899617 0.358226 -0.797789 -0.570709 -0.194485 -0.970779 -0.202006 -0.129542 -0.0245408 0.0294525 0.999265 -0.265503 0.113669 0.957386 -0.602033 -0.364621 -0.710357 -0.641997 0.0694811 0.763553 -0.779786 0.101854 0.617705 -0.123033 0.776827 -0.617578 0.0114324 0.0710885 0.997405 0.00971945 0.100743 0.994865 -0.0289856 -0.580848 0.813496 -0.107143 -0.332402 0.937032 -0.158847 0.046259 0.986219 0.289194 0.206242 0.934789 0.275153 0.0526385 0.959958 0.154906 -0.153093 0.975995 0.154291 -0.207842 0.965917 0.158232 -0.212217 0.964327 0.118362 0.0659707 0.990777 0.512946 -0.0585626 0.856421 0.436655 0.128275 0.890437 0.153509 -0.5884 0.793865 0.0698781 -0.453811 0.888354 0.0787307 -0.310394 0.947342 0.37069 0.888514 -0.270429 0.353758 0.440764 0.824974 0.649006 0.39175 -0.652169 0.47961 -0.699788 -0.529407 0.599734 0.356467 0.716415 0.869824 0.411877 0.271595 0.793641 0.0678509 0.604592 0.335302 -0.939571 0.0691257 0.236979 -0.822604 -0.516879 0.270355 0.5442 0.794201 0.982962 -0.0688701 0.170416 0.877057 -0.471865 0.0900775 0.514229 -0.515245 -0.685632 0.606911 -0.785073 0.123767 -0.0133132 0.167173 0.985838 0.282181 0.605365 0.744249 0.547213 0.433656 0.715891 0.626367 0.736209 0.256242 0.473468 0.062584 0.878585 0.118433 -0.0449648 0.991944 -0.0577164 0.233057 0.970749 -0.020872 -0.372263 0.927893 -0.666279 -0.308715 0.678798 -0.0942621 0.0780064 0.992487 -0.0764573 0.0540985 0.995604 -0.0687145 0.0503558 0.996365 -0.418656 -0.461441 0.782176 -0.287855 0.626069 0.724692 -0.59936 0.231568 0.766253 -0.0887702 0.671507 0.735661 -0.412136 -0.387837 0.824455 -0.691912 -0.335472 0.639309 -0.747015 -0.103933 0.656633 -0.379891 0.529059 0.758801 -0.787737 0.182661 0.588307 -0.39652 -0.899301 -0.184473 -0.530046 -0.550343 0.645116 -0.994813 -0.0600007 -0.0821383 -0.991271 -0.0428313 -0.124693 -0.760637 0.179833 0.623772 -0.882951 -0.337217 0.326622 -0.0208855 -0.601706 -0.798444 -0.398607 -0.293451 -0.868907 -0.814251 0.233591 0.531442 0.0572425 0.367372 -0.928311 0.0155702 0.0574936 -0.998224 0.108981 0.120361 -0.98673 0.0844064 -0.275683 0.957536 0.0863758 0.261435 -0.961349 0.175369 -0.0568855 0.982858 0.435908 0.493718 -0.752481 0.692531 0.521343 -0.4986 0.0102067 0.0178445 -0.999789 -0.506333 -0.292797 -0.811108 0.486119 -0.161591 -0.858823 0.402028 -0.122878 -0.907345 -0.33613 -0.00549119 -0.9418 -0.656266 0.125067 -0.744092 -0.100765 0.0246736 0.994604 0.0898694 -0.305779 0.947852 0.048719 0.065309 0.996675 -0.109042 0.183435 0.976966 -0.183432 -0.235647 0.954371 -0.0477334 0.106771 0.993137 0.0243698 -0.00407883 0.999695 -0.0778044 0.0979614 0.992144 -0.142262 0.22739 0.963356 0.0113781 0.0786698 0.996836 0.406269 -0.666436 0.625148 -0.900019 -0.35272 0.256036 -0.250727 -0.816059 -0.520753 -0.278397 -0.648848 -0.70816 -0.233699 0.208547 -0.94968 0.0700583 0.0942582 -0.99308 -0.158993 0.0904988 -0.983123 0.38624 -0.241342 0.890265 0.0824116 0.126211 -0.988574 0.958048 0.286019 0.0183631 0.240448 0.286761 -0.927337 -0.515367 -0.625529 0.585756 0.261012 -0.195362 -0.94536 -0.0106144 -0.033465 -0.999384 -0.0717753 -0.254449 -0.964419 -0.252116 0.315891 0.914686 -0.689633 0.0361161 -0.723258 0.0281328 -0.111584 0.993357 -0.617493 -0.226366 0.7533 0.187478 0.0793748 0.979057 -0.0188326 0.0975125 0.995056 0.238995 0.82367 -0.514246 0.660363 -0.622052 -0.42068 0.390136 0.0960127 0.915738 -0.216552 0.96992 0.111179 -0.0943959 -0.00288942 0.995531 0.0898509 -0.483594 0.870669 -0.480016 -0.30141 0.823855 -0.230241 0.213752 0.949368 -0.527293 0.251463 -0.811621 -0.298968 -0.754766 -0.583906 0.0886561 -0.0424642 -0.995157 0.00243789 0.0154269 -0.999878 -0.268394 -0.314226 -0.910619 0.564177 0.788093 -0.246199 0.209433 -0.059131 0.976034 -0.0299998 0.779465 -0.625727 0.818862 0.406625 0.405118 0.792489 0.205995 -0.574045 0.0212062 0.0313498 -0.999284 -0.112838 0.503361 -0.856677 0.139003 -0.183812 -0.973083 -0.662341 -0.220545 -0.716006 -0.0218714 0.0917762 -0.995539 -0.970274 -0.235789 0.0545144 0.0258098 -0.806596 -0.59054 -0.498402 0.478095 0.723201 -0.105547 -0.270483 0.956922 -0.585907 0.527799 0.614932 0.582957 -0.81004 0.0632139 -0.565686 -0.227314 0.792671 -0.283452 0.355145 0.890801 0.470174 -0.392442 0.790523 0.532965 -0.498163 0.683946 0.262649 0.397048 0.879414 0.777115 0.316653 -0.543897 0.433773 0.665876 -0.607001 0.945343 0.20383 -0.254521 -0.0456319 0.128108 0.99071 -0.364561 -0.0984199 0.925964 -0.1499 -0.594899 0.7897 -0.0721094 -0.0332236 0.996843 0.0631403 0.0660561 0.995816 -0.00825531 0.0480119 -0.998813 0.0281007 -0.16343 -0.986155 0.0220877 -0.0217582 0.999519 -0.113851 -0.0501905 -0.992229 -0.0120291 0.116558 -0.993111 -0.032745 0.00194797 0.999462 0.113684 0.0670625 -0.991251 -0.0153537 -0.097731 -0.995094 -0.0403288 0.0926763 0.994879 -0.0130385 -0.0045407 -0.999905 -0.0138244 -0.0255647 -0.999578 -0.028706 -0.0530845 -0.998177 -0.0788735 0.0114096 0.996819 -0.0770344 0.0820012 0.993651 0.0484971 0.00027934 0.998823 0.0351712 -0.0584937 0.997668 0.0237794 -0.0675934 0.99743 0.0768311 0.120357 -0.989753 0.821021 0.287129 0.493438 0.39423 -0.176633 -0.901878 0 0 -1 -0.0238075 -0.0081878 -0.999683 -0.0450544 -0.0553541 -0.99745 0.00265443 0.0079493 0.999965 0 0 1 0.022814 0.0183602 0.999571 -0.0469007 0.0501101 0.997642 -0.117148 0.192073 0.974364 -0.408324 -0.0212122 -0.912591 -0.151688 -0.0973302 0.983625 0.0739727 0.10774 -0.991423 0.0736271 0.107491 -0.991476 0.0703231 0.118702 -0.990437 -0.232978 0.24892 -0.940085 -0.0654894 0.00780833 -0.997823 0.00480887 -0.581989 0.813183 0.210338 -0.178696 -0.961158 0.14515 -0.136515 -0.979947 0.60519 -0.0339258 -0.795358 -0.299892 -0.317318 0.899652 0.000514865 -0.436138 0.89988 0.0348199 -0.103569 0.994013 0.712225 -0.686545 -0.146258 0.365312 -0.0537768 0.929331 0.145616 -0.37978 -0.913544 -0.121463 0.172232 -0.977539 0.409689 0.048242 -0.910949 0.0668646 0.193014 0.978915 -0.0892282 0.10269 0.990703 0.614202 -0.633007 0.47123 -0.294892 -0.798128 0.525386 -0.269024 -0.96265 -0.0305102 -0.909343 -0.405118 0.094735 -0.848629 -0.323944 0.418198 -0.941328 0.0202119 0.336886 -0.997523 -0.00762106 0.0699297 -0.554533 -0.29409 -0.778462 -0.672351 -0.688986 -0.270634 0.0670414 -0.502846 0.861772 -0.04264 -0.684384 0.727874 0.536974 -0.799271 -0.26986 0.652505 -0.431122 0.623194 -0.1003 -0.0269761 -0.994591 -0.0198169 -0.255532 -0.966597 0 0 -1 0 0 -1 0 0 -1 0 0 -1 0 0 -1 0 0 -1 -0.026645 0.267915 -0.963074 0.0263032 0.122467 -0.992124 -0.00656256 0.104151 -0.99454 0.138309 -0.00754525 0.99036 -0.159331 0.151077 0.975597 -0.123724 -0.25106 0.960032 -0.0278079 0.0311226 0.999129 0 0 1 0.145293 -0.00311968 0.989384 -0.0527716 -0.00909915 0.998565 0 0 1 0 0 1 0.011452 0.408624 0.912631 -0.598514 0.610443 -0.518786 0.626555 0.777925 0.0475497 0.902792 0.261555 0.341401 0.704827 0.12153 0.698891 0.902395 -0.397438 0.166512 0.570218 -0.0299798 -0.820947 0.822432 0.450088 -0.347889 0.346461 0.413829 -0.841849 0.0640243 0.825571 0.560654 -0.284455 0.862341 -0.418872 -0.53968 0.824084 0.172136 -0.632646 0.199352 -0.748343 -0.326812 0.369205 0.869989 0.0358311 0.0202332 -0.999153 -0.77968 0.625429 0.0306285 -0.381521 -0.566774 -0.730212 -0.286126 0.396712 -0.87221 -0.151657 -0.497476 -0.854118 -0.140232 -0.0209606 -0.989897 -0.397926 -0.00550366 -0.917401 0.100504 0.043512 -0.993985 0.544281 0.110189 0.831635 0.518026 -0.740769 0.42768 0.148392 0.484229 -0.862266 0.868944 0.22779 -0.439372 0.733746 -0.40007 -0.549146 0.553851 0.0849674 -0.828269 0.0562436 0.877544 0.476186 0.196142 0.323666 -0.925618 0.0568318 -0.204144 -0.97729 -0.974645 -0.110578 -0.194523 -0.0296352 -0.39783 -0.91698 -0.485958 -0.868417 0.0984728 -0.39332 0.588557 -0.706329 -0.545139 -0.18193 -0.818367 -0.243343 0.249942 0.937184 0.0114834 0.12626 0.991931 0.0130241 0.126457 0.991887 -0.0825373 -0.0445393 0.995592 0.024217 0.0480557 0.998551 0.256529 -0.653829 0.711829 0.146456 -0.0845249 0.985599 0.202683 -0.05595 0.977645 0.195266 -0.0971019 0.975932 0.766863 0.56088 -0.311984 0.479083 -0.243598 -0.843291 -0.149939 0.0976416 0.983862 -0.160454 0.108142 0.981101 -0.120017 0.663967 0.738067 0.108405 0.000342711 0.994107 -0.537409 -0.452122 0.711883 -0.962951 -0.23085 0.139403 0.0207287 -0.463937 0.885626 -0.956863 -0.0833074 -0.278338 -0.578943 -0.237378 0.780049 -0.00805104 -0.996168 -0.0870932 -0.0273087 -0.92035 0.390142 0.328308 -0.088631 0.940403 -0.715733 0.411655 -0.564152 -0.693912 0.0610105 0.71747 0.231442 -0.0991138 0.967787 0.100954 0.0798445 0.991682 -0.0101019 -0.947444 -0.319761 0.959161 -0.0471589 -0.278904 0.0909972 -0.230717 0.968757 0.133731 -0.282357 0.949942 -0.0506337 -0.109973 0.992644 -0.618334 -0.255139 0.743349 0.0750407 0.0676611 0.994882 0.0974403 0.133306 0.986273 -0.979133 0.0970059 0.178573 -0.0283298 -0.180715 0.983127 -0.0156256 0.953679 -0.300422 0 -0.70711 -0.707104 -0.0241331 -0.290451 0.956586 -0.381196 0.653719 -0.653713 0.360365 0.902074 0.237484 0.0987797 0.405675 0.908664 0 0.70711 -0.707104 0 0.70711 -0.707104 -0.342893 0.830533 0.438907 -0.000235624 0.905496 0.424354 0 -1 0 -0.055595 -0.642302 -0.764432 -0.286936 -0.853313 -0.435345 -0.844823 -0.447537 0.293231 -0.849859 -0.0591263 -0.523683 -0.875749 -0.0485729 -0.480317 -0.837363 0.0548747 -0.543887 -0.980941 0.144042 -0.130406 -0.473119 0.88099 0.00394181 -0.474341 0.880341 0 0 1 0 0 1 0 0.297991 0.954569 0 0.682421 0.211054 -0.699827 0.721918 0.209625 -0.659464 0.765066 -0.0444373 -0.642417 0 0 -1 0 0 -1 0 0 -1 0 0 -1 0 0 -1 0 0 -1 -0.145873 -0.0410304 -0.988452 0.290446 -0.0824085 -0.953336 0 0 -1 0 0 -1 0 0 -1 0.0259112 0.215546 -0.97615 -0.0168505 0.0618829 -0.997941 0 0 -1 -0.354106 0.87505 -0.329995 -0.116318 0.904348 0.410638 -0.119075 0.908228 0.401177 -0.333372 0.430579 -0.838728 -0.303693 0.575492 0.759328 0.0252886 0.955473 -0.293993 -0.025544 0.288863 -0.95703 0.468279 0.560403 -0.683127 0.682313 0.541517 -0.49113 -0.177585 -0.516316 -0.837784 -0.0419001 -0.706486 -0.706486 -0.326103 -0.943775 -0.054277 -0.402023 -0.892969 0.202442 -0.681175 -0.712518 -0.16828 0.276434 -0.454822 -0.846594 -0.19776 -0.967675 -0.156511 -0.0281359 -0.521231 0.852952 -0.00526074 -0.707097 -0.707097 -0.921708 -0.274277 -0.274277 -0.343024 -0.921165 -0.183821 0.00886756 0.707078 -0.70708 -0.0185347 0.706985 -0.706986 -0.982849 -0.0898848 0.161026 -0.854361 -0.175575 0.489122 -0.894268 -0.169979 0.413996 -0.828248 -0.506007 0.240754 -0.66774 -0.453286 0.59047 -0.531922 -0.77964 0.330485 -0.201674 -0.386817 0.899833 -0.0546522 0.057714 0.996836 -0.163639 -0.965599 0.202092 -0.253062 -0.932875 0.256328 0.153347 -0.276476 0.948707 -0.10114 -0.927261 0.360496 0.104003 -0.989719 0.0981849 0.171166 -0.948848 0.265312 0.55553 -0.741692 0.375871 0.605358 -0.755329 0.251037 0.69177 -0.614477 0.379304 0.66905 -0.569004 0.478127 0.822404 -0.552012 0.137603 0.838821 -0.476641 0.263046 0.204548 -0.0770082 0.975823 0.914254 -0.258948 0.311586 0.957915 0.0239862 0.286048 -0.9565 -0.196565 -0.215571 -0.904425 -0.323365 -0.278299 -0.914928 -0.333537 -0.227286 -0.621912 -0.549202 -0.558213 -0.691015 -0.67554 -0.257184 -0.651198 -0.738898 -0.173119 -0.437666 -0.765109 -0.472288 -0.437554 -0.76477 -0.472941 -0.141336 -0.937113 -0.319129 0.397776 -0.827577 -0.396094 0.238793 -0.381218 -0.893113 0.437743 -0.54619 -0.714183 0.668664 -0.593952 -0.447336 0.648708 -0.435424 -0.624167 0.674361 -0.465655 -0.573064 0.933923 -0.309814 -0.178334 0.9798 -0.0317158 -0.19745 -0.820128 -0.17176 -0.545792 -0.867958 -0.0793776 -0.490254 -0.750827 -0.0370617 -0.659459 0.0782239 -0.252196 -0.964509 0.0101317 0.617126 0.786799 -0.183477 0.982424 0.0343283 -0.0118453 0.999616 -0.0250541 -0.0329412 0.913207 0.406162 -0.128217 -0.0963594 -0.987054 -0.0626446 -0.99803 0.00340759 7.64446e-05 -1 0.000588236 0.152147 0.215763 -0.964519 0 0 -1 0 0 -1 0 0 -1 -0.0116864 -0.0274712 -0.999554 -0.013944 -0.0426481 -0.998993 0.895539 0.44425 -0.025523 0.946664 0.310116 0.0874939 0.549029 0.539359 0.638482 -0.587608 0.789129 -0.178865 -0.545076 0.838148 -0.0200234 -0.328046 0.944615 0.00938783 0 1 0 -0.701958 0.711866 -0.0224059 -0.684888 0.727114 -0.0472606 -0.212008 0.973134 -0.0897916 -0.341482 0.939889 0 -0.00743276 -0.999039 0.0432048 -3.63262e-05 -1 0.000211156 -0.225204 -0.972278 -0.0629141 -0.00192534 -0.00220723 0.999996 -0.292358 -0.949554 -0.113464 0.07238 -0.957868 0.27794 -0.952633 -0.172479 0.250482 -0.523078 -0.842222 -0.130584 0.242036 -0.963654 0.113094 0.639172 -0.749315 -0.173167 0.991726 -0.047262 0.119358 -0.979081 -0.201224 -0.0301489 -0.974178 -0.225234 0.0156936 -0.186491 -0.977132 -0.102144 -0.283193 -0.957605 0.0528552 0.799368 -0.596459 0.0724349 0.817757 -0.575373 0.0148074 -0.806691 -0.536733 0.247319 -0.711204 -0.70273 -0.0189503 0.271186 -0.961162 0.0512466 0.354403 -0.930228 -0.09526 0.984873 -0.135732 0.107708 0.921474 -0.253726 0.294122 -0.697679 -0.672926 0.245793 -0.488906 -0.804818 -0.33651 0.672799 -0.466486 -0.574223 0.678399 -0.537377 -0.501 -0.836303 -0.351914 0.420421 0.0445055 -0.998315 0.0372335 0.320828 -0.687746 -0.65121 -0.394145 -0.914024 0.095968 -0.321825 -0.891635 -0.318458 0.920178 -0.130418 0.36914 -0.392928 -0.871 -0.294903 0.581118 -0.388971 0.714845 -0.346746 -0.333288 0.876747 0.920132 -0.208457 0.331517 0.45864 -0.25372 -0.851631 -0.587457 -0.169805 0.79124 -0.527096 -0.834559 0.160254 0.347272 -0.856673 0.381462 0.774598 -0.493055 -0.3961 0.387536 0.543973 0.74425 0.00786813 0.0128491 -0.999887 0.019198 -0.00269896 -0.999812 -2.94482e-05 1.35802e-05 -1 0.000221992 -0.000102373 -1 6.57926e-05 6.25405e-05 -1 -0.000164246 -3.79744e-05 -1 -0.000105008 1.69291e-05 -1 0 0 -1 0 0 -1 0.00792158 -0.00951495 -0.999923 -0.118357 -0.094692 -0.988446 -0.0464463 -0.0218148 -0.998683 -1.17668e-05 1.41336e-05 -1 0.265664 -0.202904 -0.942471 1.16066e-05 1.55758e-05 -1 0 0 -1 0.0643356 0.0122327 -0.997853 0 0 -1 0 0 -1 0 0 -1 0.871487 -0.472244 0.132273 0 0 -1 -3.06572e-05 -7.23952e-06 -1 -3.34374e-05 2.90003e-06 -1 -3.86452e-05 -9.60132e-06 -1 -4.64673e-05 3.11029e-05 -1 0 0 -1 -4.70921e-05 -5.66871e-05 -1 -3.4409e-05 3.2172e-05 -1 -3.4197e-05 3.24427e-05 -1 0 0 -1 0 0 -1 0 0 -1 0 0 -1 0 0 -1 0 0 -1 0 0 -1 -3.10662e-05 4.00504e-06 -1 -3.15188e-05 2.18536e-05 -1 -1.26163e-05 -3.92079e-05 -1 0 0 -1 0 0 -1 1.4785e-06 -7.41915e-07 -1 2.2914e-07 -1.52582e-06 -1 8.39809e-07 -1.29382e-06 -1 -1.83323e-07 -1.17625e-06 -1 -0.000174108 -0.000174933 -1 2.82131e-05 -4.92284e-05 -1 -9.26353e-07 -1.73851e-06 -1 -5.03683e-05 2.16841e-05 -1 0 0 -1 -5.85521e-07 -2.0064e-06 -1 -4.28702e-05 0.000143749 -1 0.000125756 -6.72372e-05 -1 0.0693048 -0.0375395 -0.996889 -0.0512697 0.0226669 -0.998428 -0.000213148 -0.000171599 -1 -0.0232084 -0.00495095 -0.999718 0 0 -1 0 0 -1 0 0 -1 0 0 -1 -0.313044 0.553438 -0.771823 -0.121679 0.946026 -0.300381 -0.0254906 0.954742 -0.296341 0 0 -1 0 0 -1 -0.0525114 0.576854 -0.815158 -0.0195803 -0.00928111 -0.999765 -0.0235648 -0.0576666 -0.998058 -0.000319847 0.000140254 -1 0 0 -1 3.5001e-06 -2.8744e-05 -1 8.78289e-06 -3.11292e-05 -1 -2.22519e-07 -1.91577e-05 -1 0 0 -1 3.78096e-07 -2.35379e-08 -1 0 0 -1 -9.70564e-06 1.14175e-05 -1 -2.26185e-06 6.89531e-08 -1 1.69463e-06 3.08275e-05 -1 -0.266337 -0.913917 -0.306301 -0.000459092 -0.000150393 -1 0 0 -1 0 0 -1 0 0 -1 0 0 -1 0 0 -1 0.0043442 0.000105915 0.999991 0.00650811 0.0152563 -0.999862 0 0 -1 0 0 -1 1.42965e-05 -1.87826e-06 -1 -4.96426e-06 -1.13703e-05 -1 -1.85706e-05 -3.3623e-06 -1 -3.95518e-06 -1.60082e-05 -1 0 0 -1 0 0 -1 -3.2919e-06 -9.21162e-06 -1 -1.69585e-07 -2.50092e-06 -1 0 0 -1 0 0 -1 1.27906e-05 3.18368e-05 1 -9.53488e-06 3.42576e-05 1 0 0 1 0 0 1 0 0 1 0 0 1 -2.14674e-05 1.78234e-05 1 -2.55012e-05 -8.29932e-06 1 -0.000130819 2.96903e-05 1 -0.0001288 4.96247e-05 1 -8.40463e-06 7.4286e-05 1 -5.5069e-05 1.8681e-05 1 -1.52461e-05 1.82075e-05 1 4.24447e-07 2.17722e-05 1 3.14202e-06 3.01556e-07 1 1.1341e-05 1.95588e-06 1 2.06076e-05 -2.82295e-07 1 3.25233e-05 2.48764e-07 1 0.120613 0.136171 0.983316 0 0 1 5.27073e-06 1.87897e-06 1 9.25552e-06 -6.40109e-06 1 6.27858e-06 -1.20632e-06 1 5.04894e-06 -4.68019e-08 1 0 0 1 0 0 1 0 0 1 0 0 1 0 0 1 0 0 1 6.9505e-05 -0.00024156 1 -1.9639e-06 1.80004e-05 1 0 0 1 -7.18213e-06 -2.53168e-05 1 -1.64213e-05 -1.47281e-05 1 0 0 1 1.38759e-06 1.53841e-06 1 -3.36541e-05 -8.45613e-06 1 -2.81666e-05 -8.79166e-06 1 -2.40172e-05 -3.65619e-05 1 0 0 1 0 0 1 0 0 1 -0.0157891 -0.0369921 0.999191 -0.00560321 0.0488867 0.998789 -0.0192603 0.113423 0.99336 0.0798895 -0.116713 0.989947 0 0 1 0 0 1 0 0 1 0 0 1 0 0 1 0 0 1 0 0 1 2.38448e-05 -4.48978e-06 1 2.70139e-05 9.13465e-05 1 3.15244e-05 6.47899e-06 1 3.55262e-05 -2.44763e-06 1 0 0 1 0 0 1 0 0 1 -3.01136e-07 -6.39878e-08 1 -2.58023e-07 7.10462e-08 1 -2.31356e-07 1.81508e-07 1 8.87684e-07 1.46127e-06 1 6.02023e-07 1.33285e-06 1 0 0 1 0 0 1 0 0 1 0 0 1 0.0791137 -0.699262 0.710474 0 0 1 0 0 1 2.82241e-06 7.41816e-08 1 -4.51954e-05 7.39987e-05 1 0 0 1 0 0 1 0 0 1 0 0 1 0 0 1 -2.67239e-07 -7.94962e-07 1 3.83087e-06 3.82433e-06 1 -0.418185 -0.904634 -0.0822095 0.449334 -0.873223 -0.188626 0.90193 -0.427878 -0.0586806 0.93949 -0.337524 -0.058615 0.972292 -0.224643 0.0646796 0.988325 0.00489622 0.152279 0.0119353 0.0152582 -0.999812 0 0 -1 0.0129656 0.0188371 -0.999739 -0.00593328 -0.0454265 -0.99895 0 0 -1 -0.0247197 0.134388 -0.99062 0.90561 -0.42161 -0.0459983 -0.458486 -0.885775 -0.0720662 -0.8158 -0.576914 0.0404946 -0.872719 -0.486251 -0.0438376 0.962028 0.272067 -0.0219449 0.770445 0.637352 -0.0140262 0.700605 0.707793 0.0904484 0.608178 0.785701 -0.113107 0.525569 0.843198 0.113108 0.397139 0.900141 -0.178958 0.378936 0.595606 0.70828 -0.664306 0.5192 0.537707 0.400597 0.625042 0.669959 -0.157194 0.384819 -0.909508 0.970415 -0.134289 0.200652 0.594018 0.71505 0.368573 0.260766 0.877193 -0.403155 -0.898176 0.400007 0.182414 -0.551509 -0.0618759 0.831871 0.42405 0.138006 -0.895062 0.161772 0.544185 0.823221 -0.457202 0.319376 -0.830039 -0.840459 0.348416 -0.415012 0.212442 -0.614789 0.759541 0.877399 0.371104 -0.30406 0.672148 0.721254 0.167365 0.106925 0.938485 -0.328349 -0.442074 0.849667 0.287465 -0.797455 0.168849 -0.579272 0.851298 0.493208 0.178988 0.741117 0.664698 -0.0944549 -0.147179 0.980053 0.133548 -0.303849 0.94863 -0.0881912 -0.918684 0.375067 0.123873 -0.974155 0.179361 -0.137302 0.74146 0.669903 -0.0382924 0.444543 0.834286 0.326111 -0.172863 0.944186 -0.280414 -0.78259 0.505525 0.363314 -0.972803 0.228817 -0.0360016 0.88198 0.360641 -0.303396 0.7065 0.671812 0.222547 -0.260524 0.886896 -0.381501 -0.425234 0.897818 -0.114448 0.660838 0.715017 -0.228132 0.0659934 0.97323 0.220156 -0.790559 0.546748 -0.275832 0.967847 0.223276 -0.115844 0.696902 0.674713 0.243085 -0.508012 0.771931 -0.382161 -0.926816 0.36575 0.0850843 0.931844 -0.342837 -0.118866 -0.66178 0.52467 -0.535508 -0.696762 0.640159 -0.323603 -0.558315 0.730805 -0.392694 -0.181932 0.387317 -0.903818 -0.442327 0.719776 -0.535041 -0.293565 0.935657 -0.195871 -0.0124362 0.817757 -0.575429 -0.172708 0.952953 -0.249104 0.18735 0.938004 -0.29163 0.0640834 0.848301 -0.525622 0.360951 0.76588 -0.532112 0.366951 0.894678 -0.254752 0.124668 0.251646 -0.959756 0.604971 0.731398 -0.31475 0.604185 0.735064 -0.307637 0.169603 0.16122 -0.972236 0.7928 0.581579 -0.182305 0.839679 0.522973 -0.146418 0.862599 0.418196 -0.284666 0.878019 0.451959 -0.157531 0.946538 0.1767 -0.269896 0.943588 0.18081 -0.2774 0.951475 0.130959 -0.278468 0.78443 0.278452 0.554197 0.522708 0.643287 0.559427 -0.407855 -0.788979 0.459527 0.467688 0.815807 0.340187 0.48031 0.81416 0.32626 0.0882178 0.22079 0.971324 0.282604 0.941195 0.18517 0.00420459 0.975306 0.220816 -0.260625 0.93293 0.248426 -0.293565 0.935657 0.195872 -0.389135 0.828435 0.402827 -0.370026 0.702534 0.607887 -0.875074 0.366005 0.316681 -0.942844 0.321384 0.0880752 -0.992922 0.0714365 0.0948834 -0.959999 0.0461339 0.276178 0.107441 -0.421033 -0.900659 0.18902 -0.69436 -0.69436 0.613756 -0.0786503 -0.785568 0.838781 -0.542398 0.0474341 0.0585781 -0.886872 -0.458287 0.0704187 -0.239826 -0.968259 0.633685 -0.396442 -0.664287 0.237353 -0.808356 -0.538725 0.0240572 -0.615022 0.788143 -0.0804462 -0.631736 -0.770998 -0.112563 -0.0517399 -0.992297 -0.0133151 -0.0152616 -0.999795 -0.62298 -0.765243 0.16217 -0.139218 0.0175924 -0.990105 -0.111416 0.057403 0.992115 -0.775155 0.203048 -0.598253 -0.431709 0.820129 0.375521 -0.996868 -0.00524703 0.0789157 -0.999387 0.0216504 0.0275155 -0.902387 0.426731 0.059993 -0.341099 0.154878 -0.927181 -0.151704 -0.00330801 0.98842 -0.0888956 0.963068 0.254162 -0.151242 -0.387101 0.909549 0.46225 0.600463 0.652509 -0.00700885 0.0083974 0.99994 0.00556188 0.0802212 0.996762 0.786471 0.584215 0.200393 -0.0203123 -0.135901 0.990514 0.822562 0.51527 0.240602 -0.0502077 0.995813 -0.0763914 0.0165091 -0.960134 0.279052 -0.426601 -0.903106 0.0491084 0.995997 -0.0501704 -0.0739849 0.0378693 0.0231755 -0.999014 0.825765 -0.553459 0.108607 0.506373 0.180501 -0.843212 0.0740374 0.997182 -0.01213 0.583872 0.33552 -0.73927 0.526913 -0.840656 0.125143 0.0917293 0.995507 0.0234708 0.951682 0.172938 0.253758 0.947072 0.177342 0.267589 0.0193976 0.0360442 0.999162 0.0510502 0.909592 0.412355 0.0710203 -0.786392 0.613631 -0.0122917 -0.980265 0.197304 0.00384298 -0.777956 0.628306 0.00828237 0.508091 0.861264 0.00469617 0.7043 0.709887 0.00631095 0.749353 0.66214 -0.00650606 0.997755 0.0666459 0.847526 0.489483 0.2052 -0.817711 0.575466 -0.0137234 -0.156132 0.077862 -0.984663 -0.792848 -0.602724 -0.0900863 -0.99997 -0.00291645 -0.00721786 -0.959927 -0.278505 -0.0312283 1.86874e-05 9.49969e-07 1 -0.0166018 -0.0123388 -0.999786 -0.0010781 -0.000113157 -0.999999 0.118317 0.0129698 -0.992891 0.00225889 -0.999994 0.00268671 0.00812791 -0.999966 -0.00160173 -0.73343 0.666279 -0.134731 0.366749 -0.561837 -0.741508 0.775824 -0.552139 -0.305352 0.815116 -0.579004 -0.0184349 0.887729 -0.459378 0.0301622 0.958939 -0.283025 -0.0182415 0.991481 -0.129581 0.0131658 0.989909 0.129375 -0.0578139 0.998602 0.0528576 0 0.924904 0.380201 0 0.924904 0.380201 0 0.800748 0.599002 0 0.789759 0.613346 -0.00938332 1 0 0 1 -0.000555026 -0.000744072 0.111938 0.74921 -0.652804 0.393242 0.893585 0.216486 0.493466 0.579929 -0.648208 0.84298 0.299164 -0.447087 0.903914 0.283451 -0.320305 0.640137 -0.107572 -0.760692 0.778316 -0.374252 -0.504142 0.624219 -0.40219 -0.669772 0.44968 -0.697926 -0.557393 0.409846 -0.900652 -0.144404 0.0843607 -0.579741 -0.810422 -0.192136 -0.570639 -0.798407 -0.567145 -0.519431 0.63917 -0.644414 -0.6505 0.40197 -0.563675 -0.1034 -0.819499 -0.829673 0.367349 -0.420353 -0.394185 0.848634 -0.35276 0.199481 0.563698 -0.801531 0.563356 0.818299 -0.114088 0.599646 0.599646 -0.529952 0.787413 0.293787 -0.541914 0.896466 0.0404348 0.441264 0.995806 -0.0871216 -0.027937 0.759731 -0.531969 -0.373923 0.264869 -0.515247 0.815086 0.62705 -0.77563 0.0721533 0.0286532 -0.696583 -0.716904 -0.101889 -0.812977 -0.573312 -0.172547 -0.487586 -0.855855 -0.392956 -0.311048 -0.865352 -0.313706 -0.296972 -0.901885 -0.177393 -0.0300204 -0.983682 -0.473309 0.307604 -0.825444 -0.769445 0.287084 -0.570559 -0.586709 0.58671 -0.558161 -0.403083 0.864414 0.300519 -0.479027 0.877354 -0.0279852 -0.0221208 0.53778 -0.842795 -0.707105 0 -0.707108 -0.707107 -1.06909e-07 -0.707107 -0.707105 1.57763e-08 -0.707108 -0.707106 6.3632e-08 -0.707107 -0.7071 0 -0.707113 -0.7071 0 -0.707113 -0.707106 -6.31524e-08 -0.707108 -0.686557 0.23932 -0.68656 -0.424532 0.411216 -0.806643 -0.373715 0.595324 -0.711285 0.0487225 0.609584 -0.791222 -0.464703 -0.710665 -0.528211 0.19046 0.473763 -0.85981 0.278425 0.571898 -0.771629 0.369443 0.603402 -0.706695 0.384492 0.491408 -0.781463 0.295223 0.291934 -0.909735 0.301197 -0.455735 -0.837607 0.320596 -0.515275 -0.794802 0.697841 0.655896 -0.287781 0.860808 0.132696 -0.491327 0.533379 -0.379224 -0.756106 0.45552 -0.521761 -0.721296 0.716812 0.465545 -0.519084 0.29962 -0.134829 -0.944483 0.428315 -0.137381 -0.893125 0.694372 0.238547 -0.678928 0.402822 -0.0450619 -0.914168 0.582725 -0.244888 -0.774894 0.733289 -0.237908 -0.636936 0.712568 0.219457 -0.666397 0.732258 -0.127913 -0.668907 0.531856 -0.468709 -0.705295 0.154697 -0.253588 -0.954862 0.139338 0.400782 -0.905516 0.164176 -0.220387 -0.961497 0.0137611 0.608675 -0.793301 0.721222 0.437536 -0.53703 0.539758 -0.000207434 -0.84182 0.0181642 -0.98051 0.195626 0.707106 0 -0.707108 0.707105 -1.46665e-08 -0.707108 -0.128001 0.43312 -0.892201 0.157042 0.22707 -0.961133 0.206618 0.0629614 -0.976394 0.0107833 0.999884 -0.0107833 -0.298806 0.374811 -0.877628 -0.29676 0.33398 -0.894645 -0.773361 0.568886 -0.279787 -0.708934 -0.582631 -0.397433 -0.898168 -0.25775 -0.356174 -0.419497 -0.219939 -0.880709 -0.00272601 0.688318 -0.725404 -0.00303373 0.686167 -0.727438 -0.784517 0.394401 -0.478519 -0.369456 0.452203 -0.811797 -0.251675 0.714775 -0.6525 -0.533867 -0.113758 -0.837881 -0.277773 -0.467829 -0.839034 -0.439125 -0.0383128 -0.897609 -0.0234024 -0.651502 -0.758286 -0.535154 -0.797635 0.278189 -0.227824 -0.566912 -0.791648 -0.683678 -0.255273 -0.683681 -0.707105 0 -0.707109 -0.762018 0.0117943 -0.647449 -0.695993 0.157711 -0.700515 -0.681436 0.632544 -0.368148 -0.563215 0.776251 0.283238 -0.143723 0.707895 -0.691541 -0.45138 0.231841 -0.861688 -0.279108 0.288839 -0.91579 -0.168221 0.696354 -0.697705 -0.712319 -0.00592812 -0.701831 -0.0735172 -0.409362 -0.909405 -0.0519781 -0.541374 -0.839174 -0.428493 -0.56586 -0.704412 -0.49703 -0.204436 -0.843308 -0.483355 -0.181512 -0.8564 -0.00274584 -0.697703 -0.716382 -0.232064 0.795466 -0.559803 -0.466321 0.754877 -0.4612 -0.625968 0.778324 -0.0487463 -0.617636 0.483675 -0.620149 -0.673291 0.275399 -0.686174 -0.723345 0.221929 -0.65385 -0.698793 0.161491 -0.696857 -0.700893 0.0938719 -0.707063 -0.707986 0.0231717 -0.705846 -0.677146 -0.0241428 -0.735453 -0.752554 -0.466911 -0.464389 -0.860529 -0.359016 0.361383 -0.577071 -0.596345 -0.557998 -0.17105 -0.946441 0.273845 -0.30755 -0.884192 -0.351593 -0.40407 0.348442 -0.845763 -0.896956 0.355369 -0.263027 -0.947078 -0.177415 -0.26752 -0.451073 -0.518788 -0.726218 -0.299246 0.0958166 -0.949353 0.696164 -0.175238 -0.696167 0.112007 -0.660381 -0.742531 0.229264 -0.280388 -0.932105 0.707105 1.04089e-08 -0.707108 0.707107 0 -0.707107 0.707105 4.08341e-08 -0.707109 -0.979828 0.034211 0.196892 -1 0 0 -0.999966 -0.00137903 0.00811422 -0.999963 -0.00832198 -0.00229101 -1 0 0 -0.996144 -0.0869117 -0.011948 -0.998238 -0.0547693 -0.0228214 -0.61636 -0.787464 -0.000584678 -0.51052 -0.859825 -0.00839866 -0.0871534 -0.996195 0 -0.0358973 -0.999349 0.00346604 -0.0219502 -0.999759 0 -0.535533 -0.84446 -0.00955028 -0.576775 -0.816903 -1.51735e-05 -0.923226 -0.383565 -0.0230491 -0.973009 -0.230769 0 -1 0 0 -1 0 0 -0.975275 0.220996 0 -0.975275 0.220996 0 -0.766984 0.641666 0 -0.732889 0.680306 0.00750992 -0.368535 0.929594 -0.00609457 -0.198926 0.97979 0.0209977 0 1 0 -0.234748 0.97174 -0.0247789 -0.451749 0.892133 -0.00464193 -0.853019 0.521872 -0.00301063 -0.889502 0.456872 -0.00731337 -0.996194 0.0871633 0 0 0 -1 0.705477 0.356749 -0.612399 0.896967 0.227415 -0.379121 0 0 -1 0 0 -1 0 0 -1 0 0 -1 0 0 -1 0 0 -1 0 0 -1 0 0 -1 0 0 -1 0 0 -1 0 0 -1 0 0 -1 0 0 -1 0 0 -1 -0.984941 -0.0106633 -0.172564 -0.332118 0.943237 0.00162928 -0.893395 0.449138 0.0109866 -0.816921 0.575506 -0.0378436 -0.924759 -0.380367 -0.0119381 -0.185192 -0.982513 0.0193168 -0.603621 -0.79713 -0.0150285 -0.748574 -0.662878 0.0151213 -0.176734 -0.984099 0.0177404 -0.974174 -0.22576 0.00406725 -0.985506 0.0141877 0.169047 -0.10389 -0.978154 -0.180061 -0.218478 0.111467 -0.969455 0.464991 -0.564216 -0.682234 -0.473068 -0.0818156 0.877219 -0.100425 -0.165938 -0.981009 -0.239937 -0.290882 0.926185 -0.196054 -0.0258053 0.980254 -0.0548887 -0.263515 0.963093 -0.292697 -0.138265 0.946156 0.496317 0.137958 0.85711 0.0860787 0.440132 0.893798 -0.108382 0.828738 0.549042 -0.782126 0.602016 -0.160797 -0.401248 -0.664958 -0.629945 0.20749 -0.85321 -0.478519 0.0447555 -0.996791 -0.0663717 -0.0343833 0.246057 -0.968645 0.00297415 0.971292 -0.23787 0.116397 0.875566 -0.468867 -0.191022 0.00592316 -0.981568 -0.659348 0.732953 -0.167451 0.0675619 0.976603 0.204161 0 0.681409 -0.731902 0.0113187 0.987683 -0.156056 -0.242565 0.0799183 -0.966838 0.9985 0.0306831 -0.0453581 -0.781492 0.110737 0.614009 -0.326082 -0.0215581 0.945096 -0.650745 0.536904 0.536904 -0.636751 0.531746 0.558385 -0.825221 0.00587205 0.564779 -0.870843 0.0317175 0.490538 0.0586973 0.114854 0.991647 0 0.707107 0.707107 0 0.707107 0.707107 0.6007 0.422988 0.67841 0.79064 -0.250503 0.558692 0.465642 0.244402 0.850556 0.170998 -0.809822 0.561202 0.153114 0.980468 0.123448 -0.971878 -0.180668 0.151038 -0.348602 -0.48679 0.800944 -0.0749133 -0.979035 -0.189417 -0.663426 0.500805 0.555932 -0.906348 -0.160973 -0.390667 -0.71157 0.501015 0.492597 -0.831229 -0.0566178 0.55304 0.591327 -0.79707 0.122526 -0.915678 0.361941 0.174735 0.706963 -2.76991e-05 -0.707251 0.707106 0 -0.707107 0.887818 0.449287 -0.099599 -0.707385 -6.35588e-06 -0.706828 -0.707002 -3.23036e-05 -0.707211 -0.707106 0 -0.707107 -0.824401 0.551287 -0.128239 -0.29977 -0.752629 -0.586249 0.9288 0.346315 -0.131895 0.944058 -0.0361476 -0.327794 0.70799 -0.000145368 -0.706223 0.56972 -0.246919 -0.783869 0.562292 -0.393721 -0.727194 0.356843 -0.629711 -0.69002 0.247303 0.594001 0.765509 0.115471 -0.788679 -0.603864 0 -0.707141 -0.707072 -0.051748 -0.0938421 -0.994241 -0.000199242 -0.00136084 -0.999999 0 0 -1 0.222755 -0.616767 -0.754969 -0.0114661 -0.0541537 -0.998467 -0.0520205 -0.109597 -0.992614 -0.221595 -0.532253 0.817069 -0.000837873 0.000467201 -1 -0.000331269 -0.00069792 -1 0.297157 -0.952712 -0.0635393 -0.335918 -0.632199 -0.698201 -0.017288 -0.925255 -0.378952 0 -0.707108 -0.707106 0.306052 -0.673177 -0.673176 0.0821296 -0.389284 0.917449 0.321108 -0.141722 -0.936378 0.635951 -0.768188 -0.0738474 -0.246007 0.705576 -0.664563 0.16823 0.955335 0.242967 -0.0502372 0.712354 -0.70002 -0.0330044 0.960651 -0.275791 -0.607867 0.740694 -0.286129 -0.0122449 0.595509 -0.803256 -0.400981 0.552448 -0.730763 -0.576719 0.391847 -0.716834 -0.423516 0.529973 -0.734686 -0.656939 0.395777 -0.641711 0.00153754 0.720319 -0.693641 0.423751 0.532641 -0.732618 0.611221 0.766165 -0.198493 0.0718986 0.949848 -0.304333 -0.034314 0.938641 -0.343184 0.079239 -0.360368 -0.929439 0.055607 0.508536 0.859244 -0.721823 -0.0374792 0.691062 -0.989862 0.0704181 -0.123344 -0.146758 0.766504 0.625248 -0.279292 0.577511 -0.767123 -0.0437258 -0.930664 0.363253 -0.980837 -0.135171 0.14031 -0.569395 -0.0580109 0.820015 0.171794 0.981474 0.0848266 0.00458072 0.00503042 0.999977 0.0298267 0.00554465 0.99954 0.0149338 0.0163999 0.999754 -0.0203493 -0.00104688 0.999792 0.024585 -0.0346654 0.999097 -0.0127571 -0.0681058 0.997597 -0.00761412 0.00830333 0.999937 0.00331694 -0.0412038 0.999145 0.0221694 -0.0345576 0.999157 0.0189164 0.138092 0.990239 -0.0078444 0.00855445 0.999933 -0.00855642 -0.0062878 0.999944 0.784539 -0.351334 0.510943 0.0582093 0.0263379 0.997957 0 0 1 0.134831 -0.00897233 0.990828 -0.980811 0.044987 0.189701 -0.107341 0.850696 0.514582 -0.0186194 0.170405 0.985198 -0.00534594 -0.00392853 0.999978 -0.187739 -0.862358 0.470204 -0.034249 -0.998247 -0.0482769 0.700676 -0.568817 0.430697 0.809912 -0.257917 0.526803 0.961931 0.0705734 0.264024 0.966831 0.0401976 0.252234 0.996051 0.02322 0.0856963 0.448333 0.893867 0 0 1 0 0 1 0 -0.567607 0.8233 0 -0.858325 0.00223385 0.513101 -0.989679 0.0869786 0.113891 -0.776374 -0.532919 0.336513 -0.169579 -0.984357 0.0477841 -0.175517 -0.982087 0.0685448 0.200051 -0.978393 0.0522115 0.048379 -0.869447 0.491652 -0.978987 0.195989 -0.0563199 -0.410867 0.897929 -0.157835 -0.889219 0.457114 0.0183256 -0.608727 0.792897 0.0276948 -0.624162 0.781053 0.019467 -0.0205578 0.999789 0 -0.0310154 0.999268 -0.0223739 0.0452873 0.998974 0 0.701198 0.659672 -0.27047 0.981051 0.193739 0.00217586 0.956574 0.291491 -0.000274032 0.863789 0.503559 0.0172186 0.568606 0.822158 -0.0272723 0.355309 0.934746 -0.00250356 0.0796724 0.996809 0.00496196 -0.531653 0.846917 0.00881651 -0.560723 0.827863 0.0152509 -0.944271 0.329154 -0.00318751 -0.323902 -0.944925 -0.0469554 0.349032 -0.937011 0.0136704 0.63209 -0.77304 -0.0535813 0.969203 -0.243967 -0.0335636 0.240321 -0.967358 -0.0803987 -0.3837 0.638573 -0.667082 -0.0145171 0.0397804 -0.999103 0.0239568 0.0139666 -0.999615 0.0132758 0.051798 -0.998569 0.0193423 0.0558061 -0.998254 3.89814e-08 1.12468e-07 -1 0 0 -1 0 0 -1 4.92093e-08 -1.29977e-07 -1 0.19431 0.64809 -0.736358 0 0 -1 -2.0029e-07 -0.000147639 -1 -0.0427811 0.0152134 -0.998969 0.00869179 -0.0365765 -0.999293 0 0 -1 0 0 -1 -0.0121589 -0.0139026 -0.999829 -0.0116732 0.0526375 -0.998546 2.05022e-07 1.33844e-07 -1 -1.32714e-05 -0.000159528 -1 0.0272511 0.000837475 -0.999628 1 0 1.49012e-05 1 2.29314e-06 3.69924e-06 0.991145 -0.0699602 -0.112858 0.843107 -0.00149595 -0.537743 1 -3.19384e-05 5.45795e-05 1 5.96041e-08 -4.01956e-06 0.986567 0.00242206 -0.163338 0.115361 -0.136294 -0.983929 -0.00203761 -0.706084 -0.708125 0 -0.737235 -0.675636 -0.320276 -0.525961 -0.787902 0.141085 -0.025344 -0.989673 -0.739544 -0.400956 -0.540656 0.511303 -0.00848914 -0.859359 0.83081 -0.486629 -0.270087 0.141515 -0.871987 -0.468627 0.817913 0.00591711 -0.575311 -0.257199 0.0761589 -0.963353 0.416868 0.768082 -0.486077 0.685339 0.711204 0.15652 0.632368 0.062082 -0.772177 0.999958 -0.00896798 -0.00212603 0.0333342 0.271635 -0.961823 -0.166489 0.0670682 -0.98376 -0.215728 -0.114184 -0.969754 -0.918465 0.395333 -0.0116018 -0.900686 0.431176 -0.0534123 -0.999078 0.039184 0.0175583 -0.979075 -0.0607599 -0.194216 -0.89591 -0.360589 -0.259464 1.00119e-07 1.2454e-08 -1 0.0808248 -0.413862 -0.906744 0 0 -1 -0.016458 0.341669 -0.939676 0 0 -1 -1.03793e-06 -4.81009e-07 -1 0 0 -1 3.54957e-09 -7.36895e-08 -1 3.71939e-06 1.35697e-08 -1 -2.5231e-06 2.80846e-06 -1 0.160008 0.0361356 -0.986454 0.0208547 -0.0230269 -0.999517 -1 0 0 -0.999997 -0.00112362 -0.00195112 -0.857448 0.146129 -0.493386 -1 1.57736e-07 -5.16946e-05 -1 0 0 -1 0 0 -1 0 0 -1 0 0 -0.997956 0.0605099 0.0205793 -0.873562 0.40306 -0.272821 -0.310658 -0.907746 0.281936 -0.750394 -0.660645 -0.0213912 -0.931837 -0.342144 0.1209 -0.843377 -0.500373 -0.195814 0.958546 -0.105985 -0.264494 0.958517 -0.164957 -0.232452 0.87321 0.239712 -0.424315 -0.223615 -0.974586 0.0133306 -0.654501 -0.750976 -0.0875397 -0.939586 -0.0150745 -0.341982 0.0241222 0.894274 -0.446869 0.122982 0.971736 -0.201508 0.844638 0.453482 -0.284502 0.832869 0.463072 -0.30314 0.939692 0 -0.342021 0.939692 0 -0.342021 0.670613 -0.700501 -0.244084 0.702558 -0.602774 -0.378253 0.660522 -0.750807 0 1 0 0 0.998463 0.00309898 -0.0553388 -0.993612 0.112849 0 -0.695389 0.0464615 -0.71713 0.834825 0.527707 0.15682 -0.086007 0.0548743 -0.994782 0 0 -1 -0.122127 -0.0820694 -0.989116 0.0364369 0.370896 -0.92796 0 -1 0 -0.0363899 -0.824942 -0.564044 -0.516292 -0.847859 0.120736 -0.473253 -0.0676341 -0.878327 -0.233087 -0.0563538 -0.970822 -0.982118 0.000497494 -0.188265 -0.424338 0.0498074 -0.904133 -0.430086 0.259112 -0.864804 -0.0369487 0.972161 -0.231381 0.996913 -0.0765843 -0.0172872 0.0583818 -0.664106 -0.745356 0.523437 -0.817632 -0.239775 -0.94552 -0.0884921 -0.313306 -0.609532 -0.792752 0.00393356 -0.493693 -0.869634 0.0016916 -0.585487 -0.810647 -0.00746674 -0.392622 0.916575 0.0757536 -0.716994 0.697021 -0.00899312 -0.658059 0.752713 -0.0195193 -0.616913 0.787012 -0.0055669 -0.540424 0.841378 -0.0050307 -0.53512 0.84475 -0.00659776 -0.472842 0.881148 -0.000172688 0.864986 0.494739 0.0838625 0.93094 0.24924 0.266889 0.9563 0.284818 0.0660945 0.993277 -0.0195248 -0.114101 0.985515 -0.0323465 -0.166474 0.95869 -0.263545 0.107041 0.94891 -0.306711 -0.07415 0.895223 -0.440539 0.0670943 0.887798 -0.459484 -0.0262416 0.911358 -0.410112 0.0351384 0.806325 -0.567017 -0.168317 0.992509 -0.120952 0.0172158 0.99375 -0.111166 0.0101482 0.979423 -0.196362 -0.0466176 0.915562 -0.399257 0.0483803 0.937188 0.331028 -0.109996 0.895364 0.39437 -0.206873 0.978806 0.15475 -0.134128 0.980225 0.120883 -0.156673 0.358601 -0.752274 -0.55271 0.947689 -0.208115 -0.24202 0.491921 0.834382 -0.248636 0.775866 0.591641 0.219072 0.209618 0.977585 -0.0197134 0.933713 0.143888 -0.327835 -0.294972 0.882854 0.36546 -0.949553 -0.142718 -0.279252 -0.993338 0.0764409 -0.0862354 -0.307376 0.919979 0.243227 -0.96644 -0.145256 0.211885 0.283376 -0.944835 0.164271 -0.240208 0.963167 -0.120873 -0.331696 0.940031 -0.0794954 -0.990556 0.135895 0.018225 -0.600841 -0.792162 -0.107095 -0.789933 -0.613141 0.00802905 0.097565 0.960311 0.261313 -0.892793 -0.337422 0.298441 -0.586285 -0.772971 0.242458 -0.825121 -0.165631 -0.540132 -0.177603 0.640274 -0.747333 -0.315711 0.948706 0.0168373 -0.488565 0.871269 -0.0468474 -0.797853 0.600228 0.056192 -0.977814 0.128892 -0.165124 -0.999652 0.0259914 -0.00458858 -0.00396036 0.999992 -0.000645788 0 0.999988 0.00487651 0.00469644 0.999948 0.00909372 -0.00333038 0.999976 -0.00608916 0.918209 -0.39604 0.00673572 0.985354 -0.17048 0.0038041 0.991325 -0.130677 0.0140671 0.995964 0.0896287 -0.0047039 0.979922 0.198887 0.0140671 0.91991 0.391606 -0.020251 0.862002 0.506856 0.0070341 0.931001 -0.36471 0.0149675 0.815004 -0.579455 -0.00076295 0.80919 -0.587546 0.000296487 0.665209 -0.74665 -0.00337418 0.657659 -0.753294 -0.00574194 0.925524 0.377381 0.0314379 0.98689 0.160829 -0.0134767 0.999793 0.00198015 0.020251 0.979922 -0.198887 -0.0140671 0.923996 -0.381955 0.0184811 0.836809 -0.546709 -0.0293086 0.739464 0.673187 0.00343795 0.834265 0.551103 -0.0169396 0.143977 0.989431 -0.0172204 0.333552 0.942557 0.0181466 0.541568 0.840541 -0.013982 0.707073 0.707073 0.00971543 0.819113 0.57355 -0.00971548 0.936752 0.349506 0.0184713 0.983263 0.181541 -0.015362 0.996091 -0.0871465 0.0144247 0.965825 -0.258792 -0.0144248 0.818916 -0.573411 0.0239878 0.760848 -0.648926 -0.00221396 0.422599 -0.906266 0.00956795 0.457191 -0.889369 0 0.122473 -0.992472 0 0.0410939 -0.999025 0.0161407 0.147692 0.98851 0.032171 0.353189 0.935383 -0.0177655 0.647923 0.761448 0.0198043 0.770248 0.637323 -0.0231887 0.942302 0.334412 0.0153621 0.991095 0.130733 -0.0252827 0.986049 -0.165701 0.0158101 0.936795 -0.349523 -0.0158102 0.840541 -0.541568 0.013982 0.707074 -0.707073 -0.00971539 0.541568 -0.840541 0.0139821 0.333552 -0.942557 -0.0181465 0.143977 -0.989431 0.0172205 -0.738885 -0.627237 0.246218 -0.739967 -0.626558 0.24469 -0.990512 0.137281 0.0062573 -0.342571 0.820078 0.458385 -0.614172 0.786424 0.0658103 -0.197134 -0.980348 -0.00747812 -0.333552 -0.942557 0.0181465 -0.637203 -0.770103 -0.0302354 -0.783986 -0.620573 0.0159666 -0.929425 -0.368666 -0.0159671 -0.98553 -0.166782 0.0302353 -0.99205 0.125429 -0.0101889 -0.936801 0.349525 0.0153622 -0.861829 0.506863 -0.0184712 -0.707073 0.707074 0.00971547 -0.573549 0.819114 -0.00971546 -0.422599 0.906265 0.00971544 -0.242491 0.970085 -0.011585 -0.0410947 0.999054 0.0141939 0 0 -1 0 0 -1 0 0 -1 0 0 -1 0 0 -1 0 0 -1 0 0 -1 0 0 -1 0 0 -1 0 0 -1 0 0 -1 0 0 -1 0 0 -1 0 0 -1 0 0 -1 0 0 -1 0 0 -1 0 0 -1 0 0 -1 0 0 -1 -0.364864 -0.908313 -0.204552 -0.72005 -0.567378 0.399512 -0.839457 -0.439119 0.320134 0.121865 0.731186 0.671204 -0.683432 0.651294 0.329753 0.0714434 0.958202 -0.277027 -0.0959799 -0.995107 -0.0234608 -0.319067 -0.94762 0.0145475 -0.609321 -0.792128 -0.0355067 -0.737393 -0.675356 0.0120497 -0.968822 -0.247301 -0.0150629 -0.983568 -0.180425 0.00634356 -0.950402 0.310703 -0.0141472 -0.923636 0.383046 0.0131508 -0.60872 0.792888 -0.0281041 -0.402369 0.914938 0.0314407 -0.143976 0.989431 -0.0172207 0 0 -1 0 0 -1 0 0 -1 0 0 -1 0 0 -1 0 0 -1 0 0 -1 0 0 -1 0 0 -1 0 0 -1 0 0 -1 0 0 -1 0 0 -1 0 0 -1 0 0 -1 0 0 -1 -0.131509 -0.989465 -0.0605304 -0.868822 -0.284403 0.405294 -0.868728 -0.467944 0.162293 -0.741606 0.66869 -0.0536079 -0.261913 0.857937 0.441979 -0.186173 -0.981516 -0.0443299 -0.328525 -0.944493 -0.00214652 -0.695387 -0.718613 -0.00566992 -0.684794 -0.728735 -0.00164115 -0.9229 -0.385038 0.0012446 -0.937051 -0.349083 -0.00881093 -0.999359 -0.0356309 0.0034654 -0.999975 0.00654049 -0.00259753 -0.99115 0.132747 0 -0.974321 0.225166 0 -0.972568 0.232618 -0.000755974 -0.925565 0.378587 0.000940831 -0.858147 0.513218 -0.0137777 -0.787306 0.616544 0.00480836 -0.635687 0.771882 -0.00999948 -0.525502 0.850679 0.0139402 -0.218217 0.975747 -0.0172816 -0.145073 0.989421 0.000569182 -0.158568 0.148696 -0.976087 0 0 -1 0 0 -1 0 0 -1 0 0 -1 0 0 -1 0 0 -1 0 0 -1 0 0 -1 0 0 -1 0 0 -1 0 0 -1 0 0 -1 0 0 -1 0 0 -1 0 0 -1 0.446541 0.878581 -0.1694 -0.0474708 -0.884095 0.464889 -0.513216 -0.857745 0.0296953 -0.981607 -0.0336112 0.187929 -0.953945 0.0751594 0.290414 -0.56665 0.793271 -0.222776 -0.214676 0.969492 0.118315 4.72141e-05 -1.54966e-06 -1 7.71313e-05 3.14498e-05 -1 0 0 -1 0.6634 0.131558 -0.73661 0 0 -1 0 0 -1 3.71815e-06 -1.54859e-05 -1 0.273748 0.181185 -0.944582 0.0181218 -0.00275508 -0.999832 -0.235595 0.942828 0.235735 -0.22688 0.956131 0.18531 -0.0274682 0.999412 -0.0205056 0.226959 0.969454 -0.0929946 0.35222 0.909488 -0.220845 0.339595 0.909107 -0.241246 0.0374784 0.999297 0.000633466 0.438316 0.898821 -8.57832e-05 0.437726 0.899109 0.000113778 0.522646 0.85255 -0.000113865 0.522168 0.852843 5.69193e-05 0.60214 0.798391 -5.67871e-05 0.616211 0.787562 -0.00544512 0 0 -1 0 0 -1 0 0 -1 -0.569788 -0.813299 -0.117842 0 0 -1 0 0 -1 0 0 -1 -0.90543 -0.345405 -0.246762 0 0 -1 0 0 -1 0 0 -1 0 0 -1 0 0 -1 0 0 -1 0 0 -1 0 0 -1 0 0 -1 0 0 -1 0 0 -1 0 0 -1 0.54235 -0.84015 0.00238683 0.52827 -0.849057 -0.00574555 0.422499 -0.906362 0.00172378 -0.0100702 0.0221296 -0.999704 -0.0265078 0.0127462 -0.999567 0 0 -1 0 0 -1 0 0 -1 0 0 -1 -0.114391 0.00483026 -0.993424 0 0 -1 0 0 -1 -0.155676 -0.139786 -0.977868 0.0814873 -0.0581788 -0.994975 -0.111048 -0.0878331 -0.989926 0 0 -1 0 0 -1 0 0 -1 0 0 -1 0 0 -1 0 0 -1 0 0 -1 0.0383989 0.192057 -0.980632 -0.144849 7.33735e-05 -0.989454 0.444132 0.0382458 -0.895145 -0.544164 0.174539 -0.820623 0 0 -1 0 0 -1 0 0 -1 -0.0666229 0.0427726 -0.996861 -0.0222261 -0.0134837 -0.999662 0.126212 0.0199542 -0.991803 0.0893996 0.119971 -0.988744 0.121871 0.0916719 -0.988304 0 0 -1 -0.571218 -0.0816347 -0.816729 0.119281 -0.233009 -0.965131 0 0 -1 0 0 -1 0 0 -1 0 0 -1 -0.0311194 0.0371638 -0.998825 0.0601754 0.213181 -0.975158 2.9639e-09 -0.0177357 -0.999843 -1.39248e-08 0.0833249 -0.996522 -0.858311 0.51313 0 -0.105586 0.972848 0.205959 0.00169293 0.999993 -0.00330225 0.436316 0.898451 0.0491357 -0.765121 0.390945 -0.511617 0 -1 0 0 -1 0 0.35326 -0.935525 0 -0.144786 -0.988904 -0.0332646 -0.669293 -0.742861 -0.0142915 -0.57351 -0.819097 0.0128733 0.914963 -0.402575 0.027858 0.819151 -0.573575 -0.0016353 0.491821 -0.870686 -0.00411046 0.493015 -0.870012 -0.00392985 0.206432 -0.978461 0 0.144862 -0.989423 0.00751299 0.00587895 0.704147 -0.71003 -0.0094868 0.984665 -0.174196 0 0 -1 0 0 -1 0 0 -1 0 0 -1 0 0 -1 -0.000285237 -2.89269e-05 -1 0 0 -1 0 0 -1 0.753181 -0.598769 -0.272385 0 0 -1 0 0 -1 0 0 -1 0 0 -1 0 0 -1 -3.46881e-05 0.000204517 -1 -0.0031523 0.000234674 -0.999995 -0.000104489 -0.00265603 -0.999996 0 0 -1 0 0 -1 0 0 -1 0 0 -1 0 0 -1 0 0 -1 0 0 -1 -0.014412 -0.0646256 -0.997806 0.0395782 -0.075392 -0.996368 0 0 -1 0 0 -1 -0.341772 0.113924 -0.932852 0 0 1 0 0 1 0 0 1 -0.00020398 7.12783e-07 1 0 0 1 0 0 1 0 0 1 0 0 1 0 0 1 0 0 1 0 0 1 0 0 1 0 0 1 0 0 1 2.4251e-05 -5.00447e-05 1 1.3167e-05 -1.42251e-05 1 -2.98032e-05 3.13481e-05 1 -0.000207858 2.27382e-06 1 0.00021845 -0.000121891 1 4.99447e-06 9.70367e-07 1 0 0 1 6.55188e-07 -5.39018e-06 1 0 0 1 0 0 1 0 0 1 3.56687e-06 -4.99337e-06 1 2.19072e-05 3.38217e-06 1 2.9747e-06 4.59254e-07 1 1.994e-06 1.98033e-06 1 0.1696 -0.658126 0.733557 -0.771637 0.0352277 0.635087 0.0349888 -0.423004 0.905452 4.71283e-06 -5.69767e-05 1 -0.000165655 -0.000185185 1 -7.03636e-05 7.33615e-05 1 -2.00767e-06 5.75282e-07 1 0 0 1 0 0 1 0 0 1 -3.15395e-06 -2.27794e-06 1 0 0 1 0 0 1 0 0 1 1.082e-05 3.83423e-06 1 6.87105e-05 4.56071e-05 1 0 0 1 0 0 1 2.46815e-05 8.1667e-06 1 -1.62761e-06 -5.38549e-07 1 -2.85607e-05 2.74392e-05 1 -1.10566e-06 1.98705e-05 1 -2.45573e-05 1.13707e-05 1 0 0 1 0 0 1 0 0 1 0 0 1 0 0 1 0 0 1 0 0 1 0 0 1 0 0 1 0 0 1 0 0 1 0 0 1 0 0 1 0 0 1 0 0 1 0 0 1 0 0 1 0 0 1 0 0 1 0 0 1 0 0 1 8.45696e-06 1.13633e-05 1 0 0 1 0 0 1 0 0 1 0 0 1 0 0 1 -0.355464 -0.292238 0.88783 0 0 1 0.546113 -0.0660733 0.835102 0.512173 -0.0564035 0.857028 0 0 1 -0.134748 0.616837 0.775471 0.168756 0.390353 0.905067 -0.986069 -0.155748 -0.058392 -0.875921 -0.0185335 0.482098 0 0 1 0 0 1 0 0 1 0 0 1 0 0 1 0 0 1 0 0 1 0 0 1 0 0 1 0 0 1 0 0 1 0 0 1 -0.999763 -0.0205041 0.00730833 -0.981779 -0.0135916 0.189537 -0.391034 -0.920322 0.00996323 -0.0060643 -0.999869 0.0149968 0.192035 -0.951319 -0.241071 0.985508 -0.0648648 -0.156736 0.994427 0.0414342 0.0969477 0.133559 0.970808 0.199234 -0.0239866 0.99971 0.00233892 -0.978837 0.186012 0.0853089 -0.00393548 -0.999985 0.00379792 -0.00109319 -0.999999 0.00104792 0.820778 0.196763 0.536291 0.683051 0.351744 0.640092 0 0 1 0 0 1 0 0 1 0 0 1 0 0 1 0 0 1 0 0 1 0 0 1 0 0 1 0 0 1 0 0 1 0 0 1 0 0 1 0 0 1 0 0 1 0 0 1 0 0 1 0 0 1 -0.18046 -0.983179 0.0281692 0.688365 0.683648 -0.242445 0.854035 0.513245 0.0848768 0.703919 -0.702716 -0.10339 0.324477 0.425649 -0.844712 0.302122 0.952642 -0.0345732 0.882151 0.381884 0.275633 0.974391 -0.0106592 -0.224609 0.350285 -0.799468 0.488008 0.601485 0.785385 0.146243 0.873551 0.447415 -0.191647 0.988068 -0.103358 0.114187 0.698479 -0.694445 -0.172835 0.42764 -0.89645 0.116195 0.649248 0.760522 -0.00909871 0.710519 0.694742 0.111788 0.962825 -0.269637 -0.0162275 0.953002 -0.302592 0.0150004 0.332977 -0.937097 -0.104762 0.235336 -0.949217 -0.208814 -0.213844 -0.976792 0.012179 -0.349897 -0.936506 -0.023015 -0.648851 -0.760761 0.015362 -0.771058 -0.636497 -0.0184714 -0.880228 -0.47454 0.00324954 -0.994112 -0.106835 -0.0180895 -0.991755 -0.125859 -0.0241269 -0.975172 0.221447 -0.000256683 -0.94339 0.331043 -0.0206238 -0.747189 0.664232 0.0224791 -0.620572 0.783987 -0.0159669 -0.368666 0.929425 0.0159668 -0.258289 0.966019 -0.0096859 0.683609 -0.706355 0.183687 0.924172 0.344139 0.165754 0.710892 -0.667355 0.221967 0.95136 -0.272605 -0.143531 0.92672 0.331063 0.177727 0.941387 0.297209 0.159551 0.281434 -0.94702 0.154752 0.287671 -0.945606 0.151905 0.100559 0.752635 0.650714 0.942284 0.334316 0.0182949 -0.391718 -0.16684 -0.904832 -0.999972 -0.00743876 0 -0.27584 -0.9453 -0.174126 -0.939098 -0.0355661 -0.341804 -0.70402 0.708207 -0.0528961 -0.429834 0.90239 0.0305604 -0.536346 -0.843984 0.00486791 -0.998537 -0.0246307 0.0481357 -0.913939 -0.405809 -0.00595586 -0.283268 0.958501 -0.0321699 -0.637437 -0.0156547 -0.770344 -0.712224 -0.0366536 -0.700995 -0.220459 -0.804481 -0.551551 -0.888151 -0.409533 -0.208497 0.95663 -0.166632 0.23894 0.892323 0.447618 -0.0582822 -0.0547759 -0.97579 0.211739 0.939593 -0.301476 0.162101 0.617231 0.713854 0.330815 0.795325 0.416623 0.440321 0.0781184 0.909624 0.408023 0.329328 0.919465 0.214773 0.142555 0.983003 0.115687 0.932052 -0.296194 0.208684 -0.0208712 -0.937685 -0.34686 -0.176791 -0.515756 -0.838296 -0.229871 -0.704396 -0.671555 -0.636466 -0.74624 -0.195028 -0.68804 -0.712151 0.139434 -0.729703 -0.39339 -0.559265 -0.751182 -0.0953287 -0.653176 -0.969032 0.231924 0.0847822 -0.965582 0.219269 0.139898 -0.577452 0.51334 -0.634848 -0.363265 0.915809 0.171267 -0.416047 0.746093 -0.519855 0.22808 -0.940723 -0.251038 -0.161273 -0.0716087 -0.984309 -0.0180438 -0.999674 -0.0180439 -0.0406822 0.0159325 -0.999045 -0.200773 0.507317 0.838045 0.0823262 0.0982227 -0.991753 0.517913 0.681048 0.51763 0.961501 0.137817 -0.237747 0.997893 -0.0644684 0.0073395 0.326458 -0.915339 -0.235754 0.158662 -0.923452 -0.349375 0.0671565 -0.987042 -0.145736 -0.151855 -0.941494 -0.300879 -0.877132 -0.0346961 -0.478994 -0.800749 -0.360038 -0.478721 0.130762 -0.94431 0.30196 0.994495 -0.0551447 0.0891035 0.222367 0.326266 -0.918751 -0.981315 -0.154635 -0.114496 0.504359 -0.125362 0.854346 -0.983141 -0.0964598 -0.155339 0.0786293 -0.0676399 0.994607 -0.0299141 -0.0549047 0.998043 0.188442 0.0451642 0.981045 0.0455994 0.317972 0.947003 -0.027647 0.232686 0.972159 -0.851069 0.351207 -0.390301 -0.0856317 0.17914 -0.98009 0.546584 0.824754 -0.145008 0.0713316 -0.92344 -0.377056 0.12493 -0.966425 -0.224533 -0.148378 -0.973471 -0.174181 -0.89532 -0.0377714 -0.443819 -0.0248757 -0.0764428 0.996764 -0.112612 0.901341 -0.418213 -0.039313 0.999217 -0.00447255 -0.000399967 -1 0.000591454 -0.0445684 -0.0637301 0.996972 0.0730568 -0.326703 0.942299 -0.022719 0.266402 0.963594 -0.256932 0.25885 0.931119 0.0824636 0.049823 0.995348 0.0141285 0.94311 -0.332182 0.476164 0.148 -0.866813 -0.924708 -0.0913591 -0.369552 -0.120877 -0.923805 -0.36328 0.0897055 0.484195 -0.870349 -0.0274408 0.30842 -0.950854 0.183844 -0.062317 -0.980978 0.887054 0.364063 0.28389 0.25345 -0.887809 0.384133 -0.113291 0.897933 0.425301 0.180278 0.850575 0.493986 0.219899 -0.278391 -0.934956 0.0165181 0.976874 -0.213175 0.611355 0.0725538 -0.788024 0.0542243 0.547816 -0.83484 -0.078403 -0.989608 0.120536 -0.702247 -0.570156 -0.426347 0.422381 -0.661324 -0.619875 -0.115271 -0.616979 -0.778492 0.103853 -0.737461 -0.667357 0.174999 0.300222 -0.937679 0.488313 0.849038 -0.201703 0.73786 0.673994 -0.0359823 0.971817 0.152959 -0.179377 0.99702 -0.0717643 -0.0283123 0.748888 -0.623448 -0.224677 0 0 1 0 0 1 0.0445421 -0.367828 0.928826 0.809765 -0.536217 0.238227 -0.765427 -0.422202 0.485662 0.442368 -0.199687 0.87432 -0.460391 -0.31883 0.828485 0 0 1 0 0 1 0 0 1 0 0 1 -0.766431 0.345971 0.541191 0.0584291 -0.985495 0.159329 -0.529114 0.818438 -0.224047 -0.779651 0.600318 -0.178221 -0.258555 -0.234529 -0.937094 -0.711553 -0.6968 -0.0903424 -0.417564 0.898464 -0.135657 0.25055 0.0555232 -0.96651 0.433954 -0.0547936 -0.899267 0.0233129 0.189728 -0.98156 0.483841 -0.873929 -0.0463276 0.963535 -0.267561 0.00350542 0.876262 0.481054 -0.0274169 -0.973021 0.230624 -0.00647201 -0.876317 -0.481721 -0.00366112 -0.17067 -0.983409 0.0614735 -0.0404784 0.900033 -0.433938 0.778302 -0.55634 -0.291089 -0.519172 -0.775334 -0.359609 0.726507 0.667448 -0.163405 0.199684 0.928593 -0.312795 -0.492094 -0.867818 -0.0688131 -0.909417 -0.389815 -0.144935 -0.923312 0.353431 -0.150269 -0.926502 0.338979 -0.16336 -0.543134 0.836236 -0.0755936 -0.283365 0.936345 -0.207275 0.100645 0.994837 -0.0130486 -0.109047 0.276192 -0.954896 -0.242645 0.00796354 -0.970082 -0.516642 -0.0144464 -0.85608 -0.512211 0.0675479 -0.856199 0.393402 -0.433495 -0.810751 -0.732989 -0.536846 -0.417759 -0.720671 0.158677 -0.674874 0.818508 -0.527623 0.227285 0.583741 -0.794924 -0.165357 -0.344834 0.92727 -0.145805 -0.467344 0.728504 0.500872 -0.0718133 0.923922 0.37578 -0.0974386 -0.770809 0.629571 -0.57731 -0.420282 0.700054 -0.584926 0.664575 0.464974 -0.540136 0.714769 0.444252 -0.0896322 -0.12564 0.988019 -0.207112 0.668979 -0.713843 0.832578 -0.53606 -0.139478 0.0197018 -0.900816 -0.433753 -0.320189 -0.59932 -0.733686 -0.905488 0.0519827 -0.421176 0.268732 0.962658 0.0327374 -0.45707 0.852629 -0.253203 0.943363 -0.116206 -0.310745 0.374877 0.460556 -0.804584 0.375209 0.821278 -0.429792 -0.220609 0.259827 -0.940118 -0.447416 0.138583 -0.883523 -0.941976 0.212145 -0.260146 -0.342929 -0.93565 -0.0834212 -0.833229 -0.527335 -0.166275 -0.910706 -0.408369 -0.0620387 -0.9042 0.426738 -0.0177928 -0.401594 0.910853 -0.0952295 -0.18114 0.983343 0.01499 -0.532211 -0.218504 0.817929 0.793932 -0.252085 0.553285 0.197359 -0.701896 0.684391 0.504582 0.20716 0.838142 0.156844 0.237825 0.958561 -0.100275 -0.0501752 0.993694 -0.491813 0.004203 0.870691 -0.00654259 0.280032 0.959969 -0.496721 -0.00646647 0.867886 0.0244382 0.0370558 0.999014 0.0153465 -0.656849 0.753866 0.0671967 -0.0910531 -0.993576 0.910907 0.164346 -0.378468 0.944635 0.305131 -0.120664 0.908876 0.055275 -0.413387 0.127103 -0.591813 -0.795991 0.120135 0.095211 -0.988181 0.276468 0.136649 -0.951259 -0.891607 -0.425939 0.153665 -0.998212 -0.0463863 0.0377099 -0.580613 -0.81386 0.0227986 -0.679335 -0.733808 -0.00547001 0.190268 -0.981669 -0.0111067 0.222046 -0.975027 -0.00423021 0.803106 -0.595737 -0.01087 -0.532443 0.771466 -0.348347 -0.170786 0.919601 -0.353789 -0.604969 0.689729 -0.397852 0.761131 -0.617735 -0.197695 0.702571 0.711496 0.0129312 0.979212 0.125382 -0.15945 0.406523 -0.890608 -0.203852 0.115785 -0.817736 -0.563828 0.747324 -0.38844 -0.539093 0.792688 -0.198522 -0.576398 0.303289 0.849129 -0.43243 0.86388 -0.483145 -0.142414 -0.905595 0.0505494 -0.421122 -0.0203805 -0.433303 -0.901018 0.540357 0.431812 -0.722186 0.593442 -0.698066 -0.400663 0.0369192 -0.162116 0.986081 0.885258 0.260229 0.385486 0.697163 -0.574671 0.428623 0.0442688 0.961341 0.27178 0.42519 0.851757 0.306144 -0.101144 0.158897 0.982101 -0.650278 -0.724828 0.227514 -0.654628 0.732741 0.185884 0.493183 -0.758972 0.425126 -0.0494138 0.248848 -0.967281 -0.20522 -0.0254527 -0.978385 0.0407844 -0.578386 -0.814743 -0.0928635 0.889436 -0.447527 0.219595 0.973434 -0.0648455 0.480236 0.876852 -0.0224514 0.722912 0.390004 -0.570347 -0.791125 0.330645 -0.514583 0.399968 0.692412 -0.600492 0.838663 -0.352238 -0.415419 -0.39765 -0.615077 -0.680848 -0.531744 -0.496458 -0.686132 -0.110775 -0.988574 -0.102229 -0.812466 -0.539446 -0.221127 -0.993455 0.0544841 -0.100391 -0.538756 0.841443 -0.0414281 -0.0385382 -0.627501 0.777661 0.166796 0.757302 0.631405 -0.201575 0.552302 0.808907 -0.546561 -0.280884 0.788908 -0.0041508 -0.0675856 0.997705 -0.542956 0.390092 0.743658 -0.440418 0.698925 0.563504 0.221078 0.113614 0.968616 0.383234 -0.412585 0.826381 0.458558 -0.298413 0.837063 0.231752 0.240678 0.942531 0.101859 0.00421088 -0.99479 0.331092 -0.915651 -0.227952 0.339655 -0.913906 -0.222282 0.182851 0.0303388 -0.982672 0.0674091 -0.123437 -0.99006 -0.492782 -0.729661 -0.47409 -0.536732 0.843206 0.0303699 -0.644632 0.764461 -0.00698991 -0.996907 0.0780129 0.00953651 -0.811544 -0.583986 -0.0189123 -0.316322 -0.947864 0.0386558 0.870349 -0.492177 0.0159323 0.999684 -0.0251019 -0.00135821 0.964386 0.26165 0.038729 0.827806 0.560958 -0.00799729 0.362119 0.931726 0.0274933 0.193723 0.980999 -0.0106184 -0.735498 0.0203558 -0.677221 0.548705 -0.667748 -0.503026 -0.503717 0.520642 -0.689348 0.381685 -0.894953 -0.231034 0.338544 0.940927 0.00666791 0.8635 0.49644 -0.0889716 0.583744 -0.80919 -0.0667373 0.494396 -0.860572 -0.122427 0.903991 0.0831177 -0.419395 0.615853 -0.347688 -0.706992 0.684233 -0.0507155 -0.727498 -0.374038 0.302919 -0.876548 -0.9988 0.0458068 0.01734 -0.976781 -0.131095 -0.169448 -0.247124 -0.954534 0.166715 0.823776 -0.310252 -0.474486 0.302436 -0.846707 0.437745 0.0673784 -0.932966 0.353602 0.145804 0.0395585 0.988522 0.0548153 0.141039 0.988485 -0.134821 0.88579 0.444072 -0.648809 0.648574 0.397993 -0.911741 0.132187 0.388914 -0.852652 0.409748 0.324177 0.834219 -0.51063 0.208174 0.282983 -0.73237 -0.619319 -0.56029 0.587843 -0.583537 0.837326 0.546682 -0.00497478 -0.554006 0.199475 -0.808262 -0.362083 -0.575451 -0.733316 0.696563 -0.22779 -0.680376 -0.934103 -0.336744 -0.118552 0.184009 0.981656 0.049926 0.693696 0.701874 -0.161736 -0.0926257 -0.794274 -0.600457 -0.575011 0.157445 -0.802853 -0.582515 0.142915 -0.800157 0.49194 -0.528997 -0.691489 -0.44579 -0.894987 0.0163993 -0.89852 -0.387016 -0.207077 -0.551834 0.816908 -0.167753 0.060078 -0.345008 0.936675 0.0286764 -0.164679 0.98593 -0.518973 0.39313 0.759023 -0.618756 0.23614 0.749252 -0.535869 0.28692 0.794054 -0.625339 -0.0168975 0.78017 0.00305075 0.0283358 0.999594 0.333312 -0.46664 0.819238 -0.0249382 -0.294651 0.955279 0.311154 0.277707 0.908879 0.0373255 0.44101 0.896726 0.0683738 0.0911033 -0.993491 0.713522 -0.51833 0.471402 -0.678355 0.320593 -0.661102 0.220054 0.0872349 -0.971579 -0.128089 0.970267 -0.205364 -0.138097 0.967412 -0.212234 -0.713634 0.366955 -0.596717 0.172381 -0.599631 -0.781491 -0.922515 -0.383612 0.0425237 -0.562022 -0.826744 -0.0250191 0.272444 -0.96216 -0.00472452 0.901733 -0.432273 -0.00434243 0.911397 -0.411526 0.00154211 0.930416 0.366479 -0.00432138 0.919548 0.392827 -0.0108865 0.478396 0.878117 0.00690852 -0.705959 0.691925 -0.1512 -0.956216 0.138635 -0.257744 -0.895545 0.431204 -0.109828 -0.0741517 -0.882806 -0.463848 0.0545258 0.974797 -0.216327 0.105417 0.97913 -0.173756 0.605084 0.745441 -0.279627 0.989066 -0.0380058 -0.14249 0.538897 -0.842105 -0.0211932 0.216723 -0.856452 -0.468532 0.107978 -0.129996 -0.985618 0.778042 0.193257 -0.597747 0.62936 0.454117 -0.630622 0.916818 0.273302 0.291119 -0.886049 -0.275226 -0.373052 -0.959672 0.278164 -0.0406717 -0.980427 0.100422 0.169345 0.603118 -0.776525 -0.182368 0.332895 -0.7127 -0.617446 0.477755 0.373361 -0.795205 -0.613929 -0.726981 0.307556 0.13662 -0.0616884 0.988701 0.141953 0.0559134 0.988293 -0.452126 0.823733 0.342119 -0.859039 -0.510476 -0.0382948 -0.868961 0.494258 0.0247997 -0.946118 0.319053 0.0553782 0 0 1 0 0 1 0.0539324 -0.0112756 0.998481 -0.0382603 0.0197949 0.999072 -0.016664 0 0.999861 -0.204324 -0.0791845 0.975695 0.0174057 0.000650819 0.999848 0.00263584 -0.874508 0.485005 -0.0046154 -0.527968 -0.849252 0.283813 -0.397297 -0.8727 0.792536 0.609826 0 0 1 0 0 1 0 -0.429825 0.902912 0 -0.171644 -0.0502967 0.983874 -0.440338 0.100628 -0.892175 -0.481323 0.876543 0 -0.891138 -0.0532305 0.450599 -0.63152 -0.775359 0 -0.556027 -0.777399 0.294082 -0.936645 -0.0676401 0.343687 -0.0123767 -0.443683 -0.896099 -0.269212 0.814894 0.513296 0.0542431 0.271716 -0.960848 -0.620072 0.349426 -0.702433 0.901865 -0.0309446 -0.430909 0.700461 -0.0444337 -0.712306 -0.726863 -0.119151 0.676368 0.0386657 0.326885 -0.944273 0.0277388 -0.422254 -0.906053 0.0419679 -0.200694 -0.978755 -0.871554 -0.250641 -0.421393 -0.871971 -0.334184 -0.357755 -0.603129 -0.627303 -0.492672 0.39064 0.0433547 -0.919522 0.692106 -0.133985 0.709251 0.549242 -0.712216 -0.437129 -0.452921 -0.891083 0.0288647 -0.837773 -0.523092 -0.156558 -0.989094 -0.13232 0.0646937 -0.798864 0.601451 -0.00862606 -0.770905 0.636563 0.0222312 -0.0424285 0.999089 -0.00451392 -0.0674158 0.997587 -0.0166066 0.45719 0.889368 0.00132445 0.789315 0.603229 -0.114446 0.903494 0.428585 0.00365715 0.9817 -0.180622 -0.0603452 0.933705 -0.356959 0.0278481 0.161213 -0.986116 -0.0398299 0.447447 -0.838743 -0.310324 0 0 -1 0 0 -1 0 0 -1 0 0 -1 0 0 -1 0 0 -1 -0.173114 -0.98081 -0.0896808 0.0588139 -0.199996 0.97803 0.297867 -0.278769 -0.912997 0.370647 -0.0175565 0.928608 0.662406 0.144941 -0.73499 -0.680222 0.278027 -0.678232 -0.267739 -0.01081 0.963431 -0.544045 -0.249737 -0.801028 -0.109322 -0.307883 0.945123 0.00407347 -0.342096 -0.939656 0.318659 0.866899 -0.383331 -0.0312491 0.338545 0.940431 -0.146121 0.215856 -0.96543 -0.560559 0.239307 0.792784 -0.262132 -0.0221777 -0.964777 -0.914291 -0.337606 0.223815 0.404964 0.00793015 -0.914298 0.148157 0.119593 0.981706 0.0620164 0.28649 -0.956074 -0.145855 0.581175 0.800601 0 0 -1 0 0 -1 0 0 -1 0 0 -1 0 0 -1 0 0 -1 0 0 -1 0 0 -1 0 0 -1 1.70501e-08 -6.79379e-08 -1 0 0 -1 0 0 -1 0 0 -1 -0.00785924 0.00648965 -0.999948 0.00522067 0.0100118 -0.999936 0 0 -1 0 0 -1 0 0 -1 0 0 -1 0 0 -1 0 0 -1 0 0 -1 0 0 -1 0 0 -1 -0.0101466 0.00606925 -0.99993 0 0 -1 -0.00826045 0.00624297 -0.999946 0 0 -1 0 0 -1 0 0 -1 0 0 -1 -6.32212e-09 7.8295e-08 -1 1.86196e-08 -5.99138e-08 -1 0 0 -1 0 0 -1 0 0 -1 0.0343808 0.063629 -0.997381 0 0 -1 0.00795435 -0.0184065 -0.999799 -0.0261838 0.0312135 -0.99917 -0.0893119 -0.0267483 -0.995645 -0.000783932 0.00154094 -0.999999 0 0 -1 0 0 -1 -0.0887154 -0.0264115 -0.995707 -0.138794 0.0831397 -0.986825 -0.583799 0.0340705 0.811183 -0.298108 0.954048 0.0304023 0.421849 -0.164072 -0.891697 -0.998004 -0.0557597 -0.0296321 -0.697018 -0.249798 -0.672136 0.671953 -0.0437987 -0.739297 0.223871 0.970168 -0.0930375 0.626622 0.759465 -0.174807 0.998007 -0.0616985 0.0132358 0.877583 0.37308 0.301098 -0.0560535 -0.713355 0.698557 0 -0.72107 0.692863 -0.00145288 -0.703458 0.710735 0.631325 -0.486526 0.603921 0.0557373 -0.709327 0.702673 0.0599895 -0.70803 0.70363 0 0.707062 0.707152 -1.39907e-05 0.707114 0.7071 -0.583141 0.397511 0.708471 -0.411733 0.548052 0.72809 -0.710888 0.00449233 0.703291 -0.694436 0.02376 0.719163 -0.673545 0.224008 0.704385 -0.707091 -0.000189842 0.707122 -0.707069 -8.04559e-05 0.707145 -0.707072 -1.58149e-06 0.707141 0.510779 -0.847889 0.142089 0.543377 -0.401333 0.737342 0.442842 0.511347 0.736488 0.574685 0.416836 0.704262 0.697123 0.0139504 0.716816 0.692139 0.184568 0.697766 0.707418 0.000365268 0.706795 0.707107 -5.04128e-07 0.707107 0.707107 -5.58188e-08 0.707107 0.707107 -7.88544e-08 0.707107 0.789903 0.455075 0.411048 0.631019 -0.0239989 0.775396 0.529605 -0.381294 0.757716 0.497533 -0.445801 0.744126 0.707104 0.00010895 0.70711 0.706904 8.15952e-05 0.70731 -0.510898 -0.752727 0.415194 -0.0509197 -0.928965 0.366649 -0.624227 -0.053664 0.779398 -0.643792 -0.18765 0.741835 -0.707107 0 0.707107 -0.707107 -5.58875e-08 0.707106 -0.600255 -0.591918 0.537891 -0.976588 -0.0778434 0.20054 -0.990987 -0.0851939 -0.103373 -0.965255 -0.217298 0.145135 -0.445416 -0.71576 0.537859 0.0700279 -0.987923 -0.138218 0.375926 -0.917931 0.126814 0.398425 -0.90945 0.118985 0.979343 0.0652803 0.191378 0.9126 -0.133018 0.38661 0.999657 0.0200045 -0.0168847 0.977225 0.172018 0.124259 0.654127 0.755318 -0.0401583 0.0972769 0.991295 0.0887247 -0.458827 0.884903 0.0801466 -0.722298 0.691415 -0.0152251 -0.999301 0.0341909 -0.0151002 -0.996044 0.0772641 0.0438872 0 0 1 0 0 1 0 0 1 0 0 1 0 0 1 0.972956 0.220419 0.0690796 0 0 1 0 0 1 -0.971373 -0.235932 0.0277764 -0.0415157 0.999138 0 -0.102164 0.994352 -0.0287398 -0.65441 0.756116 0.00601481 -0.766972 0.641657 -0.00548653 -0.992819 0.118039 0.0194051 -0.998231 0.0594624 0 -0.98675 -0.16225 0 -0.121218 -0.991864 -0.0388905 -0.189448 -0.981891 0 0.113478 -0.993541 0 0.0800976 -0.996633 0.0175176 0.732908 -0.680327 -0.000991448 0.972332 -0.227155 0.054508 0.999466 -0.0318305 -0.0074411 0.77591 0.630826 -0.00471466 0.0991021 0.995003 -0.0121219 0.122207 0.992505 0 -0.0539986 0.0119254 0.99847 -0.126366 0.154331 0.979905 -0.094984 0.123784 0.987753 -0.028873 0.0697258 0.997148 -0.0235359 0.159127 0.986978 0.0542235 0.282164 0.957833 0.0959561 0.887542 0.450624 0.188467 0.766649 0.613783 0.261697 0.788899 -0.556015 0.338107 0.880366 0.332626 0.320646 0.652467 0.686639 0.461078 0.808496 0.365706 -0.0105747 0.121525 0.992532 0.0806134 0.123106 0.989114 0.202329 0.217127 0.954944 -0.124068 -0.0884027 0.988328 0.922451 -0.364022 -0.128736 0.0573027 -0.0611416 0.996483 0.0370682 -0.0304739 0.998848 0.297399 -0.0715849 0.952066 -0.199868 0.0193852 0.979631 0.0186213 0.0430031 0.998901 0.0195302 0.0423528 0.998912 0.677126 0.40374 0.615219 0.0663697 -0.138183 0.98818 0.0311725 -0.0630018 0.997526 0.119332 -0.128744 0.984472 0.0128859 -0.082018 0.996548 0.609665 -0.787575 0.0896349 0.392426 -0.618668 0.680626 0.382987 -0.661601 0.644675 0.378957 -0.832742 -0.403649 0.365269 -0.793668 -0.486488 0.367744 -0.928168 0.0571769 0.228667 -0.97349 -0.00544119 0.0379433 -0.356169 -0.933651 0.0740038 -0.9969 -0.026701 0.10417 -0.992484 -0.064213 -0.0116974 -0.191265 0.981469 -0.0912672 -0.188163 0.977888 -0.257786 -0.809913 0.526866 -0.286012 -0.639037 0.714023 -0.462702 -0.774907 -0.430612 -0.360671 -0.627931 -0.689651 -0.551039 -0.789073 0.271514 -0.560644 -0.682246 0.469274 -0.622402 -0.67161 -0.401939 0.238947 0.16417 0.957054 0.117496 0.555015 0.8235 0.0155353 0.10545 0.994303 0.269135 0.900891 0.340532 0.374373 0.852206 0.365501 0.116578 0.0345156 0.992582 0.0943725 0.0185598 0.995364 0.17789 -0.966014 0.187543 0.529103 -0.816488 -0.231079 0.517197 -0.822103 -0.238023 0.135313 -0.0506164 0.989509 0.996767 -0.0645252 0.0478757 0.992008 -0.108781 0.0639263 0.105776 -0.0134344 0.994299 0.963275 -0.227382 0.142827 -0.0483664 -0.280343 0.958681 0.129489 0.0165146 0.991443 0.0670496 -0.0123792 0.997673 0.335556 0.139254 0.931671 0.474315 0.236511 0.84799 0.457359 0.26969 0.847402 0.274946 0.196135 0.941242 0.204906 0.157204 0.966075 0.261092 0.215222 0.941016 0.379508 0.372908 0.846708 0.352049 0.397076 0.84758 0.221603 0.288401 0.931513 0.146385 0.212228 0.966194 0.147094 0.213597 0.965784 0.192503 0.31348 0.929878 0.0501737 0.198741 0.978767 0.246663 0.473698 0.845439 0.212765 0.485891 0.847727 0.12146 0.341402 0.932036 0.0239131 0.17544 0.9842 0.0511651 0.184381 0.981522 0.0396324 0.191264 0.980738 0.0191893 0.162726 0.986485 0.00923599 0.322384 0.946564 -0.0236262 0.388507 0.921143 -0.0502348 0.229782 0.971945 -0.0460073 0.308309 0.950173 -0.0468405 0.197591 0.979165 -0.14994 0.230559 0.961437 -0.191142 0.545178 0.816239 -0.277424 0.619778 0.734106 -0.228385 0.410207 0.882933 -0.0936513 0.0567747 0.993985 -0.0919918 0.0557137 0.9942 -0.169092 0.248181 0.953842 -0.175078 0.212664 0.961313 -0.2953 0.0678864 0.95299 -0.249921 0.00670255 0.968243 -0.365289 0.0543009 0.929309 -0.971902 0.233336 0.0309852 -0.9321 0.357183 0.0600787 -0.948506 0.310241 0.0639352 -0.366119 0.0115786 0.930496 -0.999641 -0.0250606 0.00952404 -0.99595 0.0510009 0.0740412 -0.833477 -0.550978 0.0417044 -0.99089 -0.0802172 0.108173 -0.361588 -0.0390818 0.931518 -0.297654 -0.0242831 0.954365 -0.288634 -0.00508627 0.957426 -0.230318 -0.0201294 0.972907 -0.578241 -0.781543 0.234156 0.406568 0.848077 0.339807 -0.157228 -0.230768 0.960222 -0.161397 -0.289889 0.943353 -0.111962 -0.250127 0.961718 -0.0711621 -0.190472 0.97911 -0.0771263 -0.201257 0.976497 -0.101106 -0.345211 0.933063 -0.113803 -0.558151 0.821898 0.040504 -0.476949 0.877997 0.0120411 -0.613904 0.789289 0.32257 -0.786885 0.52608 0.0854707 -0.944805 0.316287 -0.361944 0.909804 0.203108 0.131947 -0.50973 0.850156 0.170144 -0.503566 0.847038 0.183665 -0.586832 0.788604 0.273118 -0.396767 0.876346 0.125469 -0.15204 0.980378 0.14355 -0.167917 0.975294 0.211874 -0.208189 0.954865 0.100449 -0.0495419 0.993708 0.230651 -0.190129 0.954281 0.184108 -0.126516 0.97473 0.62622 -0.186131 0.757102 0.156676 -0.120135 0.980317 0.09296 -0.0526616 0.994276 0.0926163 -0.0423153 0.994802 0.0958073 -0.0465718 0.99431 0.0987443 -0.0369278 0.994427 0.802139 0.0551129 0.594588 0.203613 0.508421 0.83669 0.936661 0.0060202 0.350186 -0.0013471 -0.00736116 0.999972 -0.0397518 0.00647859 0.999189 0.422591 -0.0111993 0.906251 0.365355 -0.000935943 0.930868 0.760784 -0.0132301 0.64887 0.711664 0.00360252 0.70251 0.95523 -0.00608487 0.295802 0.999912 0.00196726 0.0131385 0.992001 -0.0142736 -0.125424 0.948683 0.00971044 -0.31608 0.861883 -0.0147288 -0.506894 0.709851 0.0281466 -0.70379 0.518174 -0.00722542 -0.855245 -0.0828209 0.109024 -0.990583 -0.604167 -0.0067308 -0.796829 -0.978771 0.0216869 -0.203804 -0.975133 -0.00897549 0.221438 -0.925388 0.0184165 0.378574 -0.819126 -0.00797718 0.573558 -0.624173 0.0172969 0.781095 1.29312e-06 -1 -2.93648e-07 7.44278e-07 -1 -5.21149e-07 0.00173794 -0.999998 0.000388545 -0.0010287 -0.999999 0.000316716 -4.72459e-07 -1 -4.02959e-07 -2.42672e-07 -1 -5.20413e-07 -6.92128e-07 -1 -2.14329e-07 -9.55131e-07 -1 1.20763e-07 -1.27989e-06 -1 7.52733e-07 0.00112131 -0.999988 -0.00467477 -0.00442564 -0.999986 -0.0029111 0 0 1 0 0 1 0 0 1 0 0 1 1.94035e-07 1.00188e-10 1 9.42595e-09 -1.10758e-07 1 0.0565476 -0.104459 0.99292 -0.103452 -0.317598 -0.942565 0.0425822 -0.0616827 0.997187 0.0142115 -0.0304731 0.999435 -0.0632176 0.387888 -0.919536 0.0105614 0.479696 -0.877371 0.0392717 0.0292384 0.998801 0.447624 0.349498 -0.823094 0.0439749 0.999026 0.00375395 -0.00149326 0.999999 -0.000127473 0 0.999997 -0.00259372 -0.178145 0.983841 0.0179372 0.992351 0.0672911 0.103497 0.891091 0.452975 -0.0277537 0.516031 0.856522 -0.00911255 0.49041 0.871326 -0.0170002 -0.488328 0.872552 -0.0137457 -0.701814 0.71154 0.0341729 -0.972682 0.179023 0.147785 -0.98757 0.0243399 -0.155284 0.836838 0.0196036 0.5471 1 0 0 1 -1.64918e-05 -1.96334e-06 -1 -1.9117e-05 -1.57813e-05 0 0 1 0 0 1 0 0 1 -1.62408e-05 -5.50763e-06 1 8.69369e-06 0 1 -1.27208e-05 2.10087e-05 1 0 0 1 0 0 1 -0.532897 -0.567354 0.627798 0.383653 0.407443 0.828734 0 0 1 0 0 1 0.514363 -0.668543 0.537104 0 0 1 0 0 1 -0.000168052 -6.98392e-05 1 -0.000223153 -7.76191e-05 1 8.77099e-06 -0.000109135 1 0.000395844 -5.57807e-05 1 -0.000127753 1.80024e-05 1 -1.03644e-05 -5.37179e-05 1 -7.87814e-05 -3.53037e-05 1 0 0 1 0.475196 -0.879698 0.0178841 0.583214 -0.812212 -0.0131566 0.99112 -0.132528 0.0107997 0.979795 -0.178558 0.0901087 0.0844249 -0.99643 0 0.185614 -0.982583 -0.0088445 -0.0020653 -0.99998 0.00590087 0 -1 0 -0.641449 -0.766724 -0.0260483 -0.867973 -0.496401 0.0144663 -0.440006 -0.89736 0.0337582 -0.220993 -0.975259 -0.00563033 0.999983 -0.00152438 0.00569241 -0.999999 -9.51179e-05 0.00153771 -1 -6.02474e-05 -7.31033e-05 -0.475661 -0.0190019 0.879423 -0.851691 0.183967 0.490693 0.764477 0.0206525 0.644321 0.999224 0.0194537 0.0342508 0.806278 0.371602 -0.460247 0.257013 0.05501 -0.964841 -0.89967 -0.036575 -0.435036 -0.714557 -0.69957 0.00321912 -0.313505 0.949574 0.00482157 -0.981068 0.157276 -0.113007 -0.37912 0.92449 0.039831 -0.988451 -0.0370453 0.146941 -0.995542 -0.0641256 0.0691653 -0.545655 -0.837807 -0.0184191 0.018429 -0.935146 0.353784 -0.221982 -0.000251322 0.975051 -0.153051 -0.0138949 0.988121 -0.143478 0.00814693 0.98962 0.927303 -0.234286 0.291922 0.238261 0.021633 0.97096 0.128833 0.23213 0.964115 0.114175 -0.00847514 0.993425 -0.191806 0.258647 0.946738 -0.679901 -0.0438642 0.731991 0.114901 0.0999255 0.988338 -0.457796 0.420948 0.783087 -0.810859 -0.504866 0.296005 -0.00974677 -0.0403839 0.999137 0.301796 -0.508745 0.806287 -0.120423 -0.350601 0.92875 -0.0705696 -0.331491 0.940815 0.691911 -0.151548 0.705898 0.683389 -0.123506 0.719531 0.409001 -0.0472829 0.911308 0.488381 -0.0465453 0.871388 0.634305 -0.0101552 0.773016 0.39738 0.0266968 0.917266 -0.857727 -0.0544145 0.511217 -0.819578 0.0516496 0.570635 0.110995 -0.700794 -0.704675 0.0812495 -0.661646 -0.745401 0.183138 -0.683481 -0.706622 0.223308 -0.648504 -0.72772 0.253578 -0.660593 -0.706622 0.343456 -0.619632 -0.705758 0.306872 -0.602269 -0.736954 0.385382 -0.593436 -0.706622 0.425384 -0.525306 -0.736955 0.425384 -0.525306 -0.736955 0.500342 -0.500342 -0.706622 0.517642 -0.449967 -0.72772 0.549902 -0.445302 -0.706621 0.607258 -0.364889 -0.705758 0.566893 -0.368145 -0.736954 0.630469 -0.32124 -0.706621 0.631355 -0.267983 -0.72772 0.660593 -0.253578 -0.706622 0.690293 -0.159377 -0.705758 0.65291 -0.174947 -0.736955 0.69888 -0.110692 -0.706622 0.683265 -0.0597687 -0.72772 0.706622 -0.0370329 -0.706622 0.704876 0.0793751 -0.704876 0.679423 0.0594323 -0.731336 0.685036 0.158163 -0.711133 0.632142 0.185277 -0.752376 0.660594 0.253578 -0.706622 0.619632 0.343456 -0.705758 0.602269 0.306872 -0.736954 0.593436 0.385382 -0.706622 0.547758 0.412777 -0.72772 0.549902 0.445302 -0.706622 0.483171 0.518123 -0.705758 0.477964 0.477964 -0.736954 0.445302 0.549902 -0.706622 0.393394 0.561841 -0.72772 0.385382 0.593437 -0.706621 0.299414 0.642073 -0.705757 0.306872 0.602269 -0.736955 0.253578 0.660594 -0.706622 0.200521 0.655908 -0.72772 0.183138 0.683481 -0.706622 0.086349 0.703171 -0.705758 0.105741 0.667621 -0.736954 0.0370329 0.706622 -0.706621 -0.050559 0.66776 -0.742657 -0.0338135 0.645193 -0.763271 -0.108185 0.683057 -0.722308 -0.174947 0.65291 -0.736954 -0.199131 0.603032 -0.772463 -0.242236 0.631047 -0.736954 -0.32124 0.630469 -0.706621 -0.377666 0.553018 -0.742657 -0.351879 0.541847 -0.763272 -0.43522 0.537452 -0.722308 -0.477964 0.477964 -0.736954 -0.476526 0.454813 -0.752376 -0.549902 0.445302 -0.706622 -0.607258 0.364889 -0.705758 -0.566893 0.368145 -0.736955 -0.633846 0.318584 -0.7048 -0.633697 0.226524 -0.739672 -0.608637 0.23228 -0.758688 -0.667909 0.183416 -0.721288 -0.667569 0.104082 -0.737237 -0.632951 0.0634665 -0.771586 -0.681392 0.0314501 -0.731243 -0.708366 -0.0337303 -0.705039 -0.680761 -0.083597 -0.72772 -0.703387 -0.11766 -0.701002 -0.677056 -0.206986 -0.706224 -0.652666 -0.173027 -0.737624 -0.660593 -0.253578 -0.706622 -0.621609 -0.289872 -0.72772 -0.630469 -0.32124 -0.706622 -0.580337 -0.406344 -0.705758 -0.566893 -0.368145 -0.736954 -0.549902 -0.445302 -0.706622 -0.50161 -0.467773 -0.72772 -0.500343 -0.500343 -0.706622 -0.426366 -0.56579 -0.705758 -0.425384 -0.525306 -0.736955 -0.385382 -0.593436 -0.706622 -0.290095 -0.603577 -0.742657 -0.293313 -0.575659 -0.763272 -0.247837 -0.645637 -0.722309 -0.174946 -0.65291 -0.736955 -0.155617 -0.64009 -0.752375 -0.110692 -0.69888 -0.706621 -0.0123742 -0.708346 -0.705757 -0.0123744 -0.708345 -0.705758 -0.23119 0.0355906 0.972257 -0.257471 0.011461 0.966218 -0.0662123 0.0575713 0.996143 0 0 1 -0.00014615 -0.000161332 1 7.10671e-09 -2.48324e-07 1 0 0 1 8.6161e-09 -1.07962e-08 1 3.02298e-08 -7.30001e-10 1 0 0 1 0 0 1 0.512261 0.591912 0.622278 7.11826e-07 1.02123e-06 1 0.000140778 4.22697e-05 1 4.43702e-06 -2.94075e-08 1 -1.04247e-07 6.90926e-10 1 -0.000171235 3.95475e-05 1 0.47413 -0.625432 0.619707 -2.27549e-06 3.00163e-06 1 -6.25807e-06 -1.98255e-05 1 -5.96902e-07 2.82077e-08 1 -3.91481e-07 -1.65568e-07 1 -4.25189e-08 -2.51312e-07 1 -1.59455e-07 -2.43834e-07 1 -0.620569 0.77759 0.101228 -0.678796 0.734327 0 -0.999709 0.0241414 0 -0.999709 0.0241414 0 -0.986372 -0.164533 0 -0.756528 -0.0441787 0.652467 0.25287 -0.667219 0.700625 0.586628 -0.174533 0.790826 0.0120993 0.122621 0.99238 0.0133467 0.100806 0.994817 -0.077082 0.119047 0.989892 -0.926054 0.00149197 0.377389 -0.0994972 0.990439 -0.0955545 -0.949838 0.312731 0.0025276 -0.799582 0.587749 -0.123367 0.158236 0.986831 0.033564 0.912998 0.406574 0.0336504 0.985952 0.166448 0.013928 0.0468005 -0.982269 0.181542 -0.536271 -0.838702 -0.0948264 -0.999132 -0.00405381 -0.0414516 -0.754178 0.373708 0.539961 0.130059 0.985787 0.106339 3.725e-08 1 0 0.213312 0.9767 0.0235601 0.47622 0.872566 0.108827 0.668803 0.742894 -0.0284913 0.985079 0.105724 0.135799 0.99875 0.0499949 0 0.382727 -0.890583 0.245727 0.990653 -0.136406 0 0.366174 -0.918865 0.14698 0.00170017 -0.999999 0 0 -0.99647 0.0839533 0 0 1 0.0117039 0.810769 0.585249 -0.0277676 0.0529042 0.998213 0.0354844 0.00211959 0.999368 0.00205211 -0.00833361 0.999963 -0.0195562 0.0101179 0.999758 0.0568474 0.123219 0.99075 -0.00293759 -0.00342719 0.99999 0 0 1 0 0 1 0 0 1 0 0 1 0.0119876 0.0354088 0.999301 -0.0084622 0.00987257 0.999915 0.00955969 0.0117371 0.999885 -0.1558 0.00719753 0.987762 0 0 1 0 0 1 -0.981395 0.00835052 0.191817 0 0 1 0.416174 -0.891277 -0.180067 0.469381 0.840553 0.270466 0.0426014 -0.998801 -0.0241278 0.985132 -0.0465542 0.16537 0.526332 -0.84944 0.0377781 0.269529 -0.956689 0.110003 0.143598 0.989636 0 0.298444 0.945468 0.130468 0.95641 0.285207 -0.0627411 0.0865435 0.996248 0 0.870458 -0.156904 0.466566 -0.253925 0.341815 0.904812 -0.518323 -0.0241535 0.854844 0.928096 -0.298759 0.222219 0.563716 -0.758834 0.326183 0.683814 0.729577 0.010737 0.069407 -0.997588 0 0.891523 -0.417486 0.175759 0.151253 -0.988495 0 0.221061 0.975077 0.0188838 0.967061 0.19656 0.161735 0.460213 0.0414365 0.886841 0.368079 -0.921996 0.120174 0.462165 -0.88673 0.0106741 0.480459 -0.876899 0.0144095 0.92942 -0.369022 -0.000754876 0.923739 -0.383011 0.00305757 0.920894 0.389471 0.0163161 0.802051 0.59725 -0.00264022 0.483959 0.874969 0.0145947 0.547308 0.836927 0.00269522 0.117364 0.993089 0 0.166816 0.985981 0.00367709 0.041432 -0.0443017 0.998159 -0.0333222 -0.0357949 0.998803 0 0 1 0.154183 0.0641695 0.985956 0 0 1 -0.0128882 0.11422 0.993372 0.00871067 0.000143465 0.999962 0.000727202 1.1977e-05 1 0.693029 0.118602 0.711087 0.345675 0.0271605 0.937961 0.0384249 -0.0148614 0.999151 1.3898e-05 -2.94697e-06 1 -1.79115e-05 -5.78067e-07 1 -3.52423e-05 3.24119e-06 1 -0.569586 0.0178579 0.821737 -0.802799 -0.596226 0.0053157 -0.711547 -0.0229641 0.702263 0.00169964 -0.999999 0 0.376239 -0.926321 -0.0193286 0.679349 -0.498082 -0.538886 0.543543 -0.286461 -0.788987 0.913103 -0.347128 -0.213883 0.635445 -0.179687 -0.750947 0.870999 -0.0936404 -0.482279 0.750041 -0.0605456 -0.658614 0.702574 0.0474036 -0.71003 0.880616 0.122113 -0.457826 0.753867 0.140078 -0.641921 0.652975 0.210827 -0.727444 0.782198 0.292861 -0.549908 0.557285 0.283508 -0.780421 0.779429 0.567108 -0.266229 0.747954 0.55264 -0.367633 0.457429 0.885603 -0.0804171 0.135372 0.719263 -0.681421 -0.0260153 0.997002 -0.072877 -0.29175 0.940241 -0.175583 -0.667015 0.52089 -0.532696 -0.616961 0.317599 -0.720062 -0.890779 0.385393 -0.240803 -0.547337 0.13674 -0.825666 -0.822758 0.11409 -0.556824 -0.546927 0.00336701 -0.837173 -0.89168 -0.0958643 -0.442398 -0.69717 -0.129444 -0.705123 -0.91676 -0.389944 0.0865768 -0.571883 -0.657867 -0.490062 -0.409472 -0.594504 -0.692025 -0.420406 -0.905182 -0.062489 0.29287 0.954062 0.063195 0.897201 -0.127318 0.422872 0.506143 -0.858574 -0.0816707 -0.626971 0.0386797 0.778082 -0.159943 0.0787359 -0.983981 -0.988395 0.0233657 -0.150099 -0.910621 0.00285634 0.413232 0.644069 -0.211333 -0.735197 0.931486 0.129003 -0.340136 0.947814 -0.112016 0.298499 0.564125 0.196577 0.801948 0.249531 0.00674906 0.968343 -0.274046 0.000740595 0.961716 -0.933284 -0.0151529 -0.358819 -0.227448 -0.0200162 -0.973585 0.0122708 -0.0519915 -0.998572 0.657953 0.0550368 -0.751045 0.93898 -0.0385889 -0.341799 0.952165 0.0588129 0.29987 0.844477 0.00613754 0.535557 0.301406 -0.00115502 0.953495 -0.72905 0.674649 0.11548 -0.775281 0.630202 0.0422562 -0.956578 -0.256314 0.138789 -0.84612 -0.430946 0.313635 -0.63699 -0.769846 0.0397661 0.340534 -0.940211 0.00634374 0.246519 -0.960587 -0.12846 0.978821 -0.19852 -0.0499854 0.978794 -0.0777492 -0.189519 0.479766 0.861008 0.16879 0.248642 0.956243 -0.154199 -0.220672 0.973641 0.0576784 -0.367713 0.926781 -0.0765799 -0.926616 0.371524 0.057892 -0.936118 0.34927 0.0411441 -0.902136 -0.430712 -0.0252645 -0.657774 -0.579081 0.481661 0.605937 -0.691736 0.392864 0.523071 -0.820853 0.229341 0.98193 -0.141364 -0.125819 0.580774 0.366019 0.727139 -0.284126 0.95499 0.0852444 -0.44082 0.89705 0.0312941 -0.576265 0.796858 0.181481 -0.915577 0.399704 -0.0442086 -0.988251 -0.0803102 0.130038 -0.962811 -0.270005 -0.00965939 -0.329829 -0.941405 0.0704897 -0.22334 -0.947943 0.226988 0.723613 -0.675999 -0.139319 0.917293 -0.21355 0.336109 0.946316 0.312144 -0.0839768 0.45592 0.860897 0.225815 0.317724 0.945626 0.0695855 -0.330268 0.924684 -0.189425 -0.570881 0.808908 0.140577 -0.99154 0.097051 -0.0861922 -0.879927 -0.358783 0.311453 -0.331072 -0.886574 -0.323075 0.13034 -0.981256 0.141948 0.702101 -0.705922 -0.0934231 0.880789 -0.438602 0.178433 0.999441 -0.0291475 0.0164054 0.979322 0.202281 0.00332173 0.904163 0.421619 0.0687573 0.64748 0.748674 -0.142324 0.363431 0.929275 0.0660833 -0.0591741 -0.997746 -0.0316479 0.211468 -0.126306 -0.96919 0.493783 0.749901 -0.440258 -0.403644 -0.906471 -0.124024 -0.505734 -0.861058 0.0530295 -0.656477 -0.746168 -0.110774 -0.634347 -0.750525 -0.185247 -0.853967 -0.519312 -0.0324794 -0.757426 -0.563104 -0.330485 -0.898306 -0.415917 -0.141633 -0.928709 0.369037 -0.0362136 -0.88261 0.45435 0.120685 -0.846569 0.53114 -0.0348045 -0.804451 0.593602 0.0222807 -0.699102 0.675846 -0.23343 -0.621368 0.782304 -0.0436047 -0.53846 0.818769 -0.199193 -0.355272 0.925157 -0.133667 -0.459532 0.887735 -0.0275326 0.444213 0.886287 -0.131034 0.457349 0.885758 -0.079153 0.626176 0.774691 -0.0880778 0.637904 0.767939 -0.0578612 0.814291 0.540421 -0.211838 0.758744 0.648653 -0.0596318 0.803851 0.59394 0.0325582 0.846035 0.530805 -0.0497104 0.887989 0.451748 0.0860182 0.922566 0.385693 -0.0106742 0.883156 -0.465446 0.0582721 0.817545 -0.551685 -0.165118 0.815079 -0.559536 -0.150216 0.687973 -0.709776 -0.151365 0.626957 -0.727261 -0.279314 0.567541 -0.817972 -0.0939104 0.405592 -0.904882 -0.129165 -0.0452355 0.998829 -0.0171405 -0.27579 0.952804 -0.126906 -0.967075 0.241602 0.0799619 -0.980358 0.192144 -0.0444791 -0.996886 0.00613706 0.0786136 -0.993254 -0.0592128 -0.0996966 -0.968831 -0.244384 0.0405324 -0.0732993 -0.995417 -0.0614116 -0.270012 -0.96024 -0.0709389 -0.222846 -0.961113 -0.163102 0.0729909 -0.99123 -0.11016 0.135392 -0.990582 -0.0204189 0.242836 -0.963235 -0.114931 0.394945 -0.91746 0.0478177 0.958973 -0.271172 0.0826818 0.931371 -0.354562 -0.0826677 0.987921 -0.136993 -0.0724237 0.996144 -0.0804118 0.0350947 0.998286 0.0458998 -0.0363193 0.977158 0.210125 -0.0317756 0.983171 0.182685 0 0.997732 0.0673182 0 0.948359 0.306198 0.0828123 0.164427 0.985359 -0.04507 0.246599 0.949767 0.192695 -0.0478485 0.0978017 -0.994055 0.00341568 0.195527 -0.980692 0.0700264 0.145015 -0.986948 0 0 -1 -0.0160831 0.0250247 -0.999557 0.0551886 0.114826 -0.991851 0.116817 0.110989 -0.986932 0.0366789 0.0486731 -0.998141 0.0568042 0.0529723 -0.996979 0.0475398 0.0180085 -0.998707 0 0 -1 0 0 -1 0 0 -1 0 0 -1 0 0 -1 0 0 -1 0 0 -1 0 0 -1 0 0 -1 -0.0741292 -0.00547558 -0.997234 0 0 -1 0 0 -1 0 0 -1 0 0 -1 0 0 -1 0 0 -1 0 0 -1 0 0 -1 0 0 -1 -0.0566267 0.000840682 -0.998395 -0.10856 0.0943669 -0.989601 -0.0867672 0.10924 -0.990221 -0.084588 0.104457 -0.990926 -0.0649436 0.12546 -0.989971 -0.0619709 0.111802 -0.991796 -0.0175871 0.196883 -0.980269 0 0 -1 0 0 -1 0 0 -1 0 0 -1 0.0826045 -0.0126441 -0.996502 0.117424 -0.112073 -0.986738 0.10088 -0.104077 -0.98944 0.0885307 -0.127596 -0.987867 0.0898481 -0.131565 -0.987227 0.0466444 -0.114841 -0.992288 0.0519861 -0.157431 -0.986161 0.0186495 -0.136447 -0.990472 0.012155 -0.160538 -0.986955 -0.00743277 -0.125325 -0.992088 -0.0173492 -0.141281 -0.989817 -0.0297818 -0.128446 -0.991269 -0.0441073 -0.144276 -0.988554 -0.0735759 -0.0878934 -0.993409 0 0 -1 0 0 -1 -0.0103697 -0.0554227 -0.998409 -0.0928969 -0.0996169 -0.99068 -0.11268 -0.0837713 -0.990094 -0.109783 -0.0827301 -0.990507 -0.127933 -0.0709122 -0.989244 -0.399084 -0.00153473 0.916913 -0.969028 -0.0377794 -0.244043 -0.804389 0.0544112 -0.591606 0.658821 -0.0202615 0.752027 0.999167 0.0222075 0.0342488 0.994544 -0.0165549 -0.102999 0.257385 0.0116447 -0.966239 0.270734 0.0156763 -0.962527 0.981199 0.192968 0.00345057 0.983139 0.182859 0 0.86795 -0.49638 -0.0164072 0.570617 0.817717 0.0757307 0.745633 0.666349 -0.00321972 0.696354 0.717249 -0.0254162 -0.0733107 -0.955983 0.284118 0.76388 -0.645272 -0.010588 0.745232 -0.666798 -0.00312818 0.909201 -0.416217 0.0108517 0.983248 -0.180316 -0.0266412 0.998831 0.0483317 0 0.996656 0.078734 0.0218374 -0.128747 0.985167 -0.113448 -0.0283826 0.99175 0.125006 0.162683 0.984394 0.0671074 -0.00230102 0.999997 0.000203459 0.0393718 0.999136 -0.0133095 0 1 0 0 1 0 -0.0687168 -0.959837 0.272014 0.0147377 -0.999862 0.0077122 0.013838 -0.999871 0.00816617 0.0798329 -0.996808 -0.000954141 0.0489141 -0.99874 -0.011182 0.999926 -0.0109335 0.00539344 0 0 -1 0 0 -1 0 0 -1 0 0 -1 0 0 -1 0 0 -1 0 0 -1 0 0 -1 0.0967823 0.102507 -0.990013 -0.00364541 0.122483 -0.992464 0 0 -1 0 0 -1 0 0 -1 0 0 -1 0 0 -1 0 0 -1 -0.0149928 0.013786 0.999793 -0.0145333 0.00531381 0.99988 0.00904741 0.000148338 0.999959 -0.117254 0.395234 0.911066 -0.0521382 0.0190633 0.998458 -0.03277 -0.0133877 0.999373 0 0 1 0 0 1 0 0 1 -0.0109682 0.121244 0.992562 -0.0241383 0.0729889 0.997041 -0.0238891 0.0726903 0.997068 -0.00349946 0.00124731 0.999993 0 0 1 0 0 1 0 0 1 0 0 1 0 0 1 0 0 1 0 0 1 0 0 1 0.0127617 -0.0351783 0.9993 -0.0138989 -0.10197 0.99469 0 0 1 0 0 1 0 0 1 0.0140465 -0.0437644 0.998943 -0.0103166 -0.0175083 0.999794 -0.00830531 -0.0179936 0.999804 -2.72905e-05 3.8753e-06 1 0.0230874 -0.0116337 0.999666 0.241868 0.939945 0.240838 0.0053534 -0.0533731 0.99856 0 0 1 0 0 1 0 0 1 0 0 1 0.839182 -0.373392 0.395414 5.33607e-06 1.0269e-05 1 -0.00339522 0.00654808 0.999973 7.29604e-07 2.45673e-06 1 0.00798886 0.00332695 0.999963 -6.93472e-07 -2.88795e-07 1 -0.238456 -0.00611687 0.971134 0 0 1 0 0 1 0 0 1 0 0 1 -7.06452e-06 4.42022e-06 1 -1.85836e-05 1.45901e-05 1 -0.916454 -0.0541519 0.39646 -9.72132e-07 -5.74419e-08 1 -2.46917e-06 8.90441e-07 1 -3.85455e-06 1.87435e-06 1 0 0 1 1.44878e-06 -1.2348e-06 1 1.2112e-06 -7.46871e-07 1 5.36865e-06 -2.11599e-05 1 0 0 1 0.0530161 0.138886 0.988888 -0.0465505 0.0339293 0.99834 0 0 1 -8.5654e-06 2.32538e-06 1 0.108556 0.079714 0.990889 -1.67625e-07 -1.23089e-07 1 -1.92296e-10 1.11206e-06 1 2.71286e-06 -1.19929e-05 1 0 0 1 0 0 1 0 0 1 0 0 1 0 0 1 5.65637e-07 -1.58367e-06 1 0 0 1 0 0 1 0 0 1 0 0 1 -0.0690812 -0.695963 0.714747 0 0 1 0 0 1 -0.110477 -0.786837 0.607193 3.30079e-07 2.35088e-06 1 4.64473e-07 -7.41902e-07 1 -3.79169e-06 -1.46335e-06 1 0 0 1 -5.21141e-05 -9.16111e-05 1 -2.42376e-05 7.40661e-05 1 -4.66305e-06 9.62259e-06 1 0 0 1 2.20526e-05 3.39749e-06 1 3.48497e-05 -5.45886e-05 1 -0.30893 0.895808 0.319515 0 0 1 0 0 1 0 0 1 0 0 1 0 0 1 0 0 1 0 0 1 0 0 1 0 0 1 0 0 1 0.00314989 0.012114 0.999922 -0.0133737 0.00863299 0.999873 0 0 1 0 0 1 0 0 1 0 0 1 0.011868 0.00733327 0.999903 0 0 1 0 0 1 0 0 1 -8.88304e-05 -0.00105072 0.999999 0 0 1 0 0 1 0 0 1 0.000526096 -7.57395e-05 1 0.000234531 0.000207589 1 0 0 1 0 0 1 0 0 1 0 0 1 0 0 1 0 0 1 -0.0188736 -0.0538695 0.99837 0.0223943 -0.0209275 0.99953 0.00601741 -0.0187483 0.999806 0 0 1 0 0 1 0 0 1 0 0 1 0 0 1 0 0 1 0 0 1 0 0 1 0 0 1 0 0 1 0 0 1 0 0 1 0 0 1 0 0 1 0.00165389 -0.0215175 0.999767 0 0 1 0 0 1 0.020421 -0.0190773 0.999609 2.71997e-06 -6.37761e-06 1 -2.1924e-06 2.12639e-07 1 1.11433e-06 1.26019e-06 1 -0.0933198 -0.105535 0.990027 0 0 1 0.284691 0.958612 -0.00382741 -0.642418 0.766353 -0.001427 -0.714343 0.69979 0.00289134 -0.688696 0.725023 -0.00626515 -0.786524 0.617503 -0.00832477 -0.774248 0.632882 0 -0.847734 0.530421 0 -0.847696 0.530482 2.28156e-05 -0.899312 0.437307 5.70168e-05 -0.899355 0.437219 2.56609e-05 -0.9407 0.339239 5.55017e-05 -0.940759 0.339075 0 -0.9655 0.260405 0 -0.967729 0.25199 0.00133884 -0.968208 0.250133 0.00268467 -0.553646 0.83275 0.00203975 -0.608743 0.793318 -0.00882739 -0.449793 0.893133 0.000514632 -0.491996 0.870494 -0.0134225 -0.313582 0.948201 -0.0508008 -0.337441 0.941259 -0.0128189 -0.198874 0.979918 0.0144626 -0.100222 0.986743 -0.127645 -0.0407349 0.994245 0.0990874 0.107083 0.990455 -0.0867932 0.238643 0.970753 -0.0262195 0.231252 0.872644 0.430133 -0.169706 0.970546 0.170998 0.333442 0.941712 0.0446528 0.358226 0.932753 0.0405648 0.267273 0.963601 0.00626838 0.441054 0.897478 -0.00201039 0.46109 0.887347 0.0034492 0.495394 0.868668 0 0.547825 0.836593 0 0.553028 0.833161 0.00179309 0.160866 0.986638 0.0258222 0.630448 0.776228 -0.00260011 0.655331 0.745461 -0.121778 0.754434 0.655221 0.0389254 0.764311 0.644732 0.0122378 0.672614 0.403599 0.62024 0.427735 0.123324 -0.895452 0.973253 0.229728 0.00165417 0.960859 0.277015 -0.00358094 0.999959 0.00417048 0.00799534 0.999642 0.0267512 6.33809e-05 0.986505 0.163711 0.00241664 0.984064 0.17774 -0.00526034 0.99585 -0.0903786 -0.0107157 0.997263 -0.0738779 -0.0030184 0.977299 -0.211716 -0.00799899 0.984125 -0.177393 0.00548098 0.957081 -0.289815 0.00170014 0.922486 -0.384895 -0.029574 0.809529 -0.575231 0.117351 0.804282 -0.594137 -0.0115079 -0.413367 -0.908034 0.0678357 0.710943 -0.703177 -0.0101245 0.696667 -0.715712 0.0490993 0.711873 -0.702215 -0.011481 0.654779 -0.75582 0.000354873 0.612128 -0.790757 -0.00182561 0.596364 -0.802708 0.00318316 0.535638 -0.844444 -0.00258507 0.482137 -0.87608 0.00530908 0.500951 -0.865381 0.0127713 0.397437 -0.917622 -0.00355466 0.418063 -0.908381 0.00814976 0.323986 -0.946059 -0.00246351 0.219745 -0.975549 0.00396786 0.000187431 -0.999999 -0.00147251 -0.12782 -0.991786 -0.00484925 -0.143794 -0.989378 -0.0213023 -0.27841 -0.96042 -0.00906737 -0.303253 -0.95276 -0.016896 -0.328615 -0.944457 -0.00367002 -0.408515 -0.912744 -0.00373722 -0.419827 -0.907604 0 -0.498067 -0.867139 0 -0.507664 -0.86155 0.00291323 -0.674103 -0.738635 0.00168485 -0.633874 -0.773397 -0.00782652 -0.592615 -0.805486 0.000829678 -0.572545 -0.81987 -0.00241924 -0.752566 -0.658507 0.00373534 -0.698916 -0.71519 -0.00440918 -0.94384 -0.330403 0.000116537 -0.955651 -0.294494 -0.00192953 -0.961857 -0.27354 0.00267795 -0.971857 -0.235569 -0.00102296 -0.970608 -0.240667 0 -0.221532 -0.779467 0.585965 -0.921312 -0.388824 -2.04519e-06 -0.921314 -0.388818 0 -0.874763 -0.484551 0 -0.874763 -0.484551 0 -0.818303 -0.574787 0 -0.818303 -0.574787 0 -0.763944 -0.645283 0 -0.707106 0.707106 -0.00180717 -0.722132 0.691751 0.00242681 -0.723769 0.689982 -0.00910034 -0.702843 0.711311 0.00698143 -0.726694 0.686293 0.0303132 -0.751196 0.660001 0.0101527 -0.796032 0.603633 0.0442728 -0.806728 0.590555 0.0208449 -0.795015 0.606589 -0.000618994 -0.768717 0.639533 -0.00840455 -0.777144 0.629319 -0.00213563 -0.82913 0.559054 0.00161265 -0.891115 0.453771 -0.00250399 -0.86565 0.500618 0.00570487 -0.83867 0.544639 -0.00102894 -0.98777 0.155908 0.00153824 -0.965659 0.25796 0.0309744 -0.99838 -0.0539084 0.0181902 -0.987291 -0.158824 -0.00556302 -0.933579 -0.358367 -0.00193932 -0.964311 -0.264125 0.0184985 -0.864229 -0.503066 0.00571625 -0.891002 -0.453988 -0.00335355 -0.912728 -0.408554 0.00336981 -0.838669 -0.544639 -0.00144671 -0.777141 -0.629316 -0.00353376 -0.777011 -0.629476 -0.00362419 -0.818763 -0.574121 0.00338218 -0.781743 -0.622388 0.0388764 -0.767082 -0.64103 0.0258086 -0.723362 -0.689442 0.0376561 -0.69803 -0.716068 -0.00121184 -0.707103 -0.707103 -0.00325955 -0.723759 -0.690042 0.00384654 0.969604 -0.244622 -0.00538531 0.987661 -0.15643 -0.00743866 0.984058 -0.177845 0 0.965926 -0.258819 0 0.976487 -0.213879 -0.0270011 0.964917 -0.262553 -0.00119711 0.998628 -0.0523365 -0.00190958 0.99546 -0.0948725 0.00762723 0.996048 0.087129 -0.0172566 0.999809 -0.0160069 0.011232 0.994023 0.109099 -0.00399122 0.973047 -0.190476 0.129995 0.967182 0.254077 -0.00187095 0.974208 0.224928 -0.0180627 0.987308 0.158753 0.00452092 0.0303404 -0.99866 0.0419342 0.00400988 -0.999323 0.0365696 0.117182 -0.993032 -0.0124529 0.121879 -0.992512 -0.00811759 0.0331199 -0.997476 -0.0628158 -0.079908 -0.996683 0.0153879 -0.0800925 -0.996672 0.0151764 -0.0575517 -0.997485 0.0413758 -0.0394483 -0.998683 0.0327979 -0.0174667 -0.999842 0.00327076 -0.156357 -0.9872 0.0314525 -0.0647227 -0.996951 -0.0435924 -0.174943 -0.984578 0.00108362 -0.19978 -0.979834 0.0037083 -0.258817 -0.96592 -0.00345199 -0.281073 -0.959686 0 -0.349982 -0.936757 0 -0.358367 -0.933579 -0.00172166 -0.408555 -0.912731 0.00237405 -0.453988 -0.891001 -0.003434 -0.486443 -0.87371 0.00215892 -0.544638 -0.83867 -0.00171185 -0.646283 -0.763092 0.00294281 -0.629319 -0.777145 -0.00170644 -0.563056 -0.826414 0.00294228 -0.684221 0.729275 0 -0.635583 0.772032 0 -0.62932 0.777145 -0.00170644 -0.563056 0.826414 0.00294228 -0.544638 0.83867 -0.00171185 -0.486443 0.87371 0.00215892 -0.453988 0.891001 -0.003434 -0.408555 0.912731 0.00237405 -0.358367 0.933579 -0.00172165 -0.330857 0.943673 0.00390438 -0.258818 0.965925 -0.00172588 -0.230663 0.973026 0.00386861 -0.156434 0.987687 -0.00173007 -0.14759 0.989049 0 -0.0607006 0.998156 0 -0.0523365 0.998628 -0.00173388 0.0286371 0.999585 0.00315592 0.0523365 0.998628 -0.001737 0.117113 0.993116 0.00223306 0.156433 0.987682 -0.00347967 0.202902 0.979196 0.00235398 0.258818 0.965924 -0.00174239 0.267392 0.963588 0 0.335188 0.942151 0 0.358366 0.933575 -0.00348915 0.401114 0.916025 0.00234364 0.45399 0.891005 -0.00174625 0.461854 0.886956 0 0.523293 0.852153 0 0.544635 0.838666 -0.00349564 0.567174 0.823598 0 0.60929 0.792948 0 0.629317 0.777141 -0.00349786 0.663406 0.748256 0.00232449 0.707106 0.707106 -0.00174964 0.713282 0.700878 0 0.771633 0.636068 0 0.777145 0.629319 -0.00175006 0.814088 0.580737 0.00230959 0.838666 0.544635 -0.00350003 0.861392 0.507935 0.00230135 0.891005 0.45399 -0.00174979 0.894915 0.446238 0 0.923624 0.383299 0 0.933575 0.358366 -0.00349764 0.950089 0.311963 0.00325588 0.958554 -0.28491 0 0.936645 -0.350281 0 0.933579 -0.358367 -0.00174868 0.90956 -0.415567 0.00229312 0.891001 -0.453988 -0.00349932 0.870083 -0.4929 0.00231727 0.838669 -0.544638 -0.00174997 0.824159 -0.566348 0.0034767 0.777145 -0.629319 -0.00175005 0.771633 -0.636068 0 0.713282 -0.700878 0 0.707106 -0.707106 -0.00174964 0.649797 -0.7601 0.00354787 0.629319 -0.777145 -0.00174879 0.567005 -0.823707 0.00358357 0.544638 -0.838669 -0.00174786 0.482926 -0.875655 0.00323318 0.453988 -0.891001 -0.00330919 0.391834 -0.920035 0.00106765 0.358366 -0.933575 -0.00348915 0.166497 -0.986042 0 0.250597 -0.968091 0 0.258818 -0.965924 -0.00174225 0.320099 -0.947381 0.00225481 0 0 -1 0 0 -1 0 0 -1 0 0 -1 0 0 -1 -0.10987 -0.108464 -0.98801 0 0 -1 0 0 -1 0 0 -1 0 0 -1 0 0 -1 0 0 -1 0 0 -1 -0.0295995 -0.248209 -0.968254 -0.10774 -0.0270432 -0.993811 0 0 -1 0 0 -1 0 0 -1 -0.0176036 0.0354056 -0.999218 0 0 -1 -0.0547378 -0.56796 -0.821234 -0.0217778 0.00395028 -0.999755 0 0 -1 0 0 -1 0 0 -1 0 0 -1 0 0 -1 0 0 -1 -0.127697 0.0965091 -0.987107 -0.105031 0.055044 -0.992944 0 0 -1 0.0374964 0.343177 -0.938522 0 0 -1 0 0 -1 0 0 -1 0.00894707 -0.0205771 -0.999748 0 0 -1 0 0 -1 0 0 -1 0 0 -1 0 0 -1 -0.103218 0.054576 -0.99316 0 0 -1 0 0 -1 0 0 -1 0 0 -1 -0.604592 0.0507602 0.794916 -0.697519 -0.705447 -0.125749 -0.1911 0.974022 0.121501 4.07477e-06 0.551683 0.834054 0.0830363 -1.58552e-06 0.996547 2.12958e-06 6.29655e-06 1 -8.43822e-06 -1.29823e-06 1 2.47945e-06 5.69178e-06 1 0.123446 -0.972023 -0.199831 0.220828 -0.962352 -0.158471 0.314565 -0.946804 -0.067901 0.348753 -0.936019 0.0473364 0.337704 -0.9246 0.176271 0.281493 -0.922703 0.263401 0.162748 -0.929672 0.33049 0.0534417 -0.940034 0.336867 -0.0654796 -0.954607 0.290581 -0.14414 -0.96518 0.21829 -0.186331 -0.973728 0.130901 -0.175812 -0.962411 0.207017 -0.355062 -0.932395 0.0676054 -0.415152 -0.909375 -0.0261793 -0.420058 -0.882942 -0.209676 -0.363124 -0.876377 -0.316393 -0.249574 -0.888678 -0.384661 -0.144556 -0.905198 -0.399649 -0.0425059 -0.924423 -0.378992 0.201454 -0.950341 -0.23721 0.0394304 -0.977905 -0.205298 -0.108213 0.954692 0.277224 -0.179114 0.962186 0.205223 -0.214075 0.967439 0.135033 -0.192618 0.935012 0.297744 -0.632459 0.771772 0.0660552 -0.726184 0.649246 -0.226134 -0.552755 0.716661 -0.425275 -0.368832 0.799531 -0.47404 -0.232411 0.858771 -0.456615 0.178672 0.94435 -0.276186 -0.0396485 0.980739 -0.191256 0.0125307 0.97963 -0.20042 0.0912485 0.977075 -0.192351 0.172001 0.972141 -0.159244 0.249397 0.96504 -0.0806171 0.282458 0.959248 0.00775997 0.289709 0.950986 0.108145 0.257789 0.945067 0.200981 0.169692 0.941588 0.290889 0.0735958 0.943087 0.324299 -0.0334106 0.949461 0.312102 -0.219828 -0.000786414 0.975538 -0.106442 0.000343705 0.994319 0.156684 -0.00052215 0.987649 0.221311 0.000422746 0.975203 0.441783 -0.000298739 0.897122 0.503885 0.000623351 0.863771 0.730183 -0.000645859 0.683252 0.788641 0.000416173 0.614854 0.886502 -0.000601331 0.462725 0.936855 0.000793469 0.349716 0.990914 -0.000584735 0.134497 0.999623 0.000235803 0.0274626 0.977486 -0.00106988 -0.210997 0.951523 0.000704844 -0.307578 0.81245 -0.00052867 -0.583031 0.733795 0.00136383 -0.67937 0.525557 -0.000791634 -0.850758 0.428604 0.000529712 -0.903492 0.188617 -0.000851316 -0.98205 0.0624001 0.000771461 -0.998051 -0.111456 -5.02253e-05 -0.993769 -0.20299 0.000624609 -0.979181 -0.34014 -0.000417221 -0.940375 -0.453608 0.00012528 -0.891201 -0.544289 -0.000333574 -0.838898 -0.61408 0.000291978 -0.789244 -0.753954 -0.000551842 -0.656927 -0.79257 9.11446e-05 -0.609781 -0.894728 -0.000399035 -0.446612 -0.954777 0.00159212 -0.297318 -0.998017 -0.000831092 -0.0629345 -0.99459 0.000731166 0.103877 -0.982352 -0.000367671 0.187044 -0.845795 0.000449022 0.533507 -0.818262 -0.000415576 0.574845 -0.657556 0.000259615 0.753406 -0.551024 -0.00140204 0.834488 -0.363625 0.000362099 0.931545 -0.342068 -0.905924 0.249583 -0.255155 -0.942124 0.217482 -0.242725 -0.957335 -0.156826 -0.0263292 -0.367919 0.929485 0.028498 -0.946968 -0.320062 -0.434595 -0.736803 -0.517927 -0.150715 -0.953843 0.259747 0.261708 -0.938889 -0.2236 -0.0641032 -0.910714 0.408033 -0.293062 -0.897375 -0.329899 0.197938 -0.951069 -0.237251 -0.00947484 -0.999376 0.03402 0.0304094 0.993553 -0.109219 0.99652 -0.0597007 0.0581617 -0.432147 -0.0376576 0.901017 -0.4718 -0.0131484 -0.881608 -0.635601 -0.287632 -0.716436 0.490732 -0.00377398 -0.871303 0.764585 -0.155292 -0.625535 0.980028 0.094022 -0.175228 0.912995 -0.146966 0.380581 0.458166 -0.0380203 0.888053 -0.351895 -0.241507 0.904348 -0.343923 -0.934333 -0.0934811 -0.90191 -0.198564 -0.383576 -0.0171727 0.372386 -0.927919 0.151212 0.988198 0.0245019 0.0743319 0.988982 0.128023 -0.0365984 0.989865 0.137217 -0.123961 0.990411 0.0609942 -0.11651 0.991805 -0.0524284 -0.0308018 0.992229 -0.120556 0.0958937 0.989025 -0.112403 0 1 0 0 1 0 0 1 0 0 1 0 0 1 0 0 1 0 -0.0105937 0.999568 -0.0274205 0 1 0 0 1 0 0.0024846 0.984714 -0.174162 0.0148859 0.997117 -0.0744082 0.0317321 0.999121 -0.0274019 0.0238643 0.999321 -0.0280779 0 1 0 0 1 0 -0.00853186 0.999873 -0.0134297 -0.0197599 0.999727 -0.0124379 0.756831 0.008635 -0.653553 0.646364 0.090512 -0.757642 0.196169 0.002539 -0.980567 -0.359572 0.0669795 -0.93071 -0.24753 0.0115831 -0.968811 -0.846243 -0.011586 -0.532671 -0.910742 0.0509205 -0.409825 -0.96428 -0.0323572 0.262902 -0.896284 0.0467375 0.441011 -0.573001 -0.0402526 0.818566 -0.257259 0.0591771 0.964529 -0.0139607 0.00829196 0.999868 0.573001 0.0134906 0.819444 0.501859 -0.0318241 0.864364 0.987011 0.0151709 0.159932 0.988696 0.00956049 0.149632 -0.301696 -0.945301 0.124035 0.0588535 -0.619118 -0.783089 0.040311 -0.620929 -0.78283 0.589311 -0.65133 0.477997 0.104806 -0.976014 0.190822 0.202183 -0.974259 0.0997069 0.521975 -0.665607 0.533395 0.910955 -0.362871 -0.196179 0.217686 -0.452782 -0.864639 -0.0415214 -0.771952 0.634323 -0.223177 -0.759131 0.611484 -0.0696722 -0.975672 -0.20787 -0.283586 -0.924624 -0.254264 -0.535492 -0.844288 0.0206341 -0.911277 0.0224431 0.411182 -0.939588 0.0677419 0.335538 -0.197344 -0.0146369 0.980225 0.354285 -0.0578626 0.933346 -0.00340288 0.0894109 0.995989 0.976215 -0.013898 0.216357 0.994654 0.0531232 0.0885544 0.522718 -0.152093 -0.838829 -0.472021 0.091927 -0.876781 -0.557976 -0.00759373 -0.829822 -0.897614 -0.0617931 -0.436429 0.91849 -0.0690405 -0.389372 0.608015 -0.170049 -0.7755 0.0955944 0.0018374 -0.995419 -0.480713 -0.053495 -0.875245 -0.419578 -0.0781659 -0.904348 -0.891861 -0.105538 -0.439824 -0.973077 0.0100268 -0.230263 -0.975269 -0.0688365 0.210029 -0.943997 -0.0134569 0.32968 -0.457138 -0.164313 0.874086 0.202679 -0.00706319 0.97922 0.209568 -0.00216809 0.977792 0.71775 -0.00947085 0.696236 0.744313 -0.0252928 0.667352 0.981719 0.0262396 0.188517 0.993642 -0.105878 -0.038288 0 -1 0 -0.392996 -0.115489 0.912259 0 -1 0 -0.035602 -0.157132 -0.986936 0 -1 0 0 -1 0 0 -1 0 0.537456 -0.0937383 -0.838066 -0.946788 -0.244052 -0.209836 -0.289761 -0.577337 -0.763362 0 -1 0 0 -1 0 0 -1 0 -0.0200116 -0.0530834 0.99839 -5.05448e-06 0 1 0.999447 -0.0265589 -0.0200146 -0.102789 0.060444 -0.992865 -0.404863 -0.273129 -0.872632 -0.960846 -0.158362 -0.227368 -0.977232 -0.0887543 -0.192721 0.965652 0.207493 0.156408 0.769573 0 0.638559 0.654289 0 0.756245 0.654289 0 0.756245 -0.569601 -0.452015 0.686467 -0.386968 -0.208262 0.898267 -0.949052 -0.249463 0.192531 -0.943748 -0.0266274 0.329593 0.414909 -0.37746 -0.827874 0.973468 -0.0487644 -0.223566 0.904349 0.187548 -0.383377 0 0 -1 0.00189222 -0.00304102 -0.999994 0.0017872 -0.00238207 -0.999996 0.00131276 0.00163362 -0.999998 0.000373288 0.00223981 -0.999997 0 0 -1 -0.000420922 -0.00385556 -0.999992 -0.00291348 -0.000259959 -0.999996 0.0429226 0.0545708 0.997587 0.0179913 0.999838 0 0.00746071 0.15465 -0.987941 -0.0121699 -0.00562078 0.99991 -0.99951 -0.0313057 0 0.00355008 0.00226033 0.999991 -0.000715917 -0.00152572 -0.999999 -0.00217352 -0.000280835 -0.999998 -0.0242485 -0.0182829 0.999539 -0.168591 0.566963 0.806306 0.522965 0.153994 0.838328 0.193551 0.0126301 0.981009 0.110602 -0.196038 -0.974339 0.0320501 0.17318 -0.984369 -0.0868327 0.150147 0.984843 -0.114679 0.0644548 -0.991309 -0.419397 -0.1058 0.901617 0.017224 0.276134 0.960965 -0.0216383 0.288921 -0.957108 0.105498 0.0322907 0.993895 0.0487832 0.0703338 -0.99633 0.00201574 0.137012 -0.990567 0.108344 0.12756 0.985896 0.181004 0.0151684 -0.983365 0.823897 -0.169426 0.540822 0.20587 0.083857 0.97498 0.0146791 0.0466314 -0.998804 0.236538 -0.0243444 0.971317 0.349899 0.0298286 -0.936312 -0.0558489 -0.340839 -0.938461 0.0785343 -0.116989 0.990023 0.180811 -0.0741394 -0.980719 0.708979 0.105355 -0.697316 0.204914 -0.0202244 0.978571 0.272789 -0.258635 -0.926657 0.0393326 -0.116294 0.992436 -0.114566 -0.519853 -0.846539 0.341597 -0.648389 0.680371 0.67682 0.0825756 -0.731503 -0.236557 -0.686089 0.687984 -0.15115 -0.681364 -0.716168 0.004625 -0.353892 0.935275 0.0675625 -0.988599 0.134567 -0.386869 0.110397 -0.915502 -0.253416 -0.100991 0.962071 -0.176211 -0.186189 -0.966583 -0.0814 -0.42015 -0.903796 -0.173824 -0.514817 0.839493 -0.805289 -0.352708 -0.476558 -0.831836 -0.284506 0.476555 -0.876025 0.0739667 -0.47656 -0.594574 0.136565 0.792359 -0.875555 0.394264 0.279211 -0.144668 -0.0994107 -0.984474 0.105189 -0.752013 0.650701 -0.981037 0.19382 0 -0.489974 0.0729457 0.86868 -0.719466 -0.058117 -0.692092 -0.402971 -0.068805 0.912623 0.335657 0.903071 0.267949 -0.0892625 0.12259 -0.988435 -0.78216 0.623078 0 -0.253102 -0.0373064 0.96672 -0.319342 0.0428188 -0.946672 -0.373275 0.381727 0.845547 -0.124666 0.239417 -0.96288 0.0310691 0.305195 0.951783 0.271121 0.94221 0.196809 0 0 1 -0.0211651 0.00114519 0.999775 0 0 1 0 0 1 0 0 1 0 0 1 0.00162537 -0.0113019 0.999935 -0.0170691 0.00175675 0.999853 0.0124639 0.000965172 0.999922 0 0 1 -0.00339843 0.00506248 0.999981 0 0 1 0 0 1 0 0 1 0 0 1 0 0 1 0 0 1 0 0 1 0.0416795 0.194313 0.980054 0 0 1 -0.00461014 0.0081713 0.999956 0 0 1 0 0 1 0.0120342 0.00876794 0.999889 0 0 1 0 0 1 0 0 1 0 0 1 0 0 1 0 0 1 0 0 1 -0.013221 -0.0713378 0.997365 0 0 1 0 0 1 0 0 1 0.0331662 -0.0262349 0.999106 0 0 -1 0 0 -1 -0.00994351 0.0313467 -0.999459 -0.00391077 -0.00923748 -0.99995 0 0 -1 0 0 -1 0.000232688 -5.34449e-05 -1 0.000133059 -0.000476767 -1 0 0 -1 0.000223283 6.34839e-05 -1 0 0 -1 5.03336e-05 0.000226897 -1 -1.66158e-05 0.000243129 -1 -0.000514239 -7.66141e-05 -1 -0.000276157 -0.000636203 -1 0 0 -1 0 0 -1 0.0126796 -0.00828104 -0.999885 0 0 -1 -8.65113e-05 0.000255786 -1 0 0 -1 0.0181048 0.0929508 -0.995506 -7.85944e-05 -0.000403507 -1 -0.000125443 0.000156999 -1 0.0069037 -0.0175714 -0.999822 -4.71576e-05 -0.000254812 -1 -0.000152605 -9.95819e-06 -1 -0.0451478 -0.00384881 -0.998973 0.0133381 0.0443526 -0.998927 0 0 -1 -0.000359318 -0.000518051 -1 -0.000645011 -6.99053e-05 -1 -0.000989737 0.000203529 -1 -0.000686822 -0.000808641 -0.999999 4.47599e-05 -0.000597647 -1 0.000518865 -0.000291626 -1 0 0 -1 0 0 -1 0.000863742 0.000391732 -1 0.000819226 0.000120751 -1 0.000728557 0.000906626 -0.999999 -0.00111503 0.00102782 -0.999999 -0.00559022 0.000258257 -0.999984 0 0 -1 -0.000484392 0.00191549 -0.999998 0.00143257 -0.00566499 0.999983 0.0013996 -0.000309877 -0.999999 0.00124625 -0.00144691 -0.999998 -0.00241451 -1.48508e-05 -0.999997 0.00427909 0.00985805 0.999942 -0.00142327 0.00104826 -0.999998 0.00257629 0.000508785 -0.999997 0 0 -1 0.000642626 0.000500492 -1 -0.000432977 0.00029724 -1 6.81804e-05 0.00041418 -1 0.44253 -0.17458 -0.879596 0.880639 0.218193 -0.420555 -0.416348 0.88717 0.198955 -0.670096 0.237546 -0.703238 -0.825221 -0.508109 -0.246648 0.628387 -0.31951 -0.709255 0.757813 0.280851 0.588933 -0.89555 0.444961 0 -0.943238 -0.332117 0 -0.847212 -0.511305 -0.144219 -0.140113 -0.983591 0.11365 -0.512549 0.295352 -0.806264 0 0 -1 0.0826104 -0.062177 -0.99464 0.0963148 -0.0528558 -0.993947 0.754063 -0.134117 -0.642963 0 0 -1 -0.0965069 -0.0517612 -0.993986 0 0 -1 0 0 -1 -0.677375 -0.130781 -0.723919 -0.000431395 -3.08139e-05 -1 0 0 -1 0 0 -1 -0.412241 0.310275 -0.856614 4.0711e-05 2.18353e-05 -1 2.46676e-05 -0.000145173 -1 0 0 -1 0 0 -1 0 1 0 -0.0483272 0.910452 0.410782 -0.886158 0.119727 -0.447648 0.263637 0.964622 0 0.609473 0.657836 -0.442486 1 0 0 1 0 0 0.0609121 -0.93214 0.356937 0.888017 -0.45981 0 -0.694245 -0.0910388 -0.713957 -0.124526 -0.674777 -0.72744 -0.938286 0.166882 -0.302936 -0.843193 0.0679469 0.533301 0.928383 0.371625 0 0.00220194 0.000299432 0.999998 0.642086 -0.0208633 -0.766349 -0.390533 -0.0469408 0.919392 0.763375 0.234399 0.601927 -0.387343 0.0125859 0.92185 0.0639348 -0.575438 0.815343 -0.0253846 0.203075 0.978834 0 0 1 0 0 1 0 0 1 -0.763713 -0.0545509 0.643247 9.14632e-05 -0.000397155 1 -0.167785 0.0264513 0.985469 -0.000418016 -5.02442e-05 1 0 0.000520205 1 -0.000362859 0.000117829 1 -0.000361921 0.000128299 1 -0.23624 0.56238 -0.792414 -0.218799 -0.0677542 0.973415 -0.125046 -0.57667 0.80735 0.196863 -0.898825 0.39161 -0.53387 0.00578255 0.845547 -0.0714591 0.312797 0.947128 0.0091669 0.452636 0.891648 -0.400256 0.721595 0.564885 0.30997 0.138896 0.940546 0.392648 -0.13898 0.909127 -0.484009 -0.567279 0.66628 -0.502631 0.321095 0.802658 -0.36386 0.715607 0.596249 -0.581499 0.301658 0.755554 -0.273004 -0.632339 0.724994 0.609389 0.0110786 -0.792794 0.458434 -0.155025 0.875103 0.220095 -0.974552 -0.0425009 0.950209 -0.27296 -0.150316 0.930879 -0.325359 -0.166152 0.972609 -0.232369 0.00605637 0.635901 -0.754419 -0.162735 0.494936 -0.0922773 -0.864016 0.0590828 -0.0817547 -0.9949 0.307403 -0.689418 -0.655901 0 0 -1 0.0232462 -0.0530034 -0.998324 0.0340975 -0.0584358 -0.997709 0 0 -1 0.0059599 -0.0535176 -0.998549 0 0 -1 -0.303924 0.951151 -0.054249 -0.401636 0.915766 0.00783639 -0.904679 0.425601 0.0204878 -0.890808 0.454359 0.00450088 -0.997808 0.0607878 -0.0261461 -0.992989 -0.118176 0.00284406 -0.934695 -0.353792 -0.0343061 -0.798946 -0.600647 0.0301623 -0.426007 -0.902033 -0.0696736 -0.30013 -0.953893 -0.00318211 0.0534855 0.108966 -0.992606 0.0561166 0.037336 -0.997726 0.0834337 -0.0438808 0.995547 0.0383887 0.115167 0.992604 -0.172173 0.13923 0.975178 -0.133645 -0.0580524 0.989327 -0.0632693 -0.304893 0.950283 -0.0661943 -0.0879931 0.993919 -0.0586252 0.274741 0.959729 -0.0586041 -0.45007 -0.891068 -0.40017 -0.180897 -0.89841 -0.537834 0.232999 -0.810214 -0.0744472 0.21185 -0.974462 -0.166858 -0.175461 -0.970243 -0.381949 0.882115 0.275658 -0.327109 0.916732 0.229351 -0.889229 -0.0209188 -0.456984 -0.821705 -0.551698 -0.142931 -0.684144 -0.715957 0.139115 0.702949 0.548247 0.453087 0.420951 -0.517045 0.745295 0.145291 -0.341648 0.92853 -0.260015 -0.542722 0.798652 0.0917787 -0.589076 0.802849 -0.294903 -0.527244 0.796898 -0.603988 -0.480316 0.636 -0.734241 -0.151678 0.661728 -0.616069 0.0921858 0.782279 -0.6232 0.251934 0.740372 -0.0659482 -0.70733 -0.703801 -0.0933367 -0.717961 -0.689797 -0.103158 -0.708558 -0.698071 -0.12471 -0.787146 0.604027 -0.632782 -0.611466 -0.475075 -0.554574 -0.612441 -0.56335 -0.639777 -0.273628 -0.718202 -0.610485 -0.580638 0.538672 -0.684078 0.100266 -0.722485 -0.821969 -0.0694378 -0.565283 -0.792314 -0.0981971 0.60216 -0.723997 0.287274 -0.627137 -0.196381 -0.565235 -0.801214 -0.0989428 -0.702193 -0.705079 -0.451258 -0.534228 -0.714819 -0.573068 -0.320596 -0.754196 -0.663921 -0.286271 -0.690839 -0.688857 0.0896452 -0.719333 -0.69984 0.102576 -0.706896 -0.612433 0.327374 -0.71955 -0.328789 0.48743 -0.808894 -0.281039 0.557822 -0.78093 0.0442622 0.496705 -0.86679 -0.625019 0.655288 0.424205 0.305894 -0.752714 0.582967 0.388165 -0.43828 0.810703 0.210994 0.617429 0.757802 -0.056717 0.414539 0.908262 0.0711276 0.447 0.891702 -0.0946524 0.532348 0.841217 0.33829 0.511789 0.789704 0.481467 0.317693 0.81686 0.429492 0.0499397 0.901689 0.69361 0.0335359 0.719569 0.487749 -0.437188 0.755624 -0.2022 0.385621 0.900228 0.121938 -0.456718 0.881215 0.146887 0.48734 0.860769 0.275713 -0.250144 0.928122 -0.0811147 0.365191 0.927392 0.0868352 0.392127 0.915804 0.162089 0.278642 0.946618 0.352065 0.287472 0.890736 0.295579 0.195118 0.93518 0.419217 0.0364527 0.907154 0.381004 -0.129432 0.915469 0.585277 -0.34897 0.731896 0.187624 -0.538939 0.821183 -0.0983692 0.353294 0.930326 -0.404252 0.732655 0.547537 -0.687943 0.220784 0.691367 -0.294889 0.181807 0.938076 -0.402861 0.318482 0.858063 -0.642186 -0.0241008 0.76617 -0.515212 -0.0478113 0.855728 -0.788712 -0.345069 0.508783 -0.368901 -0.308885 0.876643 -0.4096 -0.368199 0.83466 -0.392948 -0.66082 0.63946 -0.145295 -0.79526 0.588601 -0.138943 -0.462165 0.875841 0.436408 0.00848717 -0.899709 0.423372 -0.0129645 -0.905863 0.406541 -0.156188 -0.900183 0.351436 -0.19734 -0.915177 0.330581 -0.318924 -0.888259 0.16881 -0.358209 -0.918254 0.123862 -0.431493 -0.893573 -0.526193 -0.506414 0.68313 -0.0889 -0.634948 0.767423 -0.359214 -0.659031 0.66079 -0.590992 -0.422897 0.68694 -0.538965 -0.44552 0.714863 -0.737771 -0.163119 0.655047 0.488724 -0.363782 -0.792976 0.657757 -0.0958882 0.747102 0.661797 -0.391049 0.639614 0.90555 -0.415222 0.0869983 0.151925 -0.786105 0.599131 0.109054 -0.746157 0.656778 0.97042 0.0631739 0.233012 0.768413 0.0966933 0.632608 0.621307 -0.0482037 -0.782084 0.629542 -0.0575065 -0.774836 0.949069 -0.149658 -0.277256 0.867299 -0.204224 0.453965 0.536717 -0.446646 -0.715851 0.580627 -0.719552 0.380943 0.54863 -0.71028 0.441029 0.516373 -0.651095 -0.556269 0.550367 -0.767013 -0.329829 0.0636275 -0.765198 -0.640643 -0.408806 -0.892303 -0.1915 -0.802592 -0.444014 -0.398369 -0.908133 -0.418127 0.0215584 -0.0551112 -0.506588 0.860425 0.0375611 -0.35248 0.935065 -0.468622 -0.657527 0.589959 -0.520843 -0.133185 0.843199 -0.444453 -0.0166801 -0.895647 -0.305045 0.241153 -0.9213 -0.305406 0.251116 -0.918514 -0.419566 0.134653 -0.897682 -0.409313 0.0657717 -0.910021 -0.0442862 0.434572 -0.899547 -0.0867047 0.397349 -0.913562 -0.221416 0.401287 -0.888788 0.138215 0.419523 -0.897161 0.149192 0.395945 -0.906074 0.401435 0.125083 -0.907306 0.406649 0.150102 -0.901169 0.309686 0.303044 -0.901254 0.321388 0.302044 -0.897485 -0.682303 -0.00349181 0.731061 -0.547301 0.528027 0.649345 -0.230095 0.751001 0.618914 0.141514 0.559886 0.816395 0.712396 0.19787 0.673305 0.665077 0.301044 -0.683407 -0.205031 0.681818 0.702201 -0.777136 0.0696797 0.625463 -0.567639 0.4922 0.659943 0.0274319 0.856732 0.515032 -0.0678957 0.813542 -0.577528 0.351786 0.914119 0.201577 -0.776903 0.0703022 0.625683 -0.620015 0.00435102 -0.784578 -0.609842 0.0613557 -0.790144 -0.776344 0.025668 0.629787 -0.947284 0.192677 0.255985 -0.61559 0.100556 -0.781625 -0.847017 0.52158 0.102548 -0.514609 0.38092 -0.768165 -0.684457 0.254009 -0.683373 -0.526398 0.511185 0.679408 -0.253063 0.710341 -0.656791 -0.491008 0.819746 -0.294836 -0.435463 0.696959 0.569753 -0.120562 0.908867 0.39928 0.0681708 0.637529 -0.767405 0.26028 0.60915 -0.749126 0.356375 0.635738 -0.684715 0.454005 0.620026 0.63988 0.566816 0.544538 0.618221 0.519 0.545202 -0.658327 0.567593 0.540627 0.620934 0.522004 0.515597 -0.679464 0.692187 0.28959 -0.661071 0.716978 0.393683 0.575288 0.665206 0.338956 -0.665289 0.700803 0.195619 0.686009 0.568881 0.561552 -0.600861 -0.0206486 0.498803 -0.866469 0.692417 0.319202 -0.647046 -0.833482 0.551512 -0.0337935 -0.528436 0.794491 -0.299231 -0.0997276 0.952662 -0.28721 -0.122849 0.955889 -0.266804 0.144509 0.921108 -0.361492 0.765687 0.614535 -0.189923 0.255656 0.683718 -0.683499 0.661828 0.120375 -0.739928 0.938683 0.326661 0.110304 -0.993313 -0.079511 -0.0837045 -0.990401 0.130001 -0.0469615 -0.884634 0.448516 -0.127503 -0.533734 0.812608 -0.234086 -0.362101 0.857341 -0.365853 -0.123074 0.967775 -0.219691 0.182504 0.953395 -0.240271 0.189051 0.953615 -0.234261 0.67428 0.73588 -0.0618658 0.69532 0.715277 -0.0700654 0.779702 0.427806 -0.457216 0.966507 0.229087 -0.11569 -0.859114 0.480325 -0.176667 -0.115625 0.0205094 -0.993081 0.0875063 0.0961515 -0.991513 0.341902 0.179861 -0.922363 0 0 -1 0 0 -1 0.0109146 0.0346895 -0.999339 -0.0248338 0.0470822 -0.998582 -0.0273102 0.0372857 -0.998931 -0.0618517 0.017883 -0.997925 -0.0519753 0.0214106 -0.998419 0.0258964 0.0413626 -0.998809 0.191376 -0.568768 -0.799924 -0.327918 0.378547 -0.865547 -0.608936 0.223341 0.761128 0.541972 0.0439879 0.839245 0.211079 -0.323183 0.922496 0.0467802 0.909122 0.413895 0.75626 -0.0721301 -0.650283 0.478669 -0.357703 -0.801826 0.93875 0.279739 0.201232 0.519601 -0.514318 -0.682269 0.858597 -0.510061 0.0514606 0.618356 -0.777283 -0.116046 -0.372125 -0.682718 0.628824 -0.521297 -0.503953 0.68868 -0.633979 -0.182191 0.751583 -0.0420926 -0.779887 0.624503 -0.433274 -0.695052 0.573739 -0.598009 -0.440247 0.669752 -0.991446 -0.129548 -0.015884 0.132982 -0.643646 -0.753681 0.172463 -0.681564 -0.711145 -0.00570151 -0.665984 -0.745944 -0.0407912 -0.780936 0.623278 -0.208846 -0.806982 -0.552415 -0.365042 -0.48424 -0.795145 -0.413512 -0.722196 -0.554474 -0.528183 -0.805731 -0.267993 -0.523284 -0.260063 -0.811505 -0.889389 -0.457045 0.00986041 -0.865987 -0.485656 0.11918 -0.701316 -0.424053 0.573005 -0.523318 -0.226141 -0.821583 0.540915 -0.0441007 0.83992 0.626518 -0.311903 0.714277 0.475879 -0.573684 0.666652 0.194813 -0.620949 0.759256 -0.0735479 -0.40256 -0.912434 -0.0826747 -0.389576 -0.917276 -0.222575 -0.374305 -0.900198 -0.312114 -0.280567 -0.907671 -0.41157 -0.0791536 -0.907934 -0.409928 -0.179347 -0.894312 -0.315451 -0.257801 -0.913252 0.388185 -0.798134 0.460754 0.0935964 -0.326058 0.940705 0.0941112 -0.12903 0.987165 0.744179 -0.285904 0.603702 0.213259 -0.254355 0.943305 0.131997 -0.127343 0.983036 0.0529344 0.00102946 0.998598 0.329287 0.121301 0.936406 0.0667924 -0.0189316 0.997587 0.147948 0.0546106 0.987486 0.0853105 -0.0495231 0.995123 -0.0515653 0.00700916 0.998645 0.0886555 0.086754 0.992277 0.206871 0.54902 0.809803 -0.065085 0.638668 0.766725 -0.338094 0.149442 0.929171 -0.393844 0.0522613 0.91769 -0.0940456 -0.318283 0.943319 -0.40834 0.317901 0.855685 0.436799 0.0443876 0.898463 -0.680826 0.286494 0.67409 -0.511343 0.311426 0.800963 -0.507659 -0.154404 0.84761 -0.408311 -0.388273 0.826151 -0.64458 -0.612986 0.456909 -0.144886 -0.649148 0.746736 -0.267937 -0.4565 0.848421 -0.43749 -0.241885 0.86608 -0.529299 0.0659051 0.845872 -0.511249 0.0867678 0.855041 -0.266161 0.449093 0.852921 -0.29827 0.305887 0.904139 0.766668 -0.0737549 0.637794 0.771338 0.578775 -0.264684 0.125341 0.812533 0.569281 -0.00157865 0.574874 -0.818241 0.295494 0.579884 -0.759222 0.460621 0.363876 -0.809582 0.459047 0.314532 -0.83087 0.583454 0.191913 -0.789145 0.538972 -0.00654495 -0.842298 0.615088 -0.0903319 -0.783267 0.527369 -0.375332 -0.762239 0.250323 -0.395053 -0.883896 0.250314 -0.502298 -0.827671 0.122622 -0.583268 0.802971 0.412316 -0.486778 0.770093 0.602232 -0.0533583 0.796536 0.203113 0.609229 0.766541 0.606914 -0.0247566 0.794382 0.729099 -0.362616 0.580451 0.535333 -0.385058 0.751764 0.392832 0.572594 0.719597 0.563284 0.629055 0.535725 0.218353 0.719139 -0.659667 0.306167 0.673404 -0.672896 0.649569 0.723592 -0.233398 0.653215 0.51602 -0.554107 0.732144 0.197853 -0.651781 0.790181 0.142047 -0.596185 0.684383 -0.0989274 -0.72238 0.758794 -0.391731 -0.520364 0.582473 0.294137 0.757765 0.754353 0.12795 0.643879 0.615841 -0.435688 -0.656442 0.395615 -0.727688 -0.56032 0.341221 -0.652929 0.676203 0.393057 -0.740732 -0.544814 0.0595674 -0.915928 -0.396898 0.819618 -0.262665 0.50915 0.694553 -0.11603 0.710023 0.881269 0.438523 0.176246 -0.00973893 0.337049 -0.941437 0.177355 0.246459 -0.952787 0.205178 0.0141467 -0.978622 0.397393 -0.0658467 -0.915283 0.119608 -0.105392 -0.987211 0.429519 -0.371134 0.82327 0.411329 -0.33125 0.849165 0.294006 0.308381 0.904689 0.996583 0.082273 -0.00739061 0.0519842 0.163678 0.985143 -0.155748 -0.047759 -0.986642 -0.0364642 -0.0355577 -0.998702 -0.016594 -0.0342045 -0.999277 -0.0361839 -0.0235971 -0.999067 -0.093413 0.0704313 -0.993133 -0.074211 0.220478 -0.972565 0.0581397 -0.998221 -0.0132267 0.455888 -0.864315 0.212428 0.948006 -0.318083 -0.0104126 0.960639 -0.277747 0.00542965 0.914135 0.402538 -0.0481637 0.953268 0.301841 0.0131197 0.449366 0.89261 0.0363004 0.440879 0.896606 0.04151 0.12041 -0.919069 -0.37525 -0.580448 -0.706704 -0.404536 -0.316083 -0.914877 -0.251182 -0.65248 -0.753755 -0.0782565 -0.769168 -0.634722 -0.0742202 -0.787449 -0.252584 -0.56225 -0.114122 -0.276431 -0.954234 -0.335216 -0.0982313 -0.937006 -0.237305 -0.420448 0.875734 0.288155 0.173827 0.941675 -0.534856 -0.0895987 -0.840179 0.842931 -0.1104 0.526573 0.625588 0.352769 0.695841 0.225507 -0.453902 0.862044 -0.462429 0.82857 -0.315643 0.0483004 -0.699687 -0.712815 -0.0117212 -0.056756 0.998319 0.136043 -0.398458 0.907041 0.447137 0.152242 0.881414 0.648944 -0.0256889 0.760403 0.201122 -0.0132647 0.979476 -0.0179744 -0.702075 -0.711876 -0.209674 0.342173 0.915944 -0.186237 0.371809 0.909436 -0.245113 0.364955 0.89818 0.896093 0.155879 0.415594 -0.151585 -0.0435754 0.987483 -0.640103 0.595047 0.485991 -0.367812 0.380693 0.848403 -0.333417 0.841454 0.425192 -0.482425 0.213739 0.84946 -0.766683 0.0250214 0.641538 0.104802 0.00305743 -0.994488 0.406521 -0.786001 0.465772 0.931193 0.179815 0.317091 0.665404 -0.407904 0.625181 -0.942916 -0.249071 0.221074 -0.809131 0.139111 0.570926 -0.195739 0.73264 0.651863 0.589062 0.475221 0.653583 0.591012 0.577683 0.563016 0.254594 0.782512 0.568204 0.26402 0.787919 0.556306 -0.541312 0.481293 0.689448 -0.838336 0.217749 0.499779 -0.188433 -0.744449 0.640537 -0.261097 0.430075 -0.864213 0.276122 -0.570497 -0.773492 0.0711622 -0.570467 0.818232 -0.286215 -0.265556 0.920631 0.273036 -0.0938197 -0.957418 -0.534854 -0.253331 0.806073 -0.287144 -0.0917331 0.953485 -0.0514398 0.471299 0.880472 -0.695794 0.621408 0.360172 0.0671787 0.333054 0.940512 0.0287806 0.775441 0.630764 0.354587 -0.264233 0.896911 0.431024 -0.26455 0.862689 -0.738222 0.238965 0.630812 -0.54749 -0.398208 0.735992 0.25783 0.790056 0.556179 0.245012 -0.264034 0.932875 0.34646 -0.387841 0.854134 0.951925 -0.302365 -0.0491367 0.839605 -0.408104 -0.358489 0.677113 -0.733879 -0.0542172 0.495299 -0.865451 -0.0753275 0.0924131 -0.68623 -0.72149 0.583856 -0.211467 -0.783833 0.0164264 -0.099718 -0.99488 0.150467 -0.305169 -0.940336 0 0 -1 -0.081631 -0.00758833 -0.996634 0 0 -1 0 0 -1 0 0 -1 0 0 -1 -0.536412 0.842468 -0.0500943 -0.172129 0.972993 0.153805 -0.935716 0.346333 0.0669993 -0.966175 0.257818 -0.00603344 -0.898857 -0.438129 0.00992885 -0.885651 -0.463661 0.0253334 -0.300007 -0.953748 -0.0190067 -0.287931 -0.957584 -0.011323 0.00247056 0.0143392 -0.999894 0.0112001 -0.133278 0.991015 -0.538616 0.268856 0.798505 -0.0861293 -0.35385 0.931328 -0.082787 -0.28275 0.955614 -0.507263 -0.240661 0.827506 -0.326628 0.0417087 0.944232 -0.0899563 -0.178174 -0.979878 -0.162771 0.0966215 -0.981921 -0.164085 0.0997084 -0.981394 -0.243216 -0.111182 -0.963579 -0.0646953 -0.250715 -0.965897 -0.7279 0.576684 0.37094 -0.739796 0.440172 0.508872 -0.646186 -0.750715 0.137372 -0.210504 -0.973718 0.0869596 0.20584 0.311971 0.927526 0.407916 -0.0424722 0.912031 0.154592 -0.349339 0.924155 -0.604177 0.488381 0.629646 -0.572422 -0.177317 0.800557 -0.420476 -0.489071 0.764205 -0.180246 -0.721817 0.6682 -0.626729 0.0364532 0.778384 -0.413235 0.557993 0.719639 -0.73408 -0.0915597 0.672862 -0.541519 0.39797 0.740525 -0.715344 0.695604 -0.0664731 -0.52767 0.501605 0.685534 -0.215316 -0.657452 0.722077 -0.0355647 -0.810419 -0.58477 -0.411337 -0.871724 -0.26627 -0.267109 -0.801779 -0.534606 -0.557977 -0.516869 -0.649236 -0.6875 -0.473745 -0.550372 -0.224963 -0.660063 0.716735 -0.675282 -0.292913 -0.676902 -0.862061 0.0315777 -0.50582 -0.680763 0.132861 -0.720354 -0.695924 -0.468885 0.543909 -0.616191 0.334489 -0.71304 -0.317836 0.696633 -0.643182 -0.644042 0.0531137 -0.763144 0.0714532 -0.651465 -0.755306 -0.037895 -0.593927 -0.803626 -0.253112 -0.635776 -0.729194 -0.422609 -0.41053 -0.808001 -0.418552 -0.373056 -0.828036 -0.632342 -0.253576 -0.732013 -0.520779 0.380438 -0.764236 -0.194231 0.634855 -0.747819 -0.233379 0.421917 -0.876083 0.403477 0.4205 0.812642 0.287511 0.597811 0.748304 0.296887 0.932128 0.207351 0.667823 0.190068 0.719643 0.520163 0.291889 0.80264 0.713623 -0.154345 0.683315 0.560004 -0.428921 0.708817 0.554733 -0.218409 0.802851 0.169561 -0.578995 0.797505 0.125256 0.347982 0.929096 0.25432 0.258406 0.931959 0.263064 -0.339729 0.902985 0.064664 -0.426182 0.902323 -0.29975 0.70902 0.638311 -0.321278 0.399356 0.858659 -0.170742 0.0969163 0.980538 0.0252815 -0.0990006 0.994766 -0.16903 0.0975037 0.980776 -0.196675 0.214619 0.956691 0.0914437 -0.0110857 0.995749 -0.650715 -0.151762 0.744002 -0.0815409 0.100276 0.991613 0.0706205 0.0383456 0.996766 0.0632281 -0.204639 0.976793 -0.477238 -0.492359 0.727892 0.0534599 -0.167423 0.984435 -0.351351 -0.764322 0.540707 -0.0878235 -0.294801 0.951514 -0.00230715 -0.0985296 0.995131 0.438441 -0.0384463 -0.897937 0.376344 -0.119611 -0.918727 0.387214 -0.2136 -0.896906 0.287601 -0.300169 -0.909497 0.282211 -0.32556 -0.902423 0.146244 -0.413307 -0.898772 0.0763892 -0.398715 -0.913888 -0.581648 -0.402555 0.706849 -0.137575 -0.661957 0.736808 -0.379316 -0.649188 0.659298 -0.551761 -0.284756 0.783884 -0.549361 -0.316217 0.77344 0.581542 -0.383913 -0.717231 0.608883 -0.486841 0.626297 0.604818 -0.503694 0.616837 0.0969365 -0.784393 0.612642 0.650386 0.101525 -0.752789 0.799769 -0.000248585 0.600308 0.635195 0.0199834 -0.772094 0.80382 -0.196206 0.561584 0.810353 -0.213706 0.545581 0.763382 -0.229351 -0.603859 0.633959 -0.374683 -0.676542 0.392753 -0.665967 -0.634218 0.565654 -0.549064 0.615275 0.513444 -0.785264 0.346028 0.330505 -0.653959 -0.680517 0.30267 -0.886359 -0.350369 -0.767682 -0.480739 -0.423738 -0.616598 -0.669428 -0.414334 -0.76275 0.315726 -0.564385 0.484158 0.0356547 -0.874254 -0.241428 0.326204 0.913949 -0.395376 0.22807 -0.889754 -0.3943 0.130115 -0.909724 -0.448905 0.0544205 -0.891921 0.0122931 0.404752 -0.914344 -0.0393935 0.432987 -0.900539 -0.161496 0.390398 -0.906371 -0.165179 0.390711 -0.905572 -0.271379 0.337331 -0.901422 -0.292275 0.290698 -0.911082 0.23217 0.355859 -0.905241 0.186604 0.358912 -0.914528 0.113006 0.423402 -0.898866 0.41317 0.098842 -0.905274 0.425367 0.132648 -0.895247 0.342738 0.241834 -0.90777 0.340343 0.26399 -0.902483 -0.613011 0.302057 0.730054 -0.710687 0.163508 0.684244 -0.751757 -0.144717 0.643365 -0.746073 0.245891 0.6188 -0.578115 0.507851 0.638647 -0.307801 0.723756 0.617606 -0.0319377 0.588759 0.807677 0.317205 0.413745 0.853344 0.618844 0.281576 0.733313 -0.573577 0.240698 -0.782991 -0.309503 0.69947 0.644166 0.224681 0.682507 0.695487 -0.673369 0.518069 0.527427 -0.501156 0.75007 -0.431553 -0.0707024 0.906103 0.417107 -0.0576775 0.991275 -0.118519 0.694298 0.421847 0.583091 -0.869224 -0.220755 -0.4424 -0.989999 -0.0769475 0.118238 -0.674858 -0.165442 -0.719164 -0.592706 0.0304908 -0.804841 -0.932604 0.26422 0.24584 -0.773009 0.149994 0.616407 -0.938165 0.261414 0.226955 -0.600216 0.206714 -0.772664 -0.710246 0.441671 0.548159 -0.537477 0.390003 -0.747674 -0.617243 0.605481 -0.502399 -0.547519 0.485675 0.681427 -0.312836 0.693979 0.64848 -0.157633 0.693113 -0.703382 -0.164398 0.690472 -0.704429 -0.237718 0.723562 0.648034 0.166776 0.695047 0.699354 -0.00541821 0.581615 -0.813446 0.363763 0.76852 -0.526358 0.334535 0.558963 -0.758714 0.365107 0.714334 0.597013 0.522971 0.536069 0.66267 0.440716 0.497743 -0.747008 0.533811 0.259806 -0.804703 0.671998 0.470925 0.571532 0.902916 0.233397 0.360928 -0.967577 0.17762 -0.17957 -0.640808 0.704446 -0.305156 -0.608025 0.741072 -0.284812 -0.584661 0.75439 -0.298443 0.224087 0.946451 -0.232412 0.113368 0.943807 -0.310445 0.634176 0.700709 -0.326845 -0.971941 0.150708 -0.180604 -0.995018 -0.0220323 -0.0972343 -0.967067 0.185525 -0.174244 -0.62968 0.696767 -0.343539 -0.621749 0.700622 -0.350081 0.517832 0.848107 -0.112097 0.84544 0.484113 -0.225534 0.884212 0.432438 -0.176542 0.262986 0.927737 -0.264844 -0.116507 0.377839 -0.918512 0.514808 0.207248 -0.831878 -0.0555827 0.0160608 -0.998325 0.0509224 0.0495763 -0.997471 0 0 -1 -0.0446034 0.0932761 -0.994641 0.0184751 0.0614433 -0.99794 -0.0506514 0.168429 -0.984411 0.34172 -0.407097 -0.847053 0.40944 0.5749 -0.708414 -0.0505384 -0.640642 -0.766175 -0.656558 -0.0200423 0.754009 0.423111 0.0610093 0.904021 0.536572 -0.349981 -0.767856 0.99199 -0.125844 0.0109315 0.616372 0.00258074 -0.787451 0.760591 -0.648146 0.0375335 0.624176 -0.729605 0.279429 0.449809 -0.892377 -0.036536 -0.681873 -0.135043 0.718897 -0.0603475 -0.700078 -0.711512 -0.23785 -0.781031 0.577424 -0.293618 -0.7424 -0.602188 -0.376935 -0.643066 0.666623 -0.72092 -0.569181 0.395359 -0.440036 -0.52952 -0.725243 0.0706 -0.80435 -0.589946 0.103752 -0.779296 0.618008 -0.11339 -0.739182 0.663892 -0.495362 -0.503753 -0.707707 -0.342365 -0.846003 -0.408736 -0.494445 -0.440341 0.749416 -0.88287 -0.468408 0.0336785 -0.86248 -0.401444 0.308175 -0.518888 -0.2806 -0.807477 -0.740281 -0.15526 0.654124 0.776244 0.00882873 0.630371 0.389109 -0.145549 0.909621 0.508332 -0.54953 0.663035 0.116378 -0.73946 0.663065 -0.0103298 -0.441148 -0.897375 -0.111702 -0.38367 -0.91669 -0.183841 -0.399924 -0.897922 -0.297797 -0.307232 -0.903839 -0.405846 -0.0831476 -0.910152 -0.410682 -0.0957809 -0.906734 -0.374475 -0.203333 -0.904668 -0.308914 -0.254724 -0.916345 0.214195 -0.605348 0.766599 0.215782 -0.257698 0.941823 0.236309 -0.272607 0.932654 0.654045 -0.360792 0.664871 0.487267 -0.0756749 0.869968 0.364271 -0.0319424 0.930745 0.841455 0.262402 0.472333 0.459451 0.235016 0.856547 0.101644 0.303181 0.947497 0.366583 0.561881 0.741557 0.678516 0.526296 0.512473 0.0823034 0.305448 0.948645 0.0823761 0.308639 0.947605 -0.0510069 0.560634 0.826491 0.0193441 0.322843 0.946255 -0.459974 0.0685999 0.885278 -0.117109 -0.411059 0.904055 -0.21968 -0.315656 0.923093 -0.340225 -0.196202 0.919648 -0.389893 -0.196049 0.899749 -0.361066 -0.0937637 0.927814 -0.337224 0.268253 0.902397 -0.391873 0.442751 0.806478 -0.469996 -0.305335 0.828175 -0.381326 -0.353277 0.854275 -0.032171 -0.572502 0.819272 0.132735 -0.547965 0.825903 -0.0433837 -0.384621 0.922055 -0.388833 -0.324891 0.862122 -0.731544 0.237711 0.639013 -0.761506 0.131163 0.634747 -0.284925 0.39413 0.873773 -0.233627 0.597607 0.766997 -0.0193877 0.619095 0.785076 0.465389 0.211874 -0.859373 0.568348 -0.218737 -0.79318 0.415821 -0.454351 -0.787819 0.659748 0.149939 -0.736377 0.213698 -0.624274 0.751409 -0.0729554 0.972266 0.222206 -0.0940673 0.852891 0.513544 0.593319 0.143073 0.792151 0.658221 -0.0632406 0.750164 0.339948 -0.551652 0.761653 0.341842 0.513203 0.787253 0.689861 0.254077 0.677892 -0.10334 0.892521 -0.439008 0.0597366 0.706625 -0.705062 0.319299 0.597868 -0.735257 0.417294 0.605515 -0.677656 0.52371 0.478267 -0.704974 -0.0876827 0.865134 0.493817 0.272969 0.538011 0.797516 0.741593 0.374638 -0.556494 0.7398 -0.0739183 -0.668755 0.610907 0.307554 0.729523 0.350982 -0.616988 -0.704371 0.384859 -0.577662 -0.719854 0.263408 -0.664291 0.699524 0.306375 -0.665051 0.681059 -0.261225 -0.169677 0.950248 -0.296325 -0.170112 0.939816 -0.344322 0.060639 0.936891 0.400763 -0.761144 0.50995 -0.238588 -0.848088 -0.473099 0.872785 0.0332105 0.486975 0.835729 0.0812646 0.543096 0.366269 0.93016 0.0254844 0.202368 0.0885365 -0.975299 0.26756 -0.314699 -0.910701 0.278464 -0.305952 -0.910413 0.151644 0.0119216 -0.988363 0.059241 0.370613 -0.926896 0.374992 0.103778 0.921201 0.0674855 0.407666 0.910634 0.107282 0.173267 0.979014 0.34278 -0.143452 0.928398 0.0349844 -0.0580382 -0.997701 -0.152533 -0.511155 0.845845 -0.196372 -0.0944864 0.975966 -0.462327 0.0931902 -0.881799 0.0428693 0.049005 -0.997878 0.431007 -0.901336 -0.0427348 0.625095 -0.761512 -0.171335 0.959276 -0.277187 0.0543757 0.946436 0.310513 -0.0885428 0.840491 0.538111 0.0633423 0.309095 0.95029 -0.0375508 0.169182 0.985134 0.0298103 -0.138187 -0.969642 -0.201739 -0.569009 -0.813889 -0.117532 -0.648996 -0.744309 -0.157505 -0.863629 -0.501547 -0.0509493 -0.338324 -0.395986 -0.853658 -0.0939691 -0.012426 -0.995498 -0.0348035 -0.998369 -0.0452655 0.185959 -0.642056 0.743763 -0.0177758 -0.237369 0.971257 -0.550182 -0.646581 0.528425 -0.245671 0.828344 0.503479 -0.264103 -0.575305 0.774128 -0.037651 0.65354 0.755955 0.437595 -0.166852 0.883556 0.147734 -0.912555 -0.381337 0.405555 -0.0481541 0.912801 0.924566 0.187242 0.331841 0.557128 -0.808002 0.19168 -0.265999 0.182734 0.946495 0.188992 0.280798 0.940975 0.729333 0.67044 -0.136321 -0.0513105 0.188356 0.98076 -0.264667 -0.461605 0.846683 -0.366724 0.540866 0.756953 -0.887601 0.389869 0.245289 -0.196804 0.0147056 0.980333 0.700999 -0.186191 0.688428 0.79435 -0.462492 0.393839 0.5033 -0.580823 0.639792 -0.370638 0.734346 0.568651 0.0397162 0.912944 0.406149 0.948904 0.180422 0.258899 0.649062 0.470101 0.5981 0.466715 0.867696 0.171117 0.447551 0.862559 0.235985 0.0775307 0.949959 0.3026 -0.521439 0.519315 0.677062 0.19837 -0.812565 0.548077 -0.267793 -0.773035 0.575069 -0.776912 -0.129167 0.616218 -0.608483 -0.545852 0.576016 -0.854907 -0.463231 0.233561 0.37504 -0.460304 -0.804652 -0.314407 -0.105823 0.943372 -0.310437 -0.145907 0.93933 -0.23043 -0.327042 0.916485 -0.347323 -0.831552 0.43346 -0.289979 0.100169 0.951776 -0.670214 0.0569507 0.73998 -0.0701666 -0.301675 0.950825 -0.130369 0.315491 0.939931 -0.338035 0.0985106 0.935964 -0.954833 -0.250463 -0.159883 0.225002 0.247786 0.942325 0.353741 -0.0365291 0.93463 0.16082 0.190193 0.968485 -0.254108 0.647119 -0.718795 0.842598 0.505312 0.186246 0.198261 -0.307052 0.930812 0.316332 -0.0191799 0.948455 -0.221255 -0.924572 0.310183 -0.731951 -0.0675259 0.678003 -0.183918 0.389264 0.902578 -0.373558 0.0180674 0.927431 -0.0528399 -0.241163 0.969045 0.32379 -0.416009 0.849763 0.183992 -0.405078 0.895577 0.746068 -0.650419 -0.14261 0.0778585 0.0129964 -0.99688 0.99182 0.0638589 -0.110523 0.924126 -0.175964 -0.339158 0.896154 -0.204121 -0.394008 0.809183 -0.533431 -0.246322 -0.0463779 -0.87137 -0.488429 0.413481 -0.865135 -0.283857 0.207001 -0.962612 -0.174725 0.0764957 -0.0197027 -0.996875 0 0 -1 0.2072 0.0346114 -0.977686 0 0 -1 -0.026518 -0.0662066 -0.997454 0 0 -1 0.0346728 -0.054264 -0.997925 0.0379174 -0.0557501 -0.997725 -0.00740765 -0.0561571 -0.998394 -0.536029 0.838903 0.0944217 -0.968343 0.249412 -0.0102902 -0.985822 0.148166 -0.0787576 -0.795449 -0.588473 0.144774 -0.566127 -0.824307 -0.00417692 0.152157 -0.977291 -0.147478 -0.190373 -0.981338 0.0270918 -0.00317657 0.0647541 -0.997896 0.0264682 0.0868616 -0.995869 0.15395 0.1231 -0.98038 0.284978 0.0662308 -0.956243 0.144835 -0.0760162 -0.986532 0.00495092 -0.0541887 -0.998518 0.165011 0.460198 0.872347 -0.320324 0.0381694 0.946539 -0.384282 0.186496 0.904183 -0.498855 -0.209991 0.840861 0.00460649 0.21942 0.97562 -0.164745 0.0935212 0.981892 -0.215404 0.235978 -0.947584 -0.275738 0.161584 -0.947554 -0.153991 -0.0525673 -0.986673 -0.175466 -0.0939703 -0.97999 -0.026858 -0.357679 -0.933458 0.00670295 0.0159951 -0.99985 -0.613473 0.683001 0.396436 0.321244 0.766576 -0.556024 -0.913235 -0.178478 0.366261 -0.783896 -0.267597 0.560267 -0.37273 -0.927761 0.018235 0.724069 -0.0975043 0.6828 0.238598 0.273792 0.931723 0.270631 -0.31911 0.908255 -0.20093 0.595633 0.77772 -0.630044 -0.0461824 0.775185 -0.628283 -0.0318668 0.777332 -0.402483 0.528539 0.747432 -0.56509 0.0411571 0.824002 -0.813382 0.282814 -0.508356 -0.562434 0.382422 0.733091 0.25453 -0.829812 -0.496615 0.0115348 -0.738524 -0.674129 -0.25034 -0.729492 -0.63653 -0.261474 -0.734687 -0.625992 -0.47807 -0.540332 -0.692452 0.0531528 -0.646313 0.761219 -0.275303 -0.705224 0.653351 -0.561769 -0.535597 -0.630517 -0.31838 -0.531043 0.785257 -0.781788 -0.217562 -0.584357 -0.665291 -0.296151 -0.685334 -0.270186 -0.572322 0.77424 -0.513671 -0.517096 0.684656 -0.683782 0.00901512 -0.729631 -0.527825 -0.407066 0.745452 -0.808013 -0.206517 0.551784 -0.681136 0.243885 -0.690343 -0.679472 0.245573 -0.691384 -0.576017 0.521991 -0.62907 -0.380633 0.604658 0.699647 -0.539111 0.835361 -0.107379 -0.298466 0.763052 -0.573298 0.0864491 -0.512765 -0.854165 0.00915525 -0.586175 -0.810133 -0.211172 -0.615355 -0.759437 -0.324192 -0.479356 -0.815547 -0.426271 -0.481788 -0.76562 -0.563897 -0.251016 -0.786773 -0.540503 -0.186534 -0.820403 -0.507316 0.321363 -0.799598 -0.423587 0.483627 -0.765949 -0.273972 0.563214 -0.77957 -0.246049 0.556152 -0.793822 -0.565962 -0.019097 0.82421 0.603606 -0.682157 0.412701 0.416428 -0.532459 0.736936 0.680483 0.33187 0.653303 0.439263 0.579824 0.686186 0.0885984 0.516971 0.851406 -0.00101141 0.553032 0.833159 -0.0212038 0.613381 0.789503 0.681375 0.2886 0.672635 0.735821 0.178265 0.653291 0.570047 -0.105409 0.814822 0.626359 -0.274087 0.729761 0.472661 -0.497824 0.727161 0.789505 -0.509194 0.34264 0.0205681 0.372726 0.927713 0.101344 0.453456 0.885498 0.377082 -0.277603 0.883598 0.177933 -0.442323 0.879028 0.0506995 0.10316 0.993372 -0.287295 0.683216 0.671325 -0.104696 0.0164293 0.994369 -0.135581 -0.0021862 0.990764 -0.528271 0.428428 0.733062 -0.114886 0.0204308 0.993169 -0.0390302 -0.0510716 0.997932 -0.122201 0.0153752 0.992386 0.00936521 0.00330123 0.999951 -0.221152 -0.23148 0.947369 -0.133001 -0.328241 0.935184 -0.116937 -0.213976 0.969814 -0.136426 -0.181413 0.973898 -0.0210634 -0.73333 0.679547 0.41354 0.0901977 -0.906007 0.459033 -0.00796152 -0.888384 0.384407 -0.169046 -0.907554 0.372575 -0.133926 -0.918287 0.320909 -0.313166 -0.893837 0.259882 -0.32561 -0.909087 0.169483 -0.430525 -0.886523 0.104237 -0.412638 -0.904911 -0.458482 -0.389667 0.79872 -0.254845 -0.644101 0.721241 -0.000836312 -0.822573 0.568659 0.727662 -0.0711215 0.682239 0.835082 -0.138013 -0.532532 0.772184 -0.30549 0.557143 0.718988 -0.358637 0.595345 0.368451 -0.645142 0.669354 0.556571 -0.733402 0.390322 0.790216 -0.196672 -0.580413 0.792268 -0.219488 -0.56933 0.585351 -0.362846 -0.725057 0.579225 -0.383535 -0.719304 0.684485 -0.662384 0.304513 0.287054 -0.776805 -0.560513 0.329889 -0.648524 0.685995 0.142302 -0.813969 -0.56321 0.178915 -0.960523 -0.21304 -0.513874 -0.809214 -0.284791 -0.756072 -0.640239 -0.135829 -0.492228 -0.708132 -0.506222 -0.620497 -0.590082 -0.516514 -0.491394 0.210096 0.845217 -0.341796 0.277196 -0.897963 -0.338939 0.223943 -0.913767 -0.46864 0.0735409 -0.880323 -0.42774 0.00397113 -0.903893 -0.150259 0.393375 -0.907016 -0.16891 0.401686 -0.900065 0.238182 0.380165 -0.893725 0.0800561 0.395784 -0.914848 0.0368003 0.441315 -0.896598 0.409346 0.127802 -0.903384 0.379428 0.159072 -0.911444 0.360002 0.266849 -0.893974 0.265207 0.323724 -0.908222 -0.689193 0.264847 0.67444 -0.687261 -0.0885318 0.720995 -0.578002 0.409235 0.706003 0.295802 0.597976 0.744933 0.630735 0.489061 0.60249 0.676478 0.185244 0.712785 0.303615 0.637233 0.708344 -0.582389 0.302107 -0.754688 -0.605593 0.261167 -0.751697 -0.325882 0.604104 0.727227 0.420697 0.696112 0.581758 -0.383023 0.689521 -0.614699 -0.368972 0.74745 -0.55243 0.564349 0.563603 -0.60321 0.614774 0.47398 0.630393 -0.7116 -0.137767 0.688946 -0.845242 -0.0670088 -0.530165 -0.672212 0.0501706 -0.738657 -0.941628 0.00980951 0.336511 -0.62662 0.245444 -0.739666 -0.883195 0.270758 0.382957 -0.722841 0.347205 0.597453 -0.636331 0.44446 0.630506 -0.635137 0.465001 0.616746 -0.627094 0.514844 -0.584541 -0.432259 0.618792 0.655933 -0.204944 0.836446 -0.508288 -0.0408324 0.740102 0.671254 -0.0345063 0.934605 0.354011 0.0112039 0.630394 -0.776195 -0.00581712 0.697229 0.716825 0.288888 0.953732 -0.0833056 0.214329 0.635469 -0.741783 0.161379 0.695843 -0.699828 0.574049 0.645722 0.503499 0.521573 0.327085 -0.788021 0.500184 0.383723 -0.776256 0.592588 0.263982 -0.761021 0.806591 0.29604 0.511637 0.572373 0.492583 -0.655554 0.83084 0.181541 0.526068 0.746833 0.0939343 0.658344 -0.426733 -0.0709515 -0.90159 0.214557 0.502653 -0.83744 -0.40447 -0.0879252 -0.910315 -0.990757 -0.0717428 -0.115124 -0.966928 0.088103 -0.239347 -0.629395 0.728247 -0.271143 -0.850096 0.515796 0.106258 -0.482615 0.312562 -0.818162 -0.318168 0.947873 -0.0174925 -0.432589 0.880644 -0.193216 -0.231145 0.909199 -0.346308 0.690324 0.675467 -0.259224 -0.634365 0.770629 -0.0609276 -0.684427 -0.189864 -0.703926 -0.992842 0.0883636 -0.0803523 -0.919099 0.378844 -0.108324 -0.583595 0.63723 -0.503344 -0.57312 0.696228 -0.432204 -0.107874 0.979783 -0.16849 -0.0945895 0.98076 -0.170773 0.52734 0.842769 -0.107952 0.726543 0.67458 -0.130683 0.776673 0.622881 -0.0937983 0.943482 0.326888 -0.0546445 0.108211 0.921987 -0.371792 -0.910921 -0.24968 -0.328455 -0.0572982 0.0680927 -0.996032 0.0575012 0.0425394 -0.997439 -0.0561553 0.0778634 -0.995381 0.0138643 0.0714679 -0.997347 -0.0857761 0.0811935 -0.993001 -0.00205202 0.0985593 -0.995129 0 0 -1 0.566822 -0.0637366 -0.821371 -0.0424481 0.545438 -0.837076 -0.296475 0.561784 -0.772335 0.0378774 -0.478125 -0.877475 -0.478882 -0.225569 -0.848405 0.0453479 0.543711 0.838046 0.195266 0.507012 0.83953 0.529529 -0.305858 -0.791233 0.506728 0.0538711 -0.860421 0.980236 0.0330463 0.19505 0.99721 -0.0514903 0.0540519 0.949972 -0.310103 -0.0372862 0.790879 -0.611971 0.00170559 0.555316 -0.293126 -0.778268 0.647666 -0.752935 0.116695 0.527146 -0.793701 0.303572 0.107924 -0.254809 -0.96095 0.216241 -0.961711 -0.168382 -0.278969 -0.654083 0.703102 -0.300717 -0.680693 0.668002 -0.811029 -0.24183 -0.532683 0.078505 -0.801051 0.593426 0.0147027 -0.740634 0.671747 0.0634231 -0.914961 -0.398528 -0.204777 -0.811815 -0.54683 -0.270496 -0.595171 -0.756706 -0.3661 -0.646491 0.669343 -0.368122 -0.500942 -0.78329 -0.353776 -0.501741 -0.789366 -0.605895 -0.655531 -0.450745 -0.458396 -0.671367 0.582357 -0.603637 -0.360809 0.710942 -0.890716 -0.441275 -0.109096 -0.682506 -0.297411 0.667632 0.501349 -0.343422 0.794173 0.301229 -0.624549 0.720556 -0.012622 -0.439439 -0.898184 -0.0845901 -0.397117 -0.913861 -0.165465 -0.408361 -0.897698 -0.310922 -0.268185 -0.911814 -0.304655 -0.318882 -0.897497 -0.451822 -0.159267 -0.877776 0.109654 -0.110936 0.98776 0.188324 -0.478386 0.857718 0.0571219 0.0369987 0.997681 0.206872 -0.0743624 0.975538 0.233591 -0.227955 0.945236 0.0838877 -0.135747 0.987186 0.0224403 -0.000389206 0.999748 0.317206 0.0990352 0.943171 0.103707 -0.0457521 0.993555 0.35161 0.260629 0.899135 0.418868 0.66856 0.614474 0.24454 0.224165 0.943372 0.0457895 0.549114 0.834492 -0.0693423 0.0723192 0.994968 -0.139173 0.450521 0.881851 -0.462 0.153849 0.873434 -0.0602681 -0.487756 0.870897 -0.138126 -0.363053 0.921474 -0.310902 -0.339026 0.88792 -0.466824 -0.100208 0.878655 0.22593 -0.303395 0.925693 -0.137409 0.478594 0.867218 -0.510433 0.114535 0.852256 -0.566868 -0.0197508 0.823572 -0.359105 -0.465092 0.809156 -0.219995 -0.576254 0.787105 -0.137023 -0.668359 0.731109 -0.258134 -0.567311 0.782 -0.350084 -0.519185 0.779672 -0.467245 -0.101833 0.878244 -0.400235 0.41674 0.816174 -0.0866315 0.554346 0.827765 -0.0068052 0.717088 -0.696949 0.328457 0.566522 -0.755757 0.248878 0.504514 -0.826756 0.581256 -0.108856 -0.806406 0.702716 0.142302 0.697094 0.722348 0.241278 0.648073 0.452895 0.465343 0.760488 0.30546 -0.579249 0.755754 0.681407 -0.156312 0.715018 0.873444 -0.48674 0.0134179 -0.114136 0.644043 0.756427 0.508563 0.842634 -0.177007 0.424664 0.608447 0.670413 0.743299 0.229386 0.628401 0.00277067 0.833056 -0.553181 0.208075 0.965879 -0.154218 0.0444148 0.686456 -0.725814 0.568514 0.487475 -0.662692 0.800674 0.259438 -0.540012 0.671985 0.344256 -0.655686 0.709851 -0.0570316 -0.702039 0.527045 -0.467317 -0.709816 0.820893 -0.453634 -0.346917 0.498609 -0.488331 0.716186 0.460175 -0.493545 -0.738006 0.317906 -0.669765 -0.671081 0.240114 -0.745414 0.621855 0.0192006 -0.449984 0.89283 -0.369008 0.243319 0.897011 -0.544564 0.119084 0.830222 0.58709 -0.776445 0.229041 0.724855 -0.53756 0.430831 0.966811 0.0173458 -0.254902 0.0872192 0.995686 0.0316433 0.532948 0.816601 0.22165 0.143737 0.284201 -0.947929 0.258143 0.330747 -0.907727 0.169118 -0.146506 -0.974646 0.157481 -0.113282 -0.981003 0.402922 0.21503 -0.889616 0.0473376 0.181244 -0.982298 0.0744808 -0.146373 0.986422 0.0466462 0.149485 0.987663 0.281363 -0.0155411 0.959476 0.241389 -0.13817 0.960542 -0.0209216 -0.31324 0.949444 0.0112703 -0.0607724 -0.998088 0.584919 -0.811033 0.00974306 0.927776 -0.362123 -0.0899891 0.874372 -0.485211 -0.00664139 0.973171 0.230035 0.00470434 0.984546 0.173872 -0.0209274 0.823565 0.567172 0.00754876 0.747161 0.664375 -0.0188613 0.579885 0.814606 0.0122802 0.390985 0.920212 -0.0184409 0.130676 0.990649 0.0392308 -0.299355 0.952446 -0.0568646 0.129022 -0.978309 -0.162065 -0.494408 -0.841658 -0.21719 -0.739912 -0.664344 -0.105729 -0.895044 -0.421033 -0.147063 -0.291682 -0.834217 -0.467979 -0.0609925 -0.106008 -0.992493 0.037001 -0.722893 0.689969 0.0827405 -0.209367 0.97433 -0.151273 -0.727878 0.668813 0.875036 0.0558912 0.480821 -0.155644 0.218615 0.963318 0.428789 0.544268 0.721049 0.537371 0.151768 0.829577 0.289709 -0.0827386 0.953532 0.301742 -0.16911 0.938272 0.557624 -0.321413 0.765343 -0.461324 -0.745278 -0.481394 0.209961 0.252122 0.944643 0.384974 -0.756873 -0.528146 0.26541 0.414183 0.870638 -0.0116158 0.0346581 0.999332 0.776807 0.549749 -0.30716 -0.488139 0.780952 0.38966 0.0569153 0.0319284 0.997868 -0.354116 0.909128 0.219291 -0.731017 -0.139479 0.667952 -0.349304 -0.0668306 0.934623 -0.730725 0.68267 0.00133133 0.65059 -0.210382 0.729706 0.504134 -0.617703 0.603566 0.194892 -0.979216 0.0561577 0.680609 -0.592509 0.430934 0.779274 -0.076528 0.621993 -0.685284 0.406666 0.604159 -0.266061 0.674531 0.688637 0.238962 0.0905169 -0.966801 0.67123 0.188876 0.716782 0.659067 0.734128 0.163361 0.14766 0.731674 0.66547 0.0200679 0.844698 0.534867 -0.40929 0.710955 0.571861 0.1939 -0.436299 -0.878662 0.19127 -0.942344 0.274598 -0.173812 0.282557 0.943372 -0.244004 -0.295038 0.923804 -0.0640337 -0.37431 -0.92509 -0.446967 -0.838851 -0.310724 0.0964612 0.455505 0.884992 -0.115613 0.354907 0.927725 -0.00939919 0.330504 0.943758 -0.029855 0.355992 0.934012 -0.831928 0.534359 0.149518 -0.749257 0.61597 0.2433 0.241417 0.959083 0.147913 0.308169 0.122339 0.943433 0.296804 0.176808 0.938428 0.316623 0.134542 0.938961 0.156379 0.0467406 0.986591 0.680784 0.245869 0.689986 -0.742901 -0.479007 0.467601 -0.322115 0.896805 0.303286 -0.625951 -0.287884 0.724782 -0.24842 -0.643283 0.724206 -0.76276 0.436606 0.477046 0.0566336 0.956293 0.286874 0.0886423 -0.0633076 0.99405 0.731442 -0.253058 0.633209 -0.0915481 -0.788651 0.607988 0.970751 -0.190298 -0.146389 0.869178 -0.456852 -0.189252 0.655622 -0.734423 -0.175449 0.28951 -0.930512 -0.224346 0.399277 -0.845362 -0.354883 0.778041 -0.561683 -0.281363 0.10988 -0.0382973 -0.993207 0 0 -1 0 0 -1 0.0133186 -0.05882 -0.99818 0.039624 -0.028893 -0.998797 0.0438518 -0.0281685 -0.998641 -0.494412 0.863753 -0.0974018 -0.80199 0.584793 0.121776 -0.990983 0.130924 -0.0284929 -0.98242 -0.178556 0.0544865 -0.835189 -0.547001 -0.0570089 -0.654737 -0.755679 0.0164227 -0.201724 -0.978496 -0.0430582 -0.187952 -0.981524 -0.0358286 0.322121 -0.036258 -0.946004 0.0142539 0.0353723 -0.999273 0.0388327 0.0105148 -0.99919 0.0432967 -0.00141338 -0.999061 0.0314675 -0.104485 -0.994029 -0.72064 0.678926 0.140492 -0.351015 -0.210149 0.912484 -0.283282 0.526633 0.801504 -0.106825 -0.271348 0.956535 -0.248154 -0.0726929 0.965989 -0.201165 0.220667 -0.954379 -0.193754 -0.0582121 -0.979321 -0.155485 -0.073881 -0.985072 -0.127655 -0.447895 -0.884926 -0.764918 0.492687 -0.414922 -0.71317 -0.345171 0.610119 -0.768798 -0.584886 0.258568 0.346862 -0.927383 -0.140169 0.141477 0.504169 0.851938 0.369438 -0.521483 0.769136 -0.0437118 -0.298834 0.953303 -0.532502 0.358241 0.76688 -0.639157 -0.0998814 0.762563 -0.195072 -0.580898 0.790256 -0.305738 -0.592785 0.745071 -0.438008 0.564079 0.699974 -0.629447 0.273358 0.727373 -0.622237 0.245251 0.74342 -0.693698 -0.520083 0.498294 -0.595209 -0.218811 0.773206 -0.654685 -0.131684 0.744343 0.0487114 -0.958405 -0.281223 0.127185 -0.849358 -0.512264 -0.228242 -0.763089 -0.604649 -0.315306 -0.796111 -0.516516 -0.484638 -0.45193 -0.748923 -0.625503 -0.424222 -0.654814 -0.295043 -0.604671 0.739812 -0.71079 -0.206689 -0.672352 -0.792677 -0.159479 -0.588412 -0.75699 0.0423191 -0.652054 -0.865706 0.289414 -0.408403 -0.491268 0.521585 -0.69757 -0.468018 0.567241 0.67764 -0.492651 0.682258 -0.540203 -0.570185 0.373831 -0.731532 0.0641534 -0.580373 -0.81182 -0.188958 -0.627338 -0.755475 -0.341209 -0.419176 -0.841349 -0.443697 -0.419198 -0.79209 -0.491969 -0.18201 -0.851375 -0.561463 -0.150599 -0.813682 -0.622293 0.0784272 -0.778846 -0.559294 0.201889 -0.80401 -0.161243 0.580324 -0.798263 -0.881268 -0.198532 0.428897 -0.850855 -0.455089 -0.262563 -0.525143 -0.82865 0.193815 0.452117 -0.417051 0.788453 0.953553 -0.0675884 0.293544 0.0889796 0.614806 0.783643 0.103573 0.602786 0.791152 0.419169 0.651385 0.632451 0.500063 -0.0301327 0.865464 0.299902 -0.45623 0.837802 0.0997958 -0.64817 0.754929 -0.315083 -0.33787 0.886886 0.243754 -0.408882 0.879431 0.225303 -0.183034 0.956941 0.394599 -0.128345 0.909846 0.352444 0.539874 0.764408 -0.0470663 0.390859 0.919247 0.079314 0.413522 0.907033 0.103186 0.441108 0.891502 0.218448 0.191887 0.956797 0.317849 0.22551 0.920933 0.455932 0.115868 0.88244 0.458163 -0.191381 0.868021 -0.349761 0.898751 0.264412 -0.266334 0.442983 0.856056 -0.809276 0.198829 0.552756 -0.432589 0.184391 0.882534 -0.747025 0.65765 0.0972101 -0.519235 -0.130994 0.844532 -0.595719 -0.1365 0.791509 -0.546409 -0.472976 0.69118 -0.465815 -0.431414 0.772592 -0.117208 -0.475531 0.871856 -0.414871 -0.772992 0.479963 -0.0758141 -0.799801 0.595459 0.407595 -0.0705296 -0.910435 0.411257 -0.0776158 -0.908209 0.365749 -0.227717 -0.902426 0.303692 -0.254027 -0.918282 0.266331 -0.354675 -0.896255 0.100131 -0.428977 -0.897749 0.113909 -0.422 -0.899411 0.106828 -0.419647 -0.901379 0.0626645 -0.639956 0.765852 -0.209008 -0.606225 0.767337 -0.510009 -0.553726 0.658239 -0.728499 -0.208247 0.652628 -0.415479 -0.24661 0.875534 0.727535 0.0380851 0.685012 0.7245 -0.001627 -0.689272 0.543925 -0.388542 0.743761 0.204096 -0.804195 0.558224 0.676532 0.0957287 -0.730165 0.78934 0.0713879 0.609792 0.937771 -0.113461 0.328195 0.593621 -0.169713 -0.786646 0.721405 -0.399774 -0.56547 0.86015 -0.481271 -0.168882 0.860939 -0.308847 0.404225 0.678233 -0.311844 0.665397 0.518832 -0.432534 -0.737379 0.506333 -0.621821 0.597466 0.65526 -0.737384 0.164009 0.510081 -0.719912 -0.470685 0.202872 -0.756015 -0.622322 0.257303 -0.692321 -0.674156 0.357484 -0.646122 0.674338 -0.621747 -0.615765 -0.484008 -0.36648 -0.749753 -0.550966 -0.883199 -0.468982 -0.00391181 -0.599085 -0.717184 -0.356011 -0.580011 0.31456 0.751425 -0.402669 -0.0113898 0.915275 -0.361347 0.297456 0.883713 -0.338097 0.297647 -0.892803 -0.337239 0.205886 -0.91863 -0.450876 0.110775 -0.885686 -0.179084 0.460176 -0.869579 -0.260231 0.340665 -0.903453 0.201288 0.394461 -0.896596 0.0067019 0.381213 -0.924463 0.0510811 0.414396 -0.908662 0.446969 0.0964973 -0.88933 0.321834 0.249116 -0.913435 0.278437 0.25294 -0.92655 0.0391069 0.686143 0.726414 0.580872 0.345042 0.737247 -0.674383 0.183969 0.715096 -0.610952 0.478492 0.6307 -0.299359 0.633256 0.713702 0.0758409 0.789485 0.609067 -0.825529 -0.138257 -0.547163 -0.939679 0.272477 -0.206784 -0.589181 0.607607 0.532615 -0.648046 0.721431 -0.244079 0.594733 0.354945 0.721323 0.78386 0.30434 0.54124 -0.683134 -0.0669077 0.727222 -0.824829 0.00662236 -0.565344 -0.741319 0.306198 0.597235 -0.497661 0.415771 -0.761228 -0.585203 0.280541 -0.760811 -0.26369 0.741976 -0.616392 -0.20926 0.680052 -0.702666 -0.103975 0.825292 0.555052 -0.125499 0.700574 -0.702457 0.0798728 0.756977 -0.648542 0.116903 0.809803 0.574937 0.24758 0.549557 -0.797929 0.409528 0.677557 0.610904 0.3669 0.672953 0.642276 0.577764 0.710676 -0.401409 0.202295 0.550183 -0.81017 0.655689 0.593261 -0.467025 0.704179 0.192319 -0.683481 0.579134 0.331871 -0.744624 0.822125 0.254698 0.509156 -0.0997605 0.578403 -0.809628 -0.510163 0.11209 -0.852743 -0.535135 -0.0533713 -0.843079 -0.981791 0.0317201 -0.187298 -0.777547 -0.352976 -0.520413 -0.666629 0.710044 -0.226812 -0.325151 0.404989 -0.854553 -0.897455 0.406274 -0.171803 -0.38441 0.73344 -0.560619 0.142526 0.832831 -0.534863 -0.15204 0.983739 0.0956097 0.400403 0.638419 -0.657343 0.51167 0.843548 0.163158 0.572031 0.330586 -0.750662 0.561696 0.151459 -0.813362 0.142106 0.988645 -0.048865 0.453474 0.890426 0.0387549 0.956064 0.293084 0.00665719 -0.997197 0.012863 -0.0737079 -0.929187 -0.282797 -0.237988 -0.898304 0.39649 -0.189329 -0.862441 0.499158 -0.0838868 -0.832001 0.550002 -0.0726077 -0.562679 0.82045 -0.10126 -0.413178 0.893516 -0.175819 -0.37199 0.896792 -0.239555 0.142822 0.988625 -0.0471402 0.683546 0.719514 -0.122736 0.77059 0.631641 -0.0849761 0.90279 0.421739 -0.0843007 0.837924 0.14468 -0.526262 0.363642 0.674621 -0.642379 -0.336962 0.17433 -0.925238 -0.101629 0.000858538 -0.994822 -0.216948 0.53464 -0.816758 0.0243478 0.147095 -0.988823 0.111803 0.25297 -0.960993 0.456 0.0733987 -0.886948 -0.00101029 0.000719188 -0.999999 0 0 -1 0 0 -1 0 0 -1 -0.000463461 0.00127687 -0.999999 6.86597e-05 0.00269315 -0.999996 0 0 -1 -0.00216888 0.000418012 -0.999998 0.447925 -0.361227 -0.81785 -0.330765 0.679052 0.65535 0.122645 -0.415583 0.901249 0.622393 0.0788998 -0.778718 0.489862 -0.171824 -0.8547 0.990491 -0.128994 -0.0478445 0.543656 -0.247766 -0.801904 0.967011 -0.205273 -0.150841 0.876316 -0.457023 0.152318 0.630888 -0.733427 -0.253111 0.428614 -0.897185 -0.10653 0.0411067 -0.321883 -0.945887 0.372712 -0.910872 -0.177198 -0.546405 -0.321389 -0.773402 -0.689046 -0.408987 0.598285 -0.106929 -0.739324 -0.664806 -0.172151 -0.797789 0.577838 -0.693676 -0.445116 0.566291 -0.708369 -0.276374 -0.649485 -0.762448 -0.177559 0.622211 0.0702602 -0.793209 0.604882 -0.0496533 -0.706581 -0.705888 -0.0799434 -0.861079 0.502148 -0.395134 -0.56168 -0.726901 -0.627387 -0.578028 0.521795 -0.607613 -0.770139 0.194147 -0.372311 -0.566159 -0.735424 -0.469734 -0.386465 -0.793722 -0.810095 -0.0130091 -0.586154 0.629851 -0.117822 0.767728 0.639348 -0.445613 0.626629 0.747377 -0.0424714 0.663041 0.463144 -0.475522 0.747915 0.360123 -0.650681 0.668525 -0.034882 -0.431674 -0.901355 -0.041311 -0.435811 -0.89909 -0.225862 -0.36129 -0.904686 -0.190438 -0.354826 -0.915331 -0.337154 -0.291843 -0.895073 -0.444604 -0.101874 -0.889915 -0.359317 -0.152312 -0.920702 0.13257 -0.327646 0.935454 0.146092 -0.541229 0.828087 0.440345 -0.586411 0.679866 0.376081 -0.187624 0.907392 0.522937 -0.325582 0.787739 0.826255 -0.155938 0.541282 0.162527 0.0350884 0.98608 0.412097 0.166898 0.895724 0.238106 0.184306 0.953591 0.124597 0.133685 0.98316 0.139415 0.27321 0.951798 0.0757704 0.202751 0.976294 0.0101187 0.575566 0.817693 -0.211883 0.381782 0.899638 -0.374709 0.0740293 0.924182 -0.0329954 -0.453017 0.890891 -0.0845032 -0.543856 0.834913 -0.512838 -0.135004 0.847804 -0.408928 -0.0415023 0.911622 -0.449927 0.22615 0.863957 -0.376465 0.222286 0.899368 -0.203861 0.506363 0.837877 0.14765 -0.352129 0.924232 -0.585669 -0.260584 0.76752 0.0811618 -0.662375 0.744763 0.0436777 -0.629765 0.775557 -0.490041 -0.464948 0.737349 -0.147615 -0.375715 0.914903 -0.488186 -0.139522 0.861515 -0.334906 -0.279729 0.899772 -0.507729 -0.0510346 0.860004 -0.618378 0.120713 0.776555 -0.392451 0.415302 0.820674 -0.389284 0.404099 0.827745 -0.111075 0.642802 0.757937 -0.132847 0.626329 -0.768156 0.175179 0.533813 -0.827258 0.219329 0.45236 -0.864445 0.604337 -0.256796 -0.75421 0.564108 -0.179766 -0.805895 0.469255 -0.446252 -0.76201 0.393575 -0.472439 -0.788606 0.29801 -0.610968 -0.733422 -0.0461849 -0.688983 -0.723305 0.0537438 -0.634616 0.770957 0.537733 -0.411484 0.735883 0.319769 0.564169 0.761224 0.132099 0.583094 0.801593 0.61834 0.131512 0.774829 0.39832 -0.531259 0.747733 0.728022 -0.0667225 0.6823 0.655701 -0.116579 0.745966 0.533451 -0.508474 0.675932 -0.0596379 0.691299 0.720103 0.694658 0.461792 0.551542 -0.155617 0.704847 -0.692079 -0.0572036 0.824085 -0.563571 0.232249 0.925823 -0.298182 0.324949 0.674343 -0.663076 -0.0569812 0.693971 0.717745 0.554554 0.508771 -0.6585 0.644655 0.266623 -0.716472 0.656216 0.447105 -0.607847 0.307979 0.585498 0.749894 0.702725 0.10784 -0.703242 0.852356 -0.0811302 -0.51663 0.513358 0.452739 0.729034 0.7151 -0.200595 -0.669622 0.63942 -0.572832 -0.51284 0.651807 -0.65419 -0.383644 0.332114 -0.683567 -0.649951 0.155594 -0.735259 0.659686 0.160967 -0.485418 0.859336 -0.0333884 -0.303444 0.952264 -0.429281 0.250208 0.867822 0.871586 -0.0363796 0.488891 0.902914 -0.223117 0.367376 0.756895 0.620066 -0.206467 0.435841 0.893637 -0.107031 0.0636719 0.892474 0.446582 -0.0520797 0.245966 -0.967878 0.412445 0.0159653 -0.910843 0.385383 0.0702561 -0.920078 0.281793 -0.275398 -0.919102 0.231827 -0.0552148 -0.971189 0.0109615 0.140867 -0.989968 0.0938925 -0.11489 0.988931 0.0801839 -0.00564759 0.996764 0.101663 -0.031735 0.994313 0.101976 0.994337 -0.0299045 0.302104 0.622944 0.721577 -0.00507042 -0.0141142 -0.999888 -0.361923 -0.573962 -0.73456 -0.0867059 0.0131596 -0.996147 -0.457865 -0.272932 0.84609 -0.035886 0.082754 0.995924 -0.0560274 0.096197 0.993784 0.341185 -0.939991 0.00306812 0.460674 -0.886396 -0.0456159 0.814508 -0.579816 0.0197355 0.917106 -0.395228 -0.0520746 0.998371 -0.0511201 0.0253397 0.945934 0.320601 -0.0492392 0.817479 0.573997 0.0474871 0.404885 0.910784 -0.0808786 0.106728 0.991785 0.0705155 -0.0426069 -0.996006 -0.0784588 -0.502845 -0.853249 -0.138251 -0.466418 -0.876879 -0.116349 -0.000883081 -0.1495 -0.988761 -0.378524 -0.544899 -0.7482 -0.487262 -0.257492 -0.83443 -0.491746 -0.47266 0.731286 0.180902 -0.31943 0.930182 0.76609 0.0169845 0.642508 0.445465 -0.255087 0.858191 0.501851 -0.0141716 0.864838 0.102333 -0.0395305 0.993964 0.322723 -0.816403 0.478891 0.705217 0.582947 0.403537 0.183762 0.220154 0.958 0.714164 0.270317 0.645677 0.567843 -0.81761 -0.0952281 -0.116122 0.3547 0.927741 0.0560014 0.751779 0.657033 0.855757 -0.213243 -0.471388 0.988457 -0.135348 -0.06807 -0.396201 0.0516432 0.91671 -0.206859 0.841815 0.498554 -0.389175 -0.121375 0.913132 -0.790809 -0.0615778 0.608958 -0.38293 0.765746 -0.516718 0.110521 -0.433666 -0.89427 -0.601429 0.223869 0.766919 0.487698 0.355036 0.797559 0.419926 0.702373 0.574747 -0.000924357 0.759848 0.650101 -0.318082 0.704725 0.634182 -0.626411 0.489567 0.606576 -0.0545097 -0.754664 0.653844 -0.528177 -0.754004 0.390522 0.367947 -0.847903 0.381675</float_array>
                    <technique_common>
                        <accessor count="12068" source="#shape0-lib-normals-array" stride="3">
                            <param name="X" type="float"/>
                            <param name="Y" type="float"/>
                            <param name="Z" type="float"/>
                        </accessor>
                    </technique_common>
                </source>
                <vertices id="shape0-lib-vertices">
                    <input semantic="POSITION" source="#shape0-lib-positions"/>
                </vertices>
                <triangles count="12068">
                    <input offset="0" semantic="VERTEX" source="#shape0-lib-vertices"/>
                    <input offset="1" semantic="NORMAL" source="#shape0-lib-normals"/>
                    <p>0 0 1 0 2 0 2 1 3 1 4 1 5 2 6 2 7 2 7 3 6 3 8 3 2 4 4 4 5 4 5 5 4 5 6 5 2 6 1 6 3 6 9 7 10 7 1 7 10 8 9 8 3 8 11 9 6 9 9 9 3 10 6 10 4 10 12 11 13 11 8 11 13 12 11 12 8 12 12 13 8 13 6 13 14 14 15 14 16 14 16 15 15 15 17 15 16 16 17 16 18 16 19 17 16 17 1 17 11 18 9 18 17 18 11 19 20 19 14 19 14 20 21 20 11 20 11 21 21 21 8 21 22 22 23 22 19 22 19 23 23 23 24 23 19 24 24 24 25 24 26 25 27 25 25 25 21 26 20 26 28 26 27 27 17 27 21 27 29 28 27 28 26 28 27 29 29 29 17 29 5 30 12 30 28 30 13 31 7 31 28 31 7 32 13 32 12 32 12 33 5 33 7 33 5 34 28 34 29 34 2 35 5 35 30 35 31 36 22 36 0 36 30 37 0 37 2 37 31 38 30 38 22 38 22 39 30 39 23 39 29 40 24 40 30 40 21 41 28 41 7 41 8 42 21 42 7 42 0 43 22 43 1 43 1 44 22 44 19 44 25 45 16 45 19 45 21 46 14 46 27 46 27 47 14 47 16 47 27 48 16 48 25 48 12 49 6 49 11 49 28 50 12 50 11 50 5 51 3 51 9 51 5 52 9 52 30 52 0 53 3 53 31 53 31 54 3 54 1 54 31 55 1 55 10 55 31 56 10 56 30 56 28 57 17 57 29 57 21 58 17 58 15 58 9 59 16 59 18 59 24 60 9 60 18 60 24 61 18 61 25 61 32 62 9 62 1 62 30 63 32 63 23 63 23 64 32 64 1 64 23 65 1 65 24 65 24 66 1 66 16 66 24 67 16 67 32 67 24 68 32 68 30 68 32 69 16 69 9 69 25 70 18 70 17 70 25 71 17 71 26 71 29 72 26 72 24 72 24 73 26 73 9 73 26 74 17 74 9 74 21 75 15 75 20 75 28 76 20 76 17 76 15 77 14 77 20 77 20 78 11 78 17 78 30 79 10 79 3 79 30 80 3 80 0 80 30 81 9 81 6 81 30 82 6 82 29 82 29 83 6 83 3 83 29 84 3 84 5 84 28 85 11 85 13 85 33 86 34 86 35 86 36 87 37 87 38 87 36 88 38 88 39 88 36 89 34 89 37 89 40 90 34 90 36 90 40 91 39 91 38 91 34 92 40 92 38 92 38 93 37 93 41 93 35 94 34 94 38 94 35 95 38 95 41 95 33 96 36 96 41 96 41 97 36 97 35 97 35 98 36 98 39 98 35 99 39 99 40 99 35 100 40 100 33 100 33 101 40 101 36 101 37 102 34 102 41 102 41 103 34 103 33 103 42 104 43 104 44 104 43 105 45 105 44 105 45 106 42 106 44 106 43 107 42 107 45 107 46 108 47 108 48 108 48 109 47 109 49 109 46 110 48 110 49 110 46 111 49 111 47 111 50 112 51 112 52 112 50 113 52 113 53 113 54 114 55 114 56 114 54 115 56 115 57 115 58 116 59 116 60 116 60 117 59 117 61 117 61 118 55 118 60 118 62 119 63 119 64 119 64 120 63 120 65 120 64 121 65 121 66 121 67 122 63 122 68 122 69 123 70 123 68 123 68 124 70 124 71 124 69 125 67 125 70 125 72 126 73 126 74 126 74 127 73 127 75 127 72 128 67 128 73 128 67 129 76 129 77 129 77 130 76 130 78 130 79 131 67 131 77 131 79 132 72 132 69 132 72 133 74 133 69 133 61 134 69 134 63 134 69 135 68 135 63 135 61 136 63 136 62 136 67 137 61 137 59 137 67 138 59 138 55 138 62 139 67 139 53 139 55 140 54 140 67 140 67 141 54 141 53 141 67 142 69 142 74 142 67 143 72 143 76 143 76 144 72 144 77 144 76 145 77 145 78 145 74 146 75 146 73 146 71 147 70 147 68 147 58 148 60 148 59 148 53 149 55 149 50 149 52 150 51 150 50 150 52 151 62 151 53 151 77 152 72 152 79 152 73 153 67 153 74 153 79 154 69 154 61 154 61 155 67 155 79 155 70 156 67 156 68 156 64 157 66 157 65 157 64 158 65 158 67 158 67 159 65 159 63 159 67 160 62 160 64 160 60 161 55 161 59 161 55 162 61 162 62 162 55 163 53 163 56 163 56 164 53 164 54 164 56 165 54 165 57 165 50 166 55 166 52 166 52 167 55 167 62 167 80 168 81 168 82 168 80 169 82 169 83 169 84 170 85 170 83 170 84 171 86 171 87 171 84 172 87 172 88 172 89 173 85 173 90 173 91 174 92 174 93 174 93 175 92 175 94 175 94 176 89 176 93 176 94 177 95 177 96 177 96 178 95 178 97 178 96 179 97 179 98 179 90 180 86 180 99 180 100 181 101 181 99 181 99 182 101 182 102 182 100 183 90 183 101 183 103 184 104 184 105 184 105 185 104 185 106 185 103 186 107 186 108 186 108 187 107 187 109 187 108 188 109 188 110 188 103 189 111 189 107 189 103 190 108 190 90 190 103 191 105 191 111 191 111 192 105 192 100 192 95 193 111 193 100 193 95 194 100 194 86 194 100 195 99 195 86 195 94 196 90 196 95 196 94 197 92 197 90 197 90 198 92 198 89 198 85 199 86 199 90 199 89 200 86 200 83 200 86 201 84 201 83 201 83 202 82 202 89 202 89 203 82 203 85 203 109 204 107 204 108 204 109 205 108 205 110 205 103 206 100 206 104 206 105 207 106 207 104 207 102 208 101 208 99 208 91 209 93 209 92 209 83 210 85 210 80 210 82 211 81 211 80 211 107 212 111 212 108 212 108 213 111 213 90 213 100 214 103 214 90 214 104 215 100 215 105 215 90 216 111 216 95 216 101 217 90 217 99 217 96 218 98 218 97 218 96 219 97 219 86 219 86 220 97 220 95 220 86 221 94 221 96 221 86 222 89 222 94 222 93 223 89 223 92 223 87 224 85 224 84 224 87 225 84 225 88 225 87 226 86 226 85 226 80 227 85 227 82 227 112 228 113 228 114 228 115 229 112 229 114 229 113 230 115 230 114 230 115 231 113 231 112 231 116 232 117 232 118 232 117 233 119 233 118 233 117 234 116 234 119 234 118 235 119 235 116 235 120 236 121 236 122 236 123 237 124 237 125 237 123 238 126 238 124 238 127 239 121 239 126 239 127 240 126 240 123 240 125 241 121 241 127 241 121 242 125 242 124 242 121 243 124 243 122 243 122 244 124 244 128 244 124 245 126 245 128 245 120 246 125 246 127 246 120 247 127 247 128 247 128 248 127 248 123 248 128 249 123 249 122 249 122 250 123 250 125 250 122 251 125 251 120 251 128 252 126 252 121 252 128 253 121 253 120 253 129 254 130 254 131 254 129 255 131 255 132 255 133 256 134 256 132 256 133 257 132 257 135 257 133 258 135 258 136 258 137 259 138 259 139 259 139 260 138 260 140 260 140 261 141 261 139 261 142 262 143 262 144 262 142 263 144 263 145 263 146 264 147 264 148 264 148 265 147 265 149 265 146 266 150 266 147 266 150 267 151 267 152 267 152 268 151 268 153 268 146 269 154 269 155 269 155 270 154 270 156 270 146 271 157 271 154 271 146 272 155 272 150 272 150 273 152 273 141 273 146 274 148 274 134 274 141 275 146 275 143 275 146 276 144 276 143 276 134 277 141 277 140 277 140 278 138 278 143 278 132 279 140 279 143 279 132 280 131 280 140 280 157 281 141 281 152 281 157 282 150 282 154 282 154 283 150 283 155 283 154 284 155 284 156 284 150 285 157 285 151 285 152 286 153 286 151 286 149 287 147 287 148 287 137 288 139 288 138 288 132 289 134 289 129 289 131 290 130 290 129 290 131 291 134 291 140 291 151 292 157 292 152 292 157 293 146 293 141 293 147 294 150 294 148 294 148 295 150 295 134 295 141 296 134 296 150 296 142 297 145 297 144 297 142 298 144 298 134 298 134 299 144 299 146 299 134 300 143 300 142 300 139 301 141 301 143 301 139 302 143 302 138 302 143 303 134 303 135 303 135 304 134 304 133 304 135 305 133 305 136 305 135 306 132 306 143 306 129 307 134 307 131 307 158 308 159 308 160 308 158 309 160 309 161 309 162 310 163 310 164 310 162 311 165 311 166 311 162 312 166 312 167 312 168 313 169 313 170 313 170 314 169 314 171 314 171 315 161 315 170 315 161 316 171 316 172 316 172 317 171 317 173 317 172 318 173 318 174 318 175 319 176 319 177 319 177 320 176 320 178 320 164 321 179 321 180 321 180 322 179 322 181 322 164 323 182 323 179 323 175 324 183 324 184 324 184 325 183 325 185 325 175 326 182 326 183 326 175 327 184 327 164 327 164 328 184 328 182 328 164 329 180 329 171 329 186 330 171 330 175 330 175 331 177 331 186 331 186 332 177 332 164 332 186 333 173 333 171 333 171 334 169 334 165 334 165 335 164 335 171 335 165 336 162 336 164 336 175 337 171 337 180 337 183 338 182 338 184 338 183 339 184 339 185 339 180 340 181 340 179 340 178 341 176 341 177 341 168 342 170 342 169 342 161 343 164 343 158 343 160 344 159 344 158 344 160 345 163 345 161 345 179 346 182 346 180 346 180 347 182 347 175 347 176 348 175 348 164 348 176 349 164 349 177 349 172 350 174 350 173 350 172 351 173 351 186 351 186 352 161 352 172 352 161 353 186 353 164 353 170 354 161 354 169 354 169 355 161 355 165 355 163 356 165 356 161 356 165 357 163 357 166 357 166 358 163 358 162 358 166 359 162 359 167 359 158 360 164 360 160 360 160 361 164 361 163 361 187 362 188 362 189 362 187 363 190 363 188 363 188 364 190 364 189 364 189 365 190 365 187 365 191 366 192 366 193 366 191 367 194 367 192 367 193 368 194 368 191 368 192 369 194 369 193 369 195 370 196 370 197 370 197 371 196 371 198 371 196 372 195 372 198 372 198 373 195 373 197 373 199 374 200 374 201 374 202 375 199 375 201 375 199 376 202 376 200 376 201 377 200 377 202 377 203 378 204 378 205 378 205 379 204 379 206 379 207 380 203 380 208 380 207 381 204 381 203 381 208 382 206 382 204 382 208 383 203 383 206 383 209 384 205 384 206 384 210 385 205 385 209 385 209 386 206 386 211 386 211 387 206 387 203 387 210 388 207 388 211 388 211 389 207 389 208 389 211 390 208 390 204 390 211 391 204 391 209 391 209 392 204 392 210 392 210 393 204 393 207 393 211 394 203 394 210 394 210 395 203 395 205 395 212 396 213 396 214 396 215 397 216 397 217 397 217 398 213 398 218 398 216 399 215 399 218 399 216 400 218 400 213 400 219 401 216 401 213 401 219 402 213 402 212 402 214 403 215 403 212 403 212 404 215 404 217 404 212 405 217 405 218 405 212 406 218 406 219 406 219 407 218 407 215 407 219 408 215 408 214 408 213 409 217 409 214 409 214 410 217 410 216 410 214 411 216 411 219 411 220 412 221 412 222 412 223 413 222 413 224 413 220 414 222 414 225 414 226 415 223 415 227 415 226 416 227 416 228 416 229 417 230 417 231 417 231 418 230 418 232 418 232 419 233 419 231 419 225 420 233 420 234 420 234 421 233 421 235 421 234 422 235 422 236 422 237 423 238 423 239 423 239 424 238 424 240 424 237 425 225 425 238 425 241 426 242 426 243 426 243 427 242 427 244 427 241 428 245 428 246 428 246 429 245 429 247 429 246 430 247 430 248 430 241 431 232 431 245 431 241 432 246 432 225 432 232 433 241 433 237 433 241 434 243 434 237 434 232 435 237 435 239 435 232 436 239 436 249 436 249 437 235 437 232 437 232 438 235 438 233 438 232 439 230 439 224 439 223 440 224 440 233 440 223 441 226 441 225 441 225 442 222 442 223 442 247 443 245 443 246 443 247 444 246 444 248 444 246 445 232 445 225 445 241 446 225 446 242 446 243 447 244 447 242 447 240 448 238 448 239 448 239 449 225 449 249 449 229 450 231 450 230 450 230 451 233 451 224 451 225 452 224 452 220 452 222 453 221 453 220 453 245 454 232 454 246 454 242 455 225 455 243 455 243 456 225 456 237 456 238 457 225 457 239 457 234 458 236 458 235 458 234 459 235 459 225 459 225 460 235 460 249 460 231 461 233 461 230 461 225 462 232 462 224 462 233 463 225 463 227 463 227 464 225 464 226 464 227 465 226 465 228 465 227 466 223 466 233 466 220 467 224 467 222 467 250 468 251 468 252 468 250 469 252 469 253 469 254 470 255 470 253 470 254 471 256 471 257 471 254 472 257 472 258 472 259 473 260 473 261 473 261 474 260 474 262 474 262 475 256 475 261 475 263 476 256 476 264 476 264 477 256 477 265 477 264 478 265 478 266 478 267 479 268 479 269 479 269 480 268 480 270 480 267 481 263 481 268 481 263 482 271 482 272 482 272 483 271 483 273 483 263 484 274 484 271 484 262 485 275 485 276 485 276 486 275 486 277 486 276 487 277 487 278 487 262 488 274 488 275 488 267 489 274 489 263 489 263 490 272 490 262 490 279 491 262 491 267 491 267 492 269 492 279 492 279 493 269 493 263 493 279 494 256 494 262 494 279 495 265 495 256 495 253 496 262 496 260 496 263 497 262 497 253 497 256 498 254 498 253 498 253 499 252 499 263 499 277 500 275 500 276 500 277 501 276 501 278 501 276 502 267 502 262 502 272 503 273 503 271 503 270 504 268 504 269 504 259 505 261 505 260 505 253 506 255 506 250 506 252 507 251 507 250 507 252 508 255 508 263 508 275 509 274 509 276 509 276 510 274 510 267 510 271 511 274 511 272 511 272 512 274 512 262 512 268 513 263 513 269 513 264 514 266 514 265 514 264 515 265 515 263 515 263 516 265 516 279 516 261 517 256 517 260 517 260 518 256 518 253 518 263 519 255 519 257 519 257 520 255 520 254 520 257 521 254 521 258 521 257 522 256 522 263 522 250 523 255 523 252 523 280 524 281 524 282 524 282 525 281 525 283 525 283 526 281 526 280 526 283 527 280 527 282 527 284 528 285 528 286 528 287 529 285 529 284 529 286 530 285 530 287 530 286 531 287 531 284 531 288 532 289 532 290 532 288 533 291 533 289 533 290 534 289 534 291 534 290 535 291 535 288 535 292 536 293 536 294 536 295 537 292 537 294 537 295 538 293 538 292 538 295 539 294 539 293 539 296 540 297 540 298 540 299 541 300 541 297 541 299 542 297 542 296 542 296 543 298 543 300 543 297 544 300 544 301 544 301 545 300 545 298 545 301 546 298 546 302 546 301 547 299 547 303 547 303 548 299 548 296 548 303 549 296 549 302 549 302 550 296 550 300 550 302 551 300 551 299 551 302 552 299 552 301 552 303 553 297 553 301 553 302 554 298 554 303 554 303 555 298 555 297 555 304 556 305 556 306 556 307 557 305 557 304 557 308 558 307 558 306 558 309 559 308 559 306 559 309 560 306 560 305 560 310 561 308 561 309 561 309 562 305 562 311 562 310 563 307 563 304 563 310 564 304 564 311 564 311 565 304 565 306 565 311 566 306 566 307 566 311 567 307 567 309 567 309 568 307 568 310 568 311 569 305 569 310 569 310 570 305 570 308 570 305 571 307 571 308 571 312 572 313 572 314 572 315 573 314 573 316 573 317 574 318 574 319 574 320 575 321 575 313 575 314 576 313 576 322 576 320 577 322 577 321 577 323 578 324 578 322 578 322 579 324 579 314 579 323 580 316 580 314 580 316 581 323 581 322 581 316 582 322 582 325 582 325 583 326 583 327 583 325 584 327 584 316 584 316 585 327 585 328 585 319 586 329 586 330 586 319 587 330 587 331 587 319 588 331 588 317 588 318 589 317 589 320 589 318 590 320 590 332 590 317 591 331 591 322 591 317 592 322 592 333 592 322 593 329 593 326 593 319 594 334 594 326 594 326 595 334 595 327 595 312 596 333 596 332 596 332 597 333 597 335 597 332 598 335 598 318 598 336 599 318 599 337 599 338 600 339 600 340 600 328 601 339 601 338 601 328 602 338 602 324 602 328 603 324 603 323 603 338 604 341 604 324 604 323 605 315 605 328 605 328 606 315 606 316 606 312 607 321 607 341 607 315 608 312 608 314 608 341 609 333 609 312 609 341 610 338 610 335 610 338 611 326 611 318 611 340 612 337 612 338 612 338 613 337 613 326 613 336 614 337 614 334 614 334 615 337 615 340 615 336 616 334 616 319 616 327 617 334 617 340 617 328 618 327 618 340 618 312 619 332 619 320 619 312 620 320 620 313 620 336 621 319 621 318 621 340 622 325 622 328 622 328 623 325 623 339 623 339 624 325 624 322 624 339 625 322 625 340 625 340 626 322 626 326 626 341 627 323 627 314 627 315 628 323 628 341 628 315 629 313 629 321 629 315 630 321 630 312 630 318 631 326 631 329 631 338 632 322 632 335 632 335 633 322 633 331 633 335 634 331 634 330 634 333 635 322 635 320 635 333 636 320 636 335 636 335 637 320 637 317 637 335 638 317 638 341 638 341 639 317 639 333 639 335 640 330 640 318 640 318 641 330 641 322 641 318 642 322 642 338 642 330 643 329 643 322 643 318 644 329 644 337 644 337 645 319 645 326 645 337 646 329 646 319 646 341 647 321 647 322 647 341 648 322 648 315 648 315 649 322 649 313 649 341 650 314 650 324 650 340 651 326 651 325 651 342 652 343 652 344 652 345 653 346 653 347 653 348 654 347 654 346 654 346 655 343 655 349 655 349 656 343 656 348 656 347 657 348 657 343 657 345 658 343 658 346 658 342 659 347 659 343 659 343 660 345 660 344 660 344 661 345 661 350 661 342 662 348 662 350 662 350 663 348 663 346 663 350 664 346 664 344 664 344 665 346 665 349 665 344 666 349 666 348 666 344 667 348 667 342 667 345 668 347 668 350 668 350 669 347 669 342 669 351 670 352 670 353 670 351 671 353 671 354 671 354 672 352 672 351 672 354 673 353 673 352 673 355 674 356 674 357 674 357 675 356 675 358 675 358 676 356 676 355 676 357 677 358 677 355 677 359 678 360 678 361 678 359 679 361 679 362 679 363 680 364 680 365 680 363 681 365 681 366 681 367 682 364 682 362 682 368 683 367 683 369 683 369 684 367 684 362 684 362 685 370 685 369 685 362 686 371 686 372 686 372 687 371 687 373 687 372 688 373 688 374 688 375 689 376 689 377 689 377 690 376 690 378 690 375 691 379 691 376 691 380 692 381 692 382 692 382 693 381 693 383 693 380 694 362 694 381 694 380 695 384 695 385 695 385 696 384 696 386 696 380 697 370 697 384 697 380 698 385 698 362 698 362 699 385 699 370 699 379 700 370 700 380 700 380 701 382 701 379 701 370 702 379 702 375 702 375 703 377 703 362 703 375 704 371 704 370 704 362 705 373 705 375 705 375 706 373 706 371 706 362 707 364 707 387 707 364 708 363 708 387 708 387 709 363 709 371 709 362 710 361 710 371 710 371 711 361 711 387 711 362 712 379 712 382 712 384 713 370 713 385 713 384 714 385 714 386 714 382 715 383 715 381 715 378 716 376 716 377 716 368 717 369 717 367 717 362 718 387 718 359 718 361 719 360 719 359 719 381 720 362 720 382 720 376 721 379 721 362 721 376 722 362 722 377 722 372 723 374 723 373 723 372 724 373 724 362 724 369 725 370 725 364 725 369 726 364 726 367 726 364 727 370 727 371 727 365 728 371 728 363 728 365 729 363 729 366 729 365 730 364 730 371 730 359 731 387 731 361 731 388 732 389 732 390 732 388 733 390 733 391 733 392 734 393 734 394 734 392 735 394 735 395 735 396 736 397 736 398 736 398 737 397 737 399 737 399 738 393 738 398 738 400 739 393 739 401 739 401 740 393 740 402 740 401 741 402 741 403 741 404 742 405 742 406 742 406 743 405 743 407 743 404 744 399 744 405 744 404 745 408 745 409 745 409 746 408 746 410 746 404 747 411 747 408 747 412 748 413 748 414 748 414 749 413 749 415 749 412 750 411 750 413 750 416 751 411 751 404 751 412 752 416 752 399 752 416 753 404 753 400 753 404 754 406 754 400 754 400 755 406 755 399 755 399 756 416 756 393 756 400 757 402 757 416 757 416 758 402 758 393 758 399 759 397 759 417 759 417 760 400 760 399 760 391 761 417 761 393 761 393 762 392 762 391 762 391 763 392 763 400 763 391 764 390 764 417 764 412 765 404 765 409 765 413 766 411 766 414 766 413 767 414 767 415 767 414 768 416 768 412 768 411 769 412 769 408 769 409 770 410 770 408 770 407 771 405 771 406 771 396 772 398 772 397 772 391 773 400 773 388 773 390 774 389 774 388 774 414 775 411 775 416 775 408 776 412 776 409 776 412 777 399 777 404 777 405 778 399 778 406 778 401 779 403 779 402 779 401 780 402 780 400 780 398 781 393 781 397 781 397 782 393 782 417 782 394 783 400 783 392 783 394 784 392 784 395 784 394 785 393 785 400 785 388 786 400 786 390 786 400 787 417 787 390 787 418 788 419 788 420 788 421 789 420 789 419 789 419 790 418 790 421 790 421 791 418 791 420 791 422 792 423 792 424 792 423 793 425 793 424 793 423 794 422 794 425 794 425 795 422 795 424 795 426 796 427 796 428 796 429 797 427 797 426 797 430 798 427 798 431 798 432 799 427 799 430 799 430 800 431 800 433 800 432 801 428 801 427 801 433 802 428 802 432 802 433 803 431 803 428 803 429 804 430 804 434 804 434 805 430 805 433 805 434 806 433 806 426 806 426 807 433 807 432 807 426 808 432 808 430 808 426 809 430 809 429 809 434 810 431 810 429 810 431 811 427 811 429 811 426 812 428 812 434 812 434 813 428 813 431 813 435 814 436 814 437 814 435 815 437 815 438 815 439 816 440 816 441 816 439 817 441 817 442 817 443 818 444 818 445 818 445 819 444 819 446 819 446 820 447 820 445 820 446 821 448 821 449 821 449 822 448 822 450 822 449 823 450 823 451 823 447 824 452 824 453 824 453 825 452 825 454 825 455 826 456 826 457 826 457 827 456 827 458 827 455 828 459 828 456 828 459 829 460 829 461 829 461 830 460 830 462 830 461 831 462 831 463 831 459 832 455 832 460 832 459 833 461 833 448 833 455 834 447 834 448 834 455 835 457 835 447 835 447 836 453 836 438 836 438 837 448 837 446 837 447 838 450 838 448 838 446 839 444 839 464 839 440 840 438 840 446 840 440 841 439 841 464 841 438 842 437 842 464 842 459 843 447 843 457 843 462 844 460 844 461 844 462 845 461 845 463 845 457 846 458 846 456 846 454 847 452 847 453 847 443 848 445 848 444 848 438 849 440 849 435 849 437 850 436 850 435 850 460 851 455 851 461 851 461 852 455 852 448 852 456 853 459 853 457 853 452 854 447 854 459 854 452 855 459 855 453 855 453 856 459 856 438 856 448 857 438 857 459 857 449 858 451 858 450 858 449 859 450 859 447 859 447 860 446 860 449 860 445 861 447 861 444 861 444 862 447 862 464 862 447 863 438 863 464 863 446 864 464 864 441 864 441 865 464 865 439 865 441 866 439 866 442 866 441 867 440 867 446 867 435 868 440 868 437 868 440 869 464 869 437 869 465 870 466 870 467 870 465 871 467 871 468 871 468 872 467 872 469 872 470 873 469 873 471 873 468 874 472 874 470 874 470 875 472 875 473 875 470 876 473 876 474 876 475 877 472 877 476 877 477 878 475 878 478 878 478 879 475 879 476 879 476 880 469 880 478 880 468 881 469 881 479 881 479 882 469 882 480 882 479 883 480 883 481 883 482 884 483 884 484 884 484 885 483 885 485 885 482 886 468 886 483 886 486 887 487 887 488 887 488 888 487 888 489 888 490 889 491 889 492 889 492 890 491 890 493 890 490 891 494 891 491 891 495 892 494 892 490 892 495 893 490 893 496 893 497 894 495 894 498 894 498 895 495 895 496 895 498 896 499 896 497 896 498 897 500 897 499 897 501 898 486 898 502 898 486 899 501 899 498 899 486 900 488 900 502 900 502 901 488 901 500 901 502 902 482 902 484 902 476 903 502 903 469 903 468 904 480 904 502 904 502 905 480 905 469 905 468 906 476 906 472 906 468 907 470 907 471 907 469 908 467 908 471 908 494 909 497 909 491 909 491 910 497 910 492 910 491 911 492 911 493 911 486 912 500 912 487 912 488 913 489 913 487 913 485 914 483 914 484 914 484 915 468 915 502 915 477 916 478 916 475 916 468 917 471 917 465 917 467 918 466 918 465 918 492 919 497 919 490 919 497 920 494 920 495 920 496 921 490 921 497 921 496 922 497 922 499 922 498 923 496 923 486 923 496 924 499 924 486 924 486 925 499 925 500 925 500 926 498 926 501 926 487 927 500 927 488 927 500 928 501 928 482 928 502 929 500 929 482 929 482 930 501 930 476 930 501 931 502 931 476 931 483 932 468 932 484 932 476 933 468 933 482 933 479 934 481 934 480 934 479 935 480 935 468 935 478 936 469 936 475 936 475 937 469 937 472 937 472 938 469 938 473 938 473 939 469 939 470 939 473 940 470 940 474 940 465 941 471 941 467 941 503 942 504 942 505 942 506 943 504 943 503 943 505 944 506 944 503 944 504 945 506 945 505 945 507 946 508 946 509 946 510 947 507 947 509 947 508 948 510 948 509 948 507 949 510 949 508 949 511 950 512 950 513 950 511 951 513 951 514 951 511 952 514 952 512 952 513 953 512 953 514 953 515 954 516 954 517 954 518 955 515 955 517 955 515 956 518 956 516 956 517 957 516 957 518 957 519 958 520 958 521 958 522 959 523 959 524 959 524 960 523 960 525 960 526 961 523 961 522 961 524 962 525 962 526 962 520 963 523 963 526 963 520 964 526 964 525 964 520 965 525 965 521 965 521 966 525 966 527 966 519 967 522 967 524 967 519 968 524 968 527 968 527 969 524 969 526 969 527 970 526 970 521 970 521 971 526 971 519 971 519 972 526 972 522 972 527 973 525 973 523 973 527 974 523 974 519 974 519 975 523 975 520 975 528 976 529 976 530 976 531 977 529 977 528 977 531 978 532 978 529 978 530 979 532 979 531 979 533 980 532 980 534 980 532 981 533 981 535 981 532 982 535 982 529 982 530 983 533 983 528 983 528 984 533 984 534 984 528 985 534 985 535 985 528 986 535 986 531 986 531 987 535 987 533 987 531 988 533 988 530 988 529 989 535 989 534 989 529 990 534 990 530 990 530 991 534 991 532 991 536 992 537 992 538 992 536 993 538 993 539 993 540 994 541 994 542 994 540 995 542 995 543 995 544 996 545 996 546 996 546 997 545 997 547 997 547 998 539 998 546 998 547 999 541 999 548 999 548 1000 541 1000 549 1000 548 1001 549 1001 550 1001 551 1002 552 1002 553 1002 553 1003 552 1003 554 1003 551 1004 555 1004 552 1004 539 1005 556 1005 557 1005 557 1006 556 1006 558 1006 559 1007 547 1007 560 1007 539 1008 561 1008 559 1008 559 1009 561 1009 562 1009 539 1010 547 1010 561 1010 560 1011 539 1011 559 1011 539 1012 557 1012 551 1012 539 1013 551 1013 553 1013 539 1014 553 1014 555 1014 541 1015 539 1015 555 1015 555 1016 549 1016 541 1016 563 1017 547 1017 545 1017 541 1018 547 1018 563 1018 541 1019 540 1019 564 1019 539 1020 538 1020 563 1020 564 1021 539 1021 541 1021 561 1022 547 1022 559 1022 561 1023 559 1023 562 1023 539 1024 560 1024 556 1024 557 1025 558 1025 556 1025 554 1026 552 1026 553 1026 544 1027 546 1027 545 1027 545 1028 539 1028 563 1028 539 1029 564 1029 536 1029 538 1030 537 1030 536 1030 556 1031 560 1031 557 1031 557 1032 560 1032 551 1032 547 1033 551 1033 560 1033 552 1034 555 1034 553 1034 551 1035 547 1035 555 1035 548 1036 550 1036 549 1036 548 1037 549 1037 547 1037 547 1038 549 1038 555 1038 546 1039 539 1039 545 1039 563 1040 564 1040 542 1040 542 1041 564 1041 540 1041 542 1042 540 1042 543 1042 542 1043 541 1043 563 1043 536 1044 564 1044 538 1044 564 1045 563 1045 538 1045 565 1046 566 1046 567 1046 565 1047 567 1047 568 1047 569 1048 570 1048 571 1048 569 1049 571 1049 572 1049 573 1050 574 1050 575 1050 575 1051 574 1051 576 1051 576 1052 577 1052 575 1052 578 1053 579 1053 580 1053 580 1054 579 1054 581 1054 580 1055 581 1055 582 1055 583 1056 584 1056 585 1056 585 1057 584 1057 586 1057 583 1058 579 1058 584 1058 587 1059 588 1059 589 1059 589 1060 588 1060 590 1060 587 1061 591 1061 588 1061 587 1062 592 1062 593 1062 593 1063 592 1063 594 1063 593 1064 594 1064 595 1064 587 1065 579 1065 592 1065 587 1066 593 1066 591 1066 596 1067 587 1067 583 1067 583 1068 585 1068 596 1068 579 1069 578 1069 577 1069 596 1070 579 1070 577 1070 587 1071 581 1071 579 1071 597 1072 577 1072 578 1072 570 1073 576 1073 574 1073 570 1074 574 1074 577 1074 576 1075 570 1075 597 1075 568 1076 597 1076 570 1076 570 1077 569 1077 568 1077 568 1078 569 1078 577 1078 568 1079 567 1079 597 1079 594 1080 592 1080 593 1080 594 1081 593 1081 595 1081 591 1082 583 1082 588 1082 589 1083 590 1083 588 1083 586 1084 584 1084 585 1084 585 1085 579 1085 596 1085 573 1086 575 1086 574 1086 568 1087 577 1087 565 1087 567 1088 566 1088 565 1088 592 1089 579 1089 593 1089 593 1090 579 1090 591 1090 588 1091 583 1091 589 1091 583 1092 587 1092 589 1092 579 1093 583 1093 591 1093 584 1094 579 1094 585 1094 580 1095 582 1095 581 1095 580 1096 581 1096 587 1096 587 1097 578 1097 580 1097 596 1098 578 1098 587 1098 597 1099 578 1099 596 1099 596 1100 577 1100 576 1100 596 1101 576 1101 597 1101 575 1102 577 1102 574 1102 571 1103 577 1103 569 1103 571 1104 569 1104 572 1104 571 1105 570 1105 577 1105 565 1106 577 1106 567 1106 577 1107 597 1107 567 1107 598 1108 599 1108 600 1108 599 1109 601 1109 600 1109 598 1110 600 1110 601 1110 598 1111 601 1111 599 1111 602 1112 603 1112 604 1112 603 1113 605 1113 604 1113 602 1114 604 1114 605 1114 602 1115 605 1115 603 1115 606 1116 607 1116 608 1116 607 1117 609 1117 608 1117 609 1118 607 1118 606 1118 608 1119 609 1119 606 1119 610 1120 611 1120 612 1120 613 1121 610 1121 612 1121 612 1122 611 1122 613 1122 613 1123 611 1123 610 1123 614 1124 615 1124 616 1124 616 1125 617 1125 618 1125 618 1126 617 1126 615 1126 618 1127 615 1127 614 1127 619 1128 620 1128 621 1128 619 1129 622 1129 620 1129 615 1130 621 1130 620 1130 616 1131 615 1131 620 1131 614 1132 621 1132 622 1132 614 1133 622 1133 618 1133 618 1134 622 1134 616 1134 616 1135 622 1135 619 1135 616 1136 619 1136 621 1136 616 1137 621 1137 614 1137 616 1138 620 1138 617 1138 617 1139 620 1139 622 1139 617 1140 622 1140 615 1140 615 1141 622 1141 621 1141 623 1142 624 1142 625 1142 623 1143 626 1143 624 1143 625 1144 624 1144 627 1144 628 1145 626 1145 629 1145 629 1146 626 1146 630 1146 624 1147 628 1147 630 1147 624 1148 630 1148 627 1148 627 1149 630 1149 626 1149 626 1150 628 1150 624 1150 623 1151 628 1151 629 1151 623 1152 629 1152 627 1152 627 1153 629 1153 625 1153 625 1154 629 1154 630 1154 625 1155 630 1155 623 1155 623 1156 630 1156 628 1156 627 1157 626 1157 623 1157 631 1158 632 1158 633 1158 633 1159 632 1159 634 1159 635 1160 636 1160 637 1160 638 1161 639 1161 640 1161 641 1162 642 1162 643 1162 644 1163 645 1163 646 1163 646 1164 647 1164 635 1164 644 1165 646 1165 632 1165 648 1166 638 1166 640 1166 648 1167 640 1167 649 1167 648 1168 649 1168 650 1168 651 1169 647 1169 652 1169 651 1170 652 1170 637 1170 637 1171 652 1171 653 1171 647 1172 646 1172 654 1172 647 1173 654 1173 655 1173 644 1174 655 1174 654 1174 638 1175 648 1175 643 1175 656 1176 657 1176 632 1176 635 1177 647 1177 651 1177 643 1178 648 1178 641 1178 650 1179 649 1179 653 1179 653 1180 649 1180 638 1180 653 1181 638 1181 646 1181 646 1182 635 1182 653 1182 653 1183 635 1183 637 1183 656 1184 641 1184 657 1184 641 1185 648 1185 657 1185 646 1186 638 1186 643 1186 643 1187 632 1187 646 1187 656 1188 632 1188 643 1188 658 1189 634 1189 641 1189 641 1190 634 1190 642 1190 658 1191 642 1191 639 1191 649 1192 659 1192 639 1192 658 1193 639 1193 659 1193 651 1194 637 1194 659 1194 631 1195 645 1195 660 1195 660 1196 645 1196 654 1196 634 1197 658 1197 633 1197 659 1198 637 1198 636 1198 659 1199 636 1199 658 1199 659 1200 649 1200 640 1200 647 1201 636 1201 661 1201 661 1202 636 1202 651 1202 661 1203 651 1203 659 1203 658 1204 636 1204 645 1204 645 1205 633 1205 658 1205 645 1206 631 1206 633 1206 636 1207 655 1207 660 1207 636 1208 660 1208 654 1208 659 1209 653 1209 652 1209 659 1210 652 1210 661 1210 661 1211 652 1211 647 1211 639 1212 648 1212 650 1212 639 1213 650 1213 640 1213 640 1214 650 1214 653 1214 640 1215 653 1215 659 1215 642 1216 648 1216 639 1216 634 1217 657 1217 642 1217 642 1218 657 1218 648 1218 660 1219 655 1219 644 1219 660 1220 644 1220 631 1220 631 1221 644 1221 632 1221 636 1222 647 1222 655 1222 657 1223 634 1223 632 1223 646 1224 645 1224 636 1224 646 1225 636 1225 654 1225 644 1226 654 1226 645 1226 643 1227 642 1227 658 1227 643 1228 658 1228 656 1228 656 1229 658 1229 641 1229 649 1230 639 1230 638 1230 651 1231 636 1231 635 1231 662 1232 663 1232 664 1232 665 1233 666 1233 667 1233 667 1234 666 1234 668 1234 667 1235 668 1235 669 1235 668 1236 670 1236 669 1236 670 1237 671 1237 669 1237 672 1238 673 1238 674 1238 675 1239 676 1239 677 1239 675 1240 678 1240 679 1240 680 1241 681 1241 682 1241 682 1242 683 1242 680 1242 680 1243 683 1243 684 1243 684 1244 683 1244 681 1244 685 1245 686 1245 687 1245 688 1246 689 1246 690 1246 685 1247 689 1247 686 1247 685 1248 691 1248 689 1248 687 1249 689 1249 691 1249 692 1250 693 1250 694 1250 692 1251 695 1251 696 1251 697 1252 690 1252 696 1252 696 1253 694 1253 693 1253 694 1254 696 1254 695 1254 698 1255 699 1255 700 1255 699 1256 698 1256 701 1256 701 1257 702 1257 699 1257 699 1258 702 1258 703 1258 663 1259 704 1259 705 1259 705 1260 704 1260 702 1260 663 1261 705 1261 706 1261 705 1262 665 1262 706 1262 704 1263 706 1263 702 1263 699 1264 707 1264 708 1264 708 1265 707 1265 693 1265 694 1266 698 1266 707 1266 708 1267 694 1267 699 1267 708 1268 698 1268 694 1268 709 1269 700 1269 695 1269 698 1270 697 1270 696 1270 698 1271 693 1271 707 1271 696 1272 674 1272 710 1272 710 1273 674 1273 691 1273 691 1274 695 1274 711 1274 695 1275 691 1275 712 1275 696 1276 711 1276 674 1276 674 1277 711 1277 695 1277 711 1278 690 1278 710 1278 691 1279 711 1279 710 1279 685 1280 713 1280 714 1280 714 1281 713 1281 688 1281 683 1282 689 1282 688 1282 715 1283 712 1283 683 1283 714 1284 683 1284 685 1284 714 1285 689 1285 683 1285 683 1286 688 1286 713 1286 696 1287 693 1287 698 1287 677 1288 716 1288 717 1288 684 1289 717 1289 682 1289 682 1290 717 1290 679 1290 682 1291 716 1291 684 1291 674 1292 685 1292 687 1292 674 1293 704 1293 718 1293 718 1294 704 1294 663 1294 703 1295 663 1295 706 1295 703 1296 706 1296 704 1296 703 1297 704 1297 699 1297 674 1298 692 1298 694 1298 695 1299 692 1299 674 1299 691 1300 674 1300 687 1300 699 1301 704 1301 674 1301 699 1302 674 1302 707 1302 707 1303 674 1303 694 1303 699 1304 694 1304 700 1304 700 1305 694 1305 695 1305 713 1306 685 1306 674 1306 673 1307 682 1307 681 1307 674 1308 673 1308 713 1308 713 1309 673 1309 681 1309 713 1310 681 1310 683 1310 682 1311 673 1311 716 1311 716 1312 673 1312 679 1312 682 1313 679 1313 683 1313 683 1314 679 1314 676 1314 673 1315 675 1315 679 1315 663 1316 703 1316 700 1316 683 1317 691 1317 685 1317 663 1318 700 1318 709 1318 691 1319 683 1319 712 1319 683 1320 676 1320 719 1320 676 1321 675 1321 720 1321 717 1322 716 1322 679 1322 665 1323 721 1323 706 1323 706 1324 721 1324 698 1324 697 1325 698 1325 721 1325 711 1326 696 1326 690 1326 710 1327 690 1327 689 1327 684 1328 688 1328 717 1328 722 1329 677 1329 717 1329 677 1330 679 1330 678 1330 679 1331 677 1331 676 1331 665 1332 705 1332 718 1332 718 1333 705 1333 702 1333 708 1334 693 1334 686 1334 701 1335 718 1335 702 1335 698 1336 702 1336 706 1336 692 1337 686 1337 693 1337 692 1338 696 1338 686 1338 686 1339 696 1339 710 1339 686 1340 681 1340 680 1340 686 1341 680 1341 678 1341 687 1342 686 1342 710 1342 687 1343 710 1343 689 1343 686 1344 689 1344 714 1344 686 1345 714 1345 681 1345 681 1346 714 1346 688 1346 681 1347 688 1347 684 1347 680 1348 684 1348 678 1348 678 1349 684 1349 716 1349 678 1350 716 1350 677 1350 675 1351 677 1351 672 1351 675 1352 672 1352 678 1352 678 1353 672 1353 686 1353 686 1354 672 1354 674 1354 698 1355 708 1355 701 1355 701 1356 708 1356 686 1356 701 1357 686 1357 718 1357 718 1358 686 1358 674 1358 698 1359 700 1359 703 1359 698 1360 703 1360 702 1360 663 1361 709 1361 664 1361 664 1362 709 1362 723 1362 712 1363 715 1363 723 1363 712 1364 723 1364 709 1364 712 1365 709 1365 695 1365 676 1366 720 1366 719 1366 719 1367 720 1367 723 1367 719 1368 723 1368 715 1368 719 1369 715 1369 683 1369 669 1370 722 1370 717 1370 717 1371 688 1371 724 1371 724 1372 688 1372 725 1372 669 1373 717 1373 724 1373 669 1374 724 1374 667 1374 667 1375 724 1375 725 1375 690 1376 697 1376 667 1376 690 1377 667 1377 725 1377 690 1378 725 1378 688 1378 721 1379 665 1379 667 1379 721 1380 667 1380 697 1380 671 1381 726 1381 723 1381 723 1382 720 1382 671 1382 671 1383 720 1383 722 1383 671 1384 722 1384 669 1384 722 1385 672 1385 677 1385 720 1386 675 1386 673 1386 720 1387 673 1387 722 1387 722 1388 673 1388 672 1388 727 1389 728 1389 729 1389 729 1390 728 1390 730 1390 728 1391 731 1391 730 1391 731 1392 728 1392 732 1392 728 1393 733 1393 732 1393 723 1394 726 1394 727 1394 723 1395 727 1395 729 1395 723 1396 729 1396 664 1396 732 1397 733 1397 664 1397 731 1398 732 1398 730 1398 730 1399 732 1399 664 1399 730 1400 664 1400 729 1400 733 1401 662 1401 664 1401 734 1402 662 1402 733 1402 734 1403 733 1403 728 1403 734 1404 728 1404 727 1404 734 1405 727 1405 735 1405 736 1406 737 1406 738 1406 736 1407 738 1407 735 1407 738 1408 739 1408 735 1408 735 1409 739 1409 734 1409 734 1410 739 1410 740 1410 741 1411 742 1411 740 1411 740 1412 742 1412 734 1412 737 1413 741 1413 738 1413 738 1414 741 1414 739 1414 741 1415 740 1415 739 1415 741 1416 665 1416 742 1416 742 1417 665 1417 662 1417 742 1418 662 1418 734 1418 718 1419 663 1419 662 1419 718 1420 662 1420 665 1420 737 1421 736 1421 741 1421 741 1422 736 1422 670 1422 741 1423 670 1423 668 1423 741 1424 668 1424 666 1424 741 1425 666 1425 665 1425 671 1426 670 1426 736 1426 671 1427 736 1427 726 1427 726 1428 736 1428 735 1428 726 1429 735 1429 727 1429 743 1430 744 1430 745 1430 746 1431 747 1431 748 1431 748 1432 749 1432 746 1432 746 1433 749 1433 750 1433 746 1434 750 1434 747 1434 747 1435 750 1435 748 1435 751 1436 752 1436 753 1436 753 1437 754 1437 751 1437 751 1438 754 1438 755 1438 751 1439 755 1439 756 1439 751 1440 756 1440 752 1440 752 1441 757 1441 753 1441 753 1442 757 1442 754 1442 758 1443 759 1443 760 1443 761 1444 759 1444 762 1444 758 1445 760 1445 763 1445 763 1446 760 1446 761 1446 762 1447 758 1447 763 1447 760 1448 759 1448 761 1448 764 1449 765 1449 766 1449 764 1450 766 1450 767 1450 767 1451 766 1451 768 1451 768 1452 766 1452 769 1452 768 1453 769 1453 770 1453 770 1454 769 1454 771 1454 771 1455 769 1455 772 1455 771 1456 772 1456 773 1456 773 1457 772 1457 774 1457 774 1458 772 1458 775 1458 774 1459 775 1459 776 1459 764 1460 767 1460 777 1460 778 1461 774 1461 776 1461 779 1462 773 1462 774 1462 780 1463 764 1463 777 1463 781 1464 777 1464 767 1464 781 1465 767 1465 782 1465 782 1466 767 1466 768 1466 782 1467 768 1467 770 1467 782 1468 770 1468 783 1468 783 1469 770 1469 784 1469 784 1470 770 1470 771 1470 784 1471 771 1471 773 1471 778 1472 779 1472 774 1472 785 1473 786 1473 787 1473 788 1474 787 1474 789 1474 788 1475 789 1475 790 1475 788 1476 790 1476 780 1476 780 1477 777 1477 781 1477 784 1478 773 1478 779 1478 779 1479 778 1479 791 1479 792 1480 791 1480 793 1480 792 1481 793 1481 785 1481 785 1482 793 1482 786 1482 781 1483 782 1483 794 1483 794 1484 782 1484 783 1484 794 1485 783 1485 784 1485 795 1486 784 1486 779 1486 796 1487 797 1487 798 1487 796 1488 798 1488 799 1488 796 1489 799 1489 800 1489 796 1490 800 1490 801 1490 796 1491 801 1491 788 1491 788 1492 801 1492 802 1492 788 1493 802 1493 803 1493 788 1494 803 1494 804 1494 788 1495 804 1495 805 1495 788 1496 805 1496 785 1496 785 1497 805 1497 806 1497 785 1498 806 1498 807 1498 785 1499 807 1499 808 1499 785 1500 808 1500 792 1500 792 1501 808 1501 809 1501 792 1502 809 1502 810 1502 792 1503 810 1503 811 1503 792 1504 811 1504 812 1504 792 1505 812 1505 795 1505 795 1506 812 1506 813 1506 795 1507 813 1507 814 1507 795 1508 814 1508 815 1508 795 1509 815 1509 816 1509 795 1510 816 1510 817 1510 795 1511 817 1511 818 1511 795 1512 818 1512 784 1512 784 1513 818 1513 819 1513 784 1514 819 1514 820 1514 784 1515 820 1515 794 1515 794 1516 820 1516 821 1516 794 1517 821 1517 822 1517 794 1518 822 1518 823 1518 794 1519 823 1519 824 1519 794 1520 824 1520 825 1520 794 1521 825 1521 781 1521 781 1522 825 1522 826 1522 781 1523 826 1523 827 1523 781 1524 827 1524 828 1524 781 1525 828 1525 829 1525 781 1526 829 1526 780 1526 780 1527 829 1527 830 1527 780 1528 830 1528 831 1528 780 1529 831 1529 796 1529 796 1530 831 1530 832 1530 796 1531 832 1531 797 1531 833 1532 834 1532 835 1532 836 1533 833 1533 835 1533 837 1534 838 1534 835 1534 839 1535 837 1535 840 1535 841 1536 839 1536 840 1536 842 1537 843 1537 840 1537 843 1538 841 1538 840 1538 844 1539 842 1539 845 1539 845 1540 842 1540 840 1540 845 1541 840 1541 846 1541 846 1542 840 1542 847 1542 847 1543 840 1543 848 1543 848 1544 840 1544 849 1544 848 1545 849 1545 850 1545 850 1546 849 1546 851 1546 851 1547 849 1547 852 1547 852 1548 849 1548 853 1548 853 1549 849 1549 854 1549 840 1550 837 1550 835 1550 838 1551 836 1551 835 1551 849 1552 835 1552 855 1552 849 1553 855 1553 856 1553 840 1554 835 1554 849 1554 854 1555 857 1555 858 1555 854 1556 858 1556 853 1556 853 1557 858 1557 859 1557 853 1558 859 1558 852 1558 852 1559 859 1559 860 1559 852 1560 860 1560 851 1560 851 1561 860 1561 861 1561 851 1562 861 1562 850 1562 850 1563 861 1563 862 1563 850 1564 862 1564 848 1564 848 1565 862 1565 863 1565 848 1566 863 1566 847 1566 847 1567 863 1567 864 1567 847 1568 864 1568 846 1568 846 1569 864 1569 865 1569 846 1570 865 1570 845 1570 865 1571 866 1571 867 1571 865 1572 867 1572 845 1572 845 1573 867 1573 844 1573 868 1574 834 1574 833 1574 842 1575 869 1575 843 1575 843 1576 869 1576 870 1576 843 1577 870 1577 841 1577 841 1578 870 1578 871 1578 841 1579 871 1579 872 1579 841 1580 872 1580 839 1580 839 1581 872 1581 873 1581 839 1582 873 1582 837 1582 837 1583 873 1583 838 1583 838 1584 873 1584 874 1584 838 1585 874 1585 836 1585 836 1586 874 1586 875 1586 836 1587 875 1587 833 1587 833 1588 875 1588 876 1588 833 1589 876 1589 868 1589 842 1590 844 1590 877 1590 877 1591 878 1591 869 1591 842 1592 877 1592 869 1592 879 1593 866 1593 865 1593 880 1594 879 1594 881 1594 882 1595 883 1595 881 1595 884 1596 882 1596 885 1596 886 1597 887 1597 885 1597 888 1598 889 1598 890 1598 889 1599 886 1599 890 1599 890 1600 886 1600 885 1600 891 1601 888 1601 890 1601 892 1602 890 1602 893 1602 893 1603 890 1603 885 1603 893 1604 885 1604 894 1604 894 1605 885 1605 857 1605 887 1606 884 1606 885 1606 885 1607 882 1607 881 1607 883 1608 880 1608 881 1608 881 1609 879 1609 865 1609 881 1610 865 1610 864 1610 881 1611 864 1611 885 1611 885 1612 864 1612 863 1612 885 1613 863 1613 862 1613 885 1614 862 1614 861 1614 885 1615 861 1615 860 1615 885 1616 860 1616 857 1616 857 1617 860 1617 859 1617 857 1618 859 1618 858 1618 875 1619 874 1619 895 1619 873 1620 872 1620 895 1620 872 1621 871 1621 895 1621 871 1622 870 1622 895 1622 870 1623 869 1623 895 1623 869 1624 878 1624 896 1624 895 1625 869 1625 896 1625 895 1626 896 1626 897 1626 895 1627 897 1627 898 1627 895 1628 898 1628 899 1628 895 1629 899 1629 900 1629 895 1630 900 1630 901 1630 895 1631 901 1631 902 1631 902 1632 901 1632 903 1632 902 1633 903 1633 904 1633 902 1634 904 1634 905 1634 874 1635 873 1635 895 1635 876 1636 875 1636 895 1636 868 1637 876 1637 906 1637 906 1638 876 1638 895 1638 906 1639 895 1639 902 1639 891 1640 907 1640 908 1640 909 1641 910 1641 911 1641 879 1642 910 1642 866 1642 911 1643 910 1643 879 1643 911 1644 879 1644 912 1644 912 1645 879 1645 880 1645 912 1646 880 1646 913 1646 913 1647 880 1647 883 1647 913 1648 883 1648 914 1648 914 1649 883 1649 882 1649 914 1650 882 1650 915 1650 915 1651 882 1651 884 1651 915 1652 884 1652 916 1652 916 1653 884 1653 887 1653 916 1654 887 1654 917 1654 917 1655 887 1655 886 1655 917 1656 886 1656 918 1656 918 1657 886 1657 889 1657 918 1658 889 1658 908 1658 908 1659 889 1659 888 1659 908 1660 888 1660 891 1660 919 1661 905 1661 904 1661 896 1662 878 1662 920 1662 920 1663 921 1663 896 1663 896 1664 921 1664 922 1664 919 1665 904 1665 923 1665 923 1666 904 1666 903 1666 923 1667 903 1667 924 1667 924 1668 903 1668 901 1668 924 1669 901 1669 925 1669 925 1670 901 1670 900 1670 925 1671 900 1671 926 1671 926 1672 900 1672 899 1672 926 1673 899 1673 927 1673 927 1674 899 1674 898 1674 927 1675 898 1675 928 1675 928 1676 898 1676 897 1676 928 1677 897 1677 929 1677 929 1678 897 1678 896 1678 929 1679 896 1679 930 1679 930 1680 896 1680 922 1680 930 1681 922 1681 931 1681 930 1682 931 1682 909 1682 912 1683 913 1683 932 1683 913 1684 914 1684 932 1684 914 1685 915 1685 932 1685 915 1686 916 1686 932 1686 917 1687 918 1687 933 1687 918 1688 908 1688 933 1688 908 1689 907 1689 933 1689 932 1690 933 1690 934 1690 932 1691 934 1691 935 1691 916 1692 917 1692 932 1692 932 1693 917 1693 933 1693 911 1694 912 1694 932 1694 909 1695 911 1695 930 1695 930 1696 911 1696 932 1696 930 1697 932 1697 929 1697 929 1698 932 1698 928 1698 928 1699 932 1699 927 1699 927 1700 932 1700 926 1700 926 1701 932 1701 925 1701 925 1702 932 1702 924 1702 924 1703 932 1703 923 1703 923 1704 932 1704 935 1704 923 1705 935 1705 919 1705 936 1706 937 1706 938 1706 938 1707 937 1707 939 1707 938 1708 939 1708 940 1708 940 1709 939 1709 941 1709 941 1710 939 1710 942 1710 942 1711 939 1711 943 1711 943 1712 939 1712 944 1712 945 1713 936 1713 938 1713 945 1714 938 1714 946 1714 946 1715 938 1715 940 1715 946 1716 940 1716 947 1716 947 1717 940 1717 941 1717 947 1718 941 1718 948 1718 948 1719 941 1719 949 1719 949 1720 941 1720 942 1720 949 1721 942 1721 943 1721 949 1722 943 1722 950 1722 945 1723 946 1723 951 1723 951 1724 946 1724 947 1724 947 1725 948 1725 951 1725 951 1726 948 1726 949 1726 951 1727 949 1727 950 1727 952 1728 953 1728 954 1728 954 1729 953 1729 955 1729 954 1730 955 1730 956 1730 956 1731 955 1731 957 1731 957 1732 955 1732 958 1732 957 1733 958 1733 959 1733 959 1734 958 1734 960 1734 960 1735 958 1735 961 1735 962 1736 963 1736 964 1736 965 1737 966 1737 967 1737 967 1738 966 1738 968 1738 967 1739 968 1739 969 1739 970 1740 966 1740 965 1740 970 1741 965 1741 971 1741 971 1742 965 1742 964 1742 971 1743 964 1743 963 1743 971 1744 963 1744 972 1744 973 1745 974 1745 975 1745 975 1746 974 1746 976 1746 975 1747 976 1747 966 1747 966 1748 976 1748 977 1748 966 1749 977 1749 968 1749 962 1750 978 1750 963 1750 963 1751 978 1751 979 1751 963 1752 979 1752 972 1752 972 1753 979 1753 980 1753 972 1754 980 1754 981 1754 975 1755 966 1755 970 1755 975 1756 970 1756 982 1756 982 1757 970 1757 971 1757 982 1758 971 1758 983 1758 983 1759 971 1759 972 1759 983 1760 972 1760 984 1760 984 1761 972 1761 981 1761 984 1762 981 1762 985 1762 986 1763 987 1763 988 1763 988 1764 987 1764 989 1764 985 1765 990 1765 984 1765 984 1766 991 1766 983 1766 983 1767 991 1767 982 1767 982 1768 992 1768 975 1768 975 1769 992 1769 988 1769 975 1770 988 1770 989 1770 975 1771 989 1771 973 1771 993 1772 994 1772 988 1772 988 1773 994 1773 986 1773 985 1774 995 1774 990 1774 990 1775 995 1775 996 1775 990 1776 996 1776 997 1776 992 1777 982 1777 998 1777 998 1778 982 1778 991 1778 991 1779 984 1779 999 1779 999 1780 984 1780 990 1780 999 1781 990 1781 997 1781 999 1782 997 1782 1000 1782 993 1783 988 1783 1001 1783 1001 1784 988 1784 1002 1784 1002 1785 988 1785 992 1785 1002 1786 992 1786 1003 1786 1003 1787 992 1787 1004 1787 1004 1788 992 1788 998 1788 1004 1789 998 1789 1005 1789 1005 1790 998 1790 1006 1790 1006 1791 998 1791 991 1791 1006 1792 991 1792 1007 1792 1007 1793 991 1793 999 1793 1007 1794 999 1794 1008 1794 1008 1795 999 1795 1009 1795 1009 1796 999 1796 1000 1796 1009 1797 1000 1797 1010 1797 1011 1798 1012 1798 1013 1798 1014 1799 1015 1799 1016 1799 1017 1800 1018 1800 1016 1800 1016 1801 1018 1801 1019 1801 1016 1802 1019 1802 1014 1802 1016 1803 967 1803 1017 1803 1017 1804 967 1804 1020 1804 1011 1805 964 1805 965 1805 1011 1806 965 1806 1016 1806 1016 1807 965 1807 967 1807 1020 1808 967 1808 1021 1808 1011 1809 1013 1809 1022 1809 1011 1810 1022 1810 1023 1810 1011 1811 1023 1811 964 1811 964 1812 1023 1812 1024 1812 964 1813 1024 1813 1025 1813 1025 1814 962 1814 964 1814 1021 1815 967 1815 969 1815 1026 1816 1027 1816 1028 1816 1026 1817 1028 1817 1029 1817 1029 1818 1028 1818 1030 1818 1029 1819 1030 1819 1031 1819 1031 1820 1030 1820 1032 1820 1031 1821 1032 1821 1033 1821 1033 1822 1032 1822 1034 1822 1033 1823 1034 1823 1035 1823 1035 1824 1034 1824 1036 1824 1035 1825 1036 1825 1037 1825 1037 1826 1036 1826 1038 1826 1037 1827 1038 1827 1039 1827 1039 1828 1038 1828 1040 1828 1039 1829 1040 1829 1041 1829 1041 1830 1040 1830 1042 1830 1041 1831 1042 1831 1043 1831 1043 1832 1042 1832 1044 1832 1043 1833 1044 1833 1045 1833 1045 1834 1044 1834 1046 1834 1045 1835 1046 1835 1047 1835 1047 1836 1046 1836 1048 1836 1047 1837 1048 1837 1049 1837 1049 1838 1048 1838 1050 1838 1049 1839 1050 1839 1051 1839 1051 1840 1050 1840 1052 1840 1051 1841 1052 1841 1053 1841 1012 1842 1011 1842 905 1842 905 1843 1011 1843 902 1843 1011 1844 1016 1844 902 1844 902 1845 1016 1845 906 1845 1016 1846 1015 1846 906 1846 906 1847 1015 1847 868 1847 868 1848 1015 1848 1014 1848 1010 1849 1054 1849 1009 1849 1009 1850 1054 1850 961 1850 1009 1851 961 1851 1008 1851 1008 1852 961 1852 958 1852 1008 1853 958 1853 1007 1853 1007 1854 958 1854 1006 1854 1006 1855 958 1855 955 1855 1006 1856 955 1856 1005 1856 1055 1857 993 1857 953 1857 953 1858 993 1858 1001 1858 953 1859 1001 1859 1002 1859 953 1860 1002 1860 1003 1860 953 1861 1003 1861 1004 1861 953 1862 1004 1862 955 1862 955 1863 1004 1863 1005 1863 1056 1864 1057 1864 1058 1864 1058 1865 1057 1865 1059 1865 1058 1866 1059 1866 1060 1866 1060 1867 1059 1867 1061 1867 1061 1868 1059 1868 1062 1868 1061 1869 1062 1869 1063 1869 1064 1870 1056 1870 1058 1870 1064 1871 1058 1871 1065 1871 1065 1872 1058 1872 1066 1872 1066 1873 1058 1873 1060 1873 1066 1874 1060 1874 1067 1874 1067 1875 1060 1875 1061 1875 1067 1876 1061 1876 1068 1876 1068 1877 1061 1877 1063 1877 1068 1878 1063 1878 1069 1878 1064 1879 1065 1879 1070 1879 1065 1880 1066 1880 1070 1880 1066 1881 1067 1881 1070 1881 1067 1882 1068 1882 1070 1882 1070 1883 1068 1883 1069 1883 1071 1884 1072 1884 1073 1884 1073 1885 1072 1885 1074 1885 1073 1886 1074 1886 1075 1886 1075 1887 1074 1887 1076 1887 1075 1888 1076 1888 1077 1888 1077 1889 1076 1889 1078 1889 1078 1890 1076 1890 1079 1890 953 1891 952 1891 1055 1891 1055 1892 952 1892 1080 1892 1055 1893 1080 1893 1078 1893 1055 1894 1078 1894 1079 1894 993 1895 1081 1895 994 1895 994 1896 1081 1896 1082 1896 994 1897 1082 1897 986 1897 986 1898 1082 1898 1083 1898 986 1899 1083 1899 987 1899 987 1900 1083 1900 1084 1900 987 1901 1084 1901 989 1901 989 1902 1084 1902 1085 1902 989 1903 1085 1903 973 1903 973 1904 1085 1904 1086 1904 973 1905 1086 1905 974 1905 974 1906 1086 1906 1087 1906 974 1907 1087 1907 976 1907 976 1908 1087 1908 1088 1908 976 1909 1088 1909 977 1909 977 1910 1088 1910 1089 1910 977 1911 1089 1911 968 1911 968 1912 1089 1912 1090 1912 968 1913 1090 1913 969 1913 969 1914 1090 1914 1091 1914 969 1915 1091 1915 1021 1915 1021 1916 1091 1916 1092 1916 1021 1917 1092 1917 1020 1917 1020 1918 1092 1918 1093 1918 1020 1919 1093 1919 1017 1919 1017 1920 1093 1920 1094 1920 1017 1921 1094 1921 1018 1921 1018 1922 1094 1922 1095 1922 1018 1923 1095 1923 1019 1923 1019 1924 1095 1924 1096 1924 1019 1925 1096 1925 1014 1925 1014 1926 1096 1926 1097 1926 1098 1927 1099 1927 1100 1927 1101 1928 1100 1928 1102 1928 1101 1929 1102 1929 1103 1929 1101 1930 1103 1930 1104 1930 1105 1931 1102 1931 1106 1931 1106 1932 1102 1932 1100 1932 1106 1933 1100 1933 1107 1933 1107 1934 1100 1934 1099 1934 1107 1935 1099 1935 1108 1935 1105 1936 1109 1936 1110 1936 1105 1937 1110 1937 1102 1937 1102 1938 1110 1938 1111 1938 1102 1939 1111 1939 1103 1939 1091 1940 1090 1940 1099 1940 1099 1941 1090 1941 1089 1941 1099 1942 1089 1942 1108 1942 1108 1943 1089 1943 1088 1943 1108 1944 1088 1944 1087 1944 1105 1945 1106 1945 1112 1945 1112 1946 1106 1946 1107 1946 1112 1947 1107 1947 1113 1947 1113 1948 1107 1948 1108 1948 1113 1949 1108 1949 1114 1949 1114 1950 1108 1950 1087 1950 1114 1951 1087 1951 1086 1951 1115 1952 1116 1952 1117 1952 1117 1953 1116 1953 1118 1953 1086 1954 1119 1954 1114 1954 1114 1955 1119 1955 1120 1955 1114 1956 1120 1956 1113 1956 1113 1957 1121 1957 1112 1957 1112 1958 1121 1958 1117 1958 1112 1959 1117 1959 1105 1959 1105 1960 1117 1960 1118 1960 1122 1961 1123 1961 1124 1961 1124 1962 1123 1962 1115 1962 1086 1963 1085 1963 1119 1963 1119 1964 1085 1964 1084 1964 1119 1965 1084 1965 1083 1965 1115 1966 1117 1966 1124 1966 1124 1967 1117 1967 1121 1967 1125 1968 1121 1968 1113 1968 1125 1969 1113 1969 1120 1969 1119 1970 1083 1970 1082 1970 1122 1971 1124 1971 1126 1971 1126 1972 1124 1972 1127 1972 1127 1973 1124 1973 1121 1973 1127 1974 1121 1974 1128 1974 1128 1975 1121 1975 1125 1975 1128 1976 1125 1976 1129 1976 1129 1977 1125 1977 1130 1977 1130 1978 1125 1978 1120 1978 1130 1979 1120 1979 1131 1979 1131 1980 1120 1980 1132 1980 1132 1981 1120 1981 1119 1981 1132 1982 1119 1982 1133 1982 1133 1983 1119 1983 1134 1983 1134 1984 1119 1984 1082 1984 1134 1985 1082 1985 1081 1985 1135 1986 1097 1986 1096 1986 856 1987 855 1987 1136 1987 1136 1988 855 1988 1135 1988 1137 1989 1138 1989 856 1989 856 1990 1138 1990 1139 1990 856 1991 1139 1991 1140 1991 856 1992 1136 1992 1101 1992 856 1993 1101 1993 1137 1993 1137 1994 1101 1994 1141 1994 1136 1995 1098 1995 1100 1995 1136 1996 1100 1996 1101 1996 1141 1997 1101 1997 1142 1997 1135 1998 1096 1998 1136 1998 1136 1999 1096 1999 1095 1999 1136 2000 1095 2000 1098 2000 1098 2001 1095 2001 1094 2001 1098 2002 1094 2002 1093 2002 1098 2003 1093 2003 1092 2003 1092 2004 1091 2004 1098 2004 1098 2005 1091 2005 1099 2005 1142 2006 1101 2006 1104 2006 1143 2007 1144 2007 1145 2007 1145 2008 1144 2008 1146 2008 1145 2009 1146 2009 1147 2009 1147 2010 1146 2010 1148 2010 1147 2011 1148 2011 1149 2011 1149 2012 1148 2012 1150 2012 1149 2013 1150 2013 1151 2013 1151 2014 1150 2014 1152 2014 1151 2015 1152 2015 1153 2015 1153 2016 1152 2016 1154 2016 1153 2017 1154 2017 1155 2017 1155 2018 1154 2018 1156 2018 1155 2019 1156 2019 1157 2019 1157 2020 1156 2020 1158 2020 1157 2021 1158 2021 1159 2021 1159 2022 1158 2022 1160 2022 1159 2023 1160 2023 1161 2023 1161 2024 1160 2024 1162 2024 1161 2025 1162 2025 1163 2025 1163 2026 1162 2026 1164 2026 1163 2027 1164 2027 1165 2027 1165 2028 1164 2028 1166 2028 1165 2029 1166 2029 1167 2029 1167 2030 1166 2030 1168 2030 1167 2031 1168 2031 1169 2031 1169 2032 1168 2032 1170 2032 1097 2033 1135 2033 834 2033 834 2034 1135 2034 835 2034 1135 2035 855 2035 835 2035 849 2036 856 2036 854 2036 854 2037 856 2037 1140 2037 1081 2038 1055 2038 1134 2038 1134 2039 1055 2039 1079 2039 1134 2040 1079 2040 1133 2040 1133 2041 1079 2041 1076 2041 1133 2042 1076 2042 1132 2042 1132 2043 1076 2043 1131 2043 1131 2044 1076 2044 1130 2044 1171 2045 1122 2045 1072 2045 1072 2046 1122 2046 1126 2046 1072 2047 1126 2047 1074 2047 1074 2048 1126 2048 1127 2048 1074 2049 1127 2049 1128 2049 1074 2050 1128 2050 1129 2050 1074 2051 1129 2051 1130 2051 1074 2052 1130 2052 1076 2052 1081 2053 993 2053 1055 2053 1172 2054 1173 2054 1174 2054 1174 2055 1173 2055 1175 2055 1175 2056 1173 2056 1176 2056 1176 2057 1173 2057 1177 2057 1176 2058 1177 2058 1178 2058 1178 2059 1177 2059 1179 2059 1179 2060 1177 2060 1180 2060 1181 2061 1172 2061 1182 2061 1182 2062 1172 2062 1174 2062 1182 2063 1174 2063 1183 2063 1183 2064 1174 2064 1175 2064 1183 2065 1175 2065 1184 2065 1184 2066 1175 2066 1176 2066 1184 2067 1176 2067 1185 2067 1185 2068 1176 2068 1178 2068 1185 2069 1178 2069 1186 2069 1186 2070 1178 2070 1179 2070 1186 2071 1179 2071 1180 2071 1186 2072 1180 2072 1187 2072 1188 2073 1183 2073 1184 2073 1182 2074 1183 2074 1188 2074 1181 2075 1182 2075 1188 2075 1184 2076 1185 2076 1188 2076 1185 2077 1186 2077 1188 2077 1186 2078 1187 2078 1188 2078 1189 2079 1190 2079 1054 2079 1054 2080 1190 2080 1191 2080 1054 2081 1191 2081 960 2081 1054 2082 960 2082 961 2082 1190 2083 1189 2083 1192 2083 1192 2084 1189 2084 1193 2084 1193 2085 1189 2085 1194 2085 1193 2086 1194 2086 1195 2086 1195 2087 1194 2087 1196 2087 1195 2088 1196 2088 1197 2088 1197 2089 1196 2089 1198 2089 1198 2090 1196 2090 1199 2090 1200 2091 1201 2091 1202 2091 1202 2092 1201 2092 1203 2092 1202 2093 1203 2093 1204 2093 1204 2094 1203 2094 1205 2094 1204 2095 1205 2095 1206 2095 1204 2096 1206 2096 1207 2096 1208 2097 1205 2097 1209 2097 1209 2098 1205 2098 1203 2098 1209 2099 1203 2099 1210 2099 1210 2100 1203 2100 1201 2100 1211 2101 1212 2101 1208 2101 1208 2102 1212 2102 1213 2102 1208 2103 1213 2103 1205 2103 1205 2104 1213 2104 1214 2104 1205 2105 1214 2105 1206 2105 1200 2106 1215 2106 1201 2106 1201 2107 1215 2107 1216 2107 1201 2108 1216 2108 1217 2108 1201 2109 1217 2109 1218 2109 1219 2110 1210 2110 1201 2110 1219 2111 1201 2111 1218 2111 1219 2112 1218 2112 1220 2112 1221 2113 1222 2113 1223 2113 1223 2114 1222 2114 1224 2114 1220 2115 1225 2115 1219 2115 1219 2116 1225 2116 1226 2116 1219 2117 1226 2117 1210 2117 1210 2118 1226 2118 1227 2118 1210 2119 1227 2119 1209 2119 1209 2120 1227 2120 1223 2120 1209 2121 1223 2121 1208 2121 1208 2122 1223 2122 1224 2122 1208 2123 1224 2123 1211 2123 1228 2124 1229 2124 1230 2124 1230 2125 1229 2125 1221 2125 1220 2126 1231 2126 1225 2126 1225 2127 1231 2127 1232 2127 1225 2128 1232 2128 1233 2128 1221 2129 1223 2129 1230 2129 1230 2130 1223 2130 1227 2130 1230 2131 1227 2131 1234 2131 1234 2132 1227 2132 1226 2132 1234 2133 1226 2133 1235 2133 1235 2134 1226 2134 1225 2134 1235 2135 1225 2135 1236 2135 1236 2136 1225 2136 1233 2136 1236 2137 1233 2137 1237 2137 1228 2138 1230 2138 1238 2138 1238 2139 1230 2139 1234 2139 1238 2140 1234 2140 1239 2140 1239 2141 1234 2141 1235 2141 1239 2142 1235 2142 1240 2142 1240 2143 1235 2143 1236 2143 1240 2144 1236 2144 1241 2144 1241 2145 1236 2145 1237 2145 1241 2146 1237 2146 1242 2146 1243 2147 1244 2147 1245 2147 1246 2148 1247 2148 1248 2148 1248 2149 1247 2149 1249 2149 1248 2150 1249 2150 1250 2150 1243 2151 1204 2151 1248 2151 1248 2152 1204 2152 1246 2152 1246 2153 1204 2153 1251 2153 1243 2154 1202 2154 1204 2154 1251 2155 1204 2155 1252 2155 1243 2156 1245 2156 1253 2156 1243 2157 1253 2157 1254 2157 1243 2158 1254 2158 1202 2158 1202 2159 1254 2159 1255 2159 1202 2160 1255 2160 1256 2160 1256 2161 1200 2161 1202 2161 1252 2162 1204 2162 1207 2162 962 2163 1207 2163 978 2163 978 2164 1207 2164 1206 2164 978 2165 1206 2165 979 2165 979 2166 1206 2166 1214 2166 979 2167 1214 2167 980 2167 980 2168 1214 2168 1213 2168 980 2169 1213 2169 981 2169 981 2170 1213 2170 1212 2170 981 2171 1212 2171 985 2171 985 2172 1212 2172 1211 2172 985 2173 1211 2173 995 2173 995 2174 1211 2174 1224 2174 995 2175 1224 2175 996 2175 996 2176 1224 2176 1222 2176 996 2177 1222 2177 997 2177 997 2178 1222 2178 1221 2178 997 2179 1221 2179 1000 2179 1000 2180 1221 2180 1229 2180 1000 2181 1229 2181 1010 2181 1010 2182 1229 2182 1228 2182 1012 2183 1250 2183 1013 2183 1013 2184 1250 2184 1249 2184 1013 2185 1249 2185 1022 2185 1022 2186 1249 2186 1247 2186 1022 2187 1247 2187 1023 2187 1023 2188 1247 2188 1246 2188 1023 2189 1246 2189 1024 2189 1024 2190 1246 2190 1251 2190 1024 2191 1251 2191 1025 2191 1025 2192 1251 2192 1252 2192 1025 2193 1252 2193 962 2193 962 2194 1252 2194 1207 2194 1257 2195 1258 2195 1259 2195 1259 2196 1258 2196 1260 2196 1259 2197 1260 2197 1261 2197 1261 2198 1260 2198 1262 2198 1261 2199 1262 2199 1263 2199 1263 2200 1262 2200 1264 2200 1263 2201 1264 2201 1265 2201 1265 2202 1264 2202 1266 2202 1265 2203 1266 2203 1267 2203 1267 2204 1266 2204 1268 2204 1267 2205 1268 2205 1269 2205 1269 2206 1268 2206 1270 2206 1269 2207 1270 2207 1271 2207 1271 2208 1270 2208 1272 2208 1271 2209 1272 2209 1273 2209 1273 2210 1272 2210 1274 2210 1273 2211 1274 2211 1275 2211 1275 2212 1274 2212 1276 2212 1275 2213 1276 2213 1277 2213 1277 2214 1276 2214 1278 2214 1277 2215 1278 2215 1279 2215 1279 2216 1278 2216 1280 2216 1279 2217 1280 2217 1281 2217 1281 2218 1280 2218 1282 2218 919 2219 1250 2219 905 2219 905 2220 1250 2220 1012 2220 1244 2221 1243 2221 907 2221 907 2222 1243 2222 933 2222 933 2223 1243 2223 1248 2223 933 2224 1248 2224 934 2224 1248 2225 1250 2225 934 2225 934 2226 1250 2226 935 2226 935 2227 1250 2227 919 2227 1010 2228 1228 2228 1054 2228 1054 2229 1228 2229 1189 2229 1189 2230 1228 2230 1238 2230 1189 2231 1238 2231 1194 2231 1194 2232 1238 2232 1239 2232 1242 2233 1283 2233 1241 2233 1241 2234 1283 2234 1199 2234 1241 2235 1199 2235 1240 2235 1240 2236 1199 2236 1196 2236 1240 2237 1196 2237 1239 2237 1239 2238 1196 2238 1194 2238 1284 2239 1285 2239 1286 2239 1286 2240 1285 2240 1287 2240 1287 2241 1285 2241 1288 2241 1288 2242 1285 2242 1289 2242 1290 2243 1284 2243 1291 2243 1291 2244 1284 2244 1286 2244 1291 2245 1286 2245 1292 2245 1292 2246 1286 2246 1287 2246 1292 2247 1287 2247 1293 2247 1293 2248 1287 2248 1294 2248 1294 2249 1287 2249 1288 2249 1290 2250 1291 2250 1295 2250 1291 2251 1292 2251 1295 2251 1292 2252 1293 2252 1295 2252 1293 2253 1294 2253 1295 2253 1296 2254 1297 2254 1283 2254 1283 2255 1297 2255 1298 2255 1283 2256 1298 2256 1198 2256 1283 2257 1198 2257 1199 2257 1297 2258 1296 2258 1299 2258 1299 2259 1296 2259 1300 2259 1299 2260 1300 2260 1301 2260 1301 2261 1300 2261 1302 2261 1301 2262 1302 2262 1303 2262 1303 2263 1302 2263 1304 2263 1303 2264 1304 2264 1305 2264 1305 2265 1304 2265 1306 2265 1306 2266 1304 2266 1307 2266 1307 2267 1304 2267 1308 2267 1072 2268 1071 2268 1171 2268 1171 2269 1071 2269 1309 2269 1171 2270 1309 2270 1307 2270 1171 2271 1307 2271 1308 2271 952 2272 1026 2272 1080 2272 1080 2273 1026 2273 1029 2273 1029 2274 1031 2274 1080 2274 1080 2275 1031 2275 1033 2275 1310 2276 1311 2276 1191 2276 1191 2277 1311 2277 1312 2277 1191 2278 1312 2278 960 2278 1037 2279 1313 2279 1080 2279 1037 2280 1080 2280 1035 2280 1035 2281 1080 2281 1033 2281 1037 2282 1039 2282 1313 2282 1313 2283 1039 2283 1041 2283 1314 2284 1315 2284 1191 2284 1191 2285 1315 2285 1316 2285 1191 2286 1316 2286 1310 2286 952 2287 1317 2287 1318 2287 952 2288 1318 2288 1026 2288 1041 2289 1043 2289 1313 2289 1313 2290 1043 2290 1045 2290 1313 2291 1045 2291 1047 2291 1053 2292 1319 2292 1191 2292 1319 2293 1320 2293 1191 2293 1191 2294 1320 2294 1314 2294 1317 2295 952 2295 1321 2295 1321 2296 952 2296 954 2296 1321 2297 954 2297 956 2297 960 2298 1312 2298 1322 2298 960 2299 1322 2299 959 2299 959 2300 1322 2300 1323 2300 959 2301 1323 2301 957 2301 957 2302 1323 2302 1321 2302 957 2303 1321 2303 956 2303 1047 2304 1049 2304 1313 2304 1313 2305 1049 2305 1051 2305 1080 2306 1324 2306 1325 2306 1325 2307 1326 2307 1080 2307 1080 2308 1326 2308 1327 2308 1327 2309 1328 2309 1080 2309 1080 2310 1328 2310 1078 2310 1143 2311 1145 2311 1309 2311 1309 2312 1145 2312 1147 2312 1161 2313 1163 2313 1313 2313 1313 2314 1163 2314 1165 2314 1313 2315 1165 2315 1167 2315 1147 2316 1149 2316 1309 2316 1309 2317 1149 2317 1151 2317 1167 2318 1169 2318 1313 2318 1313 2319 1169 2319 1329 2319 1313 2320 1329 2320 1080 2320 1080 2321 1329 2321 1330 2321 1080 2322 1330 2322 1324 2322 1157 2323 1159 2323 1313 2323 1313 2324 1159 2324 1161 2324 1075 2325 1331 2325 1073 2325 1328 2326 1332 2326 1078 2326 1078 2327 1332 2327 1333 2327 1078 2328 1333 2328 1077 2328 1077 2329 1333 2329 1331 2329 1077 2330 1331 2330 1075 2330 1331 2331 1334 2331 1071 2331 1071 2332 1334 2332 1335 2332 1071 2333 1335 2333 1309 2333 1309 2334 1335 2334 1143 2334 1151 2335 1153 2335 1309 2335 1309 2336 1153 2336 1155 2336 1309 2337 1155 2337 1313 2337 1313 2338 1155 2338 1157 2338 1071 2339 1073 2339 1331 2339 1313 2340 1336 2340 1337 2340 1313 2341 1337 2341 1309 2341 1309 2342 1337 2342 1338 2342 1338 2343 1339 2343 1309 2343 1309 2344 1339 2344 1340 2344 1297 2345 1341 2345 1298 2345 1298 2346 1341 2346 1342 2346 1298 2347 1342 2347 1343 2347 1343 2348 1344 2348 1298 2348 1298 2349 1344 2349 1345 2349 1346 2350 1306 2350 1347 2350 1347 2351 1306 2351 1307 2351 1347 2352 1307 2352 1348 2352 1303 2353 1305 2353 1346 2353 1345 2354 1349 2354 1298 2354 1298 2355 1349 2355 1350 2355 1340 2356 1351 2356 1309 2356 1309 2357 1351 2357 1307 2357 1307 2358 1351 2358 1352 2358 1307 2359 1352 2359 1348 2359 1353 2360 1354 2360 1313 2360 1313 2361 1354 2361 1355 2361 1341 2362 1297 2362 1356 2362 1356 2363 1297 2363 1299 2363 1356 2364 1299 2364 1346 2364 1346 2365 1299 2365 1301 2365 1346 2366 1301 2366 1303 2366 1346 2367 1305 2367 1306 2367 1350 2368 1357 2368 1298 2368 1298 2369 1357 2369 1358 2369 1298 2370 1358 2370 1313 2370 1313 2371 1358 2371 1359 2371 1313 2372 1359 2372 1353 2372 1355 2373 1360 2373 1313 2373 1313 2374 1360 2374 1336 2374 1361 2375 1362 2375 1271 2375 1190 2376 1363 2376 1364 2376 1365 2377 1277 2377 1279 2377 1193 2378 1195 2378 1366 2378 1261 2379 1263 2379 1191 2379 1191 2380 1263 2380 1265 2380 1365 2381 1367 2381 1277 2381 1277 2382 1367 2382 1368 2382 1277 2383 1368 2383 1369 2383 1369 2384 1370 2384 1277 2384 1277 2385 1370 2385 1371 2385 1277 2386 1371 2386 1372 2386 1373 2387 1374 2387 1273 2387 1273 2388 1374 2388 1375 2388 1273 2389 1375 2389 1376 2389 1273 2390 1376 2390 1271 2390 1271 2391 1376 2391 1377 2391 1271 2392 1377 2392 1361 2392 1378 2393 1298 2393 1379 2393 1379 2394 1298 2394 1380 2394 1363 2395 1190 2395 1192 2395 1363 2396 1192 2396 1366 2396 1366 2397 1192 2397 1193 2397 1190 2398 1364 2398 1257 2398 1190 2399 1257 2399 1191 2399 1191 2400 1257 2400 1259 2400 1191 2401 1259 2401 1261 2401 1381 2402 1382 2402 1198 2402 1198 2403 1382 2403 1197 2403 1197 2404 1382 2404 1366 2404 1197 2405 1366 2405 1195 2405 1362 2406 1383 2406 1191 2406 1383 2407 1384 2407 1191 2407 1191 2408 1384 2408 1385 2408 1191 2409 1385 2409 1386 2409 1386 2410 1387 2410 1191 2410 1191 2411 1387 2411 1313 2411 1191 2412 1313 2412 1053 2412 1053 2413 1313 2413 1051 2413 1387 2414 1388 2414 1313 2414 1313 2415 1388 2415 1389 2415 1313 2416 1389 2416 1390 2416 1390 2417 1391 2417 1313 2417 1313 2418 1391 2418 1392 2418 1313 2419 1392 2419 1393 2419 1298 2420 1378 2420 1394 2420 1298 2421 1394 2421 1198 2421 1198 2422 1394 2422 1381 2422 1393 2423 1395 2423 1313 2423 1313 2424 1395 2424 1396 2424 1313 2425 1396 2425 1397 2425 1365 2426 1279 2426 1281 2426 1365 2427 1281 2427 1398 2427 1373 2428 1273 2428 1399 2428 1399 2429 1273 2429 1275 2429 1399 2430 1275 2430 1372 2430 1372 2431 1275 2431 1277 2431 1397 2432 1400 2432 1313 2432 1313 2433 1400 2433 1401 2433 1313 2434 1401 2434 1298 2434 1298 2435 1401 2435 1402 2435 1298 2436 1402 2436 1403 2436 1265 2437 1267 2437 1191 2437 1191 2438 1267 2438 1362 2438 1362 2439 1267 2439 1269 2439 1362 2440 1269 2440 1271 2440 1403 2441 1404 2441 1298 2441 1298 2442 1404 2442 1405 2442 1298 2443 1405 2443 1398 2443 1281 2444 1406 2444 1398 2444 1398 2445 1406 2445 1298 2445 1298 2446 1406 2446 1407 2446 1298 2447 1407 2447 1380 2447 1122 2448 1408 2448 1123 2448 1123 2449 1408 2449 1409 2449 1123 2450 1409 2450 1115 2450 1115 2451 1409 2451 1410 2451 1115 2452 1410 2452 1116 2452 1116 2453 1410 2453 1411 2453 1116 2454 1411 2454 1118 2454 1118 2455 1411 2455 1412 2455 1118 2456 1412 2456 1105 2456 1105 2457 1412 2457 1413 2457 1105 2458 1413 2458 1109 2458 1109 2459 1413 2459 1414 2459 1109 2460 1414 2460 1110 2460 1110 2461 1414 2461 1415 2461 1110 2462 1415 2462 1111 2462 1111 2463 1415 2463 1416 2463 1111 2464 1416 2464 1103 2464 1103 2465 1416 2465 1417 2465 1103 2466 1417 2466 1104 2466 1104 2467 1417 2467 1418 2467 1104 2468 1418 2468 1142 2468 1142 2469 1418 2469 1419 2469 1142 2470 1419 2470 1141 2470 1141 2471 1419 2471 1420 2471 1141 2472 1420 2472 1137 2472 1137 2473 1420 2473 1421 2473 1137 2474 1421 2474 1138 2474 1138 2475 1421 2475 1422 2475 1138 2476 1422 2476 1139 2476 1139 2477 1422 2477 1423 2477 1139 2478 1423 2478 1140 2478 1140 2479 1423 2479 894 2479 1424 2480 1418 2480 1425 2480 1425 2481 1426 2481 1427 2481 1427 2482 1426 2482 1428 2482 1427 2483 1428 2483 1429 2483 1430 2484 1426 2484 1431 2484 1431 2485 1426 2485 1425 2485 1431 2486 1425 2486 1418 2486 1431 2487 1418 2487 1432 2487 1433 2488 1434 2488 1430 2488 1430 2489 1434 2489 1435 2489 1430 2490 1435 2490 1426 2490 1426 2491 1435 2491 1436 2491 1426 2492 1436 2492 1428 2492 1418 2493 1417 2493 1416 2493 1418 2494 1416 2494 1432 2494 1432 2495 1416 2495 1415 2495 1432 2496 1415 2496 1414 2496 1430 2497 1431 2497 1437 2497 1437 2498 1431 2498 1438 2498 1438 2499 1431 2499 1432 2499 1438 2500 1432 2500 1439 2500 1439 2501 1432 2501 1414 2501 1439 2502 1414 2502 1413 2502 1440 2503 1441 2503 1442 2503 1442 2504 1441 2504 1443 2504 1413 2505 1444 2505 1439 2505 1439 2506 1445 2506 1438 2506 1438 2507 1445 2507 1446 2507 1438 2508 1446 2508 1447 2508 1438 2509 1447 2509 1437 2509 1437 2510 1447 2510 1442 2510 1437 2511 1442 2511 1430 2511 1430 2512 1442 2512 1443 2512 1430 2513 1443 2513 1433 2513 1448 2514 1449 2514 1450 2514 1450 2515 1449 2515 1440 2515 1413 2516 1412 2516 1444 2516 1444 2517 1412 2517 1411 2517 1444 2518 1411 2518 1410 2518 1440 2519 1442 2519 1450 2519 1445 2520 1439 2520 1444 2520 1444 2521 1410 2521 1409 2521 1448 2522 1450 2522 1451 2522 1451 2523 1450 2523 1442 2523 1451 2524 1442 2524 1452 2524 1452 2525 1442 2525 1447 2525 1452 2526 1447 2526 1453 2526 1453 2527 1447 2527 1454 2527 1454 2528 1447 2528 1446 2528 1454 2529 1446 2529 1455 2529 1455 2530 1446 2530 1445 2530 1455 2531 1445 2531 1456 2531 1456 2532 1445 2532 1457 2532 1457 2533 1445 2533 1444 2533 1457 2534 1444 2534 1458 2534 1458 2535 1444 2535 1459 2535 1459 2536 1444 2536 1409 2536 1459 2537 1409 2537 1408 2537 1460 2538 892 2538 1424 2538 1424 2539 892 2539 893 2539 1424 2540 893 2540 1461 2540 893 2541 894 2541 1461 2541 1462 2542 1463 2542 1460 2542 1460 2543 1463 2543 1464 2543 1460 2544 1464 2544 1465 2544 1460 2545 1427 2545 1462 2545 1462 2546 1427 2546 1466 2546 1424 2547 1425 2547 1427 2547 1424 2548 1427 2548 1460 2548 1466 2549 1427 2549 1467 2549 894 2550 1423 2550 1461 2550 1461 2551 1423 2551 1422 2551 1461 2552 1422 2552 1421 2552 1461 2553 1421 2553 1424 2553 1424 2554 1421 2554 1420 2554 1424 2555 1420 2555 1419 2555 1419 2556 1418 2556 1424 2556 1467 2557 1427 2557 1429 2557 1200 2558 1429 2558 1215 2558 1215 2559 1429 2559 1428 2559 1215 2560 1428 2560 1216 2560 1216 2561 1428 2561 1436 2561 1216 2562 1436 2562 1217 2562 1217 2563 1436 2563 1435 2563 1217 2564 1435 2564 1218 2564 1218 2565 1435 2565 1434 2565 1218 2566 1434 2566 1220 2566 1220 2567 1434 2567 1433 2567 1220 2568 1433 2568 1231 2568 1231 2569 1433 2569 1443 2569 1231 2570 1443 2570 1232 2570 1232 2571 1443 2571 1441 2571 1232 2572 1441 2572 1233 2572 1233 2573 1441 2573 1440 2573 1233 2574 1440 2574 1237 2574 1237 2575 1440 2575 1449 2575 1237 2576 1449 2576 1242 2576 1242 2577 1449 2577 1448 2577 1244 2578 1465 2578 1245 2578 1245 2579 1465 2579 1464 2579 1245 2580 1464 2580 1253 2580 1253 2581 1464 2581 1463 2581 1253 2582 1463 2582 1254 2582 1254 2583 1463 2583 1462 2583 1254 2584 1462 2584 1255 2584 1255 2585 1462 2585 1466 2585 1255 2586 1466 2586 1256 2586 1256 2587 1466 2587 1467 2587 1256 2588 1467 2588 1200 2588 1200 2589 1467 2589 1429 2589 1343 2590 1468 2590 1469 2590 1343 2591 1469 2591 1344 2591 1344 2592 1469 2592 1470 2592 1344 2593 1470 2593 1345 2593 1345 2594 1470 2594 1471 2594 1345 2595 1471 2595 1349 2595 1349 2596 1471 2596 1472 2596 1349 2597 1472 2597 1350 2597 1350 2598 1472 2598 1473 2598 1350 2599 1473 2599 1357 2599 1357 2600 1473 2600 1474 2600 1357 2601 1474 2601 1358 2601 1358 2602 1474 2602 1475 2602 1358 2603 1475 2603 1359 2603 1359 2604 1475 2604 1476 2604 1359 2605 1476 2605 1353 2605 1353 2606 1476 2606 1477 2606 1353 2607 1477 2607 1354 2607 1354 2608 1477 2608 1478 2608 1354 2609 1478 2609 1355 2609 1355 2610 1478 2610 1479 2610 1355 2611 1479 2611 1360 2611 1360 2612 1479 2612 1480 2612 1360 2613 1480 2613 1336 2613 1336 2614 1480 2614 1481 2614 892 2615 1460 2615 890 2615 890 2616 1460 2616 891 2616 891 2617 1460 2617 1465 2617 854 2618 1140 2618 857 2618 857 2619 1140 2619 894 2619 1242 2620 1448 2620 1283 2620 1278 2621 1276 2621 745 2621 1482 2622 1483 2622 1484 2622 1482 2623 1484 2623 1485 2623 1482 2624 1485 2624 1486 2624 1478 2625 1487 2625 1479 2625 1479 2626 1487 2626 1480 2626 1482 2627 1486 2627 1481 2627 1482 2628 1481 2628 1487 2628 1487 2629 1481 2629 1480 2629 1478 2630 1477 2630 1487 2630 1487 2631 1477 2631 1476 2631 1476 2632 1475 2632 1487 2632 1487 2633 1475 2633 1474 2633 1487 2634 1474 2634 1488 2634 1488 2635 1474 2635 1473 2635 1473 2636 1472 2636 1488 2636 1488 2637 1472 2637 1471 2637 1488 2638 1471 2638 1470 2638 1489 2639 1490 2639 1483 2639 1488 2640 1470 2640 1469 2640 1483 2641 1490 2641 1491 2641 1483 2642 1491 2642 1484 2642 1469 2643 1468 2643 1488 2643 1488 2644 1468 2644 1492 2644 1493 2645 1494 2645 1488 2645 1488 2646 1494 2646 1495 2646 1488 2647 1495 2647 1483 2647 1483 2648 1495 2648 1489 2648 1492 2649 1496 2649 1488 2649 1488 2650 1496 2650 1493 2650 1278 2651 745 2651 1280 2651 1497 2652 1498 2652 1499 2652 1499 2653 1498 2653 1500 2653 1501 2654 1282 2654 745 2654 1260 2655 1502 2655 1262 2655 1260 2656 1258 2656 1502 2656 1502 2657 1258 2657 1503 2657 1502 2658 1503 2658 1499 2658 1499 2659 1503 2659 1497 2659 1500 2660 1504 2660 1499 2660 1499 2661 1504 2661 1505 2661 1506 2662 1499 2662 1507 2662 1507 2663 1499 2663 1508 2663 745 2664 1282 2664 1280 2664 1505 2665 1509 2665 1499 2665 1499 2666 1509 2666 1508 2666 1276 2667 1274 2667 745 2667 1270 2668 1268 2668 1502 2668 1502 2669 1264 2669 1262 2669 1274 2670 1272 2670 745 2670 745 2671 1272 2671 1270 2671 1502 2672 1268 2672 1266 2672 1502 2673 1266 2673 1264 2673 1482 2674 1156 2674 1154 2674 1154 2675 1152 2675 1482 2675 1482 2676 1152 2676 1150 2676 1146 2677 1510 2677 1482 2677 1146 2678 1482 2678 1148 2678 1148 2679 1482 2679 1150 2679 1511 2680 749 2680 1512 2680 749 2681 1166 2681 1164 2681 1156 2682 1482 2682 1158 2682 1158 2683 1482 2683 749 2683 1158 2684 749 2684 1160 2684 1146 2685 1144 2685 1510 2685 1510 2686 1144 2686 1513 2686 1164 2687 1162 2687 749 2687 749 2688 1162 2688 1160 2688 1511 2689 1170 2689 749 2689 749 2690 1170 2690 1168 2690 749 2691 1168 2691 1166 2691 1513 2692 1514 2692 1510 2692 1510 2693 1514 2693 1515 2693 1510 2694 1515 2694 1516 2694 1510 2695 1516 2695 1517 2695 1518 2696 1519 2696 1520 2696 1520 2697 1519 2697 749 2697 749 2698 1519 2698 1521 2698 749 2699 1521 2699 1512 2699 1517 2700 1522 2700 1510 2700 1510 2701 1522 2701 1523 2701 1510 2702 1523 2702 1520 2702 1520 2703 1523 2703 1518 2703 1048 2704 1046 2704 1524 2704 1524 2705 1046 2705 1044 2705 1524 2706 1044 2706 1042 2706 1040 2707 1038 2707 1524 2707 1525 2708 1526 2708 1527 2708 1040 2709 1524 2709 1042 2709 1038 2710 1036 2710 1524 2710 1524 2711 1036 2711 1034 2711 1528 2712 1529 2712 1502 2712 1502 2713 1529 2713 1530 2713 1525 2714 1531 2714 1526 2714 1526 2715 1531 2715 1532 2715 1526 2716 1532 2716 1502 2716 1502 2717 1532 2717 1528 2717 1530 2718 1533 2718 1502 2718 1502 2719 1533 2719 1534 2719 1052 2720 1050 2720 1524 2720 1524 2721 1050 2721 1048 2721 1034 2722 1032 2722 1535 2722 1535 2723 1032 2723 1030 2723 1535 2724 1030 2724 1028 2724 1535 2725 1536 2725 1526 2725 1526 2726 1536 2726 1537 2726 1526 2727 1537 2727 1527 2727 1027 2728 1538 2728 1535 2728 1535 2729 1538 2729 1536 2729 772 2730 1524 2730 775 2730 749 2731 1539 2731 775 2731 749 2732 775 2732 1524 2732 1539 2733 749 2733 1482 2733 1539 2734 1482 2734 1540 2734 1482 2735 1541 2735 1540 2735 765 2736 1542 2736 1487 2736 1487 2737 1542 2737 1541 2737 1487 2738 1541 2738 1482 2738 745 2739 766 2739 765 2739 745 2740 765 2740 1487 2740 772 2741 769 2741 1524 2741 1524 2742 769 2742 745 2742 1520 2743 920 2743 878 2743 877 2744 844 2744 1520 2744 921 2745 944 2745 939 2745 920 2746 1543 2746 944 2746 920 2747 944 2747 921 2747 1520 2748 939 2748 937 2748 1520 2749 937 2749 920 2749 920 2750 937 2750 1543 2750 1028 2751 1027 2751 1535 2751 1520 2752 1535 2752 939 2752 844 2753 1057 2753 1544 2753 844 2754 1544 2754 1545 2754 844 2755 1545 2755 1520 2755 1483 2756 1057 2756 844 2756 1520 2757 1545 2757 1062 2757 1059 2758 1057 2758 1483 2758 1520 2759 1062 2759 1510 2759 1510 2760 1062 2760 1059 2760 1034 2761 1535 2761 1524 2761 1524 2762 1535 2762 748 2762 1524 2763 748 2763 750 2763 1524 2764 750 2764 749 2764 878 2765 877 2765 1520 2765 1535 2766 1520 2766 749 2766 1535 2767 749 2767 748 2767 1270 2768 1502 2768 745 2768 745 2769 1502 2769 1524 2769 1524 2770 1502 2770 1534 2770 1524 2771 1534 2771 1052 2771 939 2772 1535 2772 921 2772 921 2773 1535 2773 1526 2773 921 2774 1526 2774 922 2774 922 2775 1526 2775 1502 2775 922 2776 1502 2776 931 2776 931 2777 1502 2777 1499 2777 1506 2778 1501 2778 1499 2778 1499 2779 1501 2779 745 2779 1499 2780 745 2780 744 2780 1499 2781 744 2781 1488 2781 769 2782 766 2782 745 2782 745 2783 1487 2783 743 2783 1488 2784 744 2784 1487 2784 1487 2785 744 2785 743 2785 1059 2786 1483 2786 1510 2786 1510 2787 1483 2787 1482 2787 1546 2788 909 2788 1547 2788 909 2789 1546 2789 910 2789 931 2790 1173 2790 909 2790 909 2791 1173 2791 1547 2791 910 2792 1546 2792 1177 2792 1499 2793 1177 2793 931 2793 931 2794 1177 2794 1173 2794 1488 2795 910 2795 1499 2795 1499 2796 910 2796 1177 2796 866 2797 1548 2797 1483 2797 1548 2798 1289 2798 1483 2798 1289 2799 1285 2799 1488 2799 1488 2800 1285 2800 910 2800 910 2801 1285 2801 866 2801 866 2802 1285 2802 1548 2802 1483 2803 1289 2803 1488 2803 844 2804 867 2804 1483 2804 1483 2805 867 2805 866 2805 1408 2806 1171 2806 1459 2806 1459 2807 1171 2807 1308 2807 1459 2808 1308 2808 1458 2808 1458 2809 1308 2809 1304 2809 1458 2810 1304 2810 1457 2810 1457 2811 1304 2811 1456 2811 1456 2812 1304 2812 1455 2812 1283 2813 1448 2813 1296 2813 1296 2814 1448 2814 1451 2814 1296 2815 1451 2815 1300 2815 1300 2816 1451 2816 1452 2816 1300 2817 1452 2817 1302 2817 1302 2818 1452 2818 1453 2818 1302 2819 1453 2819 1454 2819 1302 2820 1454 2820 1304 2820 1304 2821 1454 2821 1455 2821 1408 2822 1122 2822 1171 2822 1368 2823 832 2823 1369 2823 1369 2824 832 2824 831 2824 1369 2825 831 2825 1370 2825 1370 2826 831 2826 830 2826 1370 2827 830 2827 1371 2827 1371 2828 830 2828 829 2828 1371 2829 829 2829 1372 2829 1372 2830 829 2830 828 2830 1372 2831 828 2831 1399 2831 1399 2832 828 2832 827 2832 1399 2833 827 2833 1373 2833 1373 2834 827 2834 826 2834 1373 2835 826 2835 1374 2835 1374 2836 826 2836 825 2836 1374 2837 825 2837 1375 2837 1375 2838 825 2838 824 2838 1375 2839 824 2839 1376 2839 1376 2840 824 2840 823 2840 1376 2841 823 2841 1377 2841 1377 2842 823 2842 822 2842 1377 2843 822 2843 1361 2843 1361 2844 822 2844 821 2844 1361 2845 821 2845 1362 2845 1362 2846 821 2846 820 2846 1362 2847 820 2847 1383 2847 1383 2848 820 2848 819 2848 1383 2849 819 2849 1384 2849 1384 2850 819 2850 818 2850 1384 2851 818 2851 1385 2851 1385 2852 818 2852 817 2852 1385 2853 817 2853 1386 2853 1386 2854 817 2854 816 2854 1386 2855 816 2855 1387 2855 1387 2856 816 2856 815 2856 1387 2857 815 2857 1388 2857 1388 2858 815 2858 814 2858 762 2859 907 2859 891 2859 762 2860 759 2860 758 2860 761 2861 1465 2861 763 2861 763 2862 1465 2862 1244 2862 1465 2863 761 2863 891 2863 891 2864 761 2864 762 2864 907 2865 762 2865 763 2865 907 2866 763 2866 1244 2866 834 2867 752 2867 1097 2867 1014 2868 754 2868 868 2868 754 2869 757 2869 868 2869 868 2870 757 2870 834 2870 834 2871 757 2871 752 2871 754 2872 1014 2872 755 2872 752 2873 756 2873 1097 2873 1097 2874 756 2874 755 2874 1097 2875 755 2875 1014 2875 1388 2876 814 2876 1389 2876 1389 2877 814 2877 813 2877 1389 2878 813 2878 1390 2878 1390 2879 813 2879 812 2879 1390 2880 812 2880 1391 2880 1391 2881 812 2881 811 2881 1391 2882 811 2882 1392 2882 1392 2883 811 2883 810 2883 1392 2884 810 2884 1393 2884 1393 2885 810 2885 809 2885 1393 2886 809 2886 1395 2886 1395 2887 809 2887 808 2887 1395 2888 808 2888 1396 2888 1396 2889 808 2889 807 2889 1396 2890 807 2890 1397 2890 1397 2891 807 2891 806 2891 1397 2892 806 2892 1400 2892 1400 2893 806 2893 805 2893 1400 2894 805 2894 1401 2894 1401 2895 805 2895 804 2895 1401 2896 804 2896 1402 2896 1402 2897 804 2897 803 2897 1402 2898 803 2898 1403 2898 1403 2899 803 2899 802 2899 1403 2900 802 2900 1404 2900 1404 2901 802 2901 801 2901 1404 2902 801 2902 1405 2902 1405 2903 801 2903 800 2903 1405 2904 800 2904 1398 2904 1398 2905 800 2905 799 2905 1398 2906 799 2906 1365 2906 1365 2907 799 2907 798 2907 1365 2908 798 2908 1367 2908 1367 2909 798 2909 797 2909 1367 2910 797 2910 1368 2910 1368 2911 797 2911 832 2911 1336 2912 1481 2912 1337 2912 1337 2913 1481 2913 1486 2913 1337 2914 1486 2914 1338 2914 1338 2915 1486 2915 1485 2915 1338 2916 1485 2916 1339 2916 1339 2917 1485 2917 1484 2917 1339 2918 1484 2918 1340 2918 1340 2919 1484 2919 1491 2919 1340 2920 1491 2920 1351 2920 1351 2921 1491 2921 1490 2921 1351 2922 1490 2922 1352 2922 1352 2923 1490 2923 1489 2923 1352 2924 1489 2924 1348 2924 1348 2925 1489 2925 1495 2925 1348 2926 1495 2926 1347 2926 1347 2927 1495 2927 1494 2927 1347 2928 1494 2928 1346 2928 1346 2929 1494 2929 1493 2929 1346 2930 1493 2930 1356 2930 1356 2931 1493 2931 1496 2931 1356 2932 1496 2932 1341 2932 1341 2933 1496 2933 1492 2933 1341 2934 1492 2934 1342 2934 1342 2935 1492 2935 1468 2935 1342 2936 1468 2936 1343 2936 1549 2937 1550 2937 1295 2937 1294 2938 1549 2938 1295 2938 1550 2939 1551 2939 1295 2939 1295 2940 1551 2940 1552 2940 1552 2941 1290 2941 1295 2941 1294 2942 1288 2942 1549 2942 1549 2943 1288 2943 1553 2943 1549 2944 1553 2944 1550 2944 1550 2945 1553 2945 1554 2945 1550 2946 1554 2946 1551 2946 1551 2947 1554 2947 1555 2947 1551 2948 1555 2948 1552 2948 1552 2949 1555 2949 1548 2949 1552 2950 1548 2950 1556 2950 1552 2951 1556 2951 1290 2951 1290 2952 1556 2952 1284 2952 1288 2953 1289 2953 1553 2953 1553 2954 1289 2954 1554 2954 1554 2955 1289 2955 1555 2955 1555 2956 1289 2956 1548 2956 1556 2957 1548 2957 1284 2957 1284 2958 1548 2958 1285 2958 1281 2959 1282 2959 1406 2959 1406 2960 1282 2960 1501 2960 1406 2961 1501 2961 1407 2961 1407 2962 1501 2962 1506 2962 1407 2963 1506 2963 1380 2963 1380 2964 1506 2964 1507 2964 1380 2965 1507 2965 1379 2965 1379 2966 1507 2966 1508 2966 1379 2967 1508 2967 1378 2967 1378 2968 1508 2968 1509 2968 1378 2969 1509 2969 1394 2969 1394 2970 1509 2970 1505 2970 1394 2971 1505 2971 1381 2971 1381 2972 1505 2972 1504 2972 1381 2973 1504 2973 1382 2973 1382 2974 1504 2974 1500 2974 1382 2975 1500 2975 1366 2975 1366 2976 1500 2976 1498 2976 1366 2977 1498 2977 1363 2977 1363 2978 1498 2978 1497 2978 1363 2979 1497 2979 1364 2979 1364 2980 1497 2980 1503 2980 1364 2981 1503 2981 1257 2981 1257 2982 1503 2982 1258 2982 1188 2983 1187 2983 1557 2983 1557 2984 1558 2984 1188 2984 1559 2985 1181 2985 1188 2985 1558 2986 1559 2986 1188 2986 1187 2987 1180 2987 1560 2987 1187 2988 1560 2988 1557 2988 1557 2989 1560 2989 1561 2989 1557 2990 1561 2990 1558 2990 1558 2991 1561 2991 1559 2991 1559 2992 1561 2992 1547 2992 1559 2993 1547 2993 1181 2993 1181 2994 1547 2994 1172 2994 1180 2995 1177 2995 1560 2995 1560 2996 1177 2996 1546 2996 1560 2997 1546 2997 1561 2997 1561 2998 1546 2998 1547 2998 1172 2999 1547 2999 1173 2999 1169 3000 1170 3000 1329 3000 1329 3001 1170 3001 1511 3001 1329 3002 1511 3002 1330 3002 1330 3003 1511 3003 1512 3003 1330 3004 1512 3004 1324 3004 1324 3005 1512 3005 1521 3005 1324 3006 1521 3006 1325 3006 1325 3007 1521 3007 1519 3007 1325 3008 1519 3008 1326 3008 1326 3009 1519 3009 1518 3009 1326 3010 1518 3010 1327 3010 1327 3011 1518 3011 1523 3011 1327 3012 1523 3012 1328 3012 1328 3013 1523 3013 1522 3013 1328 3014 1522 3014 1332 3014 1332 3015 1522 3015 1517 3015 1332 3016 1517 3016 1333 3016 1333 3017 1517 3017 1516 3017 1333 3018 1516 3018 1331 3018 1331 3019 1516 3019 1515 3019 1331 3020 1515 3020 1334 3020 1334 3021 1515 3021 1514 3021 1334 3022 1514 3022 1335 3022 1335 3023 1514 3023 1513 3023 1335 3024 1513 3024 1143 3024 1143 3025 1513 3025 1144 3025 1069 3026 1562 3026 1070 3026 1070 3027 1562 3027 1563 3027 1563 3028 1564 3028 1070 3028 1564 3029 1565 3029 1070 3029 1566 3030 1064 3030 1070 3030 1565 3031 1566 3031 1070 3031 1069 3032 1063 3032 1567 3032 1069 3033 1567 3033 1562 3033 1562 3034 1567 3034 1568 3034 1562 3035 1568 3035 1563 3035 1563 3036 1568 3036 1569 3036 1563 3037 1569 3037 1564 3037 1564 3038 1569 3038 1570 3038 1564 3039 1570 3039 1565 3039 1565 3040 1570 3040 1544 3040 1565 3041 1544 3041 1566 3041 1566 3042 1544 3042 1056 3042 1566 3043 1056 3043 1064 3043 1063 3044 1062 3044 1567 3044 1567 3045 1062 3045 1568 3045 1568 3046 1062 3046 1545 3046 1568 3047 1545 3047 1569 3047 1569 3048 1545 3048 1570 3048 1570 3049 1545 3049 1544 3049 1544 3050 1057 3050 1056 3050 1053 3051 1052 3051 1319 3051 1319 3052 1052 3052 1534 3052 1319 3053 1534 3053 1320 3053 1320 3054 1534 3054 1533 3054 1320 3055 1533 3055 1314 3055 1314 3056 1533 3056 1530 3056 1314 3057 1530 3057 1315 3057 1315 3058 1530 3058 1529 3058 1315 3059 1529 3059 1316 3059 1316 3060 1529 3060 1528 3060 1316 3061 1528 3061 1310 3061 1310 3062 1528 3062 1532 3062 1310 3063 1532 3063 1311 3063 1311 3064 1532 3064 1531 3064 1311 3065 1531 3065 1312 3065 1312 3066 1531 3066 1525 3066 1312 3067 1525 3067 1322 3067 1322 3068 1525 3068 1527 3068 1322 3069 1527 3069 1323 3069 1323 3070 1527 3070 1537 3070 1323 3071 1537 3071 1321 3071 1321 3072 1537 3072 1536 3072 1321 3073 1536 3073 1317 3073 1317 3074 1536 3074 1538 3074 1317 3075 1538 3075 1318 3075 1318 3076 1538 3076 1027 3076 1318 3077 1027 3077 1026 3077 951 3078 950 3078 1571 3078 951 3079 1571 3079 1572 3079 951 3080 1572 3080 1573 3080 1573 3081 945 3081 951 3081 950 3082 943 3082 1574 3082 950 3083 1574 3083 1571 3083 1571 3084 1574 3084 1572 3084 1572 3085 1574 3085 1575 3085 1572 3086 1575 3086 1573 3086 1573 3087 1575 3087 1543 3087 1573 3088 1543 3088 945 3088 945 3089 1543 3089 936 3089 943 3090 944 3090 1574 3090 1574 3091 944 3091 1575 3091 1575 3092 944 3092 1543 3092 936 3093 1543 3093 937 3093 795 3094 779 3094 791 3094 795 3095 791 3095 792 3095 788 3096 785 3096 787 3096 796 3097 788 3097 780 3097 791 3098 778 3098 776 3098 791 3099 776 3099 793 3099 793 3100 776 3100 1539 3100 793 3101 1539 3101 786 3101 780 3102 790 3102 764 3102 787 3103 786 3103 1540 3103 787 3104 1540 3104 789 3104 789 3105 1540 3105 1541 3105 789 3106 1541 3106 790 3106 776 3107 775 3107 1539 3107 786 3108 1539 3108 1540 3108 790 3109 1541 3109 1542 3109 790 3110 1542 3110 764 3110 764 3111 1542 3111 765 3111 1576 3112 1577 3112 1578 3112 1576 3113 1578 3113 1579 3113 1579 3114 1578 3114 1580 3114 1579 3115 1580 3115 1581 3115 1581 3116 1580 3116 1582 3116 1581 3117 1582 3117 1583 3117 1583 3118 1582 3118 1584 3118 1585 3119 1586 3119 1587 3119 1587 3120 1586 3120 1588 3120 1587 3121 1588 3121 1589 3121 1589 3122 1588 3122 1590 3122 1590 3123 1588 3123 1591 3123 1592 3124 1593 3124 1586 3124 1586 3125 1584 3125 1592 3125 1592 3126 1584 3126 1582 3126 1592 3127 1582 3127 1580 3127 1592 3128 1580 3128 1578 3128 1592 3129 1578 3129 1577 3129 1594 3130 1595 3130 1596 3130 1584 3131 1595 3131 1583 3131 1583 3132 1595 3132 1594 3132 1583 3133 1594 3133 1581 3133 1581 3134 1594 3134 1579 3134 1579 3135 1594 3135 1576 3135 1597 3136 1598 3136 1599 3136 1597 3137 1599 3137 1600 3137 1591 3138 1601 3138 1590 3138 1590 3139 1601 3139 1602 3139 1590 3140 1602 3140 1589 3140 1589 3141 1602 3141 1603 3141 1589 3142 1603 3142 1587 3142 1587 3143 1603 3143 1604 3143 1587 3144 1604 3144 1585 3144 1605 3145 1600 3145 1599 3145 1605 3146 1599 3146 1606 3146 1606 3147 1599 3147 1598 3147 1606 3148 1598 3148 1607 3148 1607 3149 1598 3149 1597 3149 1608 3150 1609 3150 1610 3150 1611 3151 1609 3151 1612 3151 1612 3152 1609 3152 1608 3152 1612 3153 1608 3153 1613 3153 1613 3154 1608 3154 1614 3154 1614 3155 1608 3155 1615 3155 1610 3156 1609 3156 1616 3156 1609 3157 1604 3157 1617 3157 1617 3158 1604 3158 1603 3158 1617 3159 1603 3159 1602 3159 1617 3160 1602 3160 1601 3160 1618 3161 1619 3161 1620 3161 1597 3162 1621 3162 1607 3162 1607 3163 1621 3163 1618 3163 1607 3164 1618 3164 1606 3164 1606 3165 1618 3165 1605 3165 1605 3166 1618 3166 1620 3166 1618 3167 1621 3167 1619 3167 1622 3168 1621 3168 1623 3168 1621 3169 1611 3169 1623 3169 1623 3170 1611 3170 1624 3170 1623 3171 1624 3171 1625 3171 1623 3172 1625 3172 1626 3172 1623 3173 1626 3173 1627 3173 1615 3174 1627 3174 1626 3174 1615 3175 1626 3175 1614 3175 1614 3176 1626 3176 1625 3176 1614 3177 1625 3177 1613 3177 1613 3178 1625 3178 1624 3178 1613 3179 1624 3179 1612 3179 1612 3180 1624 3180 1611 3180 1628 3181 1629 3181 1630 3181 1630 3182 1631 3182 1632 3182 1632 3183 1633 3183 1634 3183 1632 3184 1634 3184 1635 3184 1635 3185 1636 3185 1637 3185 1635 3186 1637 3186 1638 3186 1638 3187 1637 3187 1639 3187 1638 3188 1640 3188 1641 3188 1641 3189 1642 3189 1643 3189 1643 3190 1644 3190 1645 3190 1643 3191 1645 3191 1646 3191 1643 3192 1646 3192 1647 3192 1647 3193 1646 3193 1648 3193 1647 3194 1648 3194 1649 3194 1649 3195 1648 3195 1650 3195 1649 3196 1650 3196 1651 3196 1651 3197 1652 3197 1653 3197 1653 3198 1654 3198 1611 3198 1655 3199 1656 3199 1604 3199 1584 3200 1657 3200 1658 3200 1604 3201 1609 3201 1655 3201 1604 3202 1656 3202 1659 3202 1604 3203 1659 3203 1585 3203 1584 3204 1658 3204 1628 3204 1611 3205 1654 3205 1655 3205 1611 3206 1655 3206 1609 3206 1635 3207 1597 3207 1632 3207 1585 3208 1659 3208 1660 3208 1585 3209 1660 3209 1586 3209 1586 3210 1660 3210 1657 3210 1657 3211 1584 3211 1586 3211 1635 3212 1638 3212 1597 3212 1597 3213 1638 3213 1641 3213 1628 3214 1630 3214 1584 3214 1584 3215 1630 3215 1595 3215 1595 3216 1630 3216 1632 3216 1647 3217 1649 3217 1611 3217 1611 3218 1649 3218 1651 3218 1632 3219 1597 3219 1595 3219 1611 3220 1651 3220 1653 3220 1597 3221 1641 3221 1643 3221 1597 3222 1643 3222 1621 3222 1647 3223 1611 3223 1643 3223 1643 3224 1611 3224 1621 3224 1661 3225 1662 3225 1654 3225 1654 3226 1662 3226 1663 3226 1654 3227 1663 3227 1664 3227 1664 3228 1665 3228 1655 3228 1655 3229 1665 3229 1666 3229 1655 3230 1666 3230 1667 3230 1666 3231 1668 3231 1667 3231 1667 3232 1668 3232 1669 3232 1667 3233 1669 3233 1670 3233 1670 3234 1671 3234 1672 3234 1672 3235 1671 3235 1673 3235 1672 3236 1673 3236 1674 3236 1673 3237 1675 3237 1674 3237 1674 3238 1675 3238 1676 3238 1674 3239 1676 3239 1677 3239 1677 3240 1678 3240 1679 3240 1679 3241 1678 3241 1680 3241 1679 3242 1680 3242 1656 3242 1656 3243 1680 3243 1681 3243 1656 3244 1681 3244 1682 3244 1682 3245 1681 3245 1683 3245 1682 3246 1683 3246 1684 3246 1682 3247 1684 3247 1685 3247 1684 3248 1686 3248 1685 3248 1685 3249 1686 3249 1687 3249 1685 3250 1687 3250 1659 3250 1659 3251 1687 3251 1688 3251 1659 3252 1688 3252 1689 3252 1688 3253 1690 3253 1689 3253 1689 3254 1690 3254 1691 3254 1689 3255 1691 3255 1660 3255 1691 3256 1692 3256 1660 3256 1660 3257 1692 3257 1693 3257 1692 3258 1694 3258 1693 3258 1693 3259 1694 3259 1695 3259 1693 3260 1695 3260 1657 3260 1657 3261 1695 3261 1696 3261 1657 3262 1696 3262 1697 3262 1696 3263 1698 3263 1697 3263 1697 3264 1698 3264 1699 3264 1698 3265 1700 3265 1699 3265 1699 3266 1700 3266 1701 3266 1699 3267 1701 3267 1658 3267 1701 3268 1702 3268 1658 3268 1658 3269 1702 3269 1703 3269 1702 3270 1704 3270 1703 3270 1703 3271 1704 3271 1705 3271 1703 3272 1705 3272 1706 3272 1707 3273 1708 3273 1706 3273 1707 3274 1706 3274 1705 3274 1709 3275 1678 3275 1710 3275 1710 3276 1711 3276 1712 3276 1712 3277 1713 3277 1714 3277 1678 3278 1677 3278 1710 3278 1710 3279 1677 3279 1715 3279 1716 3280 1715 3280 1673 3280 1716 3281 1673 3281 1717 3281 1717 3282 1673 3282 1718 3282 1717 3283 1718 3283 1719 3283 1718 3284 1671 3284 1670 3284 1719 3285 1718 3285 1720 3285 1720 3286 1718 3286 1668 3286 1721 3287 1720 3287 1668 3287 1722 3288 1721 3288 1723 3288 1714 3289 1709 3289 1712 3289 1712 3290 1709 3290 1710 3290 1720 3291 1721 3291 1724 3291 1724 3292 1721 3292 1722 3292 1725 3293 1722 3293 1723 3293 1726 3294 1727 3294 1728 3294 1729 3295 1730 3295 1731 3295 1716 3296 1717 3296 1732 3296 1716 3297 1732 3297 1715 3297 1733 3298 1712 3298 1711 3298 1733 3299 1713 3299 1712 3299 1725 3300 1734 3300 1735 3300 1725 3301 1735 3301 1736 3301 1737 3302 1735 3302 1738 3302 1737 3303 1738 3303 1739 3303 1737 3304 1739 3304 1740 3304 1736 3305 1735 3305 1737 3305 1722 3306 1725 3306 1736 3306 1736 3307 1737 3307 1741 3307 1741 3308 1737 3308 1740 3308 1741 3309 1740 3309 1742 3309 1741 3310 1743 3310 1736 3310 1736 3311 1743 3311 1722 3311 1744 3312 1745 3312 1746 3312 1747 3313 1746 3313 1748 3313 1747 3314 1748 3314 1749 3314 1742 3315 1749 3315 1750 3315 1742 3316 1750 3316 1741 3316 1741 3317 1750 3317 1743 3317 1743 3318 1724 3318 1722 3318 1746 3319 1745 3319 1748 3319 1749 3320 1748 3320 1751 3320 1749 3321 1751 3321 1750 3321 1750 3322 1751 3322 1752 3322 1750 3323 1752 3323 1743 3323 1743 3324 1752 3324 1724 3324 1745 3325 1732 3325 1748 3325 1732 3326 1717 3326 1748 3326 1748 3327 1717 3327 1751 3327 1751 3328 1717 3328 1719 3328 1751 3329 1719 3329 1720 3329 1751 3330 1720 3330 1752 3330 1752 3331 1720 3331 1724 3331 1753 3332 1754 3332 1755 3332 1755 3333 1754 3333 1756 3333 1755 3334 1756 3334 1711 3334 1733 3335 1711 3335 1756 3335 1757 3336 1758 3336 1759 3336 1758 3337 1757 3337 1760 3337 1761 3338 1759 3338 1762 3338 1761 3339 1762 3339 1763 3339 1764 3340 1760 3340 1765 3340 1765 3341 1760 3341 1757 3341 1766 3342 1767 3342 1765 3342 1766 3343 1765 3343 1757 3343 1766 3344 1757 3344 1768 3344 1769 3345 1770 3345 1763 3345 1762 3346 1759 3346 1771 3346 1762 3347 1771 3347 1772 3347 1772 3348 1773 3348 1774 3348 1763 3349 1770 3349 1775 3349 1775 3350 1776 3350 1777 3350 1744 3351 1755 3351 1711 3351 1776 3352 1753 3352 1777 3352 1777 3353 1753 3353 1755 3353 1777 3354 1755 3354 1778 3354 1778 3355 1755 3355 1744 3355 1744 3356 1711 3356 1745 3356 1745 3357 1711 3357 1732 3357 1732 3358 1711 3358 1710 3358 1732 3359 1710 3359 1715 3359 1768 3360 1775 3360 1777 3360 1779 3361 1780 3361 1781 3361 1780 3362 1782 3362 1731 3362 1616 3363 1609 3363 1758 3363 1773 3364 1772 3364 1771 3364 1773 3365 1771 3365 1617 3365 1617 3366 1771 3366 1758 3366 1731 3367 1782 3367 1783 3367 1760 3368 1616 3368 1758 3368 1759 3369 1758 3369 1771 3369 1610 3370 1616 3370 1783 3370 1610 3371 1783 3371 1782 3371 1784 3372 1783 3372 1616 3372 1784 3373 1616 3373 1760 3373 1785 3374 1786 3374 1787 3374 1727 3375 1726 3375 1788 3375 1787 3376 1786 3376 1731 3376 1731 3377 1786 3377 1729 3377 1729 3378 1786 3378 1785 3378 1729 3379 1785 3379 1728 3379 1728 3380 1785 3380 1726 3380 1787 3381 1789 3381 1790 3381 1787 3382 1790 3382 1785 3382 1785 3383 1790 3383 1726 3383 1726 3384 1790 3384 1788 3384 1731 3385 1783 3385 1787 3385 1787 3386 1784 3386 1789 3386 1784 3387 1791 3387 1789 3387 1790 3388 1789 3388 1740 3388 1790 3389 1740 3389 1788 3389 1738 3390 1727 3390 1788 3390 1738 3391 1788 3391 1739 3391 1739 3392 1788 3392 1740 3392 1742 3393 1740 3393 1789 3393 1791 3394 1784 3394 1764 3394 1765 3395 1747 3395 1764 3395 1764 3396 1747 3396 1791 3396 1789 3397 1791 3397 1749 3397 1789 3398 1749 3398 1742 3398 1730 3399 1781 3399 1780 3399 1730 3400 1780 3400 1731 3400 1787 3401 1783 3401 1784 3401 1764 3402 1784 3402 1760 3402 1757 3403 1759 3403 1768 3403 1768 3404 1759 3404 1761 3404 1754 3405 1753 3405 1792 3405 1792 3406 1753 3406 1776 3406 1793 3407 1776 3407 1775 3407 1793 3408 1775 3408 1794 3408 1794 3409 1775 3409 1770 3409 1794 3410 1770 3410 1795 3410 1795 3411 1770 3411 1769 3411 1772 3412 1769 3412 1762 3412 1762 3413 1769 3413 1763 3413 1763 3414 1775 3414 1761 3414 1761 3415 1775 3415 1768 3415 1768 3416 1777 3416 1766 3416 1766 3417 1777 3417 1778 3417 1766 3418 1778 3418 1767 3418 1767 3419 1778 3419 1744 3419 1767 3420 1744 3420 1746 3420 1767 3421 1746 3421 1765 3421 1765 3422 1746 3422 1747 3422 1791 3423 1747 3423 1749 3423 1601 3424 1796 3424 1617 3424 1608 3425 1797 3425 1615 3425 1782 3426 1608 3426 1610 3426 1758 3427 1609 3427 1617 3427 1782 3428 1797 3428 1608 3428 1714 3429 1798 3429 1688 3429 1714 3430 1713 3430 1799 3430 1799 3431 1800 3431 1798 3431 1801 3432 1694 3432 1798 3432 1798 3433 1802 3433 1801 3433 1803 3434 1695 3434 1801 3434 1801 3435 1695 3435 1694 3435 1695 3436 1803 3436 1804 3436 1804 3437 1803 3437 1805 3437 1804 3438 1700 3438 1698 3438 1806 3439 1805 3439 1807 3439 1806 3440 1807 3440 1808 3440 1806 3441 1808 3441 1809 3441 1809 3442 1808 3442 1810 3442 1810 3443 1811 3443 1809 3443 1714 3444 1799 3444 1798 3444 1804 3445 1805 3445 1806 3445 1812 3446 1813 3446 1814 3446 1815 3447 1816 3447 1794 3447 1817 3448 1818 3448 1819 3448 1820 3449 1805 3449 1803 3449 1713 3450 1821 3450 1799 3450 1821 3451 1800 3451 1799 3451 1798 3452 1800 3452 1802 3452 1807 3453 1822 3453 1808 3453 1808 3454 1822 3454 1810 3454 1810 3455 1823 3455 1811 3455 1824 3456 1825 3456 1826 3456 1825 3457 1823 3457 1826 3457 1826 3458 1823 3458 1827 3458 1823 3459 1810 3459 1822 3459 1823 3460 1822 3460 1827 3460 1828 3461 1829 3461 1830 3461 1831 3462 1828 3462 1830 3462 1830 3463 1832 3463 1833 3463 1803 3464 1828 3464 1820 3464 1831 3465 1805 3465 1820 3465 1834 3466 1835 3466 1836 3466 1800 3467 1834 3467 1802 3467 1837 3468 1838 3468 1839 3468 1733 3469 1756 3469 1821 3469 1821 3470 1756 3470 1839 3470 1800 3471 1821 3471 1839 3471 1839 3472 1756 3472 1754 3472 1837 3473 1835 3473 1838 3473 1838 3474 1835 3474 1834 3474 1838 3475 1834 3475 1800 3475 1838 3476 1800 3476 1839 3476 1733 3477 1821 3477 1713 3477 1588 3478 1840 3478 1817 3478 1588 3479 1817 3479 1774 3479 1818 3480 1817 3480 1840 3480 1840 3481 1841 3481 1818 3481 1841 3482 1842 3482 1843 3482 1844 3483 1843 3483 1845 3483 1836 3484 1846 3484 1847 3484 1848 3485 1836 3485 1847 3485 1847 3486 1843 3486 1849 3486 1847 3487 1846 3487 1843 3487 1816 3488 1815 3488 1844 3488 1769 3489 1772 3489 1819 3489 1769 3490 1819 3490 1795 3490 1794 3491 1816 3491 1793 3491 1776 3492 1793 3492 1792 3492 1850 3493 1845 3493 1837 3493 1837 3494 1845 3494 1846 3494 1794 3495 1795 3495 1815 3495 1815 3496 1795 3496 1819 3496 1815 3497 1819 3497 1818 3497 1815 3498 1818 3498 1844 3498 1819 3499 1772 3499 1817 3499 1754 3500 1792 3500 1839 3500 1839 3501 1792 3501 1850 3501 1839 3502 1850 3502 1837 3502 1835 3503 1837 3503 1846 3503 1835 3504 1846 3504 1836 3504 1834 3505 1836 3505 1848 3505 1834 3506 1848 3506 1802 3506 1802 3507 1848 3507 1801 3507 1851 3508 1814 3508 1852 3508 1853 3509 1852 3509 1854 3509 1853 3510 1854 3510 1855 3510 1856 3511 1857 3511 1858 3511 1855 3512 1856 3512 1858 3512 1588 3513 1586 3513 1840 3513 1842 3514 1841 3514 1859 3514 1859 3515 1593 3515 1860 3515 1818 3516 1841 3516 1844 3516 1844 3517 1841 3517 1843 3517 1844 3518 1845 3518 1816 3518 1841 3519 1593 3519 1859 3519 1860 3520 1856 3520 1861 3520 1861 3521 1856 3521 1855 3521 1861 3522 1862 3522 1813 3522 1860 3523 1863 3523 1859 3523 1813 3524 1864 3524 1863 3524 1842 3525 1849 3525 1843 3525 1848 3526 1828 3526 1801 3526 1814 3527 1813 3527 1852 3527 1852 3528 1813 3528 1862 3528 1852 3529 1862 3529 1854 3529 1865 3530 1824 3530 1866 3530 1866 3531 1824 3531 1826 3531 1833 3532 1826 3532 1827 3532 1831 3533 1822 3533 1807 3533 1831 3534 1807 3534 1805 3534 1814 3535 1865 3535 1866 3535 1866 3536 1826 3536 1833 3536 1830 3537 1827 3537 1822 3537 1830 3538 1822 3538 1831 3538 1861 3539 1813 3539 1863 3539 1829 3540 1849 3540 1863 3540 1867 3541 1864 3541 1812 3541 1812 3542 1864 3542 1813 3542 1854 3543 1862 3543 1861 3543 1854 3544 1861 3544 1855 3544 1829 3545 1864 3545 1832 3545 1830 3546 1829 3546 1832 3546 1833 3547 1832 3547 1867 3547 1867 3548 1832 3548 1864 3548 1863 3549 1864 3549 1829 3549 1820 3550 1828 3550 1831 3550 1827 3551 1830 3551 1833 3551 1833 3552 1867 3552 1866 3552 1866 3553 1867 3553 1812 3553 1866 3554 1812 3554 1814 3554 1865 3555 1814 3555 1851 3555 1828 3556 1803 3556 1801 3556 1792 3557 1793 3557 1850 3557 1850 3558 1793 3558 1816 3558 1850 3559 1816 3559 1845 3559 1846 3560 1845 3560 1843 3560 1772 3561 1774 3561 1817 3561 1840 3562 1586 3562 1841 3562 1860 3563 1861 3563 1863 3563 1859 3564 1863 3564 1842 3564 1849 3565 1842 3565 1863 3565 1849 3566 1829 3566 1847 3566 1847 3567 1829 3567 1828 3567 1847 3568 1828 3568 1848 3568 1601 3569 1591 3569 1796 3569 1860 3570 1593 3570 1592 3570 1592 3571 1577 3571 1868 3571 1841 3572 1586 3572 1593 3572 1796 3573 1773 3573 1617 3573 1588 3574 1774 3574 1591 3574 1591 3575 1774 3575 1796 3575 1796 3576 1774 3576 1773 3576 1868 3577 1856 3577 1860 3577 1860 3578 1592 3578 1868 3578 1869 3579 1870 3579 1871 3579 1869 3580 1872 3580 1873 3580 1869 3581 1871 3581 1874 3581 1869 3582 1874 3582 1875 3582 1872 3583 1875 3583 1876 3583 1877 3584 1644 3584 1872 3584 1872 3585 1876 3585 1877 3585 1878 3586 1879 3586 1877 3586 1877 3587 1879 3587 1644 3587 1880 3588 1878 3588 1881 3588 1879 3589 1878 3589 1880 3589 1880 3590 1881 3590 1882 3590 1880 3591 1883 3591 1884 3591 1885 3592 1882 3592 1886 3592 1885 3593 1886 3593 1887 3593 1885 3594 1887 3594 1888 3594 1885 3595 1888 3595 1723 3595 1888 3596 1725 3596 1723 3596 1869 3597 1875 3597 1872 3597 1880 3598 1882 3598 1885 3598 1889 3599 1882 3599 1881 3599 1886 3600 1890 3600 1887 3600 1887 3601 1890 3601 1888 3601 1888 3602 1734 3602 1725 3602 1891 3603 1738 3603 1735 3603 1891 3604 1735 3604 1892 3604 1892 3605 1735 3605 1734 3605 1892 3606 1734 3606 1890 3606 1734 3607 1888 3607 1890 3607 1893 3608 1890 3608 1886 3608 1894 3609 1895 3609 1896 3609 1896 3610 1897 3610 1898 3610 1899 3611 1896 3611 1898 3611 1881 3612 1894 3612 1889 3612 1899 3613 1882 3613 1889 3613 1900 3614 1901 3614 1902 3614 1900 3615 1902 3615 1903 3615 1904 3616 1901 3616 1905 3616 1871 3617 1906 3617 1907 3617 1875 3618 1874 3618 1907 3618 1907 3619 1874 3619 1871 3619 1903 3620 1907 3620 1906 3620 1902 3621 1901 3621 1904 3621 1878 3622 1877 3622 1905 3622 1905 3623 1877 3623 1876 3623 1905 3624 1876 3624 1904 3624 1904 3625 1876 3625 1875 3625 1904 3626 1875 3626 1907 3626 1904 3627 1907 3627 1902 3627 1902 3628 1907 3628 1903 3628 1903 3629 1906 3629 1908 3629 1908 3630 1906 3630 1909 3630 1910 3631 1620 3631 1911 3631 1912 3632 1910 3632 1913 3632 1619 3633 1914 3633 1911 3633 1912 3634 1915 3634 1910 3634 1910 3635 1915 3635 1916 3635 1917 3636 1900 3636 1918 3636 1919 3637 1917 3637 1918 3637 1920 3638 1921 3638 1916 3638 1912 3639 1922 3639 1923 3639 1923 3640 1922 3640 1924 3640 1924 3641 1922 3641 1909 3641 1909 3642 1922 3642 1908 3642 1908 3643 1922 3643 1925 3643 1925 3644 1913 3644 1900 3644 1901 3645 1900 3645 1917 3645 1901 3646 1917 3646 1905 3646 1923 3647 1915 3647 1912 3647 1923 3648 1926 3648 1915 3648 1915 3649 1926 3649 1920 3649 1915 3650 1920 3650 1916 3650 1903 3651 1908 3651 1925 3651 1903 3652 1925 3652 1900 3652 1729 3653 1728 3653 1927 3653 1729 3654 1927 3654 1730 3654 1730 3655 1927 3655 1928 3655 1730 3656 1928 3656 1781 3656 1781 3657 1929 3657 1779 3657 1930 3658 1622 3658 1929 3658 1918 3659 1910 3659 1911 3659 1913 3660 1910 3660 1918 3660 1912 3661 1913 3661 1925 3661 1912 3662 1925 3662 1922 3662 1619 3663 1621 3663 1914 3663 1914 3664 1621 3664 1622 3664 1930 3665 1929 3665 1781 3665 1622 3666 1930 3666 1914 3666 1918 3667 1911 3667 1919 3667 1913 3668 1918 3668 1900 3668 1905 3669 1917 3669 1894 3669 1905 3670 1894 3670 1878 3670 1728 3671 1931 3671 1927 3671 1927 3672 1931 3672 1932 3672 1927 3673 1932 3673 1928 3673 1890 3674 1893 3674 1933 3674 1890 3675 1933 3675 1892 3675 1892 3676 1933 3676 1891 3676 1738 3677 1891 3677 1934 3677 1727 3678 1738 3678 1934 3678 1727 3679 1934 3679 1931 3679 1935 3680 1891 3680 1933 3680 1899 3681 1893 3681 1886 3681 1899 3682 1886 3682 1882 3682 1934 3683 1891 3683 1935 3683 1898 3684 1935 3684 1933 3684 1933 3685 1893 3685 1899 3685 1936 3686 1914 3686 1937 3686 1930 3687 1932 3687 1937 3687 1937 3688 1895 3688 1936 3688 1931 3689 1938 3689 1932 3689 1928 3690 1932 3690 1930 3690 1928 3691 1930 3691 1781 3691 1896 3692 1895 3692 1897 3692 1935 3693 1898 3693 1938 3693 1938 3694 1898 3694 1897 3694 1938 3695 1897 3695 1937 3695 1937 3696 1897 3696 1895 3696 1938 3697 1937 3697 1932 3697 1889 3698 1894 3698 1896 3698 1889 3699 1896 3699 1899 3699 1933 3700 1899 3700 1898 3700 1934 3701 1935 3701 1938 3701 1934 3702 1938 3702 1931 3702 1931 3703 1728 3703 1727 3703 1930 3704 1937 3704 1914 3704 1911 3705 1914 3705 1919 3705 1919 3706 1936 3706 1917 3706 1894 3707 1881 3707 1878 3707 1921 3708 1939 3708 1940 3708 1921 3709 1940 3709 1916 3709 1916 3710 1940 3710 1910 3710 1910 3711 1940 3711 1620 3711 1620 3712 1619 3712 1911 3712 1919 3713 1914 3713 1936 3713 1936 3714 1895 3714 1917 3714 1917 3715 1895 3715 1894 3715 1615 3716 1797 3716 1627 3716 1627 3717 1797 3717 1941 3717 1623 3718 1627 3718 1941 3718 1942 3719 1605 3719 1620 3719 1941 3720 1929 3720 1622 3720 1622 3721 1623 3721 1941 3721 1782 3722 1780 3722 1797 3722 1779 3723 1941 3723 1797 3723 1779 3724 1797 3724 1780 3724 1941 3725 1779 3725 1929 3725 1943 3726 1944 3726 1945 3726 1945 3727 1946 3727 1947 3727 1945 3728 1947 3728 1943 3728 1943 3729 1947 3729 1870 3729 1943 3730 1870 3730 1869 3730 1944 3731 1948 3731 1945 3731 1945 3732 1948 3732 1949 3732 1945 3733 1949 3733 1950 3733 1950 3734 1949 3734 1951 3734 1951 3735 1949 3735 1952 3735 1952 3736 1949 3736 1953 3736 1953 3737 1949 3737 1954 3737 1954 3738 1949 3738 1955 3738 1956 3739 1954 3739 1955 3739 1957 3740 1956 3740 1809 3740 1954 3741 1956 3741 1958 3741 1958 3742 1956 3742 1959 3742 1959 3743 1956 3743 1957 3743 1811 3744 1957 3744 1809 3744 1960 3745 1865 3745 1851 3745 1851 3746 1853 3746 1961 3746 1906 3747 1962 3747 1963 3747 1954 3748 1964 3748 1953 3748 1965 3749 1959 3749 1957 3749 1870 3750 1947 3750 1946 3750 1811 3751 1823 3751 1966 3751 1966 3752 1823 3752 1825 3752 1966 3753 1825 3753 1967 3753 1965 3754 1811 3754 1966 3754 1968 3755 1966 3755 1967 3755 1968 3756 1967 3756 1969 3756 1968 3757 1965 3757 1966 3757 1965 3758 1957 3758 1811 3758 1970 3759 1971 3759 1972 3759 1973 3760 1974 3760 1975 3760 1969 3761 1975 3761 1976 3761 1969 3762 1976 3762 1968 3762 1968 3763 1976 3763 1965 3763 1965 3764 1976 3764 1959 3764 1974 3765 1972 3765 1977 3765 1974 3766 1977 3766 1975 3766 1975 3767 1977 3767 1978 3767 1975 3768 1978 3768 1976 3768 1976 3769 1964 3769 1959 3769 1959 3770 1964 3770 1954 3770 1959 3771 1954 3771 1958 3771 1972 3772 1979 3772 1977 3772 1979 3773 1951 3773 1977 3773 1977 3774 1951 3774 1952 3774 1977 3775 1952 3775 1978 3775 1978 3776 1952 3776 1953 3776 1978 3777 1953 3777 1964 3777 1978 3778 1964 3778 1976 3778 1906 3779 1963 3779 1909 3779 1946 3780 1980 3780 1870 3780 1962 3781 1906 3781 1980 3781 1979 3782 1950 3782 1951 3782 1971 3783 1950 3783 1979 3783 1906 3784 1871 3784 1980 3784 1980 3785 1871 3785 1870 3785 1981 3786 1982 3786 1983 3786 1984 3787 1985 3787 1970 3787 1984 3788 1970 3788 1986 3788 1970 3789 1985 3789 1987 3789 1983 3790 1926 3790 1981 3790 1983 3791 1982 3791 1988 3791 1983 3792 1988 3792 1921 3792 1972 3793 1971 3793 1979 3793 1962 3794 1980 3794 1989 3794 1990 3795 1924 3795 1991 3795 1991 3796 1924 3796 1963 3796 1991 3797 1963 3797 1987 3797 1987 3798 1963 3798 1962 3798 1987 3799 1962 3799 1989 3799 1971 3800 1989 3800 1980 3800 1971 3801 1980 3801 1946 3801 1971 3802 1946 3802 1950 3802 1950 3803 1946 3803 1945 3803 1926 3804 1990 3804 1981 3804 1981 3805 1990 3805 1985 3805 1985 3806 1990 3806 1991 3806 1987 3807 1989 3807 1970 3807 1970 3808 1989 3808 1971 3808 1855 3809 1858 3809 1992 3809 1852 3810 1853 3810 1851 3810 1993 3811 1994 3811 1992 3811 1939 3812 1921 3812 1988 3812 1988 3813 1982 3813 1595 3813 1992 3814 1994 3814 1995 3814 1996 3815 1596 3815 1997 3815 1997 3816 1998 3816 1996 3816 1999 3817 1995 3817 1998 3817 1857 3818 1993 3818 1858 3818 1858 3819 1993 3819 1992 3819 1995 3820 1994 3820 1998 3820 1998 3821 1994 3821 1996 3821 1997 3822 1596 3822 1595 3822 1997 3823 1595 3823 1984 3823 1984 3824 1595 3824 1982 3824 1984 3825 1982 3825 1981 3825 1984 3826 1981 3826 1985 3826 1995 3827 2000 3827 1961 3827 1961 3828 2000 3828 1851 3828 1851 3829 2000 3829 1960 3829 2000 3830 2001 3830 2002 3830 2000 3831 2002 3831 1960 3831 2000 3832 1995 3832 2001 3832 2001 3833 1999 3833 2003 3833 2001 3834 2003 3834 2002 3834 1824 3835 1865 3835 1960 3835 1824 3836 1960 3836 2004 3836 2004 3837 1960 3837 2002 3837 2004 3838 2002 3838 2003 3838 1969 3839 2003 3839 1999 3839 1973 3840 1999 3840 1998 3840 1998 3841 1997 3841 1986 3841 1986 3842 1974 3842 1973 3842 1998 3843 1986 3843 1973 3843 1999 3844 1973 3844 1969 3844 1853 3845 1855 3845 1992 3845 1853 3846 1992 3846 1961 3846 1961 3847 1992 3847 1995 3847 2001 3848 1995 3848 1999 3848 1997 3849 1984 3849 1986 3849 1909 3850 1963 3850 1924 3850 1924 3851 1990 3851 1923 3851 1923 3852 1990 3852 1926 3852 1920 3853 1926 3853 1983 3853 1920 3854 1983 3854 1921 3854 1985 3855 1991 3855 1987 3855 1970 3856 1972 3856 1986 3856 1986 3857 1972 3857 1974 3857 1973 3858 1975 3858 1969 3858 2003 3859 1969 3859 1967 3859 2003 3860 1967 3860 2004 3860 2004 3861 1967 3861 1825 3861 2004 3862 1825 3862 1824 3862 1662 3863 1721 3863 1663 3863 1809 3864 2005 3864 1708 3864 1809 3865 1708 3865 1707 3865 1705 3866 1806 3866 1707 3866 1707 3867 1806 3867 1809 3867 1704 3868 1806 3868 1705 3868 1704 3869 1702 3869 1806 3869 1701 3870 1806 3870 1702 3870 1700 3871 1804 3871 1701 3871 1701 3872 1804 3872 1806 3872 1696 3873 1804 3873 1698 3873 1696 3874 1695 3874 1804 3874 1691 3875 1798 3875 1692 3875 1692 3876 1798 3876 1694 3876 1690 3877 1798 3877 1691 3877 1687 3878 1714 3878 1688 3878 1690 3879 1688 3879 1798 3879 1686 3880 1714 3880 1687 3880 1683 3881 1709 3881 1684 3881 1684 3882 1709 3882 1686 3882 1686 3883 1709 3883 1714 3883 1681 3884 1709 3884 1683 3884 1680 3885 1678 3885 1709 3885 1680 3886 1709 3886 1681 3886 1675 3887 1715 3887 1676 3887 1676 3888 1715 3888 1677 3888 1675 3889 1673 3889 1715 3889 1671 3890 1718 3890 1673 3890 1669 3891 1718 3891 1670 3891 1668 3892 1718 3892 1669 3892 1664 3893 1721 3893 1665 3893 1665 3894 1721 3894 1666 3894 1666 3895 1721 3895 1668 3895 1663 3896 1721 3896 1664 3896 1721 3897 1662 3897 1723 3897 1723 3898 1662 3898 1661 3898 1723 3899 1661 3899 2006 3899 1605 3900 1942 3900 1600 3900 1600 3901 1942 3901 2007 3901 1576 3902 2008 3902 1577 3902 1577 3903 2008 3903 1868 3903 1600 3904 2007 3904 1597 3904 1597 3905 2007 3905 1595 3905 1594 3906 2008 3906 1576 3906 1594 3907 1596 3907 1996 3907 2007 3908 1939 3908 1988 3908 1620 3909 1940 3909 1942 3909 1942 3910 1940 3910 1939 3910 1942 3911 1939 3911 2007 3911 1595 3912 2007 3912 1988 3912 1994 3913 2008 3913 1594 3913 1994 3914 1594 3914 1996 3914 1994 3915 1993 3915 2008 3915 1857 3916 1868 3916 2008 3916 1857 3917 2008 3917 1993 3917 1868 3918 1857 3918 1856 3918 2009 3919 1956 3919 2010 3919 1723 3920 2006 3920 2011 3920 1723 3921 2011 3921 1885 3921 1885 3922 2011 3922 1652 3922 2012 3923 1885 3923 1652 3923 2012 3924 2013 3924 1885 3924 2014 3925 1885 3925 2013 3925 1883 3926 1880 3926 2014 3926 2014 3927 1880 3927 1885 3927 2015 3928 1880 3928 1884 3928 2015 3929 1879 3929 1880 3929 2016 3930 1872 3930 2017 3930 2017 3931 1872 3931 1644 3931 2018 3932 1872 3932 2016 3932 2019 3933 1869 3933 1873 3933 2018 3934 1873 3934 1872 3934 2020 3935 1869 3935 2019 3935 2021 3936 1943 3936 2022 3936 2022 3937 1943 3937 2020 3937 2020 3938 1943 3938 1869 3938 1639 3939 1943 3939 2021 3939 2023 3940 1944 3940 1943 3940 2023 3941 1943 3941 1639 3941 2024 3942 1949 3942 2025 3942 2025 3943 1949 3943 1948 3943 1634 3944 1949 3944 2024 3944 2026 3945 1949 3945 1634 3945 2027 3946 1949 3946 2026 3946 1955 3947 1949 3947 2027 3947 2028 3948 1956 3948 1631 3948 1631 3949 1956 3949 1955 3949 2010 3950 1956 3950 2028 3950 1956 3951 2009 3951 1809 3951 1809 3952 2009 3952 2029 3952 1809 3953 2029 3953 2005 3953 1628 3954 2005 3954 2029 3954 1628 3955 2029 3955 1629 3955 2029 3956 2009 3956 1629 3956 1629 3957 2009 3957 2010 3957 1629 3958 2010 3958 1630 3958 1630 3959 2010 3959 2028 3959 1630 3960 2028 3960 1631 3960 1631 3961 1955 3961 1632 3961 1632 3962 1955 3962 2027 3962 1632 3963 2027 3963 1633 3963 1633 3964 2027 3964 2026 3964 1633 3965 2026 3965 1634 3965 1634 3966 2024 3966 1635 3966 1635 3967 2024 3967 2025 3967 1635 3968 2025 3968 1636 3968 1636 3969 2025 3969 1948 3969 1636 3970 1948 3970 1637 3970 1948 3971 1944 3971 1637 3971 1637 3972 1944 3972 2023 3972 1637 3973 2023 3973 1639 3973 1638 3974 1639 3974 2021 3974 1638 3975 2021 3975 2022 3975 1638 3976 2022 3976 1640 3976 2022 3977 2020 3977 1640 3977 1640 3978 2020 3978 2019 3978 1640 3979 2019 3979 1641 3979 1641 3980 2019 3980 1873 3980 1641 3981 1873 3981 1642 3981 1873 3982 2018 3982 1642 3982 1642 3983 2018 3983 2016 3983 1642 3984 2016 3984 1643 3984 2016 3985 2017 3985 1643 3985 1643 3986 2017 3986 1644 3986 1644 3987 1879 3987 1645 3987 1645 3988 1879 3988 2015 3988 1645 3989 2015 3989 1646 3989 2015 3990 1884 3990 1646 3990 1646 3991 1884 3991 1648 3991 1884 3992 1883 3992 1648 3992 1648 3993 1883 3993 2014 3993 1648 3994 2014 3994 1650 3994 2014 3995 2013 3995 1650 3995 1650 3996 2013 3996 1651 3996 2013 3997 2012 3997 1651 3997 1651 3998 2012 3998 1652 3998 2011 3999 2006 3999 1653 3999 2011 4000 1653 4000 1652 4000 1653 4001 2006 4001 1661 4001 1653 4002 1661 4002 1654 4002 1654 4003 1664 4003 1655 4003 1655 4004 1667 4004 1670 4004 1655 4005 1670 4005 1672 4005 1655 4006 1672 4006 1656 4006 1656 4007 1672 4007 1674 4007 1656 4008 1674 4008 1677 4008 1656 4009 1677 4009 1679 4009 1659 4010 1656 4010 1682 4010 1659 4011 1682 4011 1685 4011 1659 4012 1689 4012 1660 4012 1660 4013 1693 4013 1657 4013 1657 4014 1697 4014 1699 4014 1657 4015 1699 4015 1658 4015 1658 4016 1703 4016 1706 4016 1658 4017 1706 4017 1708 4017 1658 4018 1708 4018 1628 4018 1628 4019 1708 4019 2005 4019 2030 4020 2031 4020 2032 4020 2033 4021 2034 4021 2035 4021 2036 4022 2037 4022 2030 4022 2038 4023 2039 4023 2032 4023 2032 4024 2039 4024 2040 4024 2032 4025 2040 4025 2041 4025 2041 4026 2040 4026 2042 4026 2031 4027 2043 4027 2032 4027 2032 4028 2043 4028 2044 4028 2042 4029 2040 4029 2035 4029 2035 4030 2040 4030 2033 4030 2032 4031 2045 4031 2030 4031 2030 4032 2045 4032 2046 4032 2047 4033 2048 4033 2034 4033 2034 4034 2048 4034 2049 4034 2034 4035 2049 4035 2050 4035 2034 4036 2050 4036 2051 4036 2034 4037 2051 4037 2035 4037 2046 4038 2052 4038 2030 4038 2030 4039 2052 4039 2036 4039 2044 4040 2053 4040 2032 4040 2032 4041 2053 4041 2054 4041 2054 4042 2055 4042 2032 4042 2032 4043 2055 4043 2038 4043 2030 4044 2037 4044 2056 4044 2030 4045 2056 4045 2057 4045 2030 4046 2058 4046 2059 4046 2030 4047 2059 4047 2060 4047 2030 4048 2057 4048 2061 4048 2030 4049 2061 4049 2058 4049 2060 4050 2062 4050 2030 4050 2030 4051 2062 4051 2063 4051 2030 4052 2063 4052 2064 4052 2030 4053 2064 4053 2065 4053 2066 4054 2067 4054 2068 4054 2068 4055 2067 4055 2069 4055 2070 4056 2071 4056 2072 4056 2070 4057 2072 4057 2073 4057 2073 4058 2072 4058 2074 4058 2073 4059 2074 4059 2075 4059 2075 4060 2074 4060 2076 4060 2075 4061 2076 4061 2077 4061 2077 4062 2076 4062 2078 4062 2077 4063 2078 4063 2079 4063 2079 4064 2078 4064 2080 4064 2079 4065 2080 4065 2067 4065 2067 4066 2080 4066 2069 4066 2070 4067 2081 4067 2071 4067 2071 4068 2081 4068 2082 4068 2083 4069 2084 4069 2085 4069 2083 4070 2085 4070 2086 4070 2086 4071 2085 4071 2087 4071 2086 4072 2087 4072 2088 4072 2088 4073 2087 4073 2089 4073 2088 4074 2089 4074 2090 4074 2088 4075 2090 4075 2091 4075 2091 4076 2090 4076 2092 4076 2091 4077 2092 4077 2081 4077 2081 4078 2092 4078 2082 4078 2093 4079 2094 4079 2095 4079 2096 4080 2084 4080 2097 4080 2098 4081 2099 4081 2068 4081 2068 4082 2099 4082 2100 4082 2098 4083 2068 4083 2101 4083 2101 4084 2068 4084 2069 4084 2101 4085 2069 4085 2102 4085 2096 4086 2103 4086 2084 4086 2084 4087 2103 4087 2104 4087 2084 4088 2104 4088 2105 4088 2106 4089 2107 4089 2071 4089 2100 4090 2108 4090 2068 4090 2068 4091 2108 4091 2109 4091 2068 4092 2109 4092 2110 4092 2110 4093 2109 4093 2111 4093 2110 4094 2111 4094 2112 4094 2113 4095 2114 4095 2069 4095 2115 4096 2116 4096 2117 4096 2117 4097 2116 4097 2118 4097 2117 4098 2118 4098 2119 4098 2094 4099 2120 4099 2095 4099 2095 4100 2120 4100 2121 4100 2095 4101 2121 4101 2122 4101 2122 4102 2121 4102 2123 4102 2124 4103 2125 4103 2097 4103 2097 4104 2125 4104 2126 4104 2097 4105 2126 4105 2127 4105 2127 4106 2128 4106 2097 4106 2097 4107 2128 4107 2129 4107 2097 4108 2129 4108 2096 4108 2105 4109 2130 4109 2084 4109 2084 4110 2130 4110 2131 4110 2084 4111 2131 4111 2085 4111 2085 4112 2131 4112 2132 4112 2085 4113 2132 4113 2087 4113 2133 4114 2134 4114 2082 4114 2082 4115 2134 4115 2135 4115 2114 4116 2136 4116 2069 4116 2069 4117 2136 4117 2137 4117 2069 4118 2137 4118 2102 4118 2119 4119 2138 4119 2117 4119 2117 4120 2138 4120 2139 4120 2117 4121 2139 4121 2095 4121 2095 4122 2139 4122 2140 4122 2095 4123 2140 4123 2093 4123 2141 4124 2092 4124 2132 4124 2132 4125 2092 4125 2090 4125 2092 4126 2141 4126 2082 4126 2082 4127 2141 4127 2142 4127 2082 4128 2142 4128 2133 4128 2115 4129 2117 4129 2143 4129 2143 4130 2117 4130 2144 4130 2143 4131 2144 4131 2111 4131 2111 4132 2144 4132 2145 4132 2111 4133 2145 4133 2146 4133 2090 4134 2089 4134 2132 4134 2132 4135 2089 4135 2087 4135 2135 4136 2147 4136 2082 4136 2082 4137 2147 4137 2148 4137 2082 4138 2148 4138 2071 4138 2071 4139 2148 4139 2149 4139 2071 4140 2149 4140 2106 4140 2146 4141 2150 4141 2111 4141 2111 4142 2150 4142 2112 4142 2123 4143 2151 4143 2152 4143 2123 4144 2152 4144 2122 4144 2113 4145 2069 4145 2153 4145 2153 4146 2069 4146 2080 4146 2153 4147 2080 4147 2154 4147 2154 4148 2080 4148 2078 4148 2078 4149 2076 4149 2154 4149 2154 4150 2076 4150 2074 4150 2107 4151 2155 4151 2071 4151 2071 4152 2155 4152 2156 4152 2071 4153 2156 4153 2072 4153 2072 4154 2156 4154 2154 4154 2072 4155 2154 4155 2074 4155 2097 4156 2157 4156 2124 4156 2124 4157 2157 4157 2123 4157 2123 4158 2157 4158 2158 4158 2123 4159 2158 4159 2151 4159 2083 4160 2159 4160 2084 4160 2084 4161 2159 4161 2097 4161 2160 4162 2095 4162 2122 4162 2160 4163 2122 4163 2152 4163 2160 4164 2152 4164 2161 4164 2161 4165 2152 4165 2151 4165 2161 4166 2151 4166 2162 4166 2162 4167 2151 4167 2158 4167 2162 4168 2158 4168 2163 4168 2163 4169 2158 4169 2157 4169 2163 4170 2157 4170 2159 4170 2159 4171 2157 4171 2097 4171 2160 4172 2164 4172 2095 4172 2095 4173 2164 4173 2117 4173 2066 4174 2068 4174 2110 4174 2066 4175 2110 4175 2165 4175 2165 4176 2110 4176 2112 4176 2165 4177 2112 4177 2166 4177 2166 4178 2112 4178 2150 4178 2166 4179 2150 4179 2167 4179 2167 4180 2150 4180 2146 4180 2167 4181 2146 4181 2168 4181 2168 4182 2146 4182 2145 4182 2168 4183 2145 4183 2169 4183 2169 4184 2145 4184 2144 4184 2169 4185 2144 4185 2164 4185 2164 4186 2144 4186 2117 4186 2170 4187 2171 4187 2172 4187 2170 4188 2172 4188 2173 4188 2173 4189 2172 4189 2174 4189 2173 4190 2174 4190 2175 4190 2175 4191 2174 4191 2176 4191 2177 4192 2178 4192 2167 4192 2179 4193 2163 4193 2159 4193 2066 4194 2171 4194 2067 4194 2067 4195 2171 4195 2180 4195 2174 4196 2166 4196 2178 4196 2178 4197 2166 4197 2167 4197 2177 4198 2167 4198 2181 4198 2181 4199 2167 4199 2168 4199 2181 4200 2168 4200 2169 4200 2088 4201 2091 4201 2182 4201 2066 4202 2172 4202 2171 4202 2165 4203 2174 4203 2172 4203 2165 4204 2172 4204 2066 4204 2166 4205 2174 4205 2165 4205 2183 4206 2160 4206 2161 4206 2162 4207 2184 4207 2161 4207 2161 4208 2184 4208 2183 4208 2163 4209 2179 4209 2162 4209 2162 4210 2179 4210 2184 4210 2182 4211 2185 4211 2088 4211 2169 4212 2164 4212 2181 4212 2181 4213 2164 4213 2183 4213 2183 4214 2164 4214 2160 4214 2186 4215 2075 4215 2180 4215 2180 4216 2075 4216 2077 4216 2179 4217 2159 4217 2187 4217 2187 4218 2159 4218 2083 4218 2187 4219 2083 4219 2086 4219 2187 4220 2086 4220 2088 4220 2187 4221 2088 4221 2185 4221 2081 4222 2182 4222 2091 4222 2182 4223 2081 4223 2188 4223 2188 4224 2081 4224 2070 4224 2188 4225 2070 4225 2073 4225 2180 4226 2077 4226 2079 4226 2180 4227 2079 4227 2067 4227 2188 4228 2073 4228 2075 4228 2188 4229 2075 4229 2186 4229 2189 4230 2190 4230 2191 4230 2189 4231 2191 4231 2192 4231 2192 4232 2191 4232 2193 4232 2193 4233 2191 4233 2194 4233 2195 4234 2196 4234 2197 4234 2197 4235 2196 4235 2198 4235 2197 4236 2198 4236 2199 4236 2197 4237 2199 4237 2200 4237 2201 4238 2202 4238 2203 4238 2203 4239 2202 4239 2204 4239 2204 4240 2202 4240 2205 4240 2205 4241 2202 4241 2206 4241 2205 4242 2206 4242 2207 4242 2208 4243 2209 4243 2210 4243 2210 4244 2209 4244 2211 4244 2211 4245 2209 4245 2212 4245 2212 4246 2209 4246 2213 4246 2212 4247 2213 4247 2214 4247 2214 4248 2213 4248 2215 4248 2215 4249 2213 4249 2216 4249 2216 4250 2213 4250 2217 4250 2218 4251 2219 4251 2220 4251 2218 4252 2220 4252 2221 4252 2221 4253 2220 4253 2222 4253 2222 4254 2220 4254 2223 4254 2223 4255 2220 4255 2224 4255 2225 4256 2226 4256 2227 4256 2227 4257 2226 4257 2228 4257 2227 4258 2228 4258 2229 4258 2230 4259 2228 4259 2231 4259 2232 4260 2233 4260 2234 4260 2234 4261 2235 4261 2236 4261 2236 4262 2235 4262 2237 4262 2236 4263 2237 4263 2238 4263 2238 4264 2239 4264 2240 4264 2241 4265 2242 4265 2243 4265 2241 4266 2243 4266 2244 4266 2241 4267 2244 4267 2245 4267 2245 4268 2244 4268 2246 4268 2245 4269 2246 4269 2247 4269 2245 4270 2247 4270 2248 4270 2245 4271 2248 4271 2249 4271 2249 4272 2248 4272 2250 4272 2249 4273 2250 4273 2251 4273 2249 4274 2251 4274 2252 4274 2249 4275 2252 4275 2253 4275 2253 4276 2252 4276 2254 4276 2253 4277 2254 4277 2255 4277 2253 4278 2255 4278 2256 4278 2253 4279 2256 4279 2257 4279 2257 4280 2256 4280 2258 4280 2257 4281 2258 4281 2259 4281 2259 4282 2258 4282 2260 4282 2259 4283 2260 4283 2261 4283 2259 4284 2261 4284 2262 4284 2259 4285 2262 4285 2263 4285 2259 4286 2263 4286 2264 4286 2264 4287 2263 4287 2265 4287 2264 4288 2265 4288 2266 4288 2266 4289 2265 4289 2267 4289 2266 4290 2267 4290 2268 4290 2266 4291 2268 4291 2269 4291 2266 4292 2269 4292 2270 4292 2266 4293 2270 4293 2271 4293 2271 4294 2270 4294 2272 4294 2271 4295 2272 4295 2273 4295 2271 4296 2273 4296 2274 4296 2271 4297 2274 4297 2275 4297 2275 4298 2274 4298 2276 4298 2275 4299 2276 4299 2277 4299 2278 4300 2279 4300 2280 4300 2278 4301 2280 4301 2281 4301 2278 4302 2281 4302 2282 4302 2282 4303 2281 4303 2283 4303 2282 4304 2283 4304 2284 4304 2284 4305 2283 4305 2285 4305 2284 4306 2285 4306 2286 4306 2286 4307 2285 4307 2287 4307 2286 4308 2287 4308 2288 4308 2286 4309 2288 4309 2289 4309 2290 4310 2291 4310 2292 4310 2290 4311 2292 4311 2293 4311 2293 4312 2294 4312 2295 4312 2295 4313 2294 4313 2296 4313 2295 4314 2296 4314 2297 4314 2295 4315 2297 4315 2298 4315 2298 4316 2297 4316 2299 4316 2299 4317 2297 4317 2300 4317 2299 4318 2300 4318 2301 4318 2299 4319 2301 4319 2302 4319 2302 4320 2301 4320 2303 4320 2302 4321 2303 4321 2304 4321 2305 4322 2189 4322 2192 4322 2192 4323 2193 4323 2305 4323 2306 4324 2221 4324 2222 4324 2223 4325 2224 4325 2307 4325 2308 4326 2225 4326 2227 4326 2308 4327 2227 4327 2229 4327 2309 4328 2229 4328 2228 4328 2309 4329 2228 4329 2230 4329 2309 4330 2230 4330 2310 4330 2310 4331 2230 4331 2311 4331 2312 4332 2201 4332 2313 4332 2313 4333 2201 4333 2314 4333 2314 4334 2201 4334 2203 4334 2314 4335 2203 4335 2315 4335 2315 4336 2203 4336 2204 4336 2315 4337 2204 4337 2205 4337 2316 4338 2208 4338 2210 4338 2316 4339 2210 4339 2211 4339 2317 4340 2318 4340 2319 4340 2320 4341 2215 4341 2321 4341 2320 4342 2321 4342 2317 4342 2317 4343 2321 4343 2318 4343 2322 4344 2323 4344 2324 4344 2322 4345 2324 4345 2325 4345 2322 4346 2325 4346 2319 4346 2322 4347 2319 4347 2318 4347 2326 4348 2215 4348 2320 4348 2316 4349 2327 4349 2328 4349 2328 4350 2327 4350 2329 4350 2328 4351 2329 4351 2322 4351 2330 4352 2316 4352 2211 4352 2330 4353 2211 4353 2331 4353 2331 4354 2211 4354 2332 4354 2332 4355 2211 4355 2212 4355 2332 4356 2212 4356 2333 4356 2333 4357 2212 4357 2334 4357 2334 4358 2212 4358 2335 4358 2335 4359 2212 4359 2214 4359 2335 4360 2214 4360 2336 4360 2336 4361 2214 4361 2337 4361 2337 4362 2214 4362 2326 4362 2326 4363 2214 4363 2215 4363 2316 4364 2330 4364 2338 4364 2316 4365 2338 4365 2339 4365 2316 4366 2339 4366 2340 4366 2316 4367 2340 4367 2327 4367 2341 4368 2342 4368 2343 4368 2323 4369 2344 4369 2345 4369 2323 4370 2345 4370 2346 4370 2346 4371 2345 4371 2347 4371 2347 4372 2345 4372 2341 4372 2341 4373 2345 4373 2342 4373 2342 4374 2348 4374 2343 4374 2343 4375 2348 4375 2349 4375 2349 4376 2348 4376 2218 4376 2349 4377 2218 4377 2350 4377 2323 4378 2322 4378 2329 4378 2323 4379 2329 4379 2344 4379 2344 4380 2329 4380 2351 4380 2344 4381 2351 4381 2307 4381 2307 4382 2351 4382 2352 4382 2307 4383 2352 4383 2353 4383 2307 4384 2353 4384 2223 4384 2223 4385 2353 4385 2354 4385 2355 4386 2356 4386 2222 4386 2222 4387 2356 4387 2357 4387 2222 4388 2357 4388 2306 4388 2306 4389 2357 4389 2358 4389 2222 4390 2223 4390 2355 4390 2355 4391 2223 4391 2354 4391 2306 4392 2359 4392 2360 4392 2306 4393 2360 4393 2221 4393 2221 4394 2360 4394 2361 4394 2221 4395 2361 4395 2218 4395 2218 4396 2361 4396 2350 4396 2311 4397 2362 4397 2363 4397 2311 4398 2363 4398 2364 4398 2311 4399 2365 4399 2362 4399 2366 4400 2225 4400 2367 4400 2367 4401 2225 4401 2308 4401 2364 4402 2368 4402 2311 4402 2311 4403 2368 4403 2369 4403 2311 4404 2369 4404 2310 4404 2310 4405 2369 4405 2370 4405 2362 4406 2365 4406 2371 4406 2371 4407 2365 4407 2372 4407 2372 4408 2365 4408 2373 4408 2372 4409 2373 4409 2374 4409 2374 4410 2373 4410 2358 4410 2358 4411 2373 4411 2359 4411 2358 4412 2359 4412 2306 4412 2373 4413 2375 4413 2359 4413 2359 4414 2375 4414 2376 4414 2376 4415 2375 4415 2366 4415 2366 4416 2375 4416 2225 4416 2367 4417 2308 4417 2377 4417 2229 4418 2377 4418 2308 4418 2377 4419 2229 4419 2378 4419 2309 4420 2379 4420 2380 4420 2309 4421 2380 4421 2381 4421 2309 4422 2381 4422 2378 4422 2309 4423 2378 4423 2229 4423 2382 4424 2207 4424 2383 4424 2384 4425 2385 4425 2386 4425 2387 4426 2315 4426 2388 4426 2388 4427 2315 4427 2205 4427 2388 4428 2205 4428 2382 4428 2382 4429 2205 4429 2207 4429 2383 4430 2207 4430 2389 4430 2389 4431 2207 4431 2390 4431 2389 4432 2390 4432 2335 4432 2384 4433 2386 4433 2391 4433 2384 4434 2312 4434 2385 4434 2385 4435 2312 4435 2392 4435 2392 4436 2312 4436 2393 4436 2393 4437 2312 4437 2394 4437 2394 4438 2312 4438 2313 4438 2394 4439 2313 4439 2370 4439 2370 4440 2313 4440 2379 4440 2370 4441 2379 4441 2310 4441 2310 4442 2379 4442 2309 4442 2313 4443 2314 4443 2379 4443 2379 4444 2314 4444 2395 4444 2395 4445 2314 4445 2396 4445 2396 4446 2314 4446 2315 4446 2396 4447 2315 4447 2387 4447 2335 4448 2390 4448 2334 4448 2334 4449 2390 4449 2391 4449 2334 4450 2391 4450 2397 4450 2397 4451 2391 4451 2398 4451 2398 4452 2391 4452 2386 4452 2399 4453 2334 4453 2400 4453 2400 4454 2334 4454 2397 4454 2400 4455 2397 4455 2401 4455 2401 4456 2397 4456 2398 4456 2401 4457 2398 4457 2402 4457 2402 4458 2398 4458 2386 4458 2402 4459 2386 4459 2403 4459 2403 4460 2386 4460 2404 4460 2404 4461 2386 4461 2385 4461 2404 4462 2385 4462 2405 4462 2405 4463 2385 4463 2406 4463 2406 4464 2385 4464 2392 4464 2406 4465 2392 4465 2407 4465 2407 4466 2392 4466 2393 4466 2407 4467 2393 4467 2408 4467 2393 4468 2394 4468 2408 4468 2408 4469 2394 4469 2370 4469 2408 4470 2370 4470 2409 4470 2409 4471 2370 4471 2369 4471 2409 4472 2369 4472 2368 4472 2409 4473 2368 4473 2410 4473 2410 4474 2368 4474 2364 4474 2410 4475 2364 4475 2411 4475 2411 4476 2364 4476 2363 4476 2411 4477 2363 4477 2412 4477 2412 4478 2363 4478 2362 4478 2412 4479 2362 4479 2413 4479 2413 4480 2362 4480 2414 4480 2414 4481 2362 4481 2371 4481 2414 4482 2371 4482 2415 4482 2415 4483 2371 4483 2372 4483 2415 4484 2372 4484 2416 4484 2416 4485 2372 4485 2374 4485 2416 4486 2374 4486 2417 4486 2417 4487 2374 4487 2358 4487 2418 4488 2407 4488 2419 4488 2419 4489 2407 4489 2420 4489 2418 4490 2421 4490 2407 4490 2407 4491 2421 4491 2422 4491 2408 4492 2423 4492 2407 4492 2407 4493 2423 4493 2424 4493 2407 4494 2424 4494 2425 4494 2425 4495 2426 4495 2407 4495 2407 4496 2426 4496 2427 4496 2407 4497 2427 4497 2420 4497 2408 4498 2409 4498 2423 4498 2423 4499 2409 4499 2410 4499 2422 4500 2428 4500 2407 4500 2407 4501 2428 4501 2429 4501 2407 4502 2429 4502 2430 4502 2430 4503 2431 4503 2407 4503 2407 4504 2431 4504 2432 4504 2407 4505 2432 4505 2433 4505 2413 4506 2414 4506 2412 4506 2412 4507 2414 4507 2415 4507 2412 4508 2415 4508 2416 4508 2410 4509 2411 4509 2423 4509 2423 4510 2411 4510 2412 4510 2423 4511 2412 4511 2417 4511 2417 4512 2412 4512 2416 4512 2402 4513 2403 4513 2401 4513 2401 4514 2403 4514 2400 4514 2433 4515 2434 4515 2407 4515 2407 4516 2434 4516 2399 4516 2407 4517 2399 4517 2406 4517 2406 4518 2399 4518 2405 4518 2400 4519 2403 4519 2399 4519 2399 4520 2403 4520 2404 4520 2399 4521 2404 4521 2405 4521 2435 4522 2170 4522 2436 4522 2173 4523 2175 4523 2437 4523 2438 4524 2170 4524 2439 4524 2440 4525 2441 4525 2170 4525 2170 4526 2441 4526 2442 4526 2170 4527 2442 4527 2436 4527 2443 4528 2170 4528 2437 4528 2437 4529 2170 4529 2173 4529 2443 4530 2444 4530 2170 4530 2170 4531 2444 4531 2445 4531 2437 4532 2175 4532 2176 4532 2170 4533 2445 4533 2439 4533 2176 4534 2446 4534 2437 4534 2170 4535 2438 4535 2440 4535 2436 4536 2447 4536 2435 4536 2176 4537 2448 4537 2446 4537 2449 4538 2450 4538 2451 4538 2451 4539 2450 4539 2452 4539 2451 4540 2452 4540 2453 4540 2453 4541 2452 4541 2454 4541 2453 4542 2454 4542 2455 4542 2455 4543 2454 4543 2456 4543 2455 4544 2456 4544 2457 4544 2457 4545 2456 4545 2458 4545 2458 4546 2456 4546 2459 4546 2458 4547 2459 4547 2460 4547 2460 4548 2459 4548 2241 4548 2460 4549 2241 4549 2461 4549 2461 4550 2241 4550 2462 4550 2462 4551 2241 4551 2245 4551 2462 4552 2245 4552 2463 4552 2463 4553 2245 4553 2249 4553 2463 4554 2249 4554 2464 4554 2464 4555 2249 4555 2465 4555 2465 4556 2249 4556 2253 4556 2465 4557 2253 4557 2466 4557 2466 4558 2253 4558 2467 4558 2467 4559 2253 4559 2257 4559 2467 4560 2257 4560 2468 4560 2257 4561 2259 4561 2468 4561 2468 4562 2259 4562 2469 4562 2469 4563 2259 4563 2470 4563 2470 4564 2259 4564 2264 4564 2470 4565 2264 4565 2266 4565 2470 4566 2266 4566 2471 4566 2471 4567 2266 4567 2472 4567 2472 4568 2266 4568 2271 4568 2472 4569 2271 4569 2473 4569 2473 4570 2271 4570 2474 4570 2474 4571 2271 4571 2275 4571 2474 4572 2275 4572 2475 4572 2475 4573 2275 4573 2476 4573 2476 4574 2275 4574 2477 4574 2476 4575 2477 4575 2478 4575 2478 4576 2477 4576 2479 4576 2478 4577 2479 4577 2480 4577 2480 4578 2479 4578 2481 4578 2480 4579 2481 4579 2482 4579 2482 4580 2481 4580 2483 4580 2482 4581 2483 4581 2484 4581 2484 4582 2483 4582 2485 4582 2485 4583 2483 4583 2486 4583 2485 4584 2486 4584 2449 4584 2449 4585 2486 4585 2450 4585 2487 4586 2461 4586 2488 4586 2488 4587 2461 4587 2462 4587 2488 4588 2462 4588 2489 4588 2489 4589 2462 4589 2463 4589 2489 4590 2463 4590 2490 4590 2490 4591 2463 4591 2491 4591 2491 4592 2463 4592 2464 4592 2491 4593 2464 4593 2492 4593 2492 4594 2464 4594 2465 4594 2492 4595 2465 4595 2466 4595 2492 4596 2466 4596 2493 4596 2493 4597 2466 4597 2467 4597 2493 4598 2467 4598 2494 4598 2494 4599 2467 4599 2468 4599 2494 4600 2468 4600 2495 4600 2495 4601 2468 4601 2469 4601 2495 4602 2469 4602 2232 4602 2232 4603 2469 4603 2470 4603 2232 4604 2470 4604 2233 4604 2233 4605 2470 4605 2471 4605 2233 4606 2471 4606 2234 4606 2234 4607 2471 4607 2235 4607 2235 4608 2471 4608 2472 4608 2235 4609 2472 4609 2237 4609 2237 4610 2472 4610 2473 4610 2237 4611 2473 4611 2238 4611 2238 4612 2473 4612 2474 4612 2238 4613 2474 4613 2239 4613 2239 4614 2474 4614 2475 4614 2239 4615 2475 4615 2240 4615 2240 4616 2475 4616 2496 4616 2497 4617 2498 4617 2499 4617 2499 4618 2498 4618 2500 4618 2499 4619 2500 4619 2501 4619 2501 4620 2500 4620 2502 4620 2501 4621 2502 4621 2503 4621 2503 4622 2502 4622 2504 4622 2503 4623 2504 4623 2505 4623 2505 4624 2504 4624 2506 4624 2505 4625 2506 4625 2507 4625 2507 4626 2506 4626 2487 4626 2507 4627 2487 4627 2508 4627 2508 4628 2487 4628 2488 4628 2508 4629 2488 4629 2509 4629 2509 4630 2488 4630 2489 4630 2509 4631 2489 4631 2510 4631 2510 4632 2489 4632 2490 4632 2510 4633 2490 4633 2491 4633 2510 4634 2491 4634 2511 4634 2511 4635 2491 4635 2512 4635 2512 4636 2491 4636 2492 4636 2512 4637 2492 4637 2513 4637 2513 4638 2492 4638 2493 4638 2513 4639 2493 4639 2494 4639 2513 4640 2494 4640 2514 4640 2514 4641 2494 4641 2495 4641 2514 4642 2495 4642 2292 4642 2292 4643 2495 4643 2515 4643 2515 4644 2495 4644 2232 4644 2515 4645 2232 4645 2516 4645 2516 4646 2232 4646 2234 4646 2516 4647 2234 4647 2517 4647 2517 4648 2234 4648 2518 4648 2518 4649 2234 4649 2236 4649 2518 4650 2236 4650 2519 4650 2519 4651 2236 4651 2520 4651 2520 4652 2236 4652 2238 4652 2520 4653 2238 4653 2521 4653 2521 4654 2238 4654 2240 4654 2521 4655 2240 4655 2522 4655 2522 4656 2240 4656 2496 4656 2522 4657 2496 4657 2523 4657 2523 4658 2496 4658 2524 4658 2523 4659 2524 4659 2525 4659 2525 4660 2524 4660 2526 4660 2525 4661 2526 4661 2527 4661 2527 4662 2526 4662 2528 4662 2527 4663 2528 4663 2529 4663 2529 4664 2530 4664 2531 4664 2531 4665 2530 4665 2532 4665 2531 4666 2532 4666 2533 4666 2533 4667 2532 4667 2534 4667 2533 4668 2534 4668 2535 4668 2535 4669 2534 4669 2536 4669 2535 4670 2536 4670 2537 4670 2535 4671 2537 4671 2538 4671 2538 4672 2537 4672 2539 4672 2538 4673 2539 4673 2497 4673 2497 4674 2539 4674 2540 4674 2497 4675 2540 4675 2498 4675 2279 4676 2507 4676 2508 4676 2279 4677 2508 4677 2280 4677 2280 4678 2508 4678 2509 4678 2280 4679 2509 4679 2281 4679 2281 4680 2509 4680 2510 4680 2281 4681 2510 4681 2283 4681 2283 4682 2510 4682 2285 4682 2285 4683 2510 4683 2511 4683 2285 4684 2511 4684 2287 4684 2287 4685 2511 4685 2512 4685 2287 4686 2512 4686 2288 4686 2288 4687 2512 4687 2513 4687 2288 4688 2513 4688 2289 4688 2289 4689 2513 4689 2514 4689 2289 4690 2514 4690 2291 4690 2291 4691 2514 4691 2292 4691 2292 4692 2515 4692 2293 4692 2293 4693 2515 4693 2294 4693 2294 4694 2515 4694 2516 4694 2294 4695 2516 4695 2296 4695 2296 4696 2516 4696 2517 4696 2296 4697 2517 4697 2297 4697 2297 4698 2517 4698 2518 4698 2297 4699 2518 4699 2519 4699 2297 4700 2519 4700 2300 4700 2300 4701 2519 4701 2520 4701 2300 4702 2520 4702 2301 4702 2301 4703 2520 4703 2521 4703 2301 4704 2521 4704 2303 4704 2303 4705 2521 4705 2522 4705 2303 4706 2522 4706 2304 4706 2226 4707 2202 4707 2541 4707 2541 4708 2279 4708 2226 4708 2206 4709 2542 4709 2541 4709 2541 4710 2542 4710 2543 4710 2541 4711 2543 4711 2279 4711 2206 4712 2199 4712 2544 4712 2206 4713 2202 4713 2199 4713 2199 4714 2198 4714 2544 4714 2198 4715 2196 4715 2545 4715 2545 4716 2196 4716 2546 4716 2226 4717 2231 4717 2196 4717 2196 4718 2228 4718 2546 4718 2196 4719 2231 4719 2228 4719 2226 4720 2546 4720 2228 4720 2547 4721 2226 4721 2302 4721 2546 4722 2226 4722 2547 4722 2190 4723 2298 4723 2220 4723 2190 4724 2220 4724 2226 4724 2302 4725 2226 4725 2299 4725 2299 4726 2226 4726 2220 4726 2219 4727 2299 4727 2220 4727 2299 4728 2219 4728 2298 4728 2190 4729 2290 4729 2295 4729 2298 4730 2190 4730 2295 4730 2286 4731 2289 4731 2290 4731 2290 4732 2289 4732 2291 4732 2290 4733 2293 4733 2295 4733 2286 4734 2290 4734 2191 4734 2213 4735 2209 4735 2226 4735 2191 4736 2209 4736 2217 4736 2191 4737 2217 4737 2286 4737 2279 4738 2213 4738 2226 4738 2284 4739 2213 4739 2282 4739 2282 4740 2213 4740 2278 4740 2278 4741 2213 4741 2279 4741 2226 4742 2209 4742 2191 4742 2286 4743 2217 4743 2284 4743 2284 4744 2217 4744 2213 4744 2202 4745 2226 4745 2199 4745 2196 4746 2199 4746 2226 4746 2290 4747 2190 4747 2194 4747 2290 4748 2194 4748 2191 4748 2226 4749 2191 4749 2190 4749 2437 4750 2446 4750 2183 4750 2183 4751 2446 4751 2181 4751 2176 4752 2174 4752 2178 4752 2176 4753 2178 4753 2448 4753 2448 4754 2178 4754 2177 4754 2448 4755 2177 4755 2446 4755 2446 4756 2177 4756 2181 4756 2170 4757 2435 4757 2171 4757 2171 4758 2435 4758 2180 4758 2436 4759 2188 4759 2186 4759 2436 4760 2186 4760 2447 4760 2447 4761 2186 4761 2180 4761 2447 4762 2180 4762 2435 4762 2436 4763 2442 4763 2188 4763 2188 4764 2442 4764 2182 4764 2438 4765 2187 4765 2185 4765 2438 4766 2185 4766 2440 4766 2440 4767 2185 4767 2182 4767 2440 4768 2182 4768 2441 4768 2441 4769 2182 4769 2442 4769 2438 4770 2439 4770 2187 4770 2187 4771 2439 4771 2179 4771 2437 4772 2183 4772 2443 4772 2443 4773 2183 4773 2444 4773 2444 4774 2183 4774 2184 4774 2444 4775 2184 4775 2445 4775 2445 4776 2184 4776 2439 4776 2439 4777 2184 4777 2179 4777 2065 4778 2359 4778 2030 4778 2030 4779 2359 4779 2031 4779 2031 4780 2359 4780 2376 4780 2031 4781 2376 4781 2043 4781 2043 4782 2376 4782 2366 4782 2043 4783 2366 4783 2044 4783 2044 4784 2366 4784 2367 4784 2044 4785 2367 4785 2053 4785 2053 4786 2367 4786 2377 4786 2053 4787 2377 4787 2054 4787 2054 4788 2377 4788 2378 4788 2054 4789 2378 4789 2055 4789 2055 4790 2378 4790 2381 4790 2055 4791 2381 4791 2038 4791 2038 4792 2381 4792 2380 4792 2038 4793 2380 4793 2039 4793 2039 4794 2380 4794 2379 4794 2039 4795 2379 4795 2040 4795 2040 4796 2379 4796 2395 4796 2040 4797 2395 4797 2033 4797 2033 4798 2395 4798 2396 4798 2033 4799 2396 4799 2034 4799 2034 4800 2396 4800 2387 4800 2034 4801 2387 4801 2047 4801 2047 4802 2387 4802 2388 4802 2047 4803 2388 4803 2048 4803 2048 4804 2388 4804 2049 4804 2049 4805 2388 4805 2382 4805 2049 4806 2382 4806 2050 4806 2050 4807 2382 4807 2383 4807 2050 4808 2383 4808 2051 4808 2051 4809 2383 4809 2389 4809 2051 4810 2389 4810 2035 4810 2035 4811 2389 4811 2042 4811 2042 4812 2389 4812 2335 4812 2242 4813 2096 4813 2129 4813 2242 4814 2129 4814 2243 4814 2243 4815 2129 4815 2128 4815 2243 4816 2128 4816 2244 4816 2244 4817 2128 4817 2127 4817 2244 4818 2127 4818 2246 4818 2246 4819 2127 4819 2126 4819 2246 4820 2126 4820 2247 4820 2247 4821 2126 4821 2125 4821 2247 4822 2125 4822 2248 4822 2248 4823 2125 4823 2124 4823 2248 4824 2124 4824 2250 4824 2250 4825 2124 4825 2123 4825 2250 4826 2123 4826 2251 4826 2251 4827 2123 4827 2121 4827 2251 4828 2121 4828 2252 4828 2252 4829 2121 4829 2120 4829 2252 4830 2120 4830 2254 4830 2254 4831 2120 4831 2094 4831 2254 4832 2094 4832 2255 4832 2255 4833 2094 4833 2093 4833 2255 4834 2093 4834 2256 4834 2256 4835 2093 4835 2140 4835 2256 4836 2140 4836 2258 4836 2258 4837 2140 4837 2139 4837 2258 4838 2139 4838 2260 4838 2260 4839 2139 4839 2138 4839 2260 4840 2138 4840 2261 4840 2261 4841 2138 4841 2119 4841 2261 4842 2119 4842 2262 4842 2262 4843 2119 4843 2118 4843 2262 4844 2118 4844 2263 4844 2263 4845 2118 4845 2116 4845 2263 4846 2116 4846 2265 4846 2265 4847 2116 4847 2115 4847 2265 4848 2115 4848 2267 4848 2267 4849 2115 4849 2143 4849 2267 4850 2143 4850 2268 4850 2268 4851 2143 4851 2111 4851 2268 4852 2111 4852 2269 4852 2269 4853 2111 4853 2109 4853 2269 4854 2109 4854 2270 4854 2270 4855 2109 4855 2108 4855 2270 4856 2108 4856 2272 4856 2272 4857 2108 4857 2100 4857 2272 4858 2100 4858 2273 4858 2273 4859 2100 4859 2099 4859 2273 4860 2099 4860 2274 4860 2274 4861 2099 4861 2098 4861 2274 4862 2098 4862 2276 4862 2276 4863 2098 4863 2101 4863 2276 4864 2101 4864 2277 4864 2277 4865 2101 4865 2102 4865 2277 4866 2102 4866 2548 4866 2548 4867 2102 4867 2137 4867 2548 4868 2137 4868 2549 4868 2549 4869 2137 4869 2136 4869 2549 4870 2136 4870 2550 4870 2550 4871 2136 4871 2114 4871 2550 4872 2114 4872 2551 4872 2551 4873 2114 4873 2113 4873 2551 4874 2113 4874 2552 4874 2552 4875 2113 4875 2153 4875 2552 4876 2153 4876 2553 4876 2553 4877 2153 4877 2154 4877 2553 4878 2154 4878 2554 4878 2554 4879 2154 4879 2156 4879 2554 4880 2156 4880 2555 4880 2555 4881 2156 4881 2155 4881 2555 4882 2155 4882 2556 4882 2556 4883 2155 4883 2107 4883 2556 4884 2107 4884 2557 4884 2557 4885 2107 4885 2106 4885 2557 4886 2106 4886 2558 4886 2558 4887 2106 4887 2149 4887 2558 4888 2149 4888 2559 4888 2559 4889 2149 4889 2148 4889 2559 4890 2148 4890 2560 4890 2560 4891 2148 4891 2147 4891 2560 4892 2147 4892 2561 4892 2561 4893 2147 4893 2135 4893 2561 4894 2135 4894 2562 4894 2562 4895 2135 4895 2134 4895 2562 4896 2134 4896 2563 4896 2563 4897 2134 4897 2133 4897 2563 4898 2133 4898 2564 4898 2564 4899 2133 4899 2142 4899 2564 4900 2142 4900 2565 4900 2565 4901 2142 4901 2141 4901 2565 4902 2141 4902 2566 4902 2566 4903 2141 4903 2132 4903 2566 4904 2132 4904 2567 4904 2567 4905 2132 4905 2131 4905 2567 4906 2131 4906 2568 4906 2568 4907 2131 4907 2130 4907 2568 4908 2130 4908 2569 4908 2569 4909 2130 4909 2105 4909 2569 4910 2105 4910 2570 4910 2570 4911 2105 4911 2104 4911 2570 4912 2104 4912 2571 4912 2571 4913 2104 4913 2103 4913 2571 4914 2103 4914 2572 4914 2572 4915 2103 4915 2096 4915 2572 4916 2096 4916 2242 4916 2042 4917 2335 4917 2041 4917 2041 4918 2335 4918 2336 4918 2041 4919 2336 4919 2032 4919 2032 4920 2336 4920 2337 4920 2032 4921 2337 4921 2045 4921 2045 4922 2337 4922 2326 4922 2045 4923 2326 4923 2046 4923 2046 4924 2326 4924 2320 4924 2046 4925 2320 4925 2052 4925 2052 4926 2320 4926 2317 4926 2052 4927 2317 4927 2036 4927 2036 4928 2317 4928 2319 4928 2036 4929 2319 4929 2037 4929 2037 4930 2319 4930 2325 4930 2037 4931 2325 4931 2056 4931 2056 4932 2325 4932 2324 4932 2056 4933 2324 4933 2057 4933 2057 4934 2324 4934 2323 4934 2057 4935 2323 4935 2346 4935 2057 4936 2346 4936 2061 4936 2061 4937 2346 4937 2347 4937 2061 4938 2347 4938 2058 4938 2058 4939 2347 4939 2341 4939 2058 4940 2341 4940 2059 4940 2059 4941 2341 4941 2343 4941 2059 4942 2343 4942 2060 4942 2060 4943 2343 4943 2349 4943 2060 4944 2349 4944 2062 4944 2062 4945 2349 4945 2350 4945 2062 4946 2350 4946 2063 4946 2063 4947 2350 4947 2361 4947 2063 4948 2361 4948 2064 4948 2064 4949 2361 4949 2360 4949 2064 4950 2360 4950 2065 4950 2065 4951 2360 4951 2359 4951 2304 4952 2522 4952 2523 4952 2304 4953 2523 4953 2573 4953 2573 4954 2523 4954 2525 4954 2573 4955 2525 4955 2574 4955 2574 4956 2525 4956 2527 4956 2574 4957 2527 4957 2575 4957 2575 4958 2527 4958 2576 4958 2576 4959 2527 4959 2529 4959 2576 4960 2529 4960 2577 4960 2577 4961 2529 4961 2531 4961 2577 4962 2531 4962 2578 4962 2578 4963 2531 4963 2533 4963 2578 4964 2533 4964 2579 4964 2579 4965 2533 4965 2535 4965 2579 4966 2535 4966 2580 4966 2580 4967 2535 4967 2581 4967 2581 4968 2535 4968 2538 4968 2581 4969 2538 4969 2582 4969 2582 4970 2538 4970 2497 4970 2582 4971 2497 4971 2583 4971 2583 4972 2497 4972 2584 4972 2584 4973 2497 4973 2499 4973 2584 4974 2499 4974 2585 4974 2585 4975 2499 4975 2501 4975 2585 4976 2501 4976 2586 4976 2586 4977 2501 4977 2503 4977 2586 4978 2503 4978 2587 4978 2587 4979 2503 4979 2505 4979 2587 4980 2505 4980 2588 4980 2588 4981 2505 4981 2507 4981 2588 4982 2507 4982 2589 4982 2589 4983 2507 4983 2279 4983 2496 4984 2475 4984 2476 4984 2496 4985 2476 4985 2524 4985 2524 4986 2476 4986 2590 4986 2590 4987 2476 4987 2478 4987 2590 4988 2478 4988 2526 4988 2526 4989 2478 4989 2528 4989 2528 4990 2478 4990 2480 4990 2528 4991 2480 4991 2591 4991 2591 4992 2480 4992 2530 4992 2530 4993 2480 4993 2482 4993 2530 4994 2482 4994 2592 4994 2592 4995 2482 4995 2484 4995 2592 4996 2484 4996 2532 4996 2532 4997 2484 4997 2534 4997 2534 4998 2484 4998 2485 4998 2534 4999 2485 4999 2536 4999 2536 5000 2485 5000 2593 5000 2593 5001 2485 5001 2449 5001 2593 5002 2449 5002 2594 5002 2594 5003 2449 5003 2451 5003 2594 5004 2451 5004 2539 5004 2539 5005 2451 5005 2540 5005 2540 5006 2451 5006 2453 5006 2540 5007 2453 5007 2498 5007 2498 5008 2453 5008 2455 5008 2498 5009 2455 5009 2500 5009 2500 5010 2455 5010 2502 5010 2502 5011 2455 5011 2457 5011 2502 5012 2457 5012 2504 5012 2504 5013 2457 5013 2458 5013 2504 5014 2458 5014 2506 5014 2506 5015 2458 5015 2460 5015 2460 5016 2461 5016 2487 5016 2417 5017 2358 5017 2423 5017 2423 5018 2358 5018 2357 5018 2423 5019 2357 5019 2424 5019 2424 5020 2357 5020 2356 5020 2424 5021 2356 5021 2425 5021 2425 5022 2356 5022 2355 5022 2425 5023 2355 5023 2426 5023 2426 5024 2355 5024 2427 5024 2427 5025 2355 5025 2354 5025 2427 5026 2354 5026 2420 5026 2420 5027 2354 5027 2353 5027 2420 5028 2353 5028 2419 5028 2419 5029 2353 5029 2418 5029 2418 5030 2353 5030 2352 5030 2418 5031 2352 5031 2421 5031 2352 5032 2351 5032 2421 5032 2421 5033 2351 5033 2329 5033 2421 5034 2329 5034 2422 5034 2422 5035 2329 5035 2327 5035 2422 5036 2327 5036 2340 5036 2422 5037 2340 5037 2428 5037 2428 5038 2340 5038 2339 5038 2428 5039 2339 5039 2429 5039 2429 5040 2339 5040 2338 5040 2429 5041 2338 5041 2430 5041 2430 5042 2338 5042 2330 5042 2430 5043 2330 5043 2431 5043 2431 5044 2330 5044 2432 5044 2432 5045 2330 5045 2331 5045 2432 5046 2331 5046 2433 5046 2433 5047 2331 5047 2332 5047 2433 5048 2332 5048 2434 5048 2434 5049 2332 5049 2333 5049 2434 5050 2333 5050 2399 5050 2399 5051 2333 5051 2334 5051 2215 5052 2216 5052 2321 5052 2321 5053 2216 5053 2595 5053 2321 5054 2595 5054 2318 5054 2322 5055 2318 5055 2596 5055 2322 5056 2596 5056 2328 5056 2328 5057 2596 5057 2208 5057 2328 5058 2208 5058 2316 5058 2312 5059 2384 5059 2201 5059 2311 5060 2230 5060 2365 5060 2365 5061 2597 5061 2373 5061 2373 5062 2597 5062 2375 5062 2307 5063 2224 5063 2344 5063 2344 5064 2224 5064 2345 5064 2348 5065 2342 5065 2219 5065 2348 5066 2219 5066 2218 5066 2197 5067 2200 5067 2195 5067 2302 5068 2304 5068 2573 5068 2302 5069 2573 5069 2547 5069 2547 5070 2573 5070 2574 5070 2547 5071 2574 5071 2575 5071 2547 5072 2575 5072 2546 5072 2546 5073 2575 5073 2576 5073 2546 5074 2576 5074 2577 5074 2546 5075 2577 5075 2545 5075 2545 5076 2577 5076 2578 5076 2545 5077 2578 5077 2579 5077 2545 5078 2579 5078 2580 5078 2545 5079 2580 5079 2198 5079 2198 5080 2580 5080 2581 5080 2198 5081 2581 5081 2544 5081 2544 5082 2581 5082 2582 5082 2544 5083 2582 5083 2583 5083 2544 5084 2583 5084 2584 5084 2544 5085 2584 5085 2206 5085 2206 5086 2584 5086 2585 5086 2206 5087 2585 5087 2586 5087 2206 5088 2586 5088 2542 5088 2542 5089 2586 5089 2587 5089 2542 5090 2587 5090 2588 5090 2542 5091 2588 5091 2589 5091 2542 5092 2589 5092 2543 5092 2543 5093 2589 5093 2279 5093 2275 5094 2277 5094 2548 5094 2275 5095 2548 5095 2477 5095 2477 5096 2548 5096 2549 5096 2477 5097 2549 5097 2550 5097 2477 5098 2550 5098 2551 5098 2477 5099 2551 5099 2479 5099 2479 5100 2551 5100 2552 5100 2479 5101 2552 5101 2481 5101 2481 5102 2552 5102 2553 5102 2481 5103 2553 5103 2554 5103 2481 5104 2554 5104 2555 5104 2481 5105 2555 5105 2483 5105 2483 5106 2555 5106 2556 5106 2483 5107 2556 5107 2557 5107 2483 5108 2557 5108 2558 5108 2483 5109 2558 5109 2486 5109 2486 5110 2558 5110 2559 5110 2486 5111 2559 5111 2560 5111 2486 5112 2560 5112 2450 5112 2450 5113 2560 5113 2561 5113 2450 5114 2561 5114 2562 5114 2450 5115 2562 5115 2563 5115 2450 5116 2563 5116 2452 5116 2452 5117 2563 5117 2564 5117 2452 5118 2564 5118 2454 5118 2454 5119 2564 5119 2565 5119 2454 5120 2565 5120 2566 5120 2454 5121 2566 5121 2567 5121 2454 5122 2567 5122 2456 5122 2456 5123 2567 5123 2568 5123 2456 5124 2568 5124 2569 5124 2456 5125 2569 5125 2570 5125 2456 5126 2570 5126 2459 5126 2459 5127 2570 5127 2571 5127 2459 5128 2571 5128 2572 5128 2459 5129 2572 5129 2241 5129 2241 5130 2572 5130 2242 5130 2524 5131 2590 5131 2526 5131 2528 5132 2591 5132 2529 5132 2529 5133 2591 5133 2530 5133 2530 5134 2592 5134 2532 5134 2536 5135 2593 5135 2537 5135 2537 5136 2593 5136 2594 5136 2537 5137 2594 5137 2539 5137 2506 5138 2460 5138 2487 5138 2230 5139 2231 5139 2365 5139 2365 5140 2231 5140 2597 5140 2597 5141 2231 5141 2375 5141 2375 5142 2231 5142 2226 5142 2375 5143 2226 5143 2225 5143 2224 5144 2220 5144 2345 5144 2345 5145 2220 5145 2298 5145 2345 5146 2298 5146 2342 5146 2342 5147 2298 5147 2219 5147 2216 5148 2217 5148 2595 5148 2595 5149 2217 5149 2318 5149 2318 5150 2217 5150 2596 5150 2596 5151 2217 5151 2208 5151 2208 5152 2217 5152 2209 5152 2207 5153 2206 5153 2390 5153 2390 5154 2206 5154 2541 5154 2390 5155 2541 5155 2391 5155 2391 5156 2541 5156 2384 5156 2384 5157 2541 5157 2202 5157 2384 5158 2202 5158 2201 5158 2200 5159 2199 5159 2196 5159 2200 5160 2196 5160 2195 5160 2193 5161 2194 5161 2305 5161 2305 5162 2194 5162 2189 5162 2189 5163 2194 5163 2190 5163 2598 5164 2599 5164 2600 5164 2598 5165 2600 5165 2601 5165 2601 5166 2600 5166 2602 5166 2601 5167 2602 5167 2603 5167 2603 5168 2602 5168 2604 5168 2603 5169 2604 5169 2605 5169 2605 5170 2604 5170 2606 5170 2605 5171 2606 5171 2607 5171 2607 5172 2606 5172 2608 5172 2609 5173 2610 5173 2611 5173 2612 5174 2613 5174 2614 5174 2614 5175 2613 5175 2615 5175 2614 5176 2615 5176 2616 5176 2616 5177 2615 5177 2617 5177 2616 5178 2617 5178 2609 5178 2609 5179 2617 5179 2610 5179 2618 5180 2619 5180 2620 5180 2620 5181 2613 5181 2612 5181 2621 5182 2622 5182 2623 5182 2623 5183 2622 5183 2602 5183 2623 5184 2602 5184 2624 5184 2624 5185 2602 5185 2625 5185 2624 5186 2625 5186 2618 5186 2618 5187 2625 5187 2619 5187 2622 5188 2621 5188 2626 5188 2627 5189 2628 5189 2626 5189 2627 5190 2629 5190 2628 5190 2630 5191 2629 5191 2627 5191 1010 5192 2631 5192 2632 5192 1010 5193 2632 5193 1009 5193 1009 5194 2632 5194 1008 5194 1008 5195 2632 5195 2633 5195 1008 5196 2633 5196 1007 5196 1007 5197 2633 5197 1006 5197 1006 5198 2633 5198 1005 5198 1005 5199 2633 5199 2634 5199 1005 5200 2634 5200 1004 5200 1004 5201 2634 5201 1003 5201 1003 5202 2634 5202 1002 5202 1002 5203 2634 5203 1001 5203 1001 5204 2634 5204 2635 5204 1001 5205 2635 5205 993 5205 2636 5206 2637 5206 2638 5206 2638 5207 2637 5207 2639 5207 2639 5208 2637 5208 2640 5208 2639 5209 2640 5209 2641 5209 2639 5210 2641 5210 2642 5210 2642 5211 2641 5211 2643 5211 2642 5212 2643 5212 2644 5212 2644 5213 2643 5213 2645 5213 2644 5214 2645 5214 2646 5214 2646 5215 2645 5215 2647 5215 2646 5216 2647 5216 2648 5216 2648 5217 2647 5217 2649 5217 2650 5218 1081 5218 2651 5218 2651 5219 1081 5219 2652 5219 2651 5220 2652 5220 2635 5220 2635 5221 2652 5221 993 5221 2630 5222 2627 5222 2653 5222 2654 5223 2655 5223 2653 5223 2656 5224 2657 5224 2658 5224 2656 5225 2658 5225 2659 5225 2659 5226 2658 5226 2660 5226 2660 5227 2658 5227 2655 5227 2660 5228 2655 5228 2654 5228 2657 5229 2656 5229 2661 5229 2662 5230 2663 5230 2664 5230 2662 5231 2664 5231 2638 5231 2638 5232 2664 5232 2665 5232 2638 5233 2665 5233 2666 5233 2666 5234 2665 5234 2661 5234 2667 5235 2663 5235 2662 5235 2667 5236 2668 5236 2669 5236 2670 5237 2671 5237 2672 5237 2672 5238 2671 5238 2673 5238 2672 5239 2673 5239 2674 5239 2674 5240 2673 5240 2675 5240 2674 5241 2675 5241 2676 5241 2676 5242 2675 5242 2677 5242 2676 5243 2677 5243 2678 5243 2678 5244 2677 5244 2679 5244 2678 5245 2679 5245 2680 5245 2680 5246 2679 5246 2681 5246 2680 5247 2681 5247 2668 5247 2668 5248 2681 5248 2669 5248 2682 5249 2671 5249 2670 5249 1081 5250 2650 5250 2683 5250 1081 5251 2683 5251 1134 5251 1134 5252 2683 5252 1133 5252 1133 5253 2683 5253 1132 5253 1132 5254 2683 5254 1131 5254 1131 5255 2683 5255 2684 5255 1131 5256 2684 5256 1130 5256 1130 5257 2684 5257 1129 5257 1129 5258 2684 5258 1128 5258 1128 5259 2684 5259 2685 5259 1128 5260 2685 5260 1127 5260 1127 5261 2685 5261 2686 5261 1127 5262 2686 5262 1126 5262 1126 5263 2686 5263 2687 5263 1126 5264 2687 5264 1122 5264 2688 5265 2689 5265 2690 5265 2690 5266 2689 5266 2691 5266 2690 5267 2691 5267 2692 5267 2692 5268 2691 5268 2693 5268 2692 5269 2693 5269 2694 5269 2692 5270 2694 5270 2695 5270 2695 5271 2694 5271 2696 5271 2695 5272 2696 5272 2697 5272 2698 5273 2699 5273 2700 5273 2701 5274 2702 5274 2703 5274 2703 5275 2702 5275 2704 5275 2703 5276 2704 5276 2705 5276 2705 5277 2704 5277 2706 5277 2705 5278 2706 5278 2698 5278 2698 5279 2706 5279 2699 5279 2707 5280 2702 5280 2701 5280 2708 5281 2709 5281 2710 5281 2711 5282 2710 5282 2712 5282 2713 5283 2709 5283 2708 5283 2714 5284 2715 5284 2716 5284 2716 5285 2715 5285 2717 5285 2716 5286 2717 5286 2718 5286 2718 5287 2717 5287 2719 5287 2718 5288 2719 5288 2720 5288 2720 5289 2719 5289 2721 5289 2720 5290 2721 5290 2722 5290 2722 5291 2721 5291 2723 5291 2722 5292 2723 5292 2724 5292 2724 5293 2723 5293 2713 5293 2725 5294 2715 5294 2714 5294 2725 5295 2726 5295 2727 5295 2727 5296 2726 5296 2728 5296 2727 5297 2728 5297 2729 5297 2729 5298 2728 5298 2611 5298 2631 5299 1010 5299 2730 5299 2730 5300 1010 5300 2731 5300 2730 5301 2731 5301 2732 5301 2732 5302 2731 5302 1228 5302 1242 5303 2733 5303 2734 5303 1242 5304 2734 5304 2735 5304 2735 5305 2734 5305 2736 5305 2735 5306 2736 5306 2737 5306 2737 5307 2736 5307 2738 5307 2737 5308 2738 5308 2739 5308 2739 5309 2738 5309 2732 5309 2739 5310 2732 5310 1228 5310 2740 5311 2741 5311 2742 5311 2742 5312 2741 5312 2743 5312 2742 5313 2743 5313 2744 5313 2744 5314 2743 5314 2745 5314 2745 5315 2743 5315 2746 5315 2745 5316 2746 5316 2747 5316 2747 5317 2746 5317 2748 5317 2747 5318 2748 5318 2749 5318 2749 5319 2748 5319 2750 5319 2749 5320 2750 5320 2751 5320 2719 5321 2717 5321 2730 5321 2752 5322 2753 5322 2754 5322 2719 5323 2730 5323 2721 5323 2752 5324 2755 5324 2753 5324 2753 5325 2755 5325 2733 5325 2717 5326 2715 5326 2730 5326 2755 5327 2756 5327 2733 5327 2733 5328 2756 5328 2734 5328 2753 5329 2699 5329 2706 5329 2753 5330 2706 5330 2754 5330 2754 5331 2706 5331 2704 5331 2754 5332 2704 5332 2702 5332 2734 5333 2756 5333 2757 5333 2734 5334 2757 5334 2736 5334 2738 5335 2696 5335 2732 5335 2693 5336 2713 5336 2723 5336 2757 5337 2696 5337 2736 5337 2736 5338 2696 5338 2738 5338 2696 5339 2694 5339 2732 5339 2732 5340 2694 5340 2730 5340 2730 5341 2694 5341 2721 5341 2721 5342 2694 5342 2693 5342 2721 5343 2693 5343 2723 5343 2713 5344 2693 5344 2691 5344 2710 5345 2689 5345 2712 5345 2689 5346 2710 5346 2691 5346 2691 5347 2710 5347 2709 5347 2702 5348 2712 5348 2689 5348 2702 5349 2689 5349 2754 5349 2713 5350 2691 5350 2709 5350 2707 5351 2712 5351 2702 5351 2634 5352 2608 5352 2635 5352 2651 5353 2606 5353 2604 5353 2630 5354 2653 5354 2651 5354 2635 5355 2608 5355 2606 5355 2635 5356 2606 5356 2651 5356 2622 5357 2604 5357 2602 5357 2625 5358 2602 5358 2600 5358 2631 5359 2758 5359 2632 5359 2628 5360 2629 5360 2604 5360 2625 5361 2600 5361 2619 5361 2633 5362 2608 5362 2634 5362 2629 5363 2630 5363 2651 5363 2730 5364 2599 5364 2758 5364 2730 5365 2758 5365 2631 5365 2758 5366 2759 5366 2632 5366 2632 5367 2759 5367 2633 5367 2633 5368 2759 5368 2608 5368 2604 5369 2629 5369 2651 5369 2604 5370 2622 5370 2628 5370 2628 5371 2622 5371 2626 5371 2620 5372 2619 5372 2613 5372 2613 5373 2619 5373 2600 5373 2730 5374 2610 5374 2617 5374 2617 5375 2615 5375 2730 5375 2730 5376 2615 5376 2599 5376 2715 5377 2725 5377 2730 5377 2730 5378 2725 5378 2727 5378 2730 5379 2727 5379 2610 5379 2610 5380 2727 5380 2729 5380 2610 5381 2729 5381 2611 5381 2599 5382 2615 5382 2613 5382 2599 5383 2613 5383 2600 5383 2683 5384 2760 5384 2684 5384 2650 5385 2760 5385 2683 5385 2684 5386 2760 5386 2761 5386 2684 5387 2761 5387 2685 5387 2651 5388 2762 5388 2650 5388 2675 5389 2673 5389 2763 5389 2763 5390 2673 5390 2671 5390 2653 5391 2655 5391 2651 5391 2658 5392 2657 5392 2762 5392 2655 5393 2658 5393 2651 5393 2651 5394 2658 5394 2762 5394 2669 5395 2664 5395 2663 5395 2647 5396 2645 5396 2681 5396 2681 5397 2645 5397 2643 5397 2669 5398 2641 5398 2640 5398 2681 5399 2643 5399 2641 5399 2681 5400 2641 5400 2669 5400 2679 5401 2677 5401 2687 5401 2687 5402 2677 5402 2763 5402 2763 5403 2677 5403 2675 5403 2657 5404 2661 5404 2665 5404 2640 5405 2665 5405 2664 5405 2681 5406 2679 5406 2647 5406 2647 5407 2679 5407 2687 5407 2647 5408 2687 5408 2649 5408 2649 5409 2687 5409 2686 5409 2649 5410 2686 5410 2685 5410 2649 5411 2685 5411 2761 5411 2657 5412 2665 5412 2637 5412 2657 5413 2637 5413 2762 5413 2669 5414 2640 5414 2664 5414 2665 5415 2640 5415 2637 5415 2663 5416 2667 5416 2669 5416 2753 5417 2748 5417 2746 5417 2764 5418 2750 5418 2753 5418 2753 5419 2750 5419 2748 5419 2765 5420 2766 5420 2763 5420 2767 5421 2750 5421 2764 5421 2768 5422 2769 5422 2770 5422 2769 5423 2771 5423 2770 5423 2770 5424 2771 5424 2772 5424 2741 5425 2773 5425 2774 5425 2763 5426 2766 5426 2768 5426 2768 5427 2766 5427 2769 5427 2775 5428 2776 5428 2753 5428 2753 5429 2776 5429 2777 5429 2753 5430 2777 5430 2699 5430 2699 5431 2777 5431 2700 5431 2743 5432 2778 5432 2779 5432 2741 5433 2774 5433 2743 5433 2743 5434 2774 5434 2778 5434 2765 5435 2780 5435 2741 5435 2772 5436 2771 5436 2781 5436 2772 5437 2781 5437 2767 5437 2767 5438 2781 5438 2750 5438 2743 5439 2782 5439 2746 5439 2746 5440 2775 5440 2753 5440 2782 5441 2779 5441 2783 5441 2784 5442 2785 5442 2786 5442 2786 5443 2785 5443 2787 5443 2787 5444 2785 5444 2763 5444 2787 5445 2763 5445 2682 5445 2682 5446 2763 5446 2671 5446 2785 5447 2788 5447 2763 5447 2763 5448 2788 5448 2789 5448 2763 5449 2789 5449 2765 5449 2765 5450 2789 5450 2780 5450 2782 5451 2775 5451 2746 5451 2779 5452 2782 5452 2743 5452 2780 5453 2773 5453 2741 5453 2652 5454 2790 5454 2636 5454 1133 5455 2791 5455 1134 5455 1134 5456 2791 5456 1081 5456 2791 5457 2790 5457 1081 5457 1081 5458 2790 5458 2652 5458 1127 5459 2792 5459 1128 5459 1128 5460 2792 5460 1129 5460 1129 5461 2792 5461 1130 5461 2792 5462 2793 5462 1130 5462 1130 5463 2793 5463 1131 5463 1131 5464 2793 5464 1132 5464 1132 5465 2793 5465 2791 5465 1132 5466 2791 5466 1133 5466 2652 5467 2660 5467 2654 5467 2672 5468 2674 5468 2794 5468 2672 5469 2794 5469 2670 5469 2627 5470 2654 5470 2653 5470 2680 5471 2642 5471 2644 5471 2680 5472 2644 5472 2646 5472 2659 5473 2660 5473 2652 5473 2674 5474 2676 5474 2794 5474 2794 5475 2676 5475 1122 5475 1122 5476 2676 5476 2678 5476 2678 5477 2680 5477 1122 5477 2668 5478 2639 5478 2642 5478 2668 5479 2642 5479 2680 5479 2636 5480 2656 5480 2659 5480 2636 5481 2659 5481 2652 5481 2795 5482 2682 5482 2670 5482 1122 5483 2680 5483 2646 5483 1122 5484 2646 5484 1126 5484 1126 5485 2646 5485 2648 5485 1126 5486 2648 5486 1127 5486 1127 5487 2648 5487 2792 5487 2636 5488 2638 5488 2666 5488 2668 5489 2662 5489 2639 5489 2656 5490 2636 5490 2666 5490 2639 5491 2662 5491 2638 5491 2667 5492 2662 5492 2668 5492 2666 5493 2661 5493 2656 5493 2731 5494 2796 5494 2598 5494 2616 5495 2609 5495 2731 5495 1008 5496 2797 5496 1009 5496 1009 5497 2797 5497 1010 5497 2601 5498 2624 5498 2618 5498 2601 5499 2618 5499 2598 5499 2603 5500 2621 5500 2623 5500 2603 5501 2623 5501 2601 5501 2601 5502 2623 5502 2624 5502 993 5503 2607 5503 1001 5503 1001 5504 2607 5504 1002 5504 1002 5505 2607 5505 2798 5505 1002 5506 2798 5506 1003 5506 1003 5507 2798 5507 1004 5507 1004 5508 2798 5508 1005 5508 2626 5509 2621 5509 2627 5509 2627 5510 2621 5510 2603 5510 2652 5511 2605 5511 993 5511 993 5512 2605 5512 2607 5512 1005 5513 2798 5513 1006 5513 1006 5514 2798 5514 2759 5514 1006 5515 2759 5515 1007 5515 1007 5516 2759 5516 1008 5516 1008 5517 2759 5517 2797 5517 1010 5518 2797 5518 2796 5518 1010 5519 2796 5519 2731 5519 2627 5520 2652 5520 2654 5520 2605 5521 2627 5521 2603 5521 2598 5522 2612 5522 2614 5522 2598 5523 2614 5523 2731 5523 2731 5524 2614 5524 2616 5524 2598 5525 2618 5525 2612 5525 2612 5526 2618 5526 2620 5526 2652 5527 2627 5527 2605 5527 1242 5528 2799 5528 2800 5528 2799 5529 2801 5529 2800 5529 2800 5530 2801 5530 2802 5530 2735 5531 2803 5531 1242 5531 1242 5532 2803 5532 2799 5532 2737 5533 2757 5533 2735 5533 2735 5534 2757 5534 2803 5534 2714 5535 2716 5535 2731 5535 2739 5536 2697 5536 2737 5536 2737 5537 2697 5537 2757 5537 2726 5538 2714 5538 2728 5538 2728 5539 2714 5539 2731 5539 2728 5540 2731 5540 2611 5540 2611 5541 2731 5541 2609 5541 2802 5542 2701 5542 2703 5542 2802 5543 2703 5543 2800 5543 2800 5544 2703 5544 2705 5544 2800 5545 2705 5545 2698 5545 2731 5546 2716 5546 2718 5546 2731 5547 2718 5547 1228 5547 1228 5548 2718 5548 2720 5548 2688 5549 2701 5549 2802 5549 2726 5550 2725 5550 2714 5550 2720 5551 2722 5551 1228 5551 2708 5552 2724 5552 2713 5552 2695 5553 2697 5553 2739 5553 2724 5554 2692 5554 2695 5554 1228 5555 2722 5555 2724 5555 1228 5556 2724 5556 2739 5556 2739 5557 2724 5557 2695 5557 2724 5558 2690 5558 2692 5558 2688 5559 2710 5559 2711 5559 2710 5560 2688 5560 2690 5560 2710 5561 2690 5561 2708 5561 2708 5562 2690 5562 2724 5562 2701 5563 2688 5563 2711 5563 2701 5564 2711 5564 2712 5564 2701 5565 2712 5565 2707 5565 2745 5566 2747 5566 2800 5566 2800 5567 2747 5567 2749 5567 2800 5568 2749 5568 1448 5568 2749 5569 2751 5569 1448 5569 1448 5570 2751 5570 1451 5570 1451 5571 2751 5571 1452 5571 1458 5572 2804 5572 1459 5572 1459 5573 2804 5573 1408 5573 1452 5574 2751 5574 1453 5574 1453 5575 2751 5575 2781 5575 1453 5576 2781 5576 1454 5576 1454 5577 2781 5577 1455 5577 1408 5578 2804 5578 2805 5578 1408 5579 2805 5579 2794 5579 2794 5580 2805 5580 2806 5580 2794 5581 2806 5581 2807 5581 2742 5582 2808 5582 2740 5582 2744 5583 2809 5583 2742 5583 2800 5584 2810 5584 2745 5584 2740 5585 2811 5585 2807 5585 2776 5586 2810 5586 2812 5586 2812 5587 2810 5587 2800 5587 2812 5588 2800 5588 2700 5588 2700 5589 2800 5589 2698 5589 2813 5590 2744 5590 2745 5590 1455 5591 2781 5591 2804 5591 1455 5592 2804 5592 1456 5592 1456 5593 2804 5593 1457 5593 1457 5594 2804 5594 1458 5594 2814 5595 2815 5595 2794 5595 2809 5596 2744 5596 2816 5596 2816 5597 2744 5597 2813 5597 2816 5598 2813 5598 2783 5598 2795 5599 2670 5599 2817 5599 2817 5600 2670 5600 2794 5600 2817 5601 2794 5601 2784 5601 2784 5602 2794 5602 2815 5602 2745 5603 2810 5603 2813 5603 2808 5604 2773 5604 2811 5604 2807 5605 2811 5605 2818 5605 2807 5606 2818 5606 2794 5606 2794 5607 2818 5607 2814 5607 2808 5608 2811 5608 2740 5608 2768 5609 1408 5609 2763 5609 2763 5610 1408 5610 2794 5610 2763 5611 2794 5611 2687 5611 2687 5612 2794 5612 1122 5612 2682 5613 2795 5613 2787 5613 2787 5614 2795 5614 2817 5614 2787 5615 2817 5615 2786 5615 2786 5616 2817 5616 2784 5616 2815 5617 2785 5617 2784 5617 2811 5618 2780 5618 2818 5618 2818 5619 2780 5619 2789 5619 2818 5620 2789 5620 2814 5620 2814 5621 2789 5621 2788 5621 2814 5622 2788 5622 2815 5622 2815 5623 2788 5623 2785 5623 2773 5624 2780 5624 2811 5624 2809 5625 2778 5625 2742 5625 2742 5626 2778 5626 2774 5626 2742 5627 2774 5627 2808 5627 2808 5628 2774 5628 2773 5628 2816 5629 2779 5629 2778 5629 2816 5630 2778 5630 2809 5630 2813 5631 2782 5631 2783 5631 2783 5632 2779 5632 2816 5632 2810 5633 2775 5633 2813 5633 2813 5634 2775 5634 2782 5634 2810 5635 2776 5635 2775 5635 2776 5636 2812 5636 2777 5636 2777 5637 2812 5637 2700 5637 2733 5638 1242 5638 2753 5638 2753 5639 1242 5639 2800 5639 2753 5640 2800 5640 2764 5640 2764 5641 2800 5641 1448 5641 1408 5642 2768 5642 2770 5642 1408 5643 2770 5643 1459 5643 1459 5644 2770 5644 1458 5644 1458 5645 2770 5645 1457 5645 1457 5646 2770 5646 1456 5646 1456 5647 2770 5647 2772 5647 1456 5648 2772 5648 1455 5648 1455 5649 2772 5649 1454 5649 1454 5650 2772 5650 2767 5650 1454 5651 2767 5651 1453 5651 1453 5652 2767 5652 1452 5652 1452 5653 2767 5653 1451 5653 1451 5654 2767 5654 2764 5654 1451 5655 2764 5655 1448 5655 2751 5656 2750 5656 2781 5656 2804 5657 2781 5657 2771 5657 2804 5658 2771 5658 2769 5658 2804 5659 2769 5659 2805 5659 2805 5660 2769 5660 2806 5660 2806 5661 2769 5661 2766 5661 2806 5662 2766 5662 2807 5662 2807 5663 2766 5663 2765 5663 2807 5664 2765 5664 2740 5664 2740 5665 2765 5665 2741 5665 2697 5666 2696 5666 2757 5666 2803 5667 2757 5667 2756 5667 2803 5668 2756 5668 2799 5668 2799 5669 2756 5669 2755 5669 2799 5670 2755 5670 2801 5670 2801 5671 2755 5671 2752 5671 2801 5672 2752 5672 2802 5672 2802 5673 2752 5673 2754 5673 2802 5674 2754 5674 2688 5674 2688 5675 2754 5675 2689 5675 2648 5676 2649 5676 2792 5676 2792 5677 2649 5677 2761 5677 2792 5678 2761 5678 2793 5678 2793 5679 2761 5679 2760 5679 2793 5680 2760 5680 2791 5680 2791 5681 2760 5681 2790 5681 2790 5682 2760 5682 2650 5682 2790 5683 2650 5683 2762 5683 2790 5684 2762 5684 2636 5684 2636 5685 2762 5685 2637 5685 2607 5686 2608 5686 2798 5686 2798 5687 2608 5687 2759 5687 2797 5688 2759 5688 2758 5688 2797 5689 2758 5689 2796 5689 2796 5690 2758 5690 2599 5690 2796 5691 2599 5691 2598 5691 2819 5692 2820 5692 2821 5692 2822 5693 2819 5693 2823 5693 2820 5694 2824 5694 2821 5694 2821 5695 2824 5695 2825 5695 2826 5696 2827 5696 2828 5696 2828 5697 2827 5697 2829 5697 2830 5698 2829 5698 2831 5698 2830 5699 2831 5699 2832 5699 2832 5700 2831 5700 2833 5700 2834 5701 2835 5701 2836 5701 2837 5702 2838 5702 2839 5702 2840 5703 2839 5703 2827 5703 2840 5704 2827 5704 2826 5704 2841 5705 2842 5705 2843 5705 2843 5706 2844 5706 2841 5706 2841 5707 2845 5707 2846 5707 2847 5708 2848 5708 2849 5708 2849 5709 2848 5709 2846 5709 2849 5710 2846 5710 2845 5710 2850 5711 2845 5711 2841 5711 2850 5712 2841 5712 2844 5712 2851 5713 2844 5713 2843 5713 2849 5714 2845 5714 2850 5714 2850 5715 2844 5715 2852 5715 2844 5716 2851 5716 2852 5716 2847 5717 2824 5717 2853 5717 2847 5718 2853 5718 2854 5718 2854 5719 2853 5719 2855 5719 2854 5720 2855 5720 2856 5720 2854 5721 2856 5721 2857 5721 2857 5722 2856 5722 2858 5722 2857 5723 2858 5723 2851 5723 2851 5724 2858 5724 2859 5724 2851 5725 2859 5725 2860 5725 2837 5726 2839 5726 2840 5726 2835 5727 2838 5727 2836 5727 2836 5728 2838 5728 2837 5728 2828 5729 2829 5729 2830 5729 2840 5730 2820 5730 2837 5730 2836 5731 2820 5731 2834 5731 2837 5732 2820 5732 2836 5732 2834 5733 2820 5733 2832 5733 2826 5734 2822 5734 2840 5734 2840 5735 2822 5735 2820 5735 2830 5736 2819 5736 2828 5736 2828 5737 2819 5737 2826 5737 2826 5738 2819 5738 2822 5738 2832 5739 2820 5739 2830 5739 2830 5740 2820 5740 2819 5740 2848 5741 2861 5741 2833 5741 2833 5742 2861 5742 2834 5742 2834 5743 2861 5743 2835 5743 2831 5744 2848 5744 2833 5744 2835 5745 2861 5745 2838 5745 2839 5746 2842 5746 2827 5746 2829 5747 2841 5747 2846 5747 2841 5748 2827 5748 2842 5748 2838 5749 2861 5749 2842 5749 2838 5750 2842 5750 2839 5750 2831 5751 2846 5751 2848 5751 2827 5752 2841 5752 2829 5752 2829 5753 2846 5753 2831 5753 2822 5754 2860 5754 2859 5754 2860 5755 2822 5755 2852 5755 2852 5756 2822 5756 2823 5756 2823 5757 2819 5757 2862 5757 2821 5758 2862 5758 2819 5758 2863 5759 2821 5759 2825 5759 2863 5760 2825 5760 2824 5760 2851 5761 2860 5761 2852 5761 2852 5762 2823 5762 2862 5762 2852 5763 2862 5763 2850 5763 2850 5764 2862 5764 2821 5764 2850 5765 2821 5765 2849 5765 2849 5766 2821 5766 2863 5766 2849 5767 2863 5767 2824 5767 2849 5768 2824 5768 2847 5768 2857 5769 2864 5769 2854 5769 2864 5770 2865 5770 2854 5770 2854 5771 2865 5771 2847 5771 2848 5772 2847 5772 2865 5772 2866 5773 2864 5773 2857 5773 2866 5774 2857 5774 2867 5774 2867 5775 2857 5775 2851 5775 2867 5776 2851 5776 2843 5776 2848 5777 2865 5777 2861 5777 2865 5778 2864 5778 2861 5778 2864 5779 2866 5779 2861 5779 2861 5780 2866 5780 2842 5780 2866 5781 2867 5781 2842 5781 2843 5782 2842 5782 2867 5782 2832 5783 2833 5783 2834 5783 2820 5784 2822 5784 2859 5784 2820 5785 2853 5785 2824 5785 2820 5786 2855 5786 2853 5786 2820 5787 2856 5787 2855 5787 2820 5788 2858 5788 2856 5788 2820 5789 2859 5789 2858 5789 2868 5790 2869 5790 2870 5790 2871 5791 2868 5791 2872 5791 2871 5792 2872 5792 2873 5792 2868 5793 2874 5793 2872 5793 2874 5794 2868 5794 2875 5794 2875 5795 2868 5795 2876 5795 2868 5796 2870 5796 2876 5796 2877 5797 2878 5797 2879 5797 2877 5798 2879 5798 2880 5798 2880 5799 2879 5799 2881 5799 2880 5800 2881 5800 2882 5800 2883 5801 2884 5801 2885 5801 2883 5802 2885 5802 2886 5802 2886 5803 2885 5803 2887 5803 2888 5804 2887 5804 2889 5804 2888 5805 2889 5805 2890 5805 2888 5806 2890 5806 2891 5806 2891 5807 2890 5807 2892 5807 2891 5808 2892 5808 2893 5808 2894 5809 2895 5809 2896 5809 2896 5810 2895 5810 2897 5810 2898 5811 2899 5811 2900 5811 2900 5812 2899 5812 2901 5812 2900 5813 2901 5813 2897 5813 2900 5814 2897 5814 2902 5814 2902 5815 2897 5815 2895 5815 2902 5816 2895 5816 2903 5816 2903 5817 2895 5817 2894 5817 2900 5818 2904 5818 2898 5818 2904 5819 2905 5819 2906 5819 2906 5820 2905 5820 2907 5820 2906 5821 2907 5821 2908 5821 2908 5822 2907 5822 2909 5822 2908 5823 2909 5823 2873 5823 2908 5824 2873 5824 2903 5824 2904 5825 2870 5825 2869 5825 2904 5826 2869 5826 2910 5826 2904 5827 2910 5827 2905 5827 2905 5828 2910 5828 2911 5828 2905 5829 2911 5829 2907 5829 2907 5830 2911 5830 2912 5830 2907 5831 2912 5831 2913 5831 2907 5832 2913 5832 2909 5832 2886 5833 2887 5833 2888 5833 2892 5834 2878 5834 2893 5834 2893 5835 2878 5835 2877 5835 2883 5836 2869 5836 2882 5836 2882 5837 2869 5837 2868 5837 2877 5838 2868 5838 2893 5838 2882 5839 2868 5839 2880 5839 2871 5840 2891 5840 2893 5840 2871 5841 2893 5841 2868 5841 2880 5842 2868 5842 2877 5842 2891 5843 2871 5843 2888 5843 2888 5844 2871 5844 2886 5844 2886 5845 2871 5845 2869 5845 2886 5846 2869 5846 2883 5846 2901 5847 2899 5847 2881 5847 2881 5848 2899 5848 2884 5848 2890 5849 2896 5849 2892 5849 2897 5850 2879 5850 2878 5850 2879 5851 2897 5851 2901 5851 2879 5852 2901 5852 2881 5852 2890 5853 2889 5853 2896 5853 2892 5854 2896 5854 2878 5854 2878 5855 2896 5855 2897 5855 2899 5856 2914 5856 2884 5856 2884 5857 2914 5857 2885 5857 2885 5858 2914 5858 2887 5858 2887 5859 2914 5859 2889 5859 2903 5860 2873 5860 2872 5860 2903 5861 2872 5861 2902 5861 2902 5862 2872 5862 2874 5862 2902 5863 2874 5863 2875 5863 2902 5864 2875 5864 2876 5864 2902 5865 2876 5865 2900 5865 2900 5866 2876 5866 2870 5866 2900 5867 2870 5867 2904 5867 2906 5868 2898 5868 2904 5868 2899 5869 2898 5869 2915 5869 2915 5870 2898 5870 2906 5870 2915 5871 2906 5871 2916 5871 2916 5872 2906 5872 2917 5872 2917 5873 2906 5873 2908 5873 2917 5874 2908 5874 2918 5874 2918 5875 2908 5875 2903 5875 2918 5876 2903 5876 2894 5876 2899 5877 2915 5877 2914 5877 2915 5878 2916 5878 2914 5878 2916 5879 2917 5879 2914 5879 2914 5880 2917 5880 2889 5880 2917 5881 2918 5881 2889 5881 2889 5882 2918 5882 2896 5882 2896 5883 2918 5883 2894 5883 2882 5884 2881 5884 2884 5884 2882 5885 2884 5885 2883 5885 2869 5886 2871 5886 2912 5886 2869 5887 2911 5887 2910 5887 2869 5888 2912 5888 2911 5888 2871 5889 2913 5889 2912 5889 2871 5890 2909 5890 2913 5890 2871 5891 2873 5891 2909 5891 2919 5892 2920 5892 2921 5892 2922 5893 2919 5893 2923 5893 2919 5894 2921 5894 2924 5894 2920 5895 2925 5895 2921 5895 2926 5896 2927 5896 2928 5896 2926 5897 2928 5897 2929 5897 2929 5898 2928 5898 2930 5898 2930 5899 2928 5899 2931 5899 2932 5900 2931 5900 2933 5900 2934 5901 2933 5901 2935 5901 2934 5902 2935 5902 2936 5902 2936 5903 2935 5903 2937 5903 2936 5904 2937 5904 2938 5904 2938 5905 2937 5905 2939 5905 2938 5906 2939 5906 2940 5906 2941 5907 2942 5907 2943 5907 2942 5908 2944 5908 2945 5908 2945 5909 2944 5909 2946 5909 2945 5910 2946 5910 2947 5910 2948 5911 2947 5911 2949 5911 2949 5912 2947 5912 2946 5912 2949 5913 2946 5913 2944 5913 2949 5914 2944 5914 2950 5914 2950 5915 2944 5915 2942 5915 2950 5916 2942 5916 2951 5916 2951 5917 2942 5917 2941 5917 2941 5918 2952 5918 2951 5918 2948 5919 2925 5919 2953 5919 2948 5920 2953 5920 2954 5920 2954 5921 2953 5921 2955 5921 2954 5922 2955 5922 2956 5922 2956 5923 2955 5923 2957 5923 2956 5924 2957 5924 2958 5924 2956 5925 2958 5925 2952 5925 2952 5926 2958 5926 2959 5926 2952 5927 2959 5927 2960 5927 2922 5928 2960 5928 2959 5928 2930 5929 2931 5929 2932 5929 2939 5930 2927 5930 2940 5930 2940 5931 2927 5931 2926 5931 2926 5932 2922 5932 2940 5932 2922 5933 2920 5933 2938 5933 2938 5934 2920 5934 2936 5934 2929 5935 2919 5935 2926 5935 2936 5936 2920 5936 2934 5936 2919 5937 2922 5937 2926 5937 2940 5938 2922 5938 2938 5938 2932 5939 2920 5939 2919 5939 2934 5940 2920 5940 2932 5940 2932 5941 2919 5941 2930 5941 2930 5942 2919 5942 2929 5942 2933 5943 2961 5943 2935 5943 2931 5944 2947 5944 2933 5944 2933 5945 2947 5945 2961 5945 2935 5946 2961 5946 2937 5946 2937 5947 2961 5947 2943 5947 2937 5948 2943 5948 2939 5948 2942 5949 2945 5949 2928 5949 2939 5950 2943 5950 2927 5950 2945 5951 2931 5951 2928 5951 2931 5952 2945 5952 2947 5952 2943 5953 2942 5953 2927 5953 2927 5954 2942 5954 2928 5954 2960 5955 2922 5955 2923 5955 2923 5956 2919 5956 2962 5956 2962 5957 2919 5957 2924 5957 2962 5958 2924 5958 2963 5958 2963 5959 2924 5959 2921 5959 2963 5960 2921 5960 2964 5960 2925 5961 2964 5961 2921 5961 2952 5962 2960 5962 2951 5962 2951 5963 2960 5963 2923 5963 2951 5964 2923 5964 2950 5964 2950 5965 2923 5965 2962 5965 2950 5966 2962 5966 2963 5966 2950 5967 2963 5967 2949 5967 2949 5968 2963 5968 2964 5968 2949 5969 2964 5969 2925 5969 2949 5970 2925 5970 2948 5970 2952 5971 2965 5971 2956 5971 2952 5972 2941 5972 2965 5972 2965 5973 2966 5973 2956 5973 2956 5974 2966 5974 2967 5974 2956 5975 2967 5975 2954 5975 2954 5976 2967 5976 2968 5976 2954 5977 2968 5977 2948 5977 2948 5978 2968 5978 2947 5978 2947 5979 2968 5979 2961 5979 2968 5980 2967 5980 2961 5980 2961 5981 2967 5981 2966 5981 2961 5982 2966 5982 2943 5982 2966 5983 2965 5983 2943 5983 2943 5984 2965 5984 2941 5984 2932 5985 2933 5985 2934 5985 2920 5986 2953 5986 2925 5986 2920 5987 2955 5987 2953 5987 2920 5988 2957 5988 2955 5988 2920 5989 2958 5989 2957 5989 2920 5990 2922 5990 2958 5990 2958 5991 2922 5991 2959 5991 2969 5992 2970 5992 2971 5992 2969 5993 2972 5993 2970 5993 2969 5994 2973 5994 2972 5994 2969 5995 2974 5995 2973 5995 2975 5996 2976 5996 2977 5996 2975 5997 2977 5997 2978 5997 2978 5998 2979 5998 2980 5998 2978 5999 2980 5999 2981 5999 2981 6000 2980 6000 2982 6000 2981 6001 2982 6001 2983 6001 2984 6002 2985 6002 2986 6002 2984 6003 2986 6003 2987 6003 2984 6004 2987 6004 2988 6004 2988 6005 2987 6005 2989 6005 2988 6006 2989 6006 2990 6006 2990 6007 2989 6007 2991 6007 2991 6008 2976 6008 2975 6008 2992 6009 2993 6009 2994 6009 2993 6010 2995 6010 2994 6010 2994 6011 2995 6011 2996 6011 2997 6012 2994 6012 2996 6012 2998 6013 2997 6013 2999 6013 2999 6014 2997 6014 2996 6014 2999 6015 2996 6015 3000 6015 3000 6016 2996 6016 2995 6016 3000 6017 2995 6017 2993 6017 3000 6018 2993 6018 3001 6018 3001 6019 2993 6019 2992 6019 3001 6020 2992 6020 3002 6020 3002 6021 2992 6021 3003 6021 3002 6022 3003 6022 3004 6022 2999 6023 2974 6023 3005 6023 2999 6024 3005 6024 3006 6024 3006 6025 3005 6025 3007 6025 3006 6026 3007 6026 3008 6026 3006 6027 3008 6027 3009 6027 3009 6028 3008 6028 3010 6028 3009 6029 3010 6029 3011 6029 3011 6030 3010 6030 3012 6030 3011 6031 3012 6031 3013 6031 3011 6032 3013 6032 3002 6032 3007 6033 3014 6033 3008 6033 3015 6034 3008 6034 3014 6034 3008 6035 3015 6035 3010 6035 3010 6036 3015 6036 3016 6036 3010 6037 3016 6037 3012 6037 3012 6038 3016 6038 3017 6038 3012 6039 3017 6039 3013 6039 2983 6040 2985 6040 2984 6040 2977 6041 2979 6041 2978 6041 2978 6042 2969 6042 2975 6042 2981 6043 2969 6043 2978 6043 2990 6044 3017 6044 3014 6044 2990 6045 3014 6045 2988 6045 2975 6046 2969 6046 2991 6046 2991 6047 2969 6047 3017 6047 2991 6048 3017 6048 2990 6048 2988 6049 3014 6049 2984 6049 2984 6050 3014 6050 2969 6050 2984 6051 2969 6051 2983 6051 2983 6052 2969 6052 2981 6052 2980 6053 2994 6053 2982 6053 2989 6054 3004 6054 2991 6054 2979 6055 2994 6055 2980 6055 3018 6056 3004 6056 2989 6056 2976 6057 3003 6057 2977 6057 2977 6058 3003 6058 2992 6058 2977 6059 2992 6059 2979 6059 2979 6060 2992 6060 2994 6060 2987 6061 3018 6061 2989 6061 2991 6062 3004 6062 3003 6062 2991 6063 3003 6063 2976 6063 2985 6064 3019 6064 2986 6064 2982 6065 2994 6065 3019 6065 2982 6066 3019 6066 2985 6066 2986 6067 3019 6067 2987 6067 2987 6068 3019 6068 3018 6068 3017 6069 2969 6069 3013 6069 2969 6070 2971 6070 3013 6070 2970 6071 2972 6071 3020 6071 3020 6072 2972 6072 3021 6072 3021 6073 2972 6073 2973 6073 2974 6074 3021 6074 2973 6074 3002 6075 3013 6075 2971 6075 3002 6076 2971 6076 3001 6076 3001 6077 2971 6077 2970 6077 3001 6078 2970 6078 3020 6078 3001 6079 3020 6079 3000 6079 3000 6080 3020 6080 3021 6080 3000 6081 3021 6081 2974 6081 3000 6082 2974 6082 2999 6082 3011 6083 3022 6083 3009 6083 3009 6084 3023 6084 3006 6084 3023 6085 2998 6085 3006 6085 3006 6086 2998 6086 2999 6086 3002 6087 3004 6087 3011 6087 3011 6088 3004 6088 3022 6088 3022 6089 3018 6089 3009 6089 3009 6090 3018 6090 3023 6090 3019 6091 2994 6091 2997 6091 2997 6092 2998 6092 3019 6092 2998 6093 3023 6093 3019 6093 3019 6094 3023 6094 3018 6094 3004 6095 3018 6095 3022 6095 2983 6096 2982 6096 2985 6096 2969 6097 3014 6097 3007 6097 2969 6098 3005 6098 2974 6098 2969 6099 3007 6099 3005 6099 3014 6100 3017 6100 3015 6100 3015 6101 3017 6101 3016 6101 3024 6102 3025 6102 3026 6102 3027 6103 3024 6103 3026 6103 3026 6104 3028 6104 3027 6104 3024 6105 3027 6105 3028 6105 3024 6106 3028 6106 3025 6106 3025 6107 3028 6107 3026 6107 3029 6108 3030 6108 3031 6108 3030 6109 3032 6109 3033 6109 3030 6110 3033 6110 3031 6110 3031 6111 3033 6111 3034 6111 3035 6112 3034 6112 3036 6112 3037 6113 3034 6113 3035 6113 3037 6114 3031 6114 3034 6114 3038 6115 3029 6115 3031 6115 3035 6116 3038 6116 3039 6116 3039 6117 3030 6117 3029 6117 3035 6118 3039 6118 3029 6118 3037 6119 3035 6119 3029 6119 3040 6120 3037 6120 3029 6120 3040 6121 3029 6121 3038 6121 3036 6122 3037 6122 3040 6122 3036 6123 3040 6123 3035 6123 3039 6124 3038 6124 3030 6124 3040 6125 3038 6125 3035 6125 3038 6126 3031 6126 3032 6126 3041 6127 3031 6127 3037 6127 3032 6128 3031 6128 3041 6128 3033 6129 3032 6129 3041 6129 3038 6130 3032 6130 3030 6130 3036 6131 3041 6131 3037 6131 3033 6132 3041 6132 3034 6132 3034 6133 3041 6133 3036 6133 3042 6134 3043 6134 3044 6134 3045 6135 3046 6135 3047 6135 3048 6136 3049 6136 3050 6136 3049 6137 3046 6137 3045 6137 3051 6138 3052 6138 3053 6138 3053 6139 3052 6139 3043 6139 3042 6140 3044 6140 3054 6140 3055 6141 3045 6141 3047 6141 3055 6142 3047 6142 3056 6142 3057 6143 3056 6143 3058 6143 3059 6144 3051 6144 3053 6144 3054 6145 3060 6145 3061 6145 3055 6146 3056 6146 3057 6146 3057 6147 3058 6147 3062 6147 3062 6148 3058 6148 3063 6148 3053 6149 3043 6149 3064 6149 3064 6150 3043 6150 3042 6150 3065 6151 3048 6151 3050 6151 3065 6152 3061 6152 3060 6152 3050 6153 3049 6153 3045 6153 3053 6154 3064 6154 3066 6154 3067 6155 3042 6155 3054 6155 3066 6156 3059 6156 3053 6156 3067 6157 3054 6157 3061 6157 3068 6158 3064 6158 3042 6158 3068 6159 3042 6159 3067 6159 3069 6160 3061 6160 3065 6160 3070 6161 3050 6161 3045 6161 3070 6162 3045 6162 3055 6162 3071 6163 3059 6163 3072 6163 3072 6164 3059 6164 3066 6164 3069 6165 3065 6165 3050 6165 3073 6166 3074 6166 3075 6166 3076 6167 3077 6167 3078 6167 3079 6168 3077 6168 3080 6168 3079 6169 3080 6169 3081 6169 3082 6170 3081 6170 3083 6170 3082 6171 3083 6171 3084 6171 3082 6172 3084 6172 3085 6172 3085 6173 3084 6173 3086 6173 3063 6174 3087 6174 3073 6174 3073 6175 3087 6175 3074 6175 3088 6176 3089 6176 3090 6176 3091 6177 3076 6177 3078 6177 3078 6178 3077 6178 3079 6178 3092 6179 3085 6179 3086 6179 3092 6180 3086 6180 3093 6180 3094 6181 3093 6181 3095 6181 3063 6182 3073 6182 3096 6182 3096 6183 3073 6183 3075 6183 3075 6184 3089 6184 3088 6184 3088 6185 3090 6185 3091 6185 3079 6186 3081 6186 3097 6186 3097 6187 3081 6187 3082 6187 3059 6188 3094 6188 3051 6188 3097 6189 3082 6189 3085 6189 3093 6190 3094 6190 3071 6190 3071 6191 3094 6191 3059 6191 3062 6192 3063 6192 3096 6192 3098 6193 3096 6193 3075 6193 3078 6194 3079 6194 3099 6194 3099 6195 3079 6195 3097 6195 3098 6196 3075 6196 3088 6196 3100 6197 3097 6197 3085 6197 3100 6198 3085 6198 3092 6198 3062 6199 3096 6199 3087 6199 3098 6200 3088 6200 3101 6200 3102 6201 3091 6201 3078 6201 3099 6202 3097 6202 3100 6202 3100 6203 3092 6203 3103 6203 3103 6204 3092 6204 3093 6204 3103 6205 3093 6205 3104 6205 3104 6206 3093 6206 3071 6206 3101 6207 3088 6207 3091 6207 3102 6208 3078 6208 3080 6208 3084 6209 3100 6209 3103 6209 3083 6210 3099 6210 3100 6210 3101 6211 3091 6211 3102 6211 3080 6212 3078 6212 3099 6212 3080 6213 3099 6213 3083 6213 3104 6214 3071 6214 3072 6214 3089 6215 3096 6215 3098 6215 3089 6216 3098 6216 3101 6216 3087 6217 3096 6217 3074 6217 3074 6218 3096 6218 3089 6218 3083 6219 3100 6219 3084 6219 3090 6220 3101 6220 3076 6220 3102 6221 3080 6221 3077 6221 3084 6222 3103 6222 3086 6222 3086 6223 3103 6223 3095 6223 3095 6224 3103 6224 3104 6224 3076 6225 3101 6225 3102 6225 3080 6226 3083 6226 3081 6226 3076 6227 3102 6227 3077 6227 3095 6228 3104 6228 3094 6228 3094 6229 3104 6229 3072 6229 3094 6230 3072 6230 3051 6230 3074 6231 3089 6231 3075 6231 3089 6232 3101 6232 3090 6232 3090 6233 3076 6233 3091 6233 3086 6234 3095 6234 3093 6234 3105 6235 3067 6235 3061 6235 3105 6236 3061 6236 3106 6236 3106 6237 3061 6237 3069 6237 3107 6238 3057 6238 3062 6238 3107 6239 3062 6239 3087 6239 3066 6240 3064 6240 3108 6240 3069 6241 3050 6241 3109 6241 3109 6242 3050 6242 3070 6242 3070 6243 3055 6243 3107 6243 3107 6244 3055 6244 3057 6244 3052 6245 3072 6245 3066 6245 3052 6246 3066 6246 3108 6246 3068 6247 3067 6247 3105 6247 3108 6248 3064 6248 3068 6248 3106 6249 3069 6249 3110 6249 3110 6250 3069 6250 3109 6250 3058 6251 3107 6251 3087 6251 3072 6252 3052 6252 3051 6252 3054 6253 3105 6253 3106 6253 3109 6254 3070 6254 3046 6254 3046 6255 3070 6255 3047 6255 3047 6256 3070 6256 3107 6256 3043 6257 3108 6257 3068 6257 3056 6258 3107 6258 3058 6258 3049 6259 3109 6259 3046 6259 3058 6260 3087 6260 3063 6260 3068 6261 3105 6261 3044 6261 3044 6262 3105 6262 3054 6262 3060 6263 3106 6263 3110 6263 3056 6264 3047 6264 3107 6264 3110 6265 3109 6265 3049 6265 3052 6266 3108 6266 3043 6266 3043 6267 3068 6267 3044 6267 3060 6268 3110 6268 3065 6268 3065 6269 3110 6269 3048 6269 3048 6270 3110 6270 3049 6270 3054 6271 3106 6271 3060 6271 3111 6272 3112 6272 3113 6272 3113 6273 3114 6273 3115 6273 3115 6274 3116 6274 3117 6274 3118 6275 3111 6275 3113 6275 3115 6276 3117 6276 3119 6276 3120 6277 3113 6277 3115 6277 3120 6278 3115 6278 3119 6278 3118 6279 3113 6279 3116 6279 3116 6280 3113 6280 3120 6280 3121 6281 3122 6281 3123 6281 3123 6282 3122 6282 3124 6282 3119 6283 3117 6283 3121 6283 3119 6284 3121 6284 3123 6284 3124 6285 3125 6285 3111 6285 3123 6286 3124 6286 3111 6286 3119 6287 3123 6287 3118 6287 3118 6288 3123 6288 3111 6288 3125 6289 3119 6289 3118 6289 3120 6290 3119 6290 3122 6290 3124 6291 3119 6291 3125 6291 3120 6292 3122 6292 3121 6292 3124 6293 3122 6293 3119 6293 3117 6294 3120 6294 3121 6294 3114 6295 3118 6295 3116 6295 3117 6296 3116 6296 3120 6296 3125 6297 3118 6297 3112 6297 3112 6298 3118 6298 3114 6298 3111 6299 3125 6299 3112 6299 3114 6300 3116 6300 3115 6300 3113 6301 3112 6301 3114 6301 3126 6302 3127 6302 3128 6302 3129 6303 3130 6303 3131 6303 3132 6304 3126 6304 3128 6304 3128 6305 3129 6305 3131 6305 3133 6306 3128 6306 3131 6306 3132 6307 3128 6307 3133 6307 3134 6308 3135 6308 3136 6308 3131 6309 3135 6309 3134 6309 3137 6310 3131 6310 3134 6310 3134 6311 3136 6311 3126 6311 3134 6312 3126 6312 3132 6312 3133 6313 3131 6313 3137 6313 3138 6314 3134 6314 3132 6314 3137 6315 3134 6315 3138 6315 3133 6316 3137 6316 3135 6316 3136 6317 3135 6317 3137 6317 3136 6318 3137 6318 3138 6318 3130 6319 3133 6319 3135 6319 3131 6320 3130 6320 3135 6320 3136 6321 3138 6321 3126 6321 3127 6322 3132 6322 3133 6322 3138 6323 3132 6323 3127 6323 3129 6324 3127 6324 3133 6324 3126 6325 3138 6325 3127 6325 3127 6326 3129 6326 3128 6326 3129 6327 3133 6327 3130 6327 3139 6328 3140 6328 3141 6328 3142 6329 3143 6329 3144 6329 3145 6330 3139 6330 3146 6330 3146 6331 3139 6331 3141 6331 3142 6332 3144 6332 3139 6332 3142 6333 3139 6333 3145 6333 3140 6334 3145 6334 3146 6334 3141 6335 3147 6335 3148 6335 3149 6336 3148 6336 3150 6336 3149 6337 3150 6337 3151 6337 3146 6338 3141 6338 3148 6338 3146 6339 3148 6339 3149 6339 3151 6340 3143 6340 3142 6340 3149 6341 3151 6341 3152 6341 3152 6342 3151 6342 3142 6342 3153 6343 3149 6343 3152 6343 3153 6344 3146 6344 3149 6344 3152 6345 3142 6345 3154 6345 3147 6346 3146 6346 3153 6346 3150 6347 3152 6347 3154 6347 3140 6348 3146 6348 3147 6348 3153 6349 3152 6349 3150 6349 3141 6350 3140 6350 3147 6350 3151 6351 3150 6351 3154 6351 3151 6352 3154 6352 3143 6352 3147 6353 3153 6353 3148 6353 3148 6354 3153 6354 3150 6354 3145 6355 3154 6355 3142 6355 3145 6356 3140 6356 3144 6356 3144 6357 3154 6357 3145 6357 3144 6358 3140 6358 3139 6358 3154 6359 3144 6359 3143 6359 3155 6360 3156 6360 3157 6360 3157 6361 3156 6361 3158 6361 3155 6362 3157 6362 3158 6362 3158 6363 3156 6363 3155 6363 3159 6364 3160 6364 3161 6364 3162 6365 3160 6365 3163 6365 3162 6366 3163 6366 3159 6366 3163 6367 3160 6367 3159 6367 3162 6368 3159 6368 3161 6368 3162 6369 3161 6369 3160 6369 3164 6370 3165 6370 3166 6370 3167 6371 3168 6371 3166 6371 3167 6372 3169 6372 3168 6372 3169 6373 3170 6373 3168 6373 3168 6374 3170 6374 3164 6374 3168 6375 3164 6375 3166 6375 3165 6376 3164 6376 3171 6376 3171 6377 3164 6377 3169 6377 3169 6378 3164 6378 3170 6378 3166 6379 3165 6379 3167 6379 3167 6380 3165 6380 3171 6380 3167 6381 3171 6381 3169 6381 3172 6382 3173 6382 3174 6382 3175 6383 3172 6383 3174 6383 3175 6384 3174 6384 3176 6384 3177 6385 3178 6385 3179 6385 3177 6386 3179 6386 3180 6386 3177 6387 3181 6387 3178 6387 3178 6388 3182 6388 3183 6388 3178 6389 3183 6389 3179 6389 3179 6390 3183 6390 3175 6390 3179 6391 3175 6391 3180 6391 3181 6392 3173 6392 3178 6392 3178 6393 3173 6393 3172 6393 3178 6394 3172 6394 3182 6394 3182 6395 3172 6395 3183 6395 3183 6396 3172 6396 3175 6396 3176 6397 3174 6397 3184 6397 3184 6398 3174 6398 3173 6398 3184 6399 3173 6399 3185 6399 3185 6400 3173 6400 3181 6400 3180 6401 3175 6401 3176 6401 3180 6402 3176 6402 3184 6402 3180 6403 3184 6403 3177 6403 3177 6404 3184 6404 3185 6404 3177 6405 3185 6405 3181 6405 3186 6406 3187 6406 3188 6406 3189 6407 3188 6407 3187 6407 3190 6408 3187 6408 3186 6408 3191 6409 3192 6409 3193 6409 3191 6410 3194 6410 3192 6410 3186 6411 3188 6411 3193 6411 3193 6412 3188 6412 3191 6412 3191 6413 3188 6413 3195 6413 3191 6414 3195 6414 3196 6414 3196 6415 3195 6415 3197 6415 3198 6416 3199 6416 3187 6416 3198 6417 3187 6417 3190 6417 3198 6418 3190 6418 3200 6418 3198 6419 3200 6419 3201 6419 3201 6420 3202 6420 3203 6420 3203 6421 3202 6421 3204 6421 3204 6422 3202 6422 3205 6422 3204 6423 3205 6423 3196 6423 3206 6424 3202 6424 3201 6424 3206 6425 3201 6425 3200 6425 3197 6426 3207 6426 3205 6426 3197 6427 3205 6427 3208 6427 3208 6428 3205 6428 3206 6428 3206 6429 3205 6429 3202 6429 3195 6430 3209 6430 3197 6430 3197 6431 3209 6431 3207 6431 3188 6432 3189 6432 3192 6432 3188 6433 3192 6433 3195 6433 3195 6434 3192 6434 3209 6434 3199 6435 3186 6435 3189 6435 3189 6436 3186 6436 3193 6436 3203 6437 3198 6437 3201 6437 3186 6438 3198 6438 3210 6438 3210 6439 3198 6439 3203 6439 3186 6440 3199 6440 3198 6440 3194 6441 3191 6441 3196 6441 3211 6442 3204 6442 3196 6442 3203 6443 3204 6443 3211 6443 3189 6444 3193 6444 3192 6444 3189 6445 3187 6445 3199 6445 3209 6446 3192 6446 3194 6446 3209 6447 3194 6447 3207 6447 3207 6448 3194 6448 3196 6448 3207 6449 3196 6449 3205 6449 3190 6450 3186 6450 3210 6450 3190 6451 3210 6451 3200 6451 3200 6452 3210 6452 3203 6452 3200 6453 3203 6453 3206 6453 3206 6454 3203 6454 3211 6454 3206 6455 3211 6455 3208 6455 3208 6456 3211 6456 3197 6456 3197 6457 3211 6457 3196 6457 3212 6458 3213 6458 3214 6458 3215 6459 3216 6459 3217 6459 3218 6460 3219 6460 3220 6460 3217 6461 3216 6461 3221 6461 3214 6462 3219 6462 3218 6462 3218 6463 3220 6463 3217 6463 3217 6464 3220 6464 3215 6464 3212 6465 3214 6465 3218 6465 3222 6466 3218 6466 3217 6466 3223 6467 3217 6467 3221 6467 3212 6468 3218 6468 3222 6468 3224 6469 3225 6469 3226 6469 3227 6470 3225 6470 3213 6470 3227 6471 3226 6471 3225 6471 3221 6472 3216 6472 3228 6472 3221 6473 3228 6473 3226 6473 3227 6474 3213 6474 3212 6474 3226 6475 3227 6475 3229 6475 3223 6476 3221 6476 3230 6476 3230 6477 3221 6477 3226 6477 3229 6478 3227 6478 3212 6478 3230 6479 3226 6479 3229 6479 3229 6480 3212 6480 3231 6480 3223 6481 3230 6481 3228 6481 3228 6482 3230 6482 3224 6482 3224 6483 3230 6483 3229 6483 3216 6484 3223 6484 3228 6484 3213 6485 3231 6485 3214 6485 3229 6486 3231 6486 3213 6486 3224 6487 3229 6487 3225 6487 3225 6488 3229 6488 3213 6488 3228 6489 3224 6489 3226 6489 3222 6490 3217 6490 3223 6490 3215 6491 3222 6491 3223 6491 3215 6492 3223 6492 3216 6492 3219 6493 3231 6493 3212 6493 3219 6494 3212 6494 3222 6494 3220 6495 3219 6495 3222 6495 3220 6496 3222 6496 3215 6496 3231 6497 3219 6497 3214 6497 3232 6498 3233 6498 3234 6498 3232 6499 3234 6499 3235 6499 3235 6500 3234 6500 3236 6500 3236 6501 3234 6501 3237 6501 3237 6502 3238 6502 3239 6502 3240 6503 3241 6503 3233 6503 3240 6504 3233 6504 3232 6504 3239 6505 3238 6505 3242 6505 3239 6506 3242 6506 3243 6506 3236 6507 3244 6507 3235 6507 3239 6508 3245 6508 3237 6508 3237 6509 3245 6509 3236 6509 3236 6510 3245 6510 3244 6510 3235 6511 3244 6511 3246 6511 3235 6512 3246 6512 3232 6512 3243 6513 3247 6513 3239 6513 3239 6514 3247 6514 3245 6514 3232 6515 3246 6515 3240 6515 3248 6516 3240 6516 3247 6516 3248 6517 3247 6517 3243 6517 3249 6518 3250 6518 3251 6518 3250 6519 3249 6519 3252 6519 3253 6520 3254 6520 3255 6520 3256 6521 3257 6521 3258 6521 3257 6522 3256 6522 3259 6522 3259 6523 3256 6523 3253 6523 3259 6524 3253 6524 3255 6524 3248 6525 3241 6525 3240 6525 3241 6526 3248 6526 3243 6526 3250 6527 3260 6527 3251 6527 3260 6528 3250 6528 3261 6528 3261 6529 3250 6529 3252 6529 3261 6530 3252 6530 3262 6530 3261 6531 3262 6531 3263 6531 3263 6532 3262 6532 3264 6532 3263 6533 3264 6533 3265 6533 3265 6534 3264 6534 3254 6534 3265 6535 3254 6535 3266 6535 3266 6536 3254 6536 3253 6536 3256 6537 3267 6537 3253 6537 3253 6538 3267 6538 3266 6538 3267 6539 3256 6539 3258 6539 3258 6540 3257 6540 3268 6540 3268 6541 3257 6541 3269 6541 3270 6542 3268 6542 3269 6542 3246 6543 3265 6543 3266 6543 3261 6544 3246 6544 3260 6544 3260 6545 3246 6545 3244 6545 3260 6546 3244 6546 3245 6546 3260 6547 3245 6547 3271 6547 3263 6548 3265 6548 3246 6548 3266 6549 3240 6549 3246 6549 3267 6550 3258 6550 3245 6550 3246 6551 3261 6551 3263 6551 3267 6552 3245 6552 3247 6552 3267 6553 3247 6553 3266 6553 3266 6554 3247 6554 3240 6554 3245 6555 3258 6555 3268 6555 3245 6556 3268 6556 3271 6556 3272 6557 3273 6557 3274 6557 3273 6558 3272 6558 3275 6558 3275 6559 3272 6559 3276 6559 3277 6560 3278 6560 3274 6560 3274 6561 3278 6561 3272 6561 3275 6562 3276 6562 3279 6562 3280 6563 3279 6563 3276 6563 3277 6564 3281 6564 3282 6564 3282 6565 3281 6565 3283 6565 3282 6566 3283 6566 3284 6566 3285 6567 3286 6567 3287 6567 3288 6568 3289 6568 3290 6568 3290 6569 3289 6569 3291 6569 3290 6570 3291 6570 3292 6570 3292 6571 3291 6571 3293 6571 3294 6572 3289 6572 3288 6572 3289 6573 3294 6573 3295 6573 3295 6574 3294 6574 3296 6574 3295 6575 3296 6575 3297 6575 3295 6576 3297 6576 3298 6576 3299 6577 3300 6577 3301 6577 3302 6578 3300 6578 3299 6578 3303 6579 3304 6579 3305 6579 3303 6580 3305 6580 3306 6580 3303 6581 3306 6581 3307 6581 3307 6582 3308 6582 3309 6582 3307 6583 3309 6583 3310 6583 3310 6584 3311 6584 3312 6584 3310 6585 3312 6585 3313 6585 3313 6586 3312 6586 3314 6586 3313 6587 3314 6587 3315 6587 3313 6588 3315 6588 3316 6588 3313 6589 3316 6589 3317 6589 3313 6590 3317 6590 3318 6590 3318 6591 3317 6591 3319 6591 3318 6592 3319 6592 3320 6592 3321 6593 3322 6593 3323 6593 3323 6594 3322 6594 3324 6594 3323 6595 3324 6595 3325 6595 3323 6596 3325 6596 3326 6596 3326 6597 3325 6597 3327 6597 3326 6598 3327 6598 3328 6598 3326 6599 3328 6599 3329 6599 3329 6600 3328 6600 3330 6600 3331 6601 3329 6601 3332 6601 3305 6602 3333 6602 3306 6602 3306 6603 3333 6603 3308 6603 3306 6604 3308 6604 3307 6604 3309 6605 3308 6605 3334 6605 3309 6606 3334 6606 3310 6606 3310 6607 3334 6607 3311 6607 3311 6608 3334 6608 3315 6608 3311 6609 3315 6609 3312 6609 3316 6610 3315 6610 3317 6610 3320 6611 3319 6611 3322 6611 3322 6612 3319 6612 3335 6612 3322 6613 3335 6613 3324 6613 3324 6614 3335 6614 3325 6614 3325 6615 3335 6615 3327 6615 3327 6616 3335 6616 3336 6616 3336 6617 3337 6617 3330 6617 3329 6618 3337 6618 3338 6618 3329 6619 3338 6619 3339 6619 3333 6620 3305 6620 3304 6620 3333 6621 3304 6621 3340 6621 3300 6622 3337 6622 3341 6622 3300 6623 3341 6623 3301 6623 3281 6624 3277 6624 3342 6624 3302 6625 3343 6625 3337 6625 3302 6626 3337 6626 3300 6626 3286 6627 3344 6627 3345 6627 3286 6628 3345 6628 3287 6628 3344 6629 3286 6629 3284 6629 3282 6630 3278 6630 3277 6630 3278 6631 3282 6631 3285 6631 3278 6632 3285 6632 3272 6632 3272 6633 3285 6633 3276 6633 3287 6634 3280 6634 3285 6634 3285 6635 3280 6635 3276 6635 3281 6636 3346 6636 3283 6636 3283 6637 3346 6637 3347 6637 3283 6638 3347 6638 3284 6638 3274 6639 3348 6639 3277 6639 3277 6640 3348 6640 3342 6640 3273 6641 3348 6641 3274 6641 3279 6642 3349 6642 3275 6642 3287 6643 3345 6643 3350 6643 3287 6644 3350 6644 3280 6644 3280 6645 3350 6645 3349 6645 3280 6646 3349 6646 3279 6646 3294 6647 3351 6647 3296 6647 3296 6648 3351 6648 3297 6648 3294 6649 3288 6649 3351 6649 3292 6650 3352 6650 3290 6650 3353 6651 3354 6651 3355 6651 3353 6652 3355 6652 3356 6652 3357 6653 3358 6653 3359 6653 3359 6654 3358 6654 3360 6654 3359 6655 3360 6655 3361 6655 3361 6656 3360 6656 3362 6656 3361 6657 3362 6657 3363 6657 3364 6658 3365 6658 3366 6658 3364 6659 3366 6659 3367 6659 3367 6660 3366 6660 3368 6660 3368 6661 3366 6661 3369 6661 3368 6662 3369 6662 3264 6662 3264 6663 3369 6663 3370 6663 3371 6664 3372 6664 3373 6664 3373 6665 3372 6665 3374 6665 3373 6666 3374 6666 3375 6666 3375 6667 3374 6667 3376 6667 3375 6668 3376 6668 3377 6668 3377 6669 3376 6669 3378 6669 3379 6670 3380 6670 3381 6670 3381 6671 3380 6671 3382 6671 3381 6672 3382 6672 3383 6672 3383 6673 3382 6673 3384 6673 3269 6674 3385 6674 3386 6674 3386 6675 3385 6675 3387 6675 3387 6676 3385 6676 3388 6676 3389 6677 3390 6677 3391 6677 3391 6678 3390 6678 3392 6678 3391 6679 3392 6679 3393 6679 3394 6680 3389 6680 3391 6680 3394 6681 3391 6681 3395 6681 3396 6682 3397 6682 3398 6682 3396 6683 3398 6683 3399 6683 3396 6684 3399 6684 3400 6684 3401 6685 3397 6685 3402 6685 3402 6686 3397 6686 3396 6686 3402 6687 3396 6687 3403 6687 3403 6688 3396 6688 3400 6688 3403 6689 3400 6689 3401 6689 3284 6690 3404 6690 3338 6690 3404 6691 3284 6691 3405 6691 3405 6692 3284 6692 3346 6692 3405 6693 3346 6693 3281 6693 3281 6694 3406 6694 3405 6694 3281 6695 3364 6695 3367 6695 3281 6696 3367 6696 3406 6696 3368 6697 3407 6697 3406 6697 3368 6698 3406 6698 3367 6698 3407 6699 3252 6699 3249 6699 3368 6700 3262 6700 3252 6700 3368 6701 3252 6701 3407 6701 3249 6702 3408 6702 3407 6702 3409 6703 3270 6703 3386 6703 3408 6704 3249 6704 3410 6704 3410 6705 3249 6705 3409 6705 3386 6706 3270 6706 3269 6706 3410 6707 3409 6707 3386 6707 3410 6708 3386 6708 3411 6708 3411 6709 3387 6709 3412 6709 3412 6710 3387 6710 3388 6710 3411 6711 3386 6711 3387 6711 3412 6712 3413 6712 3411 6712 3413 6713 3412 6713 3394 6713 3413 6714 3394 6714 3340 6714 3394 6715 3395 6715 3340 6715 3414 6716 3353 6716 3356 6716 3395 6717 3414 6717 3340 6717 3340 6718 3414 6718 3356 6718 3340 6719 3356 6719 3333 6719 3415 6720 3353 6720 3344 6720 3344 6721 3402 6721 3333 6721 3344 6722 3333 6722 3415 6722 3415 6723 3333 6723 3356 6723 3333 6724 3402 6724 3403 6724 3333 6725 3403 6725 3401 6725 3333 6726 3401 6726 3381 6726 3308 6727 3383 6727 3334 6727 3383 6728 3308 6728 3381 6728 3381 6729 3308 6729 3333 6729 3334 6730 3383 6730 3416 6730 3379 6731 3417 6731 3418 6731 3334 6732 3416 6732 3315 6732 3315 6733 3416 6733 3418 6733 3418 6734 3417 6734 3315 6734 3315 6735 3417 6735 3377 6735 3335 6736 3371 6736 3292 6736 3377 6737 3317 6737 3315 6737 3419 6738 3319 6738 3377 6738 3377 6739 3319 6739 3317 6739 3419 6740 3371 6740 3335 6740 3319 6741 3419 6741 3335 6741 3341 6742 3337 6742 3292 6742 3292 6743 3337 6743 3335 6743 3337 6744 3336 6744 3335 6744 3368 6745 3264 6745 3262 6745 3342 6746 3364 6746 3281 6746 3420 6747 3254 6747 3264 6747 3348 6748 3420 6748 3364 6748 3348 6749 3364 6749 3342 6749 3259 6750 3350 6750 3345 6750 3259 6751 3345 6751 3344 6751 3255 6752 3254 6752 3273 6752 3273 6753 3275 6753 3255 6753 3255 6754 3275 6754 3349 6754 3255 6755 3349 6755 3259 6755 3259 6756 3349 6756 3350 6756 3273 6757 3254 6757 3348 6757 3348 6758 3254 6758 3420 6758 3344 6759 3257 6759 3259 6759 3292 6760 3371 6760 3352 6760 3352 6761 3371 6761 3373 6761 3352 6762 3373 6762 3290 6762 3290 6763 3373 6763 3375 6763 3290 6764 3375 6764 3417 6764 3417 6765 3375 6765 3377 6765 3337 6766 3343 6766 3344 6766 3417 6767 3343 6767 3421 6767 3421 6768 3297 6768 3417 6768 3417 6769 3297 6769 3290 6769 3290 6770 3297 6770 3351 6770 3290 6771 3351 6771 3288 6771 3284 6772 3347 6772 3346 6772 3344 6773 3343 6773 3417 6773 3344 6774 3417 6774 3381 6774 3417 6775 3379 6775 3381 6775 3422 6776 3344 6776 3394 6776 3422 6777 3394 6777 3412 6777 3269 6778 3257 6778 3344 6778 3269 6779 3344 6779 3422 6779 3414 6780 3394 6780 3344 6780 3344 6781 3359 6781 3361 6781 3338 6782 3337 6782 3284 6782 3284 6783 3337 6783 3357 6783 3284 6784 3357 6784 3359 6784 3284 6785 3359 6785 3344 6785 3344 6786 3401 6786 3402 6786 3381 6787 3401 6787 3344 6787 3337 6788 3344 6788 3363 6788 3337 6789 3363 6789 3357 6789 3353 6790 3414 6790 3344 6790 3344 6791 3361 6791 3363 6791 3331 6792 3423 6792 3424 6792 3355 6793 3425 6793 3303 6793 3355 6794 3303 6794 3426 6794 3354 6795 3426 6795 3398 6795 3398 6796 3426 6796 3303 6796 3355 6797 3354 6797 3427 6797 3427 6798 3425 6798 3355 6798 3425 6799 3427 6799 3392 6799 3428 6800 3429 6800 3392 6800 3428 6801 3430 6801 3429 6801 3430 6802 3428 6802 3385 6802 3430 6803 3385 6803 3431 6803 3234 6804 3432 6804 3433 6804 3234 6805 3433 6805 3237 6805 3431 6806 3238 6806 3237 6806 3431 6807 3237 6807 3434 6807 3237 6808 3433 6808 3434 6808 3424 6809 3423 6809 3435 6809 3435 6810 3436 6810 3432 6810 3360 6811 3358 6811 3424 6811 3424 6812 3358 6812 3331 6812 3358 6813 3437 6813 3331 6813 3331 6814 3437 6814 3438 6814 3331 6815 3438 6815 3329 6815 3438 6816 3323 6816 3326 6816 3438 6817 3374 6817 3372 6817 3376 6818 3374 6818 3438 6818 3438 6819 3372 6819 3323 6819 3323 6820 3372 6820 3439 6820 3321 6821 3313 6821 3318 6821 3321 6822 3318 6822 3320 6822 3321 6823 3310 6823 3313 6823 3440 6824 3441 6824 3321 6824 3321 6825 3441 6825 3310 6825 3310 6826 3441 6826 3384 6826 3382 6827 3399 6827 3384 6827 3399 6828 3382 6828 3397 6828 3399 6829 3307 6829 3310 6829 3310 6830 3384 6830 3399 6830 3307 6831 3399 6831 3303 6831 3303 6832 3399 6832 3398 6832 3385 6833 3238 6833 3431 6833 3242 6834 3238 6834 3385 6834 3233 6835 3241 6835 3424 6835 3424 6836 3241 6836 3427 6836 3427 6837 3241 6837 3243 6837 3427 6838 3243 6838 3242 6838 3369 6839 3234 6839 3233 6839 3442 6840 3424 6840 3365 6840 3233 6841 3370 6841 3369 6841 3233 6842 3442 6842 3370 6842 3438 6843 3437 6843 3362 6843 3424 6844 3362 6844 3360 6844 3432 6845 3234 6845 3369 6845 3432 6846 3369 6846 3435 6846 3435 6847 3369 6847 3366 6847 3435 6848 3366 6848 3365 6848 3435 6849 3365 6849 3424 6849 3323 6850 3439 6850 3443 6850 3323 6851 3443 6851 3321 6851 3443 6852 3378 6852 3321 6852 3321 6853 3378 6853 3397 6853 3378 6854 3376 6854 3397 6854 3397 6855 3376 6855 3438 6855 3382 6856 3380 6856 3397 6856 3397 6857 3380 6857 3321 6857 3321 6858 3380 6858 3440 6858 3242 6859 3444 6859 3392 6859 3392 6860 3444 6860 3445 6860 3445 6861 3428 6861 3392 6861 3385 6862 3428 6862 3388 6862 3385 6863 3444 6863 3242 6863 3392 6864 3390 6864 3242 6864 3427 6865 3398 6865 3397 6865 3429 6866 3425 6866 3392 6866 3427 6867 3354 6867 3398 6867 3424 6868 3427 6868 3438 6868 3424 6869 3438 6869 3362 6869 3233 6870 3424 6870 3442 6870 3242 6871 3390 6871 3427 6871 3427 6872 3397 6872 3438 6872 3329 6873 3438 6873 3326 6873 3312 6874 3315 6874 3314 6874 3321 6875 3320 6875 3322 6875 3327 6876 3336 6876 3328 6876 3328 6877 3336 6877 3330 6877 3330 6878 3337 6878 3329 6878 3329 6879 3339 6879 3332 6879 3299 6880 3301 6880 3293 6880 3291 6881 3289 6881 3299 6881 3291 6882 3299 6882 3293 6882 3302 6883 3299 6883 3298 6883 3289 6884 3295 6884 3299 6884 3299 6885 3295 6885 3298 6885 3293 6886 3341 6886 3292 6886 3297 6887 3421 6887 3298 6887 3298 6888 3421 6888 3343 6888 3298 6889 3343 6889 3302 6889 3331 6890 3404 6890 3446 6890 3435 6891 3447 6891 3436 6891 3436 6892 3447 6892 3448 6892 3449 6893 3448 6893 3450 6893 3449 6894 3450 6894 3451 6894 3452 6895 3451 6895 3453 6895 3401 6896 3400 6896 3454 6896 3401 6897 3454 6897 3397 6897 3400 6898 3399 6898 3454 6898 3454 6899 3399 6899 3397 6899 3395 6900 3391 6900 3393 6900 3395 6901 3393 6901 3414 6901 3414 6902 3393 6902 3455 6902 3414 6903 3455 6903 3389 6903 3414 6904 3389 6904 3394 6904 3393 6905 3392 6905 3427 6905 3393 6906 3427 6906 3455 6906 3455 6907 3427 6907 3390 6907 3455 6908 3390 6908 3389 6908 3388 6909 3428 6909 3412 6909 3412 6910 3428 6910 3445 6910 3412 6911 3445 6911 3422 6911 3422 6912 3445 6912 3444 6912 3422 6913 3444 6913 3269 6913 3269 6914 3444 6914 3385 6914 3383 6915 3384 6915 3416 6915 3416 6916 3384 6916 3441 6916 3416 6917 3441 6917 3418 6917 3418 6918 3441 6918 3440 6918 3418 6919 3440 6919 3379 6919 3379 6920 3440 6920 3380 6920 3377 6921 3378 6921 3443 6921 3377 6922 3443 6922 3419 6922 3419 6923 3443 6923 3439 6923 3419 6924 3439 6924 3371 6924 3371 6925 3439 6925 3372 6925 3264 6926 3370 6926 3442 6926 3264 6927 3442 6927 3420 6927 3420 6928 3442 6928 3365 6928 3420 6929 3365 6929 3364 6929 3363 6930 3362 6930 3437 6930 3363 6931 3437 6931 3357 6931 3357 6932 3437 6932 3358 6932 3356 6933 3355 6933 3426 6933 3356 6934 3426 6934 3415 6934 3415 6935 3426 6935 3354 6935 3415 6936 3354 6936 3353 6936 3301 6937 3341 6937 3293 6937 3413 6938 3429 6938 3411 6938 3411 6939 3429 6939 3430 6939 3411 6940 3430 6940 3456 6940 3411 6941 3456 6941 3457 6941 3411 6942 3457 6942 3410 6942 3410 6943 3457 6943 3458 6943 3410 6944 3458 6944 3434 6944 3410 6945 3434 6945 3408 6945 3408 6946 3433 6946 3407 6946 3407 6947 3433 6947 3453 6947 3407 6948 3453 6948 3451 6948 3407 6949 3451 6949 3450 6949 3407 6950 3450 6950 3406 6950 3406 6951 3450 6951 3448 6951 3406 6952 3448 6952 3447 6952 3406 6953 3447 6953 3405 6953 3405 6954 3447 6954 3435 6954 3405 6955 3435 6955 3423 6955 3405 6956 3423 6956 3446 6956 3405 6957 3446 6957 3404 6957 3404 6958 3331 6958 3338 6958 3338 6959 3331 6959 3332 6959 3338 6960 3332 6960 3339 6960 3331 6961 3446 6961 3423 6961 3436 6962 3448 6962 3432 6962 3432 6963 3448 6963 3449 6963 3432 6964 3449 6964 3451 6964 3432 6965 3451 6965 3452 6965 3432 6966 3452 6966 3433 6966 3433 6967 3452 6967 3453 6967 3433 6968 3408 6968 3434 6968 3434 6969 3458 6969 3431 6969 3431 6970 3458 6970 3457 6970 3431 6971 3457 6971 3456 6971 3431 6972 3456 6972 3430 6972 3429 6973 3413 6973 3425 6973 3425 6974 3413 6974 3340 6974 3425 6975 3340 6975 3304 6975 3425 6976 3304 6976 3303 6976 3282 6977 3284 6977 3286 6977 3282 6978 3286 6978 3285 6978 3268 6979 3270 6979 3271 6979 3271 6980 3270 6980 3459 6980 3271 6981 3459 6981 3260 6981 3260 6982 3459 6982 3251 6982 3270 6983 3409 6983 3459 6983 3459 6984 3409 6984 3251 6984 3251 6985 3409 6985 3249 6985 3460 6986 3461 6986 3462 6986 3463 6987 3464 6987 3462 6987 3464 6988 3465 6988 3462 6988 3466 6989 3463 6989 3462 6989 3460 6990 3462 6990 3465 6990 3464 6991 3463 6991 3467 6991 3468 6992 3467 6992 3463 6992 3469 6993 3467 6993 3468 6993 3470 6994 3471 6994 3463 6994 3468 6995 3463 6995 3471 6995 3472 6996 3468 6996 3473 6996 3474 6997 3475 6997 3476 6997 3477 6998 3474 6998 3476 6998 3476 6999 3475 6999 3468 6999 3466 7000 3478 7000 3479 7000 3479 7001 3478 7001 3480 7001 3478 7002 3466 7002 3461 7002 3475 7003 3469 7003 3468 7003 3481 7004 3474 7004 3465 7004 3474 7005 3469 7005 3475 7005 3477 7006 3465 7006 3474 7006 3476 7007 3468 7007 3472 7007 3470 7008 3466 7008 3479 7008 3463 7009 3466 7009 3470 7009 3482 7010 3483 7010 3484 7010 3483 7011 3480 7011 3485 7011 3482 7012 3486 7012 3483 7012 3485 7013 3484 7013 3483 7013 3485 7014 3477 7014 3487 7014 3487 7015 3484 7015 3485 7015 3483 7016 3486 7016 3488 7016 3487 7017 3477 7017 3489 7017 3482 7018 3484 7018 3487 7018 3482 7019 3487 7019 3489 7019 3471 7020 3482 7020 3489 7020 3488 7021 3486 7021 3490 7021 3490 7022 3486 7022 3482 7022 3479 7023 3488 7023 3470 7023 3490 7024 3470 7024 3488 7024 3489 7025 3473 7025 3471 7025 3489 7026 3472 7026 3473 7026 3472 7027 3489 7027 3477 7027 3477 7028 3476 7028 3472 7028 3485 7029 3465 7029 3477 7029 3469 7030 3474 7030 3467 7030 3481 7031 3464 7031 3467 7031 3462 7032 3461 7032 3466 7032 3471 7033 3470 7033 3490 7033 3468 7034 3471 7034 3473 7034 3490 7035 3482 7035 3471 7035 3465 7036 3464 7036 3481 7036 3465 7037 3480 7037 3460 7037 3485 7038 3480 7038 3465 7038 3480 7039 3483 7039 3488 7039 3488 7040 3479 7040 3480 7040 3481 7041 3467 7041 3474 7041 3461 7042 3460 7042 3480 7042 3461 7043 3480 7043 3478 7043 3491 7044 3492 7044 3493 7044 3491 7045 3493 7045 3494 7045 3494 7046 3493 7046 3495 7046 3494 7047 3495 7047 3496 7047 3497 7048 3498 7048 3499 7048 3499 7049 3498 7049 3500 7049 3499 7050 3500 7050 3501 7050 3501 7051 3500 7051 3502 7051 3501 7052 3502 7052 3503 7052 3503 7053 3502 7053 3504 7053 3498 7054 3497 7054 3496 7054 3498 7055 3496 7055 3495 7055 3505 7056 3506 7056 3507 7056 3507 7057 3506 7057 3508 7057 3507 7058 3508 7058 3509 7058 3509 7059 3508 7059 3510 7059 3510 7060 3508 7060 3511 7060 3510 7061 3511 7061 3512 7061 3512 7062 3511 7062 3513 7062 3512 7063 3513 7063 3514 7063 3514 7064 3513 7064 3515 7064 3515 7065 3513 7065 3516 7065 3515 7066 3516 7066 3517 7066 3517 7067 3516 7067 3518 7067 3518 7068 3516 7068 3519 7068 3519 7069 3516 7069 3520 7069 3519 7070 3520 7070 3521 7070 3521 7071 3520 7071 3522 7071 3522 7072 3506 7072 3505 7072 3523 7073 3524 7073 3525 7073 3525 7074 3524 7074 3526 7074 3525 7075 3526 7075 3527 7075 3527 7076 3526 7076 3528 7076 3528 7077 3526 7077 3529 7077 3528 7078 3529 7078 3530 7078 3530 7079 3529 7079 3531 7079 3531 7080 3529 7080 3532 7080 3532 7081 3529 7081 3533 7081 3532 7082 3533 7082 3534 7082 3534 7083 3533 7083 3535 7083 3534 7084 3535 7084 3536 7084 3536 7085 3535 7085 3537 7085 3537 7086 3535 7086 3538 7086 3537 7087 3538 7087 3539 7087 3539 7088 3538 7088 3540 7088 3539 7089 3540 7089 3541 7089 3541 7090 3540 7090 3542 7090 3542 7091 3540 7091 3543 7091 3543 7092 3540 7092 3524 7092 3543 7093 3524 7093 3523 7093 3544 7094 3545 7094 3546 7094 3546 7095 3545 7095 3547 7095 3548 7096 3549 7096 3550 7096 3548 7097 3550 7097 3551 7097 3551 7098 3550 7098 3546 7098 3551 7099 3546 7099 3552 7099 3552 7100 3546 7100 3547 7100 3544 7101 3546 7101 3553 7101 3544 7102 3553 7102 3554 7102 3553 7103 3555 7103 3554 7103 3554 7104 3555 7104 3556 7104 3557 7105 3558 7105 3559 7105 3554 7106 3556 7106 3560 7106 3556 7107 3561 7107 3560 7107 3560 7108 3561 7108 3562 7108 3560 7109 3562 7109 3563 7109 3560 7110 3563 7110 3535 7110 3564 7111 3557 7111 3565 7111 3564 7112 3558 7112 3557 7112 3566 7113 3535 7113 3567 7113 3567 7114 3535 7114 3563 7114 3568 7115 3569 7115 3565 7115 3565 7116 3569 7116 3564 7116 3535 7117 3566 7117 3538 7117 3520 7118 3570 7118 3568 7118 3520 7119 3568 7119 3565 7119 3571 7120 3572 7120 3573 7120 3570 7121 3520 7121 3574 7121 3574 7122 3520 7122 3575 7122 3574 7123 3575 7123 3576 7123 3572 7124 3571 7124 3577 7124 3575 7125 3578 7125 3576 7125 3579 7126 3577 7126 3580 7126 3577 7127 3579 7127 3581 7127 3582 7128 3583 7128 3578 7128 3584 7129 3581 7129 3579 7129 3583 7130 3582 7130 3585 7130 3585 7131 3582 7131 3586 7131 3585 7132 3586 7132 3584 7132 3587 7133 3588 7133 3589 7133 3589 7134 3588 7134 3590 7134 3590 7135 3591 7135 3589 7135 3592 7136 3593 7136 3594 7136 3592 7137 3594 7137 3595 7137 3592 7138 3595 7138 3591 7138 3592 7139 3591 7139 3590 7139 3593 7140 3592 7140 3596 7140 3596 7141 3592 7141 3597 7141 3597 7142 3598 7142 3596 7142 3598 7143 3597 7143 3599 7143 3600 7144 3599 7144 3597 7144 3597 7145 3601 7145 3600 7145 3602 7146 3603 7146 3604 7146 3604 7147 3603 7147 3605 7147 3606 7148 3607 7148 3608 7148 3606 7149 3608 7149 3605 7149 3605 7150 3608 7150 3604 7150 3607 7151 3606 7151 3609 7151 3609 7152 3610 7152 3611 7152 3609 7153 3611 7153 3607 7153 3610 7154 3609 7154 3612 7154 3612 7155 3609 7155 3613 7155 3613 7156 3609 7156 3614 7156 3615 7157 3613 7157 3616 7157 3615 7158 3616 7158 3617 7158 3617 7159 3616 7159 3618 7159 3617 7160 3618 7160 3619 7160 3619 7161 3618 7161 3620 7161 3620 7162 3618 7162 3621 7162 3620 7163 3621 7163 3622 7163 3623 7164 3624 7164 3625 7164 3623 7165 3625 7165 3621 7165 3621 7166 3625 7166 3622 7166 3624 7167 3623 7167 3626 7167 3627 7168 3628 7168 3629 7168 3627 7169 3629 7169 3630 7169 3630 7170 3629 7170 3631 7170 3631 7171 3626 7171 3630 7171 3630 7172 3626 7172 3623 7172 3628 7173 3627 7173 3632 7173 3633 7174 3634 7174 3635 7174 3634 7175 3636 7175 3635 7175 3635 7176 3636 7176 3637 7176 3636 7177 3638 7177 3637 7177 3638 7178 3639 7178 3637 7178 3637 7179 3639 7179 3640 7179 3639 7180 3641 7180 3640 7180 3640 7181 3641 7181 3642 7181 3640 7182 3642 7182 3643 7182 3642 7183 3644 7183 3643 7183 3643 7184 3644 7184 3645 7184 3644 7185 3646 7185 3645 7185 3646 7186 3647 7186 3645 7186 3632 7187 3627 7187 3645 7187 3632 7188 3645 7188 3647 7188 3633 7189 3635 7189 3648 7189 3648 7190 3649 7190 3633 7190 3649 7191 3648 7191 3650 7191 3650 7192 3648 7192 3651 7192 3652 7193 3650 7193 3651 7193 3653 7194 3654 7194 3655 7194 3653 7195 3655 7195 3651 7195 3651 7196 3655 7196 3656 7196 3657 7197 3654 7197 3653 7197 3653 7198 3658 7198 3659 7198 3659 7199 3657 7199 3653 7199 3660 7200 3661 7200 3662 7200 3662 7201 3661 7201 3663 7201 3662 7202 3663 7202 3664 7202 3626 7203 3665 7203 3624 7203 3624 7204 3665 7204 3666 7204 3660 7205 3607 7205 3611 7205 3660 7206 3611 7206 3667 7206 3667 7207 3611 7207 3668 7207 3668 7208 3611 7208 3610 7208 3668 7209 3610 7209 3669 7209 3612 7210 3670 7210 3610 7210 3610 7211 3670 7211 3669 7211 3670 7212 3612 7212 3671 7212 3671 7213 3612 7213 3613 7213 3671 7214 3613 7214 3672 7214 3672 7215 3613 7215 3615 7215 3617 7216 3673 7216 3615 7216 3615 7217 3673 7217 3672 7217 3673 7218 3617 7218 3674 7218 3674 7219 3617 7219 3619 7219 3674 7220 3619 7220 3675 7220 3675 7221 3619 7221 3620 7221 3675 7222 3620 7222 3676 7222 3676 7223 3620 7223 3622 7223 3622 7224 3677 7224 3676 7224 3677 7225 3622 7225 3625 7225 3677 7226 3625 7226 3678 7226 3678 7227 3625 7227 3679 7227 3679 7228 3625 7228 3624 7228 3679 7229 3624 7229 3666 7229 3663 7230 3667 7230 3668 7230 3680 7231 3663 7231 3665 7231 3661 7232 3660 7232 3667 7232 3661 7233 3667 7233 3663 7233 3668 7234 3678 7234 3679 7234 3668 7235 3679 7235 3663 7235 3663 7236 3679 7236 3666 7236 3663 7237 3666 7237 3665 7237 3670 7238 3676 7238 3669 7238 3669 7239 3676 7239 3677 7239 3669 7240 3677 7240 3668 7240 3668 7241 3677 7241 3678 7241 3670 7242 3671 7242 3672 7242 3670 7243 3672 7243 3676 7243 3676 7244 3672 7244 3673 7244 3676 7245 3673 7245 3674 7245 3676 7246 3674 7246 3675 7246 3681 7247 3604 7247 3682 7247 3682 7248 3604 7248 3608 7248 3682 7249 3608 7249 3607 7249 3682 7250 3607 7250 3660 7250 3626 7251 3631 7251 3680 7251 3683 7252 3684 7252 3629 7252 3629 7253 3684 7253 3631 7253 3631 7254 3684 7254 3680 7254 3683 7255 3629 7255 3628 7255 3626 7256 3680 7256 3665 7256 3685 7257 3686 7257 3687 7257 3688 7258 3687 7258 3689 7258 3690 7259 3691 7259 3692 7259 3693 7260 3694 7260 3695 7260 3692 7261 3687 7261 3690 7261 3687 7262 3692 7262 3694 7262 3686 7263 3696 7263 3690 7263 3686 7264 3690 7264 3687 7264 3687 7265 3694 7265 3689 7265 3689 7266 3694 7266 3693 7266 3697 7267 3693 7267 3695 7267 3697 7268 3698 7268 3696 7268 3698 7269 3691 7269 3696 7269 3696 7270 3691 7270 3690 7270 3699 7271 3700 7271 3701 7271 3702 7272 3703 7272 3704 7272 3703 7273 3705 7273 3704 7273 3706 7274 3707 7274 3708 7274 3707 7275 3709 7275 3708 7275 3708 7276 3709 7276 3710 7276 3711 7277 3712 7277 3713 7277 3714 7278 3711 7278 3715 7278 3715 7279 3711 7279 3713 7279 3711 7280 3714 7280 3716 7280 3716 7281 3714 7281 3717 7281 3718 7282 3719 7282 3717 7282 3717 7283 3719 7283 3716 7283 3720 7284 3721 7284 3722 7284 3721 7285 3720 7285 3723 7285 3724 7286 3725 7286 3726 7286 3726 7287 3725 7287 3727 7287 3726 7288 3727 7288 3722 7288 3726 7289 3722 7289 3721 7289 3728 7290 3729 7290 3730 7290 3730 7291 3729 7291 3725 7291 3730 7292 3725 7292 3724 7292 3728 7293 3731 7293 3729 7293 3732 7294 3733 7294 3728 7294 3732 7295 3734 7295 3733 7295 3735 7296 3736 7296 3737 7296 3738 7297 3728 7297 3739 7297 3738 7298 3739 7298 3732 7298 3738 7299 3732 7299 3740 7299 3741 7300 3742 7300 3743 7300 3744 7301 3732 7301 3745 7301 3745 7302 3732 7302 3735 7302 3744 7303 3745 7303 3746 7303 3747 7304 3721 7304 3723 7304 3723 7305 3748 7305 3749 7305 3749 7306 3747 7306 3723 7306 3719 7307 3718 7307 3750 7307 3750 7308 3718 7308 3751 7308 3751 7309 3718 7309 3752 7309 3712 7310 3753 7310 3713 7310 3713 7311 3753 7311 3754 7311 3713 7312 3754 7312 3755 7312 3715 7313 3713 7313 3755 7313 3756 7314 3757 7314 3700 7314 3700 7315 3757 7315 3701 7315 3701 7316 3757 7316 3758 7316 3758 7317 3757 7317 3759 7317 3759 7318 3760 7318 3761 7318 3761 7319 3760 7319 3762 7319 3761 7320 3762 7320 3763 7320 3761 7321 3763 7321 3758 7321 3758 7322 3763 7322 3764 7322 3758 7323 3764 7323 3765 7323 3758 7324 3765 7324 3766 7324 3766 7325 3765 7325 3767 7325 3768 7326 3769 7326 3704 7326 3704 7327 3769 7327 3702 7327 3699 7328 3701 7328 3704 7328 3766 7329 3768 7329 3758 7329 3759 7330 3761 7330 3758 7330 3704 7331 3701 7331 3768 7331 3768 7332 3701 7332 3758 7332 3766 7333 3770 7333 3771 7333 3771 7334 3770 7334 3772 7334 3772 7335 3773 7335 3774 7335 3774 7336 3773 7336 3775 7336 3776 7337 3774 7337 3775 7337 3775 7338 3777 7338 3776 7338 3778 7339 3776 7339 3779 7339 3779 7340 3776 7340 3759 7340 3780 7341 3781 7341 3717 7341 3752 7342 3717 7342 3781 7342 3782 7343 3781 7343 3780 7343 3780 7344 3715 7344 3782 7344 3782 7345 3715 7345 3783 7345 3784 7346 3785 7346 3712 7346 3754 7347 3753 7347 3785 7347 3785 7348 3753 7348 3712 7348 3754 7349 3785 7349 3786 7349 3754 7350 3786 7350 3787 7350 3784 7351 3712 7351 3788 7351 3750 7352 3789 7352 3719 7352 3719 7353 3789 7353 3790 7353 3719 7354 3790 7354 3788 7354 3784 7355 3788 7355 3790 7355 3589 7356 3791 7356 3587 7356 3792 7357 3778 7357 3659 7357 3659 7358 3778 7358 3657 7358 3793 7359 3794 7359 3696 7359 3696 7360 3794 7360 3795 7360 3795 7361 3794 7361 3796 7361 3688 7362 3797 7362 3798 7362 3685 7363 3798 7363 3793 7363 3793 7364 3798 7364 3794 7364 3795 7365 3796 7365 3799 7365 3739 7366 3728 7366 3730 7366 3695 7367 3732 7367 3739 7367 3695 7368 3739 7368 3730 7368 3736 7369 3735 7369 3732 7369 3736 7370 3732 7370 3695 7370 3694 7371 3748 7371 3800 7371 3748 7372 3694 7372 3692 7372 3800 7373 3748 7373 3723 7373 3694 7374 3736 7374 3695 7374 3697 7375 3730 7375 3698 7375 3748 7376 3692 7376 3721 7376 3721 7377 3692 7377 3743 7377 3721 7378 3743 7378 3742 7378 3724 7379 3726 7379 3743 7379 3724 7380 3743 7380 3730 7380 3730 7381 3697 7381 3695 7381 3721 7382 3742 7382 3726 7382 3730 7383 3691 7383 3698 7383 3743 7384 3691 7384 3730 7384 3743 7385 3692 7385 3691 7385 3694 7386 3801 7386 3736 7386 3736 7387 3801 7387 3737 7387 3737 7388 3802 7388 3735 7388 3735 7389 3802 7389 3734 7389 3734 7390 3802 7390 3803 7390 3734 7391 3803 7391 3733 7391 3728 7392 3733 7392 3731 7392 3729 7393 3731 7393 3804 7393 3729 7394 3804 7394 3725 7394 3725 7395 3804 7395 3805 7395 3725 7396 3805 7396 3727 7396 3727 7397 3806 7397 3722 7397 3722 7398 3807 7398 3720 7398 3720 7399 3808 7399 3723 7399 3723 7400 3808 7400 3800 7400 3800 7401 3808 7401 3809 7401 3800 7402 3809 7402 3694 7402 3694 7403 3809 7403 3801 7403 3810 7404 3787 7404 3811 7404 3811 7405 3787 7405 3786 7405 3811 7406 3786 7406 3812 7406 3812 7407 3786 7407 3813 7407 3786 7408 3785 7408 3813 7408 3784 7409 3814 7409 3785 7409 3785 7410 3814 7410 3813 7410 3784 7411 3790 7411 3814 7411 3790 7412 3789 7412 3815 7412 3789 7413 3591 7413 3815 7413 3815 7414 3591 7414 3595 7414 3815 7415 3595 7415 3816 7415 3816 7416 3595 7416 3594 7416 3816 7417 3594 7417 3817 7417 3556 7418 3555 7418 3818 7418 3555 7419 3553 7419 3818 7419 3818 7420 3553 7420 3810 7420 3810 7421 3553 7421 3546 7421 3756 7422 3652 7422 3656 7422 3756 7423 3656 7423 3757 7423 3757 7424 3656 7424 3655 7424 3757 7425 3655 7425 3654 7425 3558 7426 3702 7426 3559 7426 3817 7427 3706 7427 3816 7427 3708 7428 3815 7428 3706 7428 3706 7429 3815 7429 3816 7429 3710 7430 3818 7430 3810 7430 3710 7431 3810 7431 3708 7431 3708 7432 3810 7432 3815 7432 3811 7433 3813 7433 3810 7433 3810 7434 3813 7434 3814 7434 3810 7435 3814 7435 3815 7435 3815 7436 3814 7436 3790 7436 3813 7437 3811 7437 3812 7437 3788 7438 3712 7438 3797 7438 3712 7439 3794 7439 3798 7439 3712 7440 3798 7440 3797 7440 3716 7441 3796 7441 3711 7441 3711 7442 3796 7442 3794 7442 3797 7443 3799 7443 3719 7443 3716 7444 3799 7444 3796 7444 3711 7445 3794 7445 3712 7445 3788 7446 3797 7446 3719 7446 3799 7447 3716 7447 3719 7447 3751 7448 3791 7448 3750 7448 3750 7449 3791 7449 3591 7449 3750 7450 3591 7450 3789 7450 3791 7451 3589 7451 3591 7451 3759 7452 3757 7452 3654 7452 3759 7453 3654 7453 3779 7453 3779 7454 3654 7454 3657 7454 3779 7455 3657 7455 3778 7455 3545 7456 3819 7456 3547 7456 3547 7457 3819 7457 3820 7457 3820 7458 3819 7458 3821 7458 3821 7459 3819 7459 3524 7459 3821 7460 3524 7460 3822 7460 3823 7461 3824 7461 3825 7461 3825 7462 3824 7462 3826 7462 3825 7463 3826 7463 3587 7463 3824 7464 3823 7464 3827 7464 3828 7465 3829 7465 3516 7465 3792 7466 3830 7466 3831 7466 3831 7467 3830 7467 3827 7467 3831 7468 3827 7468 3832 7468 3832 7469 3827 7469 3823 7469 3548 7470 3828 7470 3516 7470 3601 7471 3597 7471 3592 7471 3635 7472 3651 7472 3648 7472 3833 7473 3834 7473 3835 7473 3833 7474 3835 7474 3836 7474 3836 7475 3835 7475 3837 7475 3838 7476 3839 7476 3840 7476 3838 7477 3840 7477 3649 7477 3772 7478 3774 7478 3791 7478 3778 7479 3774 7479 3776 7479 3774 7480 3778 7480 3791 7480 3752 7481 3781 7481 3791 7481 3782 7482 3771 7482 3781 7482 3781 7483 3771 7483 3772 7483 3771 7484 3782 7484 3783 7484 3772 7485 3791 7485 3781 7485 3791 7486 3778 7486 3792 7486 3791 7487 3792 7487 3832 7487 3792 7488 3831 7488 3832 7488 3832 7489 3825 7489 3791 7489 3755 7490 3754 7490 3546 7490 3754 7491 3787 7491 3546 7491 3783 7492 3715 7492 3841 7492 3766 7493 3771 7493 3550 7493 3550 7494 3771 7494 3783 7494 3550 7495 3783 7495 3546 7495 3546 7496 3783 7496 3841 7496 3546 7497 3841 7497 3755 7497 3787 7498 3810 7498 3546 7498 3660 7499 3681 7499 3682 7499 3684 7500 3683 7500 3842 7500 3684 7501 3842 7501 3680 7501 3680 7502 3842 7502 3663 7502 3663 7503 3842 7503 3664 7503 3576 7504 3578 7504 3843 7504 3844 7505 3577 7505 3845 7505 3845 7506 3577 7506 3571 7506 3846 7507 3600 7507 3847 7507 3846 7508 3599 7508 3600 7508 3848 7509 3849 7509 3850 7509 3851 7510 3850 7510 3852 7510 3852 7511 3850 7511 3853 7511 3852 7512 3853 7512 3854 7512 3854 7513 3853 7513 3855 7513 3856 7514 3857 7514 3855 7514 3855 7515 3857 7515 3854 7515 3857 7516 3856 7516 3858 7516 3858 7517 3856 7517 3859 7517 3860 7518 3857 7518 3858 7518 3857 7519 3860 7519 3854 7519 3854 7520 3860 7520 3861 7520 3862 7521 3848 7521 3851 7521 3851 7522 3848 7522 3850 7522 3861 7523 3852 7523 3854 7523 3861 7524 3862 7524 3851 7524 3862 7525 3861 7525 3860 7525 3862 7526 3860 7526 3858 7526 3851 7527 3852 7527 3861 7527 3547 7528 3820 7528 3552 7528 3552 7529 3820 7529 3863 7529 3863 7530 3820 7530 3821 7530 3863 7531 3821 7531 3864 7531 3864 7532 3821 7532 3822 7532 3829 7533 3864 7533 3822 7533 3864 7534 3829 7534 3850 7534 3850 7535 3829 7535 3828 7535 3551 7536 3828 7536 3548 7536 3832 7537 3823 7537 3825 7537 3791 7538 3825 7538 3587 7538 3865 7539 3584 7539 3579 7539 3649 7540 3650 7540 3838 7540 3838 7541 3650 7541 3866 7541 3652 7542 3756 7542 3866 7542 3650 7543 3652 7543 3866 7543 3834 7544 3833 7544 3598 7544 3598 7545 3833 7545 3867 7545 3596 7546 3598 7546 3867 7546 3596 7547 3867 7547 3868 7547 3596 7548 3868 7548 3869 7548 3596 7549 3869 7549 3593 7549 3593 7550 3869 7550 3817 7550 3845 7551 3571 7551 3870 7551 3845 7552 3870 7552 3871 7552 3871 7553 3870 7553 3872 7553 3871 7554 3872 7554 3873 7554 3871 7555 3873 7555 3874 7555 3874 7556 3873 7556 3875 7556 3874 7557 3875 7557 3876 7557 3876 7558 3875 7558 3877 7558 3876 7559 3877 7559 3576 7559 3878 7560 3568 7560 3570 7560 3878 7561 3570 7561 3879 7561 3879 7562 3570 7562 3880 7562 3880 7563 3570 7563 3574 7563 3880 7564 3574 7564 3877 7564 3877 7565 3574 7565 3576 7565 3870 7566 3571 7566 3881 7566 3881 7567 3571 7567 3573 7567 3881 7568 3573 7568 3538 7568 3881 7569 3538 7569 3566 7569 3580 7570 3865 7570 3579 7570 3577 7571 3844 7571 3580 7571 3882 7572 3578 7572 3583 7572 3843 7573 3578 7573 3882 7573 3882 7574 3583 7574 3585 7574 3865 7575 3585 7575 3584 7575 3883 7576 3884 7576 3885 7576 3885 7577 3884 7577 3886 7577 3886 7578 3884 7578 3887 7578 3888 7579 3883 7579 3885 7579 3885 7580 3886 7580 3888 7580 3888 7581 3886 7581 3889 7581 3890 7582 3891 7582 3892 7582 3890 7583 3892 7583 3893 7583 3893 7584 3892 7584 3894 7584 3894 7585 3892 7585 3895 7585 3895 7586 3892 7586 3896 7586 3897 7587 3890 7587 3893 7587 3897 7588 3893 7588 3894 7588 3897 7589 3894 7589 3895 7589 3839 7590 3838 7590 3898 7590 3898 7591 3683 7591 3899 7591 3900 7592 3901 7592 3902 7592 3902 7593 3901 7593 3903 7593 3902 7594 3903 7594 3904 7594 3904 7595 3903 7595 3837 7595 3835 7596 3904 7596 3837 7596 3604 7597 3681 7597 3602 7597 3905 7598 3602 7598 3900 7598 3900 7599 3602 7599 3681 7599 3900 7600 3681 7600 3901 7600 3906 7601 3907 7601 3878 7601 3906 7602 3878 7602 3908 7602 3906 7603 3908 7603 3909 7603 3909 7604 3908 7604 3910 7604 3909 7605 3910 7605 3911 7605 3911 7606 3910 7606 3503 7606 3911 7607 3503 7607 3504 7607 3568 7608 3878 7608 3907 7608 3568 7609 3907 7609 3569 7609 3569 7610 3907 7610 3912 7610 3569 7611 3912 7611 3913 7611 3569 7612 3913 7612 3564 7612 3914 7613 3915 7613 3567 7613 3567 7614 3915 7614 3916 7614 3916 7615 3915 7615 3917 7615 3916 7616 3917 7616 3918 7616 3918 7617 3917 7617 3492 7617 3918 7618 3492 7618 3491 7618 3563 7619 3919 7619 3914 7619 3563 7620 3914 7620 3567 7620 3920 7621 3523 7621 3921 7621 3921 7622 3523 7622 3525 7622 3921 7623 3525 7623 3922 7623 3922 7624 3525 7624 3527 7624 3922 7625 3527 7625 3923 7625 3923 7626 3527 7626 3528 7626 3923 7627 3528 7627 3924 7627 3924 7628 3528 7628 3530 7628 3924 7629 3530 7629 3925 7629 3925 7630 3530 7630 3531 7630 3925 7631 3531 7631 3926 7631 3926 7632 3531 7632 3927 7632 3927 7633 3531 7633 3532 7633 3927 7634 3532 7634 3928 7634 3928 7635 3532 7635 3534 7635 3929 7636 3505 7636 3507 7636 3929 7637 3507 7637 3930 7637 3930 7638 3507 7638 3509 7638 3930 7639 3509 7639 3931 7639 3931 7640 3509 7640 3510 7640 3931 7641 3510 7641 3932 7641 3932 7642 3510 7642 3512 7642 3932 7643 3512 7643 3933 7643 3933 7644 3512 7644 3514 7644 3933 7645 3514 7645 3934 7645 3934 7646 3514 7646 3515 7646 3934 7647 3515 7647 3935 7647 3935 7648 3515 7648 3517 7648 3936 7649 3937 7649 3938 7649 3936 7650 3938 7650 3939 7650 3939 7651 3938 7651 3940 7651 3940 7652 3938 7652 3941 7652 3941 7653 3938 7653 3942 7653 3928 7654 3534 7654 3943 7654 3943 7655 3534 7655 3536 7655 3943 7656 3536 7656 3944 7656 3944 7657 3536 7657 3537 7657 3944 7658 3537 7658 3945 7658 3945 7659 3537 7659 3539 7659 3945 7660 3539 7660 3946 7660 3946 7661 3539 7661 3541 7661 3946 7662 3541 7662 3947 7662 3947 7663 3541 7663 3542 7663 3947 7664 3542 7664 3948 7664 3948 7665 3542 7665 3543 7665 3948 7666 3543 7666 3920 7666 3920 7667 3543 7667 3523 7667 3949 7668 3927 7668 3928 7668 3949 7669 3928 7669 3943 7669 3949 7670 3943 7670 3950 7670 3950 7671 3943 7671 3944 7671 3950 7672 3944 7672 3945 7672 3950 7673 3945 7673 3946 7673 3950 7674 3946 7674 3947 7674 3950 7675 3947 7675 3951 7675 3951 7676 3947 7676 3948 7676 3951 7677 3948 7677 3920 7677 3920 7678 3921 7678 3951 7678 3951 7679 3921 7679 3952 7679 3952 7680 3921 7680 3922 7680 3952 7681 3922 7681 3923 7681 3952 7682 3923 7682 3924 7682 3952 7683 3924 7683 3953 7683 3953 7684 3924 7684 3925 7684 3953 7685 3925 7685 3926 7685 3953 7686 3926 7686 3949 7686 3949 7687 3926 7687 3927 7687 3954 7688 3949 7688 3955 7688 3955 7689 3949 7689 3950 7689 3955 7690 3950 7690 3492 7690 3492 7691 3950 7691 3956 7691 3956 7692 3950 7692 3951 7692 3956 7693 3951 7693 3957 7693 3935 7694 3517 7694 3958 7694 3958 7695 3517 7695 3518 7695 3958 7696 3518 7696 3959 7696 3959 7697 3518 7697 3519 7697 3959 7698 3519 7698 3960 7698 3960 7699 3519 7699 3521 7699 3960 7700 3521 7700 3961 7700 3961 7701 3521 7701 3522 7701 3961 7702 3522 7702 3962 7702 3962 7703 3522 7703 3505 7703 3962 7704 3505 7704 3929 7704 3963 7705 3935 7705 3958 7705 3963 7706 3958 7706 3959 7706 3963 7707 3959 7707 3964 7707 3964 7708 3959 7708 3960 7708 3964 7709 3960 7709 3961 7709 3964 7710 3961 7710 3962 7710 3964 7711 3962 7711 3965 7711 3965 7712 3962 7712 3929 7712 3965 7713 3929 7713 3930 7713 3965 7714 3930 7714 3931 7714 3965 7715 3931 7715 3966 7715 3966 7716 3931 7716 3932 7716 3966 7717 3932 7717 3933 7717 3966 7718 3933 7718 3934 7718 3966 7719 3934 7719 3963 7719 3963 7720 3934 7720 3935 7720 3967 7721 3963 7721 3968 7721 3968 7722 3963 7722 3969 7722 3969 7723 3963 7723 3964 7723 3969 7724 3964 7724 3970 7724 3970 7725 3964 7725 3965 7725 3899 7726 3632 7726 3971 7726 3971 7727 3632 7727 3647 7727 3971 7728 3647 7728 3646 7728 3971 7729 3646 7729 3972 7729 3972 7730 3646 7730 3644 7730 3972 7731 3644 7731 3973 7731 3973 7732 3644 7732 3642 7732 3973 7733 3642 7733 3974 7733 3642 7734 3641 7734 3974 7734 3974 7735 3641 7735 3639 7735 3974 7736 3639 7736 3975 7736 3975 7737 3639 7737 3638 7737 3975 7738 3638 7738 3976 7738 3976 7739 3638 7739 3636 7739 3976 7740 3636 7740 3977 7740 3977 7741 3636 7741 3634 7741 3977 7742 3634 7742 3978 7742 3978 7743 3634 7743 3633 7743 3839 7744 3898 7744 3899 7744 3839 7745 3899 7745 3979 7745 3979 7746 3899 7746 3971 7746 3979 7747 3971 7747 3972 7747 3979 7748 3972 7748 3973 7748 3979 7749 3973 7749 3974 7749 3979 7750 3974 7750 3980 7750 3980 7751 3974 7751 3975 7751 3980 7752 3975 7752 3976 7752 3980 7753 3976 7753 3977 7753 3980 7754 3977 7754 3981 7754 3981 7755 3977 7755 3978 7755 3839 7756 3982 7756 3840 7756 3840 7757 3982 7757 3981 7757 3981 7758 3978 7758 3983 7758 3981 7759 3983 7759 3840 7759 3840 7760 3983 7760 3649 7760 3984 7761 3839 7761 3979 7761 3984 7762 3979 7762 3985 7762 3985 7763 3979 7763 3986 7763 3986 7764 3979 7764 3980 7764 3986 7765 3980 7765 3987 7765 3987 7766 3980 7766 3981 7766 3874 7767 3580 7767 3871 7767 3844 7768 3871 7768 3580 7768 3871 7769 3844 7769 3845 7769 3576 7770 3843 7770 3876 7770 3876 7771 3843 7771 3874 7771 3874 7772 3843 7772 3882 7772 3580 7773 3874 7773 3882 7773 3585 7774 3865 7774 3882 7774 3882 7775 3865 7775 3580 7775 3706 7776 3817 7776 3988 7776 3706 7777 3988 7777 3707 7777 3707 7778 3988 7778 3709 7778 3989 7779 3710 7779 3709 7779 3710 7780 3989 7780 3818 7780 3818 7781 3989 7781 3990 7781 3818 7782 3990 7782 3556 7782 3556 7783 3990 7783 3991 7783 3556 7784 3991 7784 3561 7784 3561 7785 3991 7785 3992 7785 3561 7786 3992 7786 3562 7786 3562 7787 3992 7787 3919 7787 3562 7788 3919 7788 3563 7788 3902 7789 3905 7789 3900 7789 3902 7790 3904 7790 3905 7790 3937 7791 3846 7791 3847 7791 3834 7792 3599 7792 3846 7792 3835 7793 3834 7793 3993 7793 3993 7794 3834 7794 3846 7794 3993 7795 3846 7795 3937 7795 3599 7796 3834 7796 3598 7796 3937 7797 3847 7797 3994 7797 3937 7798 3994 7798 3938 7798 3938 7799 3994 7799 3995 7799 3938 7800 3995 7800 3996 7800 3938 7801 3996 7801 3997 7801 3938 7802 3997 7802 3998 7802 3938 7803 3998 7803 3942 7803 3942 7804 3998 7804 3905 7804 3942 7805 3904 7805 3999 7805 3904 7806 3942 7806 3905 7806 3993 7807 3999 7807 3835 7807 3835 7808 3999 7808 3904 7808 3564 7809 3913 7809 4000 7809 3564 7810 4000 7810 3558 7810 3558 7811 4000 7811 3702 7811 3548 7812 3516 7812 3513 7812 3548 7813 3513 7813 3511 7813 3557 7814 3508 7814 3506 7814 3524 7815 3819 7815 3526 7815 3544 7816 3529 7816 3545 7816 3508 7817 3549 7817 3511 7817 3511 7818 3549 7818 3548 7818 3529 7819 3526 7819 3545 7819 3545 7820 3526 7820 3819 7820 3584 7821 3822 7821 3581 7821 3572 7822 3577 7822 3581 7822 3524 7823 3581 7823 3822 7823 3549 7824 3508 7824 3557 7824 3560 7825 3533 7825 3554 7825 3554 7826 3533 7826 3529 7826 3581 7827 3524 7827 3572 7827 3540 7828 3572 7828 3524 7828 3529 7829 3544 7829 3554 7829 3557 7830 3506 7830 3565 7830 3565 7831 3506 7831 3522 7831 3586 7832 3829 7832 3822 7832 3586 7833 3822 7833 3584 7833 3522 7834 3520 7834 3565 7834 3533 7835 3560 7835 3535 7835 3520 7836 3516 7836 3575 7836 3575 7837 3516 7837 3582 7837 3582 7838 3516 7838 3829 7838 3582 7839 3829 7839 3586 7839 3538 7840 3573 7840 3540 7840 3540 7841 3573 7841 3572 7841 3575 7842 3582 7842 3578 7842 3863 7843 3859 7843 3552 7843 3864 7844 4001 7844 3863 7844 3863 7845 4001 7845 3859 7845 3552 7846 3859 7846 3856 7846 3552 7847 3856 7847 3551 7847 3551 7848 3856 7848 3855 7848 3551 7849 3855 7849 3853 7849 3551 7850 3853 7850 3828 7850 3828 7851 3853 7851 3850 7851 3864 7852 3850 7852 3849 7852 3864 7853 3849 7853 4001 7853 3755 7854 3841 7854 3715 7854 3780 7855 3714 7855 3715 7855 3714 7856 3780 7856 3717 7856 3752 7857 3718 7857 3717 7857 3791 7858 3751 7858 3752 7858 3773 7859 3765 7859 3775 7859 3775 7860 3765 7860 3764 7860 3773 7861 3772 7861 3765 7861 3765 7862 3772 7862 3767 7862 3767 7863 3772 7863 3770 7863 3767 7864 3770 7864 3766 7864 3760 7865 3759 7865 3776 7865 3760 7866 3776 7866 3762 7866 3776 7867 3777 7867 3762 7867 3762 7868 3777 7868 3763 7868 3775 7869 3764 7869 3777 7869 3777 7870 3764 7870 3763 7870 3658 7871 3830 7871 3659 7871 3659 7872 3830 7872 3792 7872 3830 7873 3627 7873 3827 7873 3826 7874 3605 7874 3603 7874 3826 7875 3614 7875 3605 7875 3605 7876 3614 7876 3609 7876 3630 7877 3827 7877 3627 7877 3635 7878 3637 7878 3653 7878 3588 7879 4002 7879 4003 7879 3588 7880 4003 7880 3590 7880 3613 7881 3614 7881 3824 7881 3637 7882 3640 7882 3653 7882 3653 7883 3640 7883 3643 7883 3653 7884 3643 7884 3658 7884 3658 7885 3643 7885 3645 7885 3627 7886 3830 7886 3645 7886 3651 7887 3635 7887 3653 7887 3590 7888 4003 7888 3601 7888 3590 7889 3601 7889 3592 7889 3827 7890 3621 7890 3618 7890 3605 7891 3609 7891 3606 7891 3658 7892 3645 7892 3830 7892 3621 7893 3827 7893 3630 7893 3621 7894 3630 7894 3623 7894 3824 7895 3614 7895 3826 7895 4002 7896 3588 7896 3603 7896 3603 7897 3588 7897 3587 7897 3603 7898 3587 7898 3826 7898 3827 7899 3618 7899 3824 7899 3824 7900 3618 7900 3616 7900 3824 7901 3616 7901 3613 7901 3992 7902 3991 7902 3807 7902 3502 7903 3967 7903 3968 7903 3502 7904 3968 7904 3504 7904 4000 7905 4004 7905 3702 7905 3504 7906 3968 7906 3911 7906 3911 7907 3968 7907 3969 7907 3911 7908 3969 7908 3909 7908 3909 7909 3969 7909 3906 7909 3906 7910 3969 7910 3970 7910 3906 7911 3970 7911 3907 7911 3907 7912 3970 7912 3912 7912 3912 7913 3970 7913 3913 7913 3913 7914 3970 7914 4000 7914 4000 7915 3970 7915 4004 7915 3967 7916 3756 7916 3700 7916 3705 7917 3703 7917 3967 7917 3967 7918 3700 7918 3705 7918 3702 7919 4004 7919 3967 7919 3702 7920 3967 7920 3703 7920 3838 7921 4005 7921 3884 7921 3967 7922 3985 7922 3986 7922 3967 7923 3986 7923 3756 7923 3884 7924 4005 7924 3984 7924 3884 7925 3984 7925 3967 7925 3984 7926 3985 7926 3967 7926 3986 7927 3987 7927 3756 7927 3756 7928 3987 7928 3866 7928 3866 7929 3987 7929 3838 7929 3838 7930 3987 7930 4005 7930 3683 7931 3898 7931 3884 7931 3884 7932 3898 7932 3838 7932 3683 7933 3884 7933 3842 7933 3842 7934 3884 7934 3664 7934 3660 7935 3891 7935 3681 7935 3662 7936 3891 7936 3660 7936 3681 7937 3891 7937 3896 7937 3836 7938 3837 7938 3896 7938 3896 7939 3837 7939 3903 7939 3903 7940 3901 7940 3896 7940 3896 7941 3901 7941 3681 7941 3869 7942 3867 7942 3833 7942 3869 7943 3833 7943 3836 7943 3869 7944 3868 7944 3867 7944 3869 7945 3802 7945 3737 7945 3869 7946 3737 7946 3817 7946 3809 7947 3808 7947 3990 7947 3990 7948 3808 7948 3991 7948 3801 7949 3709 7949 3988 7949 3988 7950 3737 7950 3801 7950 3817 7951 3737 7951 3988 7951 3709 7952 3801 7952 3809 7952 3709 7953 3809 7953 3989 7953 3989 7954 3809 7954 3990 7954 3807 7955 3914 7955 3919 7955 3807 7956 3919 7956 3992 7956 3495 7957 3493 7957 3957 7957 3495 7958 3957 7958 4006 7958 3495 7959 4006 7959 3807 7959 3807 7960 3954 7960 3914 7960 3492 7961 3956 7961 3493 7961 3493 7962 3956 7962 3957 7962 4006 7963 3954 7963 3807 7963 3914 7964 3954 7964 3955 7964 3914 7965 3955 7965 3915 7965 3915 7966 3955 7966 3917 7966 3955 7967 3492 7967 3917 7967 3500 7968 3967 7968 3502 7968 3967 7969 3500 7969 3498 7969 3967 7970 3498 7970 3495 7970 4007 7971 3892 7971 3967 7971 3892 7972 3891 7972 3662 7972 4007 7973 3896 7973 3892 7973 3967 7974 3892 7974 3662 7974 3664 7975 3887 7975 3662 7975 3967 7976 3887 7976 3884 7976 3662 7977 3887 7977 3967 7977 4007 7978 3803 7978 3869 7978 3869 7979 3803 7979 3802 7979 3991 7980 3808 7980 3807 7980 3727 7981 3495 7981 3806 7981 3806 7982 3495 7982 3807 7982 4007 7983 3731 7983 3733 7983 4007 7984 3733 7984 3803 7984 3805 7985 3804 7985 4007 7985 4007 7986 3804 7986 3731 7986 3495 7987 3727 7987 3805 7987 3808 7988 3720 7988 3807 7988 3807 7989 3722 7989 3806 7989 3805 7990 4007 7990 3495 7990 3495 7991 4007 7991 3967 7991 3896 7992 4008 7992 3836 7992 3836 7993 4008 7993 4009 7993 3896 7994 4007 7994 3941 7994 3896 7995 3941 7995 4008 7995 3869 7996 3939 7996 4007 7996 4007 7997 3939 7997 3940 7997 3836 7998 4009 7998 3936 7998 3836 7999 3936 7999 3869 7999 3936 8000 3939 8000 3869 8000 4007 8001 3940 8001 3941 8001 3685 8002 3793 8002 3686 8002 3798 8003 3685 8003 3687 8003 3798 8004 3687 8004 3688 8004 3689 8005 3797 8005 3688 8005 3797 8006 3689 8006 3693 8006 3797 8007 3693 8007 3697 8007 3797 8008 3697 8008 3799 8008 3799 8009 3697 8009 3795 8009 3795 8010 3697 8010 3696 8010 3793 8011 3696 8011 3686 8011 3632 8012 3899 8012 3628 8012 3683 8013 3628 8013 3899 8013 3566 8014 3567 8014 3916 8014 3566 8015 3916 8015 3881 8015 3881 8016 3916 8016 3918 8016 3881 8017 3918 8017 3870 8017 3870 8018 3918 8018 3491 8018 3878 8019 3879 8019 3908 8019 3908 8020 3879 8020 3910 8020 3910 8021 3879 8021 3880 8021 3910 8022 3880 8022 3503 8022 3503 8023 3880 8023 3877 8023 3877 8024 3875 8024 3503 8024 3503 8025 3875 8025 3501 8025 3496 8026 3870 8026 3494 8026 3494 8027 3870 8027 3491 8027 3875 8028 3497 8028 3499 8028 3875 8029 3499 8029 3501 8029 3875 8030 3873 8030 3497 8030 3497 8031 3873 8031 3872 8031 3497 8032 3872 8032 3496 8032 3496 8033 3872 8033 3870 8033 3699 8034 3705 8034 3700 8034 3987 8035 3981 8035 4005 8035 4005 8036 3981 8036 3982 8036 4005 8037 3982 8037 3984 8037 3984 8038 3982 8038 3839 8038 3970 8039 3965 8039 4004 8039 4004 8040 3965 8040 3966 8040 4004 8041 3966 8041 3967 8041 3967 8042 3966 8042 3963 8042 3957 8043 3951 8043 3952 8043 3957 8044 3952 8044 4006 8044 4006 8045 3952 8045 3953 8045 4006 8046 3953 8046 3954 8046 3954 8047 3953 8047 3949 8047 3941 8048 3942 8048 4008 8048 4008 8049 3942 8049 3999 8049 4008 8050 3999 8050 4009 8050 4009 8051 3999 8051 3993 8051 4009 8052 3993 8052 3937 8052 4009 8053 3937 8053 3936 8053 3847 8054 3600 8054 4010 8054 3847 8055 4010 8055 3994 8055 3994 8056 4010 8056 4011 8056 3994 8057 4011 8057 3995 8057 3995 8058 4011 8058 4012 8058 3995 8059 4012 8059 3996 8059 3996 8060 4012 8060 4013 8060 3996 8061 4013 8061 4014 8061 3996 8062 4014 8062 3997 8062 3997 8063 4014 8063 4015 8063 3997 8064 4015 8064 3998 8064 3998 8065 4015 8065 3602 8065 3998 8066 3602 8066 3905 8066 3895 8067 4016 8067 3897 8067 4016 8068 3890 8068 3897 8068 3895 8069 3896 8069 4016 8069 4016 8070 3896 8070 3891 8070 4016 8071 3891 8071 3890 8071 3889 8072 3883 8072 3888 8072 3886 8073 3887 8073 3889 8073 3889 8074 3887 8074 3664 8074 3889 8075 3664 8075 3884 8075 3889 8076 3884 8076 3883 8076 3858 8077 4001 8077 3862 8077 3862 8078 4001 8078 3848 8078 3858 8079 3859 8079 4001 8079 3848 8080 4001 8080 3849 8080 3649 8081 3983 8081 3633 8081 3633 8082 3983 8082 3978 8082 4017 8083 3559 8083 4018 8083 3766 8084 3550 8084 4018 8084 4018 8085 3550 8085 4017 8085 3593 8086 3817 8086 3594 8086 3768 8087 3766 8087 4018 8087 3768 8088 4018 8088 3769 8088 3769 8089 4018 8089 3702 8089 3702 8090 4018 8090 3559 8090 3749 8091 3748 8091 3747 8091 3747 8092 3748 8092 3721 8092 3745 8093 3735 8093 3746 8093 3746 8094 3735 8094 3734 8094 3746 8095 3734 8095 3744 8095 3734 8096 3732 8096 3744 8096 3742 8097 3741 8097 3726 8097 3741 8098 3743 8098 3726 8098 3740 8099 3728 8099 3738 8099 3740 8100 3732 8100 3728 8100 3704 8101 3705 8101 3699 8101 3651 8102 3656 8102 3652 8102 3600 8103 3601 8103 4010 8103 4010 8104 3601 8104 4011 8104 4011 8105 3601 8105 4003 8105 4011 8106 4003 8106 4012 8106 4012 8107 4003 8107 4013 8107 4013 8108 4003 8108 4002 8108 4013 8109 4002 8109 4014 8109 4014 8110 4002 8110 4015 8110 4015 8111 4002 8111 3602 8111 3602 8112 4002 8112 3603 8112 3557 8113 3559 8113 4017 8113 3557 8114 4017 8114 3550 8114 3557 8115 3550 8115 3549 8115 4019 8116 4020 8116 4021 8116 4021 8117 4020 8117 4022 8117 4020 8118 4023 8118 4024 8118 4024 8119 4025 8119 4020 8119 4024 8120 4026 8120 4025 8120 4024 8121 4027 8121 4026 8121 4027 8122 4028 8122 4026 8122 4027 8123 4029 8123 4030 8123 4027 8124 4030 8124 4028 8124 4029 8125 4031 8125 4030 8125 4031 8126 4021 8126 4022 8126 4032 8127 4033 8127 4034 8127 4035 8128 4034 8128 4033 8128 4031 8129 4036 8129 4035 8129 4031 8130 4035 8130 4032 8130 4026 8131 4032 8131 4034 8131 4027 8132 4037 8132 4032 8132 4038 8133 4021 8133 4039 8133 4038 8134 4039 8134 4035 8134 4035 8135 4039 8135 4029 8135 4032 8136 4037 8136 4023 8136 4023 8137 4040 8137 4033 8137 4033 8138 4040 8138 4019 8138 4019 8139 4021 8139 4038 8139 4022 8140 4025 8140 4026 8140 4022 8141 4026 8141 4036 8141 4028 8142 4030 8142 4026 8142 4026 8143 4030 8143 4041 8143 4041 8144 4030 8144 4031 8144 4031 8145 4022 8145 4036 8145 4036 8146 4026 8146 4034 8146 4026 8147 4041 8147 4031 8147 4032 8148 4026 8148 4031 8148 4035 8149 4036 8149 4034 8149 4032 8150 4035 8150 4029 8150 4032 8151 4029 8151 4027 8151 4033 8152 4019 8152 4035 8152 4035 8153 4019 8153 4038 8153 4032 8154 4023 8154 4033 8154 4025 8155 4022 8155 4020 8155 4023 8156 4037 8156 4024 8156 4039 8157 4021 8157 4031 8157 4039 8158 4031 8158 4029 8158 4040 8159 4023 8159 4020 8159 4040 8160 4020 8160 4019 8160 4037 8161 4027 8161 4024 8161 4042 8162 4043 8162 4044 8162 4042 8163 4044 8163 4045 8163 4042 8164 4045 8164 4046 8164 4042 8165 4046 8165 4047 8165 4048 8166 4049 8166 4050 8166 4050 8167 4051 8167 4048 8167 4050 8168 4052 8168 4051 8168 4050 8169 4053 8169 4052 8169 4049 8170 4054 8170 4055 8170 4049 8171 4055 8171 4050 8171 4056 8172 4057 8172 4058 8172 4052 8173 4058 8173 4059 8173 4058 8174 4057 8174 4059 8174 4055 8175 4060 8175 4061 8175 4061 8176 4060 8176 4062 8176 4063 8177 4061 8177 4062 8177 4063 8178 4056 8178 4061 8178 4056 8179 4063 8179 4064 8179 4064 8180 4057 8180 4056 8180 4062 8181 4065 8181 4063 8181 4063 8182 4065 8182 4064 8182 4057 8183 4065 8183 4059 8183 4059 8184 4065 8184 4066 8184 4059 8185 4066 8185 4067 8185 4059 8186 4067 8186 4068 8186 4064 8187 4065 8187 4057 8187 4069 8188 4067 8188 4070 8188 4070 8189 4067 8189 4071 8189 4071 8190 4067 8190 4062 8190 4062 8191 4067 8191 4065 8191 4068 8192 4067 8192 4072 8192 4072 8193 4067 8193 4069 8193 4067 8194 4073 8194 4047 8194 4067 8195 4074 8195 4073 8195 4067 8196 4066 8196 4074 8196 4074 8197 4066 8197 4075 8197 4053 8198 4056 8198 4058 8198 4055 8199 4061 8199 4056 8199 4076 8200 4051 8200 4052 8200 4060 8201 4055 8201 4054 8201 4044 8202 4043 8202 4066 8202 4044 8203 4077 8203 4045 8203 4077 8204 4046 8204 4045 8204 4073 8205 4074 8205 4078 8205 4074 8206 4075 8206 4078 8206 4066 8207 4043 8207 4075 8207 4065 8208 4067 8208 4047 8208 4065 8209 4044 8209 4066 8209 4065 8210 4077 8210 4044 8210 4065 8211 4046 8211 4077 8211 4065 8212 4047 8212 4046 8212 4068 8213 4076 8213 4059 8213 4068 8214 4072 8214 4076 8214 4072 8215 4069 8215 4079 8215 4070 8216 4079 8216 4069 8216 4071 8217 4079 8217 4070 8217 4071 8218 4060 8218 4079 8218 4062 8219 4060 8219 4071 8219 4079 8220 4060 8220 4054 8220 4079 8221 4054 8221 4051 8221 4072 8222 4079 8222 4051 8222 4076 8223 4072 8223 4051 8223 4059 8224 4076 8224 4052 8224 4056 8225 4050 8225 4055 8225 4050 8226 4056 8226 4053 8226 4048 8227 4051 8227 4054 8227 4054 8228 4049 8228 4048 8228 4053 8229 4058 8229 4052 8229 4042 8230 4047 8230 4073 8230 4042 8231 4073 8231 4078 8231 4042 8232 4078 8232 4075 8232 4042 8233 4075 8233 4043 8233 4080 8234 4081 8234 4082 8234 4080 8235 4082 8235 4083 8235 4080 8236 4083 8236 4084 8236 4085 8237 4086 8237 4087 8237 4088 8238 4089 8238 4090 8238 4091 8239 4092 8239 4089 8239 4091 8240 4089 8240 4088 8240 4086 8241 4085 8241 4093 8241 4086 8242 4094 8242 4087 8242 4094 8243 4095 8243 4087 8243 4087 8244 4095 8244 4096 8244 4089 8245 4096 8245 4097 8245 4091 8246 4088 8246 4098 8246 4099 8247 4088 8247 4090 8247 4099 8248 4090 8248 4097 8248 4099 8249 4097 8249 4100 8249 4095 8250 4101 8250 4102 8250 4095 8251 4102 8251 4097 8251 4097 8252 4102 8252 4100 8252 4100 8253 4103 8253 4099 8253 4103 8254 4088 8254 4099 8254 4088 8255 4103 8255 4098 8255 4104 8256 4105 8256 4101 8256 4101 8257 4105 8257 4106 8257 4101 8258 4106 8258 4102 8258 4107 8259 4105 8259 4104 8259 4103 8260 4105 8260 4098 8260 4102 8261 4106 8261 4108 8261 4102 8262 4108 8262 4100 8262 4098 8263 4105 8263 4109 8263 4100 8264 4108 8264 4103 8264 4103 8265 4108 8265 4105 8265 4109 8266 4105 8266 4107 8266 4105 8267 4110 8267 4106 8267 4105 8268 4111 8268 4110 8268 4111 8269 4112 8269 4113 8269 4105 8270 4112 8270 4111 8270 4095 8271 4094 8271 4086 8271 4093 8272 4091 8272 4114 8272 4096 8273 4095 8273 4097 8273 4093 8274 4092 8274 4091 8274 4083 8275 4082 8275 4108 8275 4106 8276 4084 8276 4083 8276 4106 8277 4083 8277 4108 8277 4106 8278 4110 8278 4084 8278 4084 8279 4110 8279 4115 8279 4110 8280 4111 8280 4115 8280 4105 8281 4108 8281 4082 8281 4105 8282 4081 8282 4112 8282 4105 8283 4082 8283 4081 8283 4086 8284 4107 8284 4104 8284 4109 8285 4114 8285 4098 8285 4109 8286 4107 8286 4114 8286 4086 8287 4104 8287 4101 8287 4095 8288 4086 8288 4101 8288 4093 8289 4107 8289 4086 8289 4093 8290 4114 8290 4107 8290 4098 8291 4114 8291 4091 8291 4090 8292 4089 8292 4097 8292 4085 8293 4092 8293 4093 8293 4089 8294 4092 8294 4085 8294 4085 8295 4096 8295 4089 8295 4085 8296 4087 8296 4096 8296 4080 8297 4084 8297 4115 8297 4080 8298 4115 8298 4111 8298 4080 8299 4111 8299 4113 8299 4080 8300 4113 8300 4112 8300 4080 8301 4112 8301 4081 8301 4116 8302 4117 8302 4118 8302 4116 8303 4118 8303 4119 8303 4116 8304 4119 8304 4120 8304 4116 8305 4120 8305 4121 8305 4122 8306 4123 8306 4124 8306 4124 8307 4125 8307 4122 8307 4124 8308 4126 8308 4125 8308 4127 8309 4123 8309 4122 8309 4123 8310 4127 8310 4128 8310 4123 8311 4128 8311 4129 8311 4123 8312 4129 8312 4124 8312 4130 8313 4131 8313 4129 8313 4132 8314 4131 8314 4133 8314 4131 8315 4126 8315 4129 8315 4128 8316 4134 8316 4129 8316 4128 8317 4135 8317 4134 8317 4136 8318 4134 8318 4135 8318 4137 8319 4129 8319 4134 8319 4129 8320 4137 8320 4130 8320 4131 8321 4130 8321 4133 8321 4134 8322 4138 8322 4137 8322 4133 8323 4139 8323 4140 8323 4133 8324 4140 8324 4141 8324 4136 8325 4138 8325 4134 8325 4137 8326 4138 8326 4139 8326 4137 8327 4139 8327 4130 8327 4130 8328 4139 8328 4133 8328 4142 8329 4138 8329 4136 8329 4141 8330 4140 8330 4143 8330 4143 8331 4140 8331 4138 8331 4143 8332 4138 8332 4142 8332 4138 8333 4140 8333 4144 8333 4138 8334 4144 8334 4121 8334 4121 8335 4144 8335 4145 8335 4144 8336 4140 8336 4146 8336 4135 8337 4128 8337 4127 8337 4131 8338 4132 8338 4126 8338 4117 8339 4139 8339 4118 8339 4147 8340 4118 8340 4139 8340 4118 8341 4147 8341 4119 8341 4120 8342 4119 8342 4148 8342 4120 8343 4148 8343 4121 8343 4145 8344 4144 8344 4149 8344 4149 8345 4144 8345 4146 8345 4149 8346 4146 8346 4150 8346 4150 8347 4146 8347 4140 8347 4140 8348 4117 8348 4150 8348 4117 8349 4140 8349 4139 8349 4138 8350 4119 8350 4139 8350 4139 8351 4119 8351 4147 8351 4138 8352 4148 8352 4119 8352 4138 8353 4121 8353 4148 8353 4151 8354 4133 8354 4141 8354 4151 8355 4141 8355 4143 8355 4127 8356 4142 8356 4136 8356 4136 8357 4135 8357 4127 8357 4142 8358 4127 8358 4132 8358 4143 8359 4142 8359 4132 8359 4132 8360 4151 8360 4143 8360 4132 8361 4133 8361 4151 8361 4125 8362 4132 8362 4122 8362 4122 8363 4132 8363 4127 8363 4126 8364 4132 8364 4125 8364 4129 8365 4126 8365 4124 8365 4116 8366 4121 8366 4145 8366 4116 8367 4145 8367 4149 8367 4116 8368 4149 8368 4150 8368 4116 8369 4150 8369 4117 8369 4152 8370 4153 8370 4154 8370 4152 8371 4154 8371 4155 8371 4152 8372 4155 8372 4156 8372 4152 8373 4156 8373 4157 8373 4152 8374 4157 8374 4158 8374 4159 8375 4160 8375 4161 8375 4161 8376 4162 8376 4163 8376 4161 8377 4164 8377 4162 8377 4165 8378 4164 8378 4161 8378 4161 8379 4160 8379 4165 8379 4166 8380 4159 8380 4167 8380 4168 8381 4165 8381 4160 8381 4163 8382 4162 8382 4169 8382 4169 8383 4170 8383 4163 8383 4169 8384 4162 8384 4171 8384 4172 8385 4169 8385 4173 8385 4174 8386 4173 8386 4169 8386 4169 8387 4171 8387 4174 8387 4175 8388 4174 8388 4171 8388 4175 8389 4173 8389 4174 8389 4176 8390 4166 8390 4172 8390 4171 8391 4177 8391 4175 8391 4175 8392 4177 8392 4178 8392 4175 8393 4178 8393 4173 8393 4173 8394 4178 8394 4172 8394 4172 8395 4178 8395 4179 8395 4172 8396 4179 8396 4176 8396 4176 8397 4179 8397 4180 8397 4180 8398 4179 8398 4181 8398 4182 8399 4177 8399 4171 8399 4179 8400 4177 8400 4181 8400 4181 8401 4177 8401 4182 8401 4177 8402 4179 8402 4183 8402 4177 8403 4184 8403 4158 8403 4158 8404 4184 8404 4185 8404 4177 8405 4183 8405 4184 8405 4179 8406 4154 8406 4183 8406 4183 8407 4154 8407 4153 8407 4166 8408 4167 8408 4172 8408 4166 8409 4160 8409 4159 8409 4178 8410 4157 8410 4156 8410 4157 8411 4178 8411 4158 8411 4158 8412 4185 8412 4186 8412 4186 8413 4185 8413 4184 8413 4186 8414 4184 8414 4187 8414 4187 8415 4184 8415 4188 8415 4188 8416 4184 8416 4183 8416 4183 8417 4153 8417 4188 8417 4155 8418 4154 8418 4179 8418 4179 8419 4156 8419 4155 8419 4179 8420 4178 8420 4156 8420 4177 8421 4158 8421 4178 8421 4166 8422 4176 8422 4160 8422 4180 8423 4160 8423 4176 8423 4160 8424 4180 8424 4181 8424 4189 8425 4181 8425 4182 8425 4171 8426 4189 8426 4182 8426 4189 8427 4171 8427 4162 8427 4168 8428 4189 8428 4162 8428 4168 8429 4181 8429 4189 8429 4160 8430 4181 8430 4168 8430 4172 8431 4170 8431 4169 8431 4167 8432 4170 8432 4172 8432 4165 8433 4168 8433 4162 8433 4162 8434 4164 8434 4165 8434 4167 8435 4159 8435 4170 8435 4161 8436 4170 8436 4159 8436 4161 8437 4163 8437 4170 8437 4152 8438 4158 8438 4186 8438 4152 8439 4186 8439 4187 8439 4152 8440 4187 8440 4188 8440 4152 8441 4188 8441 4153 8441 4190 8442 4191 8442 4192 8442 4193 8443 4194 8443 4195 8443 4193 8444 4195 8444 4196 8444 4197 8445 4198 8445 4199 8445 4199 8446 4198 8446 4200 8446 4197 8447 4201 8447 4202 8447 4200 8448 4203 8448 4204 8448 4200 8449 4204 8449 4199 8449 4199 8450 4204 8450 4205 8450 4197 8451 4202 8451 4198 8451 4197 8452 4199 8452 4206 8452 4206 8453 4199 8453 4207 8453 4197 8454 4206 8454 4201 8454 4198 8455 4202 8455 4208 8455 4200 8456 4198 8456 4209 8456 4209 8457 4198 8457 4208 8457 4200 8458 4209 8458 4203 8458 4205 8459 4207 8459 4199 8459 4210 8460 4211 8460 4212 8460 4212 8461 4213 8461 4214 8461 4215 8462 4211 8462 4210 8462 4216 8463 4217 8463 4215 8463 4216 8464 4215 8464 4218 8464 4218 8465 4215 8465 4210 8465 4219 8466 4220 8466 4221 8466 4222 8467 4223 8467 4224 8467 4222 8468 4224 8468 4225 8468 4226 8469 4227 8469 4228 8469 4226 8470 4228 8470 4229 8470 4226 8471 4229 8471 4230 8471 4231 8472 4232 8472 4233 8472 4234 8473 4235 8473 4236 8473 4237 8474 4238 8474 4239 8474 4239 8475 4238 8475 4240 8475 4239 8476 4240 8476 4241 8476 4239 8477 4241 8477 4242 8477 4243 8478 4244 8478 4245 8478 4246 8479 4247 8479 4248 8479 4248 8480 4247 8480 4249 8480 4248 8481 4249 8481 4250 8481 4251 8482 4252 8482 4253 8482 4251 8483 4253 8483 4254 8483 4254 8484 4253 8484 4255 8484 4254 8485 4255 8485 4256 8485 4256 8486 4255 8486 4257 8486 4256 8487 4257 8487 4258 8487 4258 8488 4257 8488 4259 8488 4258 8489 4259 8489 4260 8489 4258 8490 4260 8490 4261 8490 4261 8491 4260 8491 4262 8491 4261 8492 4262 8492 4263 8492 4263 8493 4262 8493 4264 8493 4263 8494 4264 8494 4251 8494 4251 8495 4264 8495 4252 8495 4265 8496 4263 8496 4251 8496 4261 8497 4263 8497 4265 8497 4265 8498 4258 8498 4261 8498 4265 8499 4256 8499 4258 8499 4265 8500 4254 8500 4256 8500 4251 8501 4254 8501 4265 8501 4221 8502 4220 8502 4266 8502 4221 8503 4266 8503 4267 8503 4267 8504 4266 8504 4268 8504 4267 8505 4268 8505 4246 8505 4246 8506 4268 8506 4247 8506 4269 8507 4270 8507 4271 8507 4269 8508 4271 8508 4272 8508 4272 8509 4271 8509 4273 8509 4272 8510 4273 8510 4237 8510 4237 8511 4273 8511 4238 8511 4236 8512 4235 8512 4274 8512 4236 8513 4274 8513 4275 8513 4275 8514 4274 8514 4276 8514 4275 8515 4276 8515 4277 8515 4277 8516 4276 8516 4232 8516 4277 8517 4232 8517 4231 8517 4230 8518 4229 8518 4278 8518 4230 8519 4278 8519 4279 8519 4279 8520 4278 8520 4223 8520 4279 8521 4223 8521 4222 8521 4280 8522 4281 8522 4262 8522 4262 8523 4260 8523 4282 8523 4283 8524 4255 8524 4242 8524 4255 8525 4253 8525 4242 8525 4239 8526 4252 8526 4237 8526 4284 8527 4262 8527 4281 8527 4252 8528 4239 8528 4253 8528 4253 8529 4239 8529 4242 8529 4264 8530 4267 8530 4246 8530 4285 8531 4279 8531 4222 8531 4262 8532 4267 8532 4264 8532 4262 8533 4230 8533 4279 8533 4230 8534 4262 8534 4226 8534 4286 8535 4257 8535 4255 8535 4286 8536 4255 8536 4283 8536 4272 8537 4237 8537 4264 8537 4248 8538 4250 8538 4264 8538 4264 8539 4250 8539 4272 8539 4248 8540 4264 8540 4246 8540 4262 8541 4221 8541 4267 8541 4282 8542 4226 8542 4262 8542 4260 8543 4275 8543 4282 8543 4260 8544 4236 8544 4275 8544 4259 8545 4236 8545 4260 8545 4257 8546 4234 8546 4236 8546 4257 8547 4236 8547 4259 8547 4257 8548 4286 8548 4234 8548 4287 8549 4269 8549 4288 8549 4288 8550 4269 8550 4250 8550 4250 8551 4269 8551 4272 8551 4284 8552 4221 8552 4262 8552 4280 8553 4262 8553 4285 8553 4285 8554 4262 8554 4279 8554 4264 8555 4237 8555 4252 8555 4269 8556 4287 8556 4289 8556 4269 8557 4289 8557 4243 8557 4222 8558 4225 8558 4285 8558 4275 8559 4277 8559 4282 8559 4284 8560 4219 8560 4221 8560 4231 8561 4290 8561 4291 8561 4269 8562 4243 8562 4270 8562 4231 8563 4291 8563 4292 8563 4231 8564 4292 8564 4277 8564 4277 8565 4292 8565 4282 8565 4270 8566 4243 8566 4245 8566 4231 8567 4233 8567 4290 8567 4293 8568 4294 8568 4295 8568 4296 8569 4297 8569 4293 8569 4296 8570 4298 8570 4299 8570 4296 8571 4299 8571 4297 8571 4298 8572 4300 8572 4301 8572 4302 8573 4301 8573 4300 8573 4302 8574 4303 8574 4304 8574 4303 8575 4305 8575 4304 8575 4303 8576 4306 8576 4305 8576 4303 8577 4307 8577 4306 8577 4308 8578 4309 8578 4310 8578 4310 8579 4309 8579 4311 8579 4311 8580 4309 8580 4312 8580 4313 8581 4314 8581 4315 8581 4314 8582 4313 8582 4311 8582 4314 8583 4311 8583 4312 8583 4316 8584 4317 8584 4318 8584 4318 8585 4317 8585 4319 8585 4320 8586 4321 8586 4322 8586 4320 8587 4322 8587 4323 8587 4317 8588 4324 8588 4325 8588 4325 8589 4324 8589 4322 8589 4325 8590 4322 8590 4321 8590 4317 8591 4316 8591 4326 8591 4317 8592 4326 8592 4327 8592 4317 8593 4327 8593 4324 8593 4328 8594 4329 8594 4330 8594 4331 8595 4332 8595 4330 8595 4330 8596 4329 8596 4333 8596 4330 8597 4333 8597 4331 8597 4334 8598 4335 8598 4333 8598 4333 8599 4335 8599 4331 8599 4335 8600 4334 8600 4319 8600 4318 8601 4319 8601 4336 8601 4336 8602 4319 8602 4334 8602 4334 8603 4337 8603 4336 8603 4338 8604 4339 8604 4340 8604 4341 8605 4342 8605 4343 8605 4343 8606 4339 8606 4344 8606 4344 8607 4339 8607 4338 8607 4313 8608 4315 8608 4341 8608 4341 8609 4315 8609 4342 8609 4345 8610 4346 8610 4347 8610 4347 8611 4346 8611 4348 8611 4349 8612 4350 8612 4346 8612 4346 8613 4350 8613 4348 8613 4350 8614 4349 8614 4308 8614 4349 8615 4351 8615 4308 8615 4308 8616 4351 8616 4309 8616 4352 8617 4351 8617 4349 8617 4353 8618 4349 8618 4346 8618 4353 8619 4346 8619 4354 8619 4345 8620 4355 8620 4346 8620 4346 8621 4355 8621 4354 8621 4340 8622 4339 8622 4356 8622 4356 8623 4339 8623 4343 8623 4342 8624 4357 8624 4343 8624 4343 8625 4357 8625 4356 8625 4358 8626 4334 8626 4333 8626 4358 8627 4333 8627 4359 8627 4359 8628 4333 8628 4329 8628 4359 8629 4329 8629 4328 8629 4360 8630 4323 8630 4361 8630 4361 8631 4323 8631 4322 8631 4324 8632 4362 8632 4322 8632 4322 8633 4362 8633 4361 8633 4363 8634 4364 8634 4365 8634 4363 8635 4365 8635 4366 8635 4366 8636 4365 8636 4367 8636 4366 8637 4368 8637 4369 8637 4366 8638 4369 8638 4363 8638 4370 8639 4364 8639 4363 8639 4363 8640 4369 8640 4371 8640 4366 8641 4367 8641 4372 8641 4373 8642 4368 8642 4366 8642 4365 8643 4374 8643 4367 8643 4367 8644 4374 8644 4375 8644 4367 8645 4375 8645 4372 8645 4372 8646 4375 8646 4376 8646 4372 8647 4376 8647 4366 8647 4366 8648 4376 8648 4377 8648 4366 8649 4377 8649 4373 8649 4368 8650 4373 8650 4369 8650 4369 8651 4373 8651 4378 8651 4369 8652 4378 8652 4371 8652 4371 8653 4378 8653 4379 8653 4371 8654 4379 8654 4380 8654 4371 8655 4380 8655 4363 8655 4363 8656 4380 8656 4370 8656 4370 8657 4381 8657 4364 8657 4364 8658 4381 8658 4365 8658 4365 8659 4381 8659 4374 8659 4382 8660 4383 8660 4384 8660 4382 8661 4384 8661 4385 8661 4385 8662 4384 8662 4386 8662 4385 8663 4386 8663 4387 8663 4388 8664 4389 8664 4390 8664 4390 8665 4389 8665 4391 8665 4391 8666 4389 8666 4392 8666 4391 8667 4392 8667 4393 8667 4391 8668 4393 8668 4394 8668 4393 8669 4395 8669 4394 8669 4395 8670 4396 8670 4394 8670 4394 8671 4396 8671 4397 8671 4394 8672 4397 8672 4398 8672 4397 8673 4399 8673 4398 8673 4398 8674 4399 8674 4400 8674 4401 8675 4402 8675 4403 8675 4403 8676 4402 8676 4404 8676 4401 8677 4405 8677 4402 8677 4406 8678 4407 8678 4405 8678 4406 8679 4405 8679 4401 8679 4408 8680 4407 8680 4406 8680 4409 8681 4410 8681 4408 8681 4410 8682 4409 8682 4411 8682 4411 8683 4409 8683 4412 8683 4413 8684 4414 8684 4403 8684 4414 8685 4413 8685 4415 8685 4413 8686 4416 8686 4415 8686 4415 8687 4416 8687 4417 8687 4416 8688 4418 8688 4417 8688 4417 8689 4418 8689 4419 8689 4417 8690 4419 8690 4420 8690 4417 8691 4420 8691 4421 8691 4420 8692 4422 8692 4421 8692 4422 8693 4347 8693 4421 8693 4421 8694 4347 8694 4423 8694 4421 8695 4423 8695 4424 8695 4423 8696 4425 8696 4424 8696 4424 8697 4425 8697 4426 8697 4424 8698 4427 8698 4428 8698 4428 8699 4427 8699 4429 8699 4427 8700 4430 8700 4429 8700 4429 8701 4430 8701 4431 8701 4429 8702 4431 8702 4432 8702 4431 8703 4433 8703 4432 8703 4432 8704 4433 8704 4434 8704 4435 8705 4432 8705 4434 8705 4436 8706 4432 8706 4435 8706 4411 8707 4437 8707 4438 8707 4439 8708 4440 8708 4441 8708 4440 8709 4437 8709 4411 8709 4439 8710 4441 8710 4442 8710 4442 8711 4441 8711 4443 8711 4444 8712 4445 8712 4441 8712 4441 8713 4445 8713 4443 8713 4446 8714 4447 8714 4448 8714 4446 8715 4448 8715 4449 8715 4446 8716 4449 8716 4450 8716 4446 8717 4450 8717 4451 8717 4451 8718 4450 8718 4452 8718 4451 8719 4452 8719 4453 8719 4453 8720 4454 8720 4455 8720 4456 8721 4457 8721 4458 8721 4458 8722 4459 8722 4456 8722 4459 8723 4458 8723 4460 8723 4458 8724 4461 8724 4460 8724 4460 8725 4461 8725 4462 8725 4462 8726 4463 8726 4460 8726 4463 8727 4464 8727 4460 8727 4460 8728 4464 8728 4465 8728 4460 8729 4465 8729 4466 8729 4466 8730 4465 8730 4467 8730 4466 8731 4467 8731 4468 8731 4468 8732 4469 8732 4466 8732 4466 8733 4469 8733 4470 8733 4466 8734 4470 8734 4471 8734 4471 8735 4470 8735 4472 8735 4471 8736 4472 8736 4473 8736 4474 8737 4428 8737 4471 8737 4473 8738 4475 8738 4471 8738 4471 8739 4475 8739 4476 8739 4471 8740 4476 8740 4474 8740 4477 8741 4478 8741 4428 8741 4474 8742 4479 8742 4428 8742 4428 8743 4479 8743 4480 8743 4428 8744 4480 8744 4477 8744 4478 8745 4477 8745 4481 8745 4478 8746 4481 8746 4482 8746 4483 8747 4484 8747 4478 8747 4482 8748 4485 8748 4478 8748 4478 8749 4485 8749 4483 8749 4486 8750 4415 8750 4484 8750 4483 8751 4487 8751 4484 8751 4484 8752 4487 8752 4488 8752 4484 8753 4488 8753 4486 8753 4489 8754 4414 8754 4490 8754 4490 8755 4414 8755 4415 8755 4415 8756 4486 8756 4491 8756 4415 8757 4491 8757 4490 8757 4414 8758 4489 8758 4492 8758 4414 8759 4492 8759 4401 8759 4401 8760 4492 8760 4493 8760 4401 8761 4493 8761 4494 8761 4401 8762 4494 8762 4495 8762 4401 8763 4495 8763 4496 8763 4401 8764 4496 8764 4406 8764 4406 8765 4496 8765 4497 8765 4497 8766 4498 8766 4406 8766 4409 8767 4406 8767 4499 8767 4409 8768 4499 8768 4500 8768 4409 8769 4500 8769 4501 8769 4409 8770 4501 8770 4412 8770 4502 8771 4412 8771 4501 8771 4503 8772 4412 8772 4502 8772 4503 8773 4504 8773 4398 8773 4504 8774 4505 8774 4398 8774 4505 8775 4506 8775 4398 8775 4506 8776 4507 8776 4398 8776 4398 8777 4507 8777 4508 8777 4398 8778 4508 8778 4509 8778 4398 8779 4509 8779 4510 8779 4509 8780 4511 8780 4510 8780 4510 8781 4511 8781 4512 8781 4512 8782 4300 8782 4510 8782 4510 8783 4300 8783 4390 8783 4390 8784 4300 8784 4296 8784 4390 8785 4296 8785 4513 8785 4513 8786 4296 8786 4514 8786 4514 8787 4515 8787 4513 8787 4515 8788 4516 8788 4513 8788 4513 8789 4516 8789 4385 8789 4385 8790 4517 8790 4518 8790 4385 8791 4518 8791 4382 8791 4382 8792 4518 8792 4519 8792 4382 8793 4519 8793 4520 8793 4521 8794 4522 8794 4382 8794 4520 8795 4523 8795 4382 8795 4382 8796 4523 8796 4521 8796 4524 8797 4525 8797 4526 8797 4526 8798 4525 8798 4527 8798 4521 8799 4528 8799 4522 8799 4522 8800 4528 8800 4529 8800 4522 8801 4529 8801 4527 8801 4527 8802 4529 8802 4526 8802 4525 8803 4524 8803 4530 8803 4525 8804 4530 8804 4531 8804 4306 8805 4307 8805 4532 8805 4533 8806 4534 8806 4294 8806 4294 8807 4534 8807 4295 8807 4535 8808 4536 8808 4533 8808 4533 8809 4536 8809 4534 8809 4532 8810 4307 8810 4535 8810 4535 8811 4307 8811 4536 8811 4306 8812 4532 8812 4537 8812 4306 8813 4537 8813 4305 8813 4538 8814 4305 8814 4537 8814 4305 8815 4538 8815 4304 8815 4304 8816 4538 8816 4539 8816 4539 8817 4302 8817 4304 8817 4302 8818 4539 8818 4301 8818 4301 8819 4540 8819 4298 8819 4298 8820 4540 8820 4299 8820 4299 8821 4541 8821 4297 8821 4297 8822 4541 8822 4542 8822 4297 8823 4542 8823 4293 8823 4293 8824 4542 8824 4543 8824 4293 8825 4543 8825 4294 8825 4542 8826 4541 8826 4540 8826 4540 8827 4543 8827 4542 8827 4540 8828 4294 8828 4543 8828 4540 8829 4533 8829 4294 8829 4532 8830 4535 8830 4540 8830 4540 8831 4535 8831 4533 8831 4537 8832 4532 8832 4540 8832 4540 8833 4538 8833 4537 8833 4540 8834 4539 8834 4538 8834 4540 8835 4301 8835 4539 8835 4541 8836 4299 8836 4540 8836 4325 8837 4331 8837 4335 8837 4332 8838 4331 8838 4325 8838 4332 8839 4325 8839 4544 8839 4544 8840 4325 8840 4321 8840 4319 8841 4317 8841 4335 8841 4335 8842 4317 8842 4325 8842 4545 8843 4546 8843 4547 8843 4547 8844 4546 8844 4548 8844 4353 8845 4548 8845 4549 8845 4357 8846 4550 8846 4551 8846 4552 8847 4553 8847 4554 8847 4554 8848 4553 8848 4362 8848 4358 8849 4555 8849 4556 8849 4556 8850 4557 8850 4558 8850 4336 8851 4559 8851 4318 8851 4318 8852 4559 8852 4560 8852 4318 8853 4560 8853 4316 8853 4316 8854 4560 8854 4326 8854 4334 8855 4561 8855 4337 8855 4337 8856 4561 8856 4562 8856 4337 8857 4562 8857 4336 8857 4336 8858 4562 8858 4559 8858 4563 8859 4326 8859 4560 8859 4563 8860 4327 8860 4326 8860 4563 8861 4564 8861 4324 8861 4324 8862 4327 8862 4563 8862 4557 8863 4561 8863 4558 8863 4558 8864 4561 8864 4334 8864 4558 8865 4334 8865 4358 8865 4362 8866 4324 8866 4564 8866 4311 8867 4374 8867 4310 8867 4310 8868 4374 8868 4381 8868 4311 8869 4375 8869 4374 8869 4380 8870 4350 8870 4370 8870 4370 8871 4350 8871 4308 8871 4370 8872 4308 8872 4381 8872 4350 8873 4380 8873 4379 8873 4377 8874 4376 8874 4313 8874 4343 8875 4344 8875 4341 8875 4341 8876 4344 8876 4338 8876 4310 8877 4381 8877 4308 8877 4379 8878 4348 8878 4350 8878 4348 8879 4425 8879 4347 8879 4375 8880 4311 8880 4376 8880 4376 8881 4311 8881 4313 8881 4425 8882 4348 8882 4379 8882 4425 8883 4379 8883 4426 8883 4426 8884 4379 8884 4378 8884 4426 8885 4378 8885 4565 8885 4565 8886 4378 8886 4341 8886 4341 8887 4378 8887 4373 8887 4341 8888 4373 8888 4313 8888 4313 8889 4373 8889 4377 8889 4566 8890 4315 8890 4314 8890 4566 8891 4567 8891 4315 8891 4550 8892 4342 8892 4567 8892 4567 8893 4342 8893 4315 8893 4312 8894 4568 8894 4314 8894 4314 8895 4568 8895 4566 8895 4309 8896 4569 8896 4312 8896 4312 8897 4569 8897 4568 8897 4351 8898 4570 8898 4571 8898 4570 8899 4351 8899 4352 8899 4571 8900 4309 8900 4351 8900 4309 8901 4571 8901 4569 8901 4357 8902 4342 8902 4550 8902 4549 8903 4352 8903 4353 8903 4353 8904 4352 8904 4349 8904 4572 8905 4573 8905 4574 8905 4574 8906 4575 8906 4576 8906 4574 8907 4576 8907 4572 8907 4577 8908 4576 8908 4575 8908 4577 8909 4578 8909 4576 8909 4579 8910 4578 8910 4577 8910 4573 8911 4578 8911 4579 8911 4573 8912 4504 8912 4578 8912 4580 8913 4581 8913 4582 8913 4581 8914 4205 8914 4582 8914 4580 8915 4583 8915 4581 8915 4205 8916 4204 8916 4584 8916 4584 8917 4204 8917 4585 8917 4586 8918 4584 8918 4585 8918 4586 8919 4587 8919 4584 8919 4587 8920 4588 8920 4584 8920 4584 8921 4588 8921 4582 8921 4582 8922 4588 8922 4580 8922 4587 8923 4589 8923 4590 8923 4588 8924 4590 8924 4591 8924 4588 8925 4591 8925 4580 8925 4590 8926 4588 8926 4587 8926 4592 8927 4593 8927 4594 8927 4594 8928 4593 8928 4194 8928 4595 8929 4592 8929 4594 8929 4595 8930 4596 8930 4597 8930 4597 8931 4598 8931 4599 8931 4597 8932 4599 8932 4592 8932 4592 8933 4599 8933 4600 8933 4601 8934 4592 8934 4600 8934 4592 8935 4601 8935 4593 8935 4602 8936 4603 8936 4604 8936 4602 8937 4604 8937 4605 8937 4602 8938 4605 8938 4606 8938 4606 8939 4605 8939 4607 8939 4607 8940 4608 8940 4606 8940 4606 8941 4608 8941 4609 8941 4194 8942 4593 8942 4610 8942 4610 8943 4593 8943 4191 8943 4611 8944 4612 8944 4613 8944 4611 8945 4613 8945 4614 8945 4614 8946 4613 8946 4615 8946 4615 8947 4613 8947 4616 8947 4615 8948 4616 8948 4617 8948 4617 8949 4616 8949 4618 8949 4617 8950 4618 8950 4619 8950 4619 8951 4618 8951 4620 8951 4620 8952 4618 8952 4621 8952 4620 8953 4621 8953 4622 8953 4622 8954 4621 8954 4623 8954 4623 8955 4621 8955 4624 8955 4623 8956 4624 8956 4625 8956 4625 8957 4624 8957 4626 8957 4625 8958 4626 8958 4627 8958 4627 8959 4626 8959 4628 8959 4628 8960 4626 8960 4629 8960 4628 8961 4629 8961 4630 8961 4630 8962 4629 8962 4631 8962 4630 8963 4631 8963 4632 8963 4632 8964 4631 8964 4633 8964 4633 8965 4631 8965 4634 8965 4633 8966 4634 8966 4635 8966 4635 8967 4634 8967 4636 8967 4635 8968 4636 8968 4637 8968 4637 8969 4636 8969 4638 8969 4638 8970 4636 8970 4639 8970 4638 8971 4639 8971 4640 8971 4640 8972 4639 8972 4641 8972 4640 8973 4641 8973 4642 8973 4642 8974 4641 8974 4643 8974 4643 8975 4641 8975 4644 8975 4643 8976 4644 8976 4645 8976 4645 8977 4644 8977 4646 8977 4645 8978 4646 8978 4647 8978 4647 8979 4646 8979 4648 8979 4648 8980 4646 8980 4649 8980 4648 8981 4649 8981 4650 8981 4650 8982 4649 8982 4651 8982 4650 8983 4651 8983 4652 8983 4652 8984 4651 8984 4653 8984 4653 8985 4651 8985 4654 8985 4653 8986 4654 8986 4655 8986 4655 8987 4654 8987 4656 8987 4655 8988 4656 8988 4657 8988 4657 8989 4656 8989 4658 8989 4658 8990 4656 8990 4659 8990 4658 8991 4659 8991 4660 8991 4660 8992 4659 8992 4661 8992 4661 8993 4659 8993 4662 8993 4662 8994 4659 8994 4663 8994 4662 8995 4663 8995 4664 8995 4664 8996 4663 8996 4665 8996 4665 8997 4663 8997 4666 8997 4665 8998 4666 8998 4667 8998 4667 8999 4666 8999 4668 8999 4668 9000 4666 9000 4669 9000 4669 9001 4666 9001 4670 9001 4669 9002 4670 9002 4671 9002 4671 9003 4670 9003 4672 9003 4671 9004 4672 9004 4673 9004 4673 9005 4672 9005 4494 9005 4494 9006 4672 9006 4674 9006 4494 9007 4674 9007 4495 9007 4495 9008 4674 9008 4675 9008 4675 9009 4674 9009 4497 9009 4497 9010 4674 9010 4676 9010 4497 9011 4676 9011 4498 9011 4498 9012 4676 9012 4677 9012 4677 9013 4676 9013 4678 9013 4677 9014 4678 9014 4499 9014 4499 9015 4678 9015 4679 9015 4499 9016 4679 9016 4680 9016 4680 9017 4679 9017 4681 9017 4681 9018 4679 9018 4682 9018 4681 9019 4682 9019 4683 9019 4683 9020 4682 9020 4684 9020 4683 9021 4684 9021 4685 9021 4685 9022 4684 9022 4686 9022 4686 9023 4684 9023 4687 9023 4686 9024 4687 9024 4688 9024 4688 9025 4687 9025 4689 9025 4688 9026 4689 9026 4690 9026 4690 9027 4689 9027 4691 9027 4691 9028 4689 9028 4692 9028 4691 9029 4692 9029 4693 9029 4693 9030 4692 9030 4694 9030 4694 9031 4692 9031 4695 9031 4695 9032 4692 9032 4696 9032 4695 9033 4696 9033 4697 9033 4697 9034 4696 9034 4612 9034 4697 9035 4612 9035 4611 9035 4408 9036 4406 9036 4409 9036 4403 9037 4414 9037 4401 9037 4503 9038 4400 9038 4412 9038 4698 9039 4699 9039 4700 9039 4701 9040 4702 9040 4703 9040 4704 9041 4703 9041 4702 9041 4705 9042 4700 9042 4699 9042 4706 9043 4703 9043 4707 9043 4698 9044 4706 9044 4707 9044 4700 9045 4705 9045 4708 9045 4708 9046 4709 9046 4700 9046 4700 9047 4709 9047 4710 9047 4700 9048 4706 9048 4698 9048 4706 9049 4701 9049 4703 9049 4711 9050 4712 9050 4713 9050 4711 9051 4713 9051 4706 9051 4706 9052 4713 9052 4701 9052 4714 9053 4715 9053 4711 9053 4711 9054 4715 9054 4712 9054 4712 9055 4716 9055 4713 9055 4702 9056 4717 9056 4718 9056 4718 9057 4719 9057 4702 9057 4704 9058 4702 9058 4720 9058 4702 9059 4719 9059 4720 9059 4703 9060 4721 9060 4707 9060 4707 9061 4721 9061 4722 9061 4707 9062 4722 9062 4698 9062 4698 9063 4722 9063 4723 9063 4698 9064 4723 9064 4699 9064 4699 9065 4723 9065 4724 9065 4699 9066 4724 9066 4725 9066 4545 9067 4547 9067 4726 9067 4727 9068 4728 9068 4358 9068 4358 9069 4728 9069 4555 9069 4553 9070 4552 9070 4729 9070 4582 9071 4205 9071 4584 9071 4594 9072 4730 9072 4595 9072 4731 9073 4194 9073 4193 9073 4731 9074 4594 9074 4194 9074 4531 9075 4602 9075 4732 9075 4602 9076 4531 9076 4530 9076 4602 9077 4530 9077 4603 9077 4600 9078 4599 9078 4733 9078 4733 9079 4599 9079 4598 9079 4597 9080 4734 9080 4598 9080 4734 9081 4597 9081 4596 9081 4596 9082 4595 9082 4730 9082 4214 9083 4213 9083 4583 9083 4583 9084 4580 9084 4735 9084 4735 9085 4580 9085 4591 9085 4735 9086 4591 9086 4736 9086 4736 9087 4591 9087 4590 9087 4736 9088 4590 9088 4737 9088 4586 9089 4738 9089 4589 9089 4737 9090 4590 9090 4589 9090 4589 9091 4587 9091 4586 9091 4217 9092 4216 9092 4586 9092 4586 9093 4216 9093 4738 9093 4586 9094 4585 9094 4217 9094 4213 9095 4581 9095 4583 9095 4581 9096 4207 9096 4205 9096 4215 9097 4202 9097 4211 9097 4211 9098 4202 9098 4201 9098 4204 9099 4203 9099 4585 9099 4211 9100 4201 9100 4212 9100 4201 9101 4206 9101 4213 9101 4213 9102 4206 9102 4207 9102 4213 9103 4207 9103 4581 9103 4208 9104 4217 9104 4209 9104 4209 9105 4217 9105 4585 9105 4209 9106 4585 9106 4203 9106 4208 9107 4202 9107 4217 9107 4217 9108 4202 9108 4215 9108 4201 9109 4213 9109 4212 9109 4739 9110 4740 9110 4741 9110 4741 9111 4742 9111 4743 9111 4743 9112 4742 9112 4712 9112 4740 9113 4742 9113 4741 9113 4739 9114 4702 9114 4701 9114 4739 9115 4701 9115 4740 9115 4702 9116 4739 9116 4741 9116 4743 9117 4718 9117 4717 9117 4743 9118 4717 9118 4741 9118 4741 9119 4717 9119 4702 9119 4740 9120 4713 9120 4742 9120 4742 9121 4713 9121 4716 9121 4742 9122 4716 9122 4712 9122 4701 9123 4713 9123 4740 9123 4710 9124 4744 9124 4745 9124 4746 9125 4710 9125 4747 9125 4747 9126 4710 9126 4714 9126 4714 9127 4710 9127 4745 9127 4746 9128 4747 9128 4706 9128 4746 9129 4706 9129 4700 9129 4747 9130 4711 9130 4706 9130 4745 9131 4715 9131 4714 9131 4747 9132 4714 9132 4711 9132 4746 9133 4700 9133 4710 9133 4710 9134 4709 9134 4744 9134 4459 9135 4748 9135 4456 9135 4456 9136 4749 9136 4457 9136 4705 9137 4447 9137 4404 9137 4705 9138 4404 9138 4708 9138 4402 9139 4709 9139 4404 9139 4404 9140 4709 9140 4708 9140 4718 9141 4438 9141 4719 9141 4719 9142 4438 9142 4437 9142 4719 9143 4437 9143 4440 9143 4719 9144 4440 9144 4720 9144 4439 9145 4704 9145 4440 9145 4440 9146 4704 9146 4720 9146 4404 9147 4447 9147 4750 9147 4750 9148 4447 9148 4446 9148 4750 9149 4451 9149 4455 9149 4455 9150 4451 9150 4453 9150 4750 9151 4446 9151 4451 9151 4441 9152 4440 9152 4411 9152 4751 9153 4441 9153 4411 9153 4751 9154 4444 9154 4441 9154 4457 9155 4609 9155 4752 9155 4609 9156 4457 9156 4606 9156 4602 9157 4606 9157 4732 9157 4606 9158 4457 9158 4732 9158 4610 9159 4457 9159 4195 9159 4457 9160 4610 9160 4732 9160 4732 9161 4610 9161 4191 9161 4732 9162 4191 9162 4190 9162 4195 9163 4194 9163 4610 9163 4195 9164 4457 9164 4749 9164 4753 9165 4249 9165 4754 9165 4755 9166 4756 9166 4757 9166 4756 9167 4758 9167 4757 9167 4757 9168 4758 9168 4759 9168 4758 9169 4760 9169 4759 9169 4759 9170 4760 9170 4761 9170 4760 9171 4762 9171 4761 9171 4761 9172 4762 9172 4763 9172 4761 9173 4763 9173 4764 9173 4763 9174 4765 9174 4764 9174 4765 9175 4766 9175 4764 9175 4764 9176 4766 9176 4767 9176 4766 9177 4768 9177 4767 9177 4767 9178 4768 9178 4769 9178 4769 9179 4768 9179 4770 9179 4771 9180 4227 9180 4772 9180 4772 9181 4227 9181 4773 9181 4773 9182 4291 9182 4774 9182 4774 9183 4291 9183 4775 9183 4776 9184 4777 9184 4778 9184 4776 9185 4778 9185 4779 9185 4776 9186 4779 9186 4780 9186 4780 9187 4779 9187 4781 9187 4780 9188 4781 9188 4782 9188 4782 9189 4781 9189 4783 9189 4782 9190 4783 9190 4784 9190 4783 9191 4241 9191 4784 9191 4784 9192 4241 9192 4785 9192 4786 9193 4787 9193 4788 9193 4788 9194 4787 9194 4244 9194 4788 9195 4244 9195 4789 9195 4790 9196 4791 9196 4574 9196 4792 9197 4725 9197 4793 9197 4792 9198 4793 9198 4794 9198 4795 9199 4792 9199 4794 9199 4796 9200 4449 9200 4448 9200 4797 9201 4794 9201 4449 9201 4794 9202 4797 9202 4795 9202 4796 9203 4448 9203 4798 9203 4798 9204 4448 9204 4799 9204 4798 9205 4799 9205 4800 9205 4800 9206 4799 9206 4792 9206 4800 9207 4792 9207 4801 9207 4801 9208 4792 9208 4795 9208 4802 9209 4797 9209 4449 9209 4796 9210 4802 9210 4449 9210 4796 9211 4803 9211 4802 9211 4798 9212 4803 9212 4796 9212 4798 9213 4804 9213 4803 9213 4804 9214 4798 9214 4800 9214 4804 9215 4800 9215 4805 9215 4800 9216 4801 9216 4805 9216 4806 9217 4807 9217 4808 9217 4808 9218 4807 9218 4809 9218 4808 9219 4809 9219 4810 9219 4808 9220 4810 9220 4811 9220 4811 9221 4810 9221 4812 9221 4811 9222 4812 9222 4813 9222 4811 9223 4813 9223 4814 9223 4814 9224 4813 9224 4815 9224 4815 9225 4813 9225 4816 9225 4815 9226 4816 9226 4806 9226 4806 9227 4816 9227 4807 9227 4817 9228 4818 9228 4819 9228 4819 9229 4818 9229 4820 9229 4819 9230 4820 9230 4821 9230 4821 9231 4820 9231 4822 9231 4821 9232 4822 9232 4545 9232 4821 9233 4545 9233 4823 9233 4823 9234 4545 9234 4824 9234 4823 9235 4824 9235 4825 9235 4825 9236 4824 9236 4724 9236 4825 9237 4724 9237 4817 9237 4817 9238 4724 9238 4818 9238 4826 9239 4827 9239 4828 9239 4826 9240 4828 9240 4829 9240 4829 9241 4828 9241 4830 9241 4829 9242 4830 9242 4831 9242 4831 9243 4830 9243 4832 9243 4831 9244 4832 9244 4833 9244 4831 9245 4833 9245 4834 9245 4834 9246 4833 9246 4835 9246 4834 9247 4835 9247 4836 9247 4836 9248 4835 9248 4837 9248 4836 9249 4837 9249 4826 9249 4826 9250 4837 9250 4827 9250 4838 9251 4839 9251 4840 9251 4838 9252 4840 9252 4841 9252 4841 9253 4840 9253 4842 9253 4841 9254 4842 9254 4843 9254 4843 9255 4842 9255 4844 9255 4843 9256 4844 9256 4845 9256 4845 9257 4844 9257 4846 9257 4845 9258 4846 9258 4847 9258 4847 9259 4846 9259 4848 9259 4847 9260 4848 9260 4849 9260 4847 9261 4849 9261 4850 9261 4850 9262 4849 9262 4839 9262 4850 9263 4839 9263 4838 9263 4851 9264 4852 9264 4287 9264 4853 9265 4219 9265 4284 9265 4227 9266 4226 9266 4282 9266 4243 9267 4789 9267 4244 9267 4854 9268 4244 9268 4787 9268 4854 9269 4787 9269 4855 9269 4855 9270 4787 9270 4786 9270 4855 9271 4786 9271 4240 9271 4786 9272 4785 9272 4240 9272 4240 9273 4785 9273 4241 9273 4856 9274 4286 9274 4779 9274 4779 9275 4778 9275 4856 9275 4856 9276 4778 9276 4857 9276 4778 9277 4777 9277 4857 9277 4857 9278 4777 9278 4858 9278 4777 9279 4859 9279 4858 9279 4858 9280 4859 9280 4860 9280 4775 9281 4290 9281 4860 9281 4775 9282 4860 9282 4859 9282 4861 9283 4228 9283 4227 9283 4227 9284 4771 9284 4861 9284 4861 9285 4771 9285 4862 9285 4771 9286 4769 9286 4862 9286 4862 9287 4769 9287 4770 9287 4862 9288 4770 9288 4863 9288 4863 9289 4770 9289 4768 9289 4863 9290 4768 9290 4864 9290 4864 9291 4768 9291 4766 9291 4864 9292 4766 9292 4285 9292 4853 9293 4758 9293 4756 9293 4853 9294 4756 9294 4865 9294 4865 9295 4756 9295 4755 9295 4755 9296 4866 9296 4865 9296 4865 9297 4866 9297 4867 9297 4867 9298 4866 9298 4754 9298 4867 9299 4754 9299 4249 9299 4291 9300 4773 9300 4292 9300 4775 9301 4291 9301 4290 9301 4779 9302 4286 9302 4781 9302 4781 9303 4286 9303 4283 9303 4781 9304 4283 9304 4783 9304 4783 9305 4283 9305 4242 9305 4242 9306 4241 9306 4783 9306 4287 9307 4852 9307 4289 9307 4289 9308 4852 9308 4243 9308 4243 9309 4852 9309 4789 9309 4851 9310 4287 9310 4288 9310 4851 9311 4288 9311 4753 9311 4753 9312 4288 9312 4250 9312 4753 9313 4250 9313 4249 9313 4284 9314 4760 9314 4758 9314 4284 9315 4758 9315 4853 9315 4281 9316 4760 9316 4284 9316 4281 9317 4762 9317 4760 9317 4280 9318 4762 9318 4281 9318 4285 9319 4765 9319 4280 9319 4280 9320 4765 9320 4763 9320 4280 9321 4763 9321 4762 9321 4285 9322 4766 9322 4765 9322 4292 9323 4773 9323 4282 9323 4282 9324 4773 9324 4227 9324 4774 9325 4612 9325 4773 9325 4773 9326 4612 9326 4696 9326 4773 9327 4696 9327 4772 9327 4772 9328 4696 9328 4692 9328 4772 9329 4692 9329 4771 9329 4771 9330 4692 9330 4689 9330 4771 9331 4689 9331 4769 9331 4769 9332 4689 9332 4687 9332 4769 9333 4687 9333 4684 9333 4769 9334 4684 9334 4767 9334 4767 9335 4684 9335 4682 9335 4767 9336 4682 9336 4679 9336 4767 9337 4679 9337 4764 9337 4764 9338 4679 9338 4678 9338 4764 9339 4678 9339 4761 9339 4761 9340 4678 9340 4676 9340 4761 9341 4676 9341 4759 9341 4759 9342 4676 9342 4674 9342 4759 9343 4674 9343 4757 9343 4785 9344 4639 9344 4784 9344 4784 9345 4639 9345 4636 9345 4784 9346 4636 9346 4782 9346 4782 9347 4636 9347 4634 9347 4782 9348 4634 9348 4631 9348 4782 9349 4631 9349 4780 9349 4780 9350 4631 9350 4629 9350 4780 9351 4629 9351 4776 9351 4776 9352 4629 9352 4626 9352 4776 9353 4626 9353 4624 9353 4776 9354 4624 9354 4777 9354 4777 9355 4624 9355 4621 9355 4777 9356 4621 9356 4859 9356 4859 9357 4621 9357 4618 9357 4859 9358 4618 9358 4775 9358 4775 9359 4618 9359 4616 9359 4775 9360 4616 9360 4774 9360 4774 9361 4616 9361 4613 9361 4774 9362 4613 9362 4612 9362 4674 9363 4672 9363 4757 9363 4757 9364 4672 9364 4670 9364 4757 9365 4670 9365 4755 9365 4755 9366 4670 9366 4666 9366 4755 9367 4666 9367 4866 9367 4866 9368 4666 9368 4754 9368 4754 9369 4666 9369 4663 9369 4754 9370 4663 9370 4753 9370 4753 9371 4663 9371 4659 9371 4753 9372 4659 9372 4851 9372 4851 9373 4659 9373 4656 9373 4851 9374 4656 9374 4852 9374 4852 9375 4656 9375 4654 9375 4852 9376 4654 9376 4789 9376 4789 9377 4654 9377 4651 9377 4789 9378 4651 9378 4788 9378 4788 9379 4651 9379 4649 9379 4788 9380 4649 9380 4646 9380 4788 9381 4646 9381 4786 9381 4786 9382 4646 9382 4644 9382 4786 9383 4644 9383 4785 9383 4785 9384 4644 9384 4641 9384 4785 9385 4641 9385 4639 9385 4790 9386 4574 9386 4573 9386 4573 9387 4442 9387 4790 9387 4442 9388 4573 9388 4579 9388 4575 9389 4574 9389 4868 9389 4575 9390 4868 9390 4577 9390 4577 9391 4868 9391 4869 9391 4577 9392 4869 9392 4579 9392 4579 9393 4869 9393 4442 9393 4870 9394 4443 9394 4445 9394 4870 9395 4445 9395 4871 9395 4450 9396 4793 9396 4452 9396 4442 9397 4443 9397 4790 9397 4870 9398 4790 9398 4443 9398 4791 9399 4790 9399 4870 9399 4450 9400 4449 9400 4794 9400 4450 9401 4794 9401 4793 9401 4726 9402 4454 9402 4872 9402 4872 9403 4454 9403 4873 9403 4873 9404 4454 9404 4453 9404 4445 9405 4444 9405 4871 9405 4871 9406 4444 9406 4874 9406 4721 9407 4703 9407 4791 9407 4791 9408 4703 9408 4704 9408 4869 9409 4439 9409 4442 9409 4704 9410 4868 9410 4574 9410 4704 9411 4574 9411 4791 9411 4439 9412 4869 9412 4868 9412 4439 9413 4868 9413 4704 9413 4699 9414 4725 9414 4705 9414 4799 9415 4705 9415 4792 9415 4725 9416 4792 9416 4705 9416 4705 9417 4799 9417 4447 9417 4447 9418 4799 9418 4448 9418 4453 9419 4452 9419 4873 9419 4815 9420 4806 9420 4862 9420 4862 9421 4806 9421 4861 9421 4815 9422 4863 9422 4814 9422 4863 9423 4815 9423 4862 9423 4861 9424 4806 9424 4228 9424 4814 9425 4224 9425 4223 9425 4814 9426 4223 9426 4811 9426 4811 9427 4223 9427 4278 9427 4225 9428 4864 9428 4285 9428 4864 9429 4225 9429 4224 9429 4863 9430 4864 9430 4814 9430 4814 9431 4864 9431 4224 9431 4811 9432 4278 9432 4808 9432 4808 9433 4278 9433 4229 9433 4808 9434 4229 9434 4806 9434 4806 9435 4229 9435 4228 9435 4592 9436 4595 9436 4597 9436 4875 9437 4382 9437 4522 9437 4876 9438 4527 9438 4525 9438 4876 9439 4525 9439 4877 9439 4875 9440 4383 9440 4382 9440 4400 9441 4503 9441 4398 9441 4394 9442 4398 9442 4391 9442 4391 9443 4398 9443 4510 9443 4391 9444 4510 9444 4390 9444 4388 9445 4390 9445 4513 9445 4388 9446 4513 9446 4387 9446 4387 9447 4513 9447 4385 9447 4459 9448 4460 9448 4878 9448 4878 9449 4460 9449 4879 9449 4879 9450 4460 9450 4880 9450 4880 9451 4460 9451 4466 9451 4880 9452 4466 9452 4436 9452 4436 9453 4466 9453 4432 9453 4415 9454 4417 9454 4484 9454 4484 9455 4417 9455 4421 9455 4484 9456 4421 9456 4478 9456 4478 9457 4421 9457 4424 9457 4478 9458 4424 9458 4428 9458 4471 9459 4428 9459 4429 9459 4471 9460 4429 9460 4432 9460 4471 9461 4432 9461 4466 9461 4551 9462 4881 9462 4882 9462 4883 9463 4551 9463 4882 9463 4551 9464 4883 9464 4340 9464 4357 9465 4340 9465 4356 9465 4340 9466 4357 9466 4551 9466 4884 9467 4726 9467 4547 9467 4547 9468 4548 9468 4353 9468 4547 9469 4885 9469 4884 9469 4355 9470 4547 9470 4354 9470 4885 9471 4547 9471 4355 9471 4547 9472 4353 9472 4354 9472 4552 9473 4444 9473 4729 9473 4886 9474 4887 9474 4729 9474 4362 9475 4360 9475 4361 9475 4729 9476 4887 9476 4360 9476 4362 9477 4553 9477 4360 9477 4360 9478 4553 9478 4729 9478 4888 9479 4210 9479 4212 9479 4218 9480 4564 9480 4563 9480 4557 9481 4555 9481 4561 9481 4561 9482 4555 9482 4738 9482 4561 9483 4738 9483 4562 9483 4889 9484 4728 9484 4890 9484 4890 9485 4728 9485 4891 9485 4190 9486 4192 9486 4892 9486 4892 9487 4192 9487 4728 9487 4892 9488 4728 9488 4893 9488 4893 9489 4728 9489 4889 9489 4842 9490 4840 9490 4192 9490 4192 9491 4840 9491 4728 9491 4839 9492 4555 9492 4728 9492 4598 9493 4589 9493 4733 9493 4563 9494 4216 9494 4218 9494 4555 9495 4557 9495 4556 9495 4362 9496 4564 9496 4554 9496 4554 9497 4564 9497 4218 9497 4589 9498 4598 9498 4737 9498 4212 9499 4214 9499 4888 9499 4888 9500 4214 9500 4583 9500 4888 9501 4583 9501 4894 9501 4894 9502 4583 9502 4735 9502 4555 9503 4839 9503 4849 9503 4849 9504 4848 9504 4555 9504 4555 9505 4848 9505 4738 9505 4738 9506 4848 9506 4846 9506 4738 9507 4846 9507 4844 9507 4728 9508 4840 9508 4839 9508 4563 9509 4560 9509 4216 9509 4216 9510 4560 9510 4738 9510 4738 9511 4560 9511 4559 9511 4738 9512 4559 9512 4562 9512 4192 9513 4601 9513 4600 9513 4894 9514 4735 9514 4736 9514 4192 9515 4844 9515 4842 9515 4600 9516 4733 9516 4192 9516 4192 9517 4733 9517 4589 9517 4192 9518 4589 9518 4844 9518 4738 9519 4844 9519 4589 9519 4734 9520 4736 9520 4737 9520 4734 9521 4596 9521 4736 9521 4736 9522 4596 9522 4894 9522 4737 9523 4598 9523 4734 9523 4894 9524 4193 9524 4196 9524 4193 9525 4894 9525 4596 9525 4193 9526 4596 9526 4730 9526 4594 9527 4731 9527 4730 9527 4730 9528 4731 9528 4193 9528 4888 9529 4810 9529 4809 9529 4218 9530 4210 9530 4554 9530 4554 9531 4210 9531 4888 9531 4554 9532 4888 9532 4809 9532 4813 9533 4812 9533 4721 9533 4871 9534 4816 9534 4813 9534 4554 9535 4809 9535 4807 9535 4721 9536 4812 9536 4722 9536 4812 9537 4810 9537 4722 9537 4816 9538 4552 9538 4807 9538 4816 9539 4874 9539 4552 9539 4816 9540 4871 9540 4874 9540 4888 9541 4724 9541 4723 9541 4888 9542 4723 9542 4810 9542 4810 9543 4723 9543 4722 9543 4554 9544 4807 9544 4552 9544 4813 9545 4721 9545 4870 9545 4813 9546 4870 9546 4871 9546 4721 9547 4791 9547 4870 9547 4452 9548 4793 9548 4724 9548 4888 9549 4822 9549 4820 9549 4888 9550 4820 9550 4818 9550 4724 9551 4793 9551 4725 9551 4452 9552 4724 9552 4824 9552 4452 9553 4824 9553 4873 9553 4818 9554 4724 9554 4888 9554 4546 9555 4822 9555 4888 9555 4545 9556 4872 9556 4824 9556 4824 9557 4872 9557 4873 9557 4546 9558 4545 9558 4822 9558 4827 9559 4837 9559 4566 9559 4551 9560 4833 9560 4832 9560 4895 9561 4881 9561 4832 9561 4832 9562 4881 9562 4551 9562 4896 9563 4897 9563 4832 9563 4832 9564 4830 9564 4896 9564 4896 9565 4830 9565 4898 9565 4898 9566 4830 9566 4899 9566 4899 9567 4830 9567 4894 9567 4894 9568 4830 9568 4828 9568 4894 9569 4828 9569 4827 9569 4888 9570 4571 9570 4570 9570 4895 9571 4832 9571 4897 9571 4894 9572 4827 9572 4566 9572 4894 9573 4566 9573 4568 9573 4894 9574 4568 9574 4888 9574 4888 9575 4568 9575 4569 9575 4888 9576 4569 9576 4571 9576 4550 9577 4835 9577 4551 9577 4550 9578 4567 9578 4837 9578 4837 9579 4567 9579 4566 9579 4833 9580 4551 9580 4835 9580 4888 9581 4570 9581 4352 9581 4888 9582 4352 9582 4546 9582 4546 9583 4352 9583 4549 9583 4546 9584 4549 9584 4548 9584 4550 9585 4837 9585 4835 9585 4323 9586 4360 9586 4887 9586 4727 9587 4384 9587 4728 9587 4383 9588 4891 9588 4728 9588 4383 9589 4728 9589 4384 9589 4891 9590 4383 9590 4890 9590 4890 9591 4383 9591 4875 9591 4890 9592 4875 9592 4889 9592 4889 9593 4875 9593 4522 9593 4889 9594 4522 9594 4893 9594 4893 9595 4522 9595 4527 9595 4893 9596 4527 9596 4892 9596 4892 9597 4527 9597 4876 9597 4892 9598 4876 9598 4877 9598 4892 9599 4877 9599 4732 9599 4892 9600 4732 9600 4190 9600 4900 9601 4386 9601 4727 9601 4727 9602 4386 9602 4384 9602 4328 9603 4387 9603 4900 9603 4900 9604 4387 9604 4386 9604 4330 9605 4388 9605 4387 9605 4387 9606 4328 9606 4330 9606 4388 9607 4330 9607 4332 9607 4388 9608 4332 9608 4389 9608 4389 9609 4332 9609 4544 9609 4389 9610 4544 9610 4392 9610 4392 9611 4320 9611 4393 9611 4392 9612 4544 9612 4321 9612 4392 9613 4321 9613 4320 9613 4320 9614 4323 9614 4393 9614 4393 9615 4323 9615 4395 9615 4395 9616 4323 9616 4887 9616 4395 9617 4887 9617 4396 9617 4396 9618 4887 9618 4886 9618 4396 9619 4886 9619 4397 9619 4397 9620 4886 9620 4399 9620 4399 9621 4886 9621 4729 9621 4552 9622 4874 9622 4444 9622 4729 9623 4444 9623 4399 9623 4399 9624 4444 9624 4400 9624 4400 9625 4444 9625 4751 9625 4751 9626 4412 9626 4400 9626 4411 9627 4412 9627 4751 9627 4411 9628 4438 9628 4410 9628 4743 9629 4410 9629 4718 9629 4718 9630 4410 9630 4438 9630 4715 9631 4407 9631 4712 9631 4407 9632 4408 9632 4712 9632 4712 9633 4408 9633 4743 9633 4743 9634 4408 9634 4410 9634 4407 9635 4745 9635 4405 9635 4407 9636 4715 9636 4745 9636 4744 9637 4402 9637 4405 9637 4744 9638 4405 9638 4745 9638 4744 9639 4709 9639 4402 9639 4404 9640 4750 9640 4403 9640 4455 9641 4403 9641 4750 9641 4455 9642 4413 9642 4403 9642 4726 9643 4872 9643 4545 9643 4454 9644 4416 9644 4455 9644 4455 9645 4416 9645 4413 9645 4416 9646 4454 9646 4726 9646 4416 9647 4726 9647 4884 9647 4416 9648 4884 9648 4418 9648 4418 9649 4884 9649 4885 9649 4418 9650 4885 9650 4419 9650 4419 9651 4885 9651 4355 9651 4419 9652 4355 9652 4420 9652 4420 9653 4355 9653 4345 9653 4420 9654 4345 9654 4422 9654 4422 9655 4345 9655 4347 9655 4423 9656 4347 9656 4425 9656 4426 9657 4565 9657 4424 9657 4424 9658 4565 9658 4341 9658 4424 9659 4341 9659 4427 9659 4427 9660 4341 9660 4338 9660 4427 9661 4338 9661 4430 9661 4430 9662 4338 9662 4340 9662 4430 9663 4340 9663 4431 9663 4431 9664 4340 9664 4883 9664 4431 9665 4883 9665 4433 9665 4433 9666 4883 9666 4882 9666 4895 9667 4435 9667 4881 9667 4881 9668 4435 9668 4434 9668 4881 9669 4434 9669 4882 9669 4882 9670 4434 9670 4433 9670 4897 9671 4436 9671 4895 9671 4895 9672 4436 9672 4435 9672 4459 9673 4899 9673 4894 9673 4894 9674 4748 9674 4459 9674 4748 9675 4894 9675 4196 9675 4196 9676 4195 9676 4748 9676 4748 9677 4195 9677 4749 9677 4748 9678 4749 9678 4456 9678 4899 9679 4459 9679 4898 9679 4898 9680 4459 9680 4878 9680 4898 9681 4878 9681 4896 9681 4896 9682 4878 9682 4879 9682 4896 9683 4879 9683 4897 9683 4897 9684 4879 9684 4880 9684 4897 9685 4880 9685 4436 9685 4795 9686 4668 9686 4669 9686 4795 9687 4669 9687 4801 9687 4668 9688 4795 9688 4797 9688 4490 9689 4797 9689 4802 9689 4490 9690 4802 9690 4489 9690 4489 9691 4802 9691 4803 9691 4489 9692 4803 9692 4492 9692 4803 9693 4804 9693 4492 9693 4804 9694 4805 9694 4671 9694 4671 9695 4805 9695 4801 9695 4671 9696 4801 9696 4669 9696 4492 9697 4804 9697 4671 9697 4493 9698 4673 9698 4494 9698 4673 9699 4493 9699 4492 9699 4673 9700 4492 9700 4671 9700 4496 9701 4675 9701 4497 9701 4675 9702 4496 9702 4495 9702 4677 9703 4406 9703 4498 9703 4499 9704 4406 9704 4677 9704 4681 9705 4500 9705 4680 9705 4680 9706 4500 9706 4499 9706 4502 9707 4501 9707 4683 9707 4683 9708 4501 9708 4681 9708 4681 9709 4501 9709 4500 9709 4685 9710 4502 9710 4683 9710 4686 9711 4572 9711 4685 9711 4572 9712 4576 9712 4685 9712 4685 9713 4576 9713 4502 9713 4502 9714 4576 9714 4503 9714 4576 9715 4578 9715 4503 9715 4503 9716 4578 9716 4504 9716 4688 9717 4504 9717 4573 9717 4688 9718 4573 9718 4686 9718 4686 9719 4573 9719 4572 9719 4530 9720 4524 9720 4630 9720 4633 9721 4605 9721 4632 9721 4632 9722 4605 9722 4604 9722 4632 9723 4604 9723 4630 9723 4630 9724 4604 9724 4603 9724 4630 9725 4603 9725 4530 9725 4635 9726 4607 9726 4633 9726 4633 9727 4607 9727 4605 9727 4637 9728 4608 9728 4635 9728 4635 9729 4608 9729 4607 9729 4637 9730 4609 9730 4608 9730 4458 9731 4457 9731 4752 9731 4638 9732 4458 9732 4752 9732 4638 9733 4752 9733 4637 9733 4637 9734 4752 9734 4609 9734 4611 9735 4293 9735 4295 9735 4611 9736 4295 9736 4534 9736 4296 9737 4293 9737 4614 9737 4614 9738 4293 9738 4611 9738 4298 9739 4296 9739 4300 9739 4512 9740 4302 9740 4300 9740 4512 9741 4303 9741 4302 9741 4536 9742 4307 9742 4697 9742 4536 9743 4697 9743 4534 9743 4611 9744 4534 9744 4697 9744 4697 9745 4307 9745 4695 9745 4695 9746 4307 9746 4303 9746 4303 9747 4512 9747 4695 9747 4695 9748 4512 9748 4511 9748 4695 9749 4511 9749 4694 9749 4511 9750 4509 9750 4694 9750 4694 9751 4509 9751 4508 9751 4694 9752 4508 9752 4693 9752 4693 9753 4508 9753 4507 9753 4693 9754 4507 9754 4691 9754 4507 9755 4506 9755 4691 9755 4691 9756 4506 9756 4690 9756 4504 9757 4688 9757 4505 9757 4505 9758 4688 9758 4690 9758 4505 9759 4690 9759 4506 9759 4797 9760 4490 9760 4668 9760 4668 9761 4490 9761 4491 9761 4668 9762 4491 9762 4667 9762 4667 9763 4491 9763 4486 9763 4667 9764 4486 9764 4665 9764 4665 9765 4486 9765 4488 9765 4665 9766 4488 9766 4664 9766 4488 9767 4487 9767 4664 9767 4664 9768 4487 9768 4662 9768 4487 9769 4483 9769 4662 9769 4662 9770 4483 9770 4661 9770 4483 9771 4485 9771 4661 9771 4661 9772 4485 9772 4660 9772 4485 9773 4482 9773 4660 9773 4660 9774 4482 9774 4481 9774 4660 9775 4481 9775 4658 9775 4658 9776 4481 9776 4477 9776 4658 9777 4477 9777 4657 9777 4657 9778 4477 9778 4480 9778 4657 9779 4480 9779 4655 9779 4480 9780 4479 9780 4655 9780 4655 9781 4479 9781 4653 9781 4479 9782 4474 9782 4653 9782 4653 9783 4474 9783 4476 9783 4653 9784 4476 9784 4652 9784 4476 9785 4475 9785 4652 9785 4652 9786 4475 9786 4650 9786 4475 9787 4473 9787 4650 9787 4650 9788 4473 9788 4472 9788 4650 9789 4472 9789 4648 9789 4472 9790 4470 9790 4648 9790 4648 9791 4470 9791 4469 9791 4648 9792 4469 9792 4647 9792 4469 9793 4468 9793 4647 9793 4647 9794 4468 9794 4645 9794 4468 9795 4467 9795 4645 9795 4645 9796 4467 9796 4465 9796 4645 9797 4465 9797 4643 9797 4643 9798 4465 9798 4464 9798 4643 9799 4464 9799 4642 9799 4464 9800 4463 9800 4642 9800 4642 9801 4463 9801 4640 9801 4463 9802 4462 9802 4640 9802 4640 9803 4462 9803 4461 9803 4640 9804 4461 9804 4638 9804 4638 9805 4461 9805 4458 9805 4524 9806 4526 9806 4630 9806 4630 9807 4526 9807 4529 9807 4630 9808 4529 9808 4628 9808 4628 9809 4529 9809 4528 9809 4628 9810 4528 9810 4627 9810 4528 9811 4521 9811 4627 9811 4627 9812 4521 9812 4625 9812 4521 9813 4523 9813 4625 9813 4625 9814 4523 9814 4623 9814 4523 9815 4520 9815 4623 9815 4623 9816 4520 9816 4519 9816 4623 9817 4519 9817 4622 9817 4622 9818 4519 9818 4518 9818 4622 9819 4518 9819 4620 9819 4620 9820 4518 9820 4517 9820 4620 9821 4517 9821 4619 9821 4619 9822 4517 9822 4385 9822 4619 9823 4385 9823 4617 9823 4617 9824 4385 9824 4516 9824 4617 9825 4516 9825 4615 9825 4514 9826 4296 9826 4614 9826 4514 9827 4614 9827 4515 9827 4515 9828 4614 9828 4615 9828 4515 9829 4615 9829 4516 9829 4823 9830 4825 9830 4865 9830 4867 9831 4823 9831 4865 9831 4819 9832 4266 9832 4817 9832 4817 9833 4266 9833 4220 9833 4817 9834 4220 9834 4825 9834 4249 9835 4247 9835 4867 9835 4867 9836 4247 9836 4823 9836 4865 9837 4825 9837 4853 9837 4823 9838 4247 9838 4821 9838 4821 9839 4247 9839 4268 9839 4821 9840 4268 9840 4819 9840 4819 9841 4268 9841 4266 9841 4825 9842 4220 9842 4853 9842 4853 9843 4220 9843 4219 9843 4270 9844 4245 9844 4834 9844 4855 9845 4831 9845 4854 9845 4836 9846 4273 9846 4271 9846 4836 9847 4271 9847 4834 9847 4834 9848 4271 9848 4270 9848 4854 9849 4831 9849 4834 9849 4245 9850 4244 9850 4854 9850 4834 9851 4245 9851 4854 9851 4829 9852 4238 9852 4826 9852 4826 9853 4238 9853 4273 9853 4826 9854 4273 9854 4836 9854 4240 9855 4238 9855 4829 9855 4240 9856 4829 9856 4855 9856 4829 9857 4831 9857 4855 9857 4856 9858 4234 9858 4286 9858 4860 9859 4290 9859 4233 9859 4843 9860 4235 9860 4856 9860 4856 9861 4235 9861 4234 9861 4845 9862 4276 9862 4274 9862 4845 9863 4274 9863 4843 9863 4843 9864 4274 9864 4235 9864 4233 9865 4232 9865 4838 9865 4838 9866 4232 9866 4850 9866 4850 9867 4232 9867 4847 9867 4847 9868 4232 9868 4276 9868 4847 9869 4276 9869 4845 9869 4858 9870 4860 9870 4838 9870 4838 9871 4860 9871 4233 9871 4858 9872 4838 9872 4841 9872 4858 9873 4841 9873 4857 9873 4857 9874 4841 9874 4856 9874 4856 9875 4841 9875 4843 9875 4191 9876 4593 9876 4601 9876 4601 9877 4192 9877 4191 9877 4531 9878 4732 9878 4877 9878 4531 9879 4877 9879 4525 9879 4556 9880 4558 9880 4358 9880 4900 9881 4727 9881 4328 9881 4328 9882 4358 9882 4359 9882 4727 9883 4358 9883 4328 9883 4901 9884 4902 9884 4903 9884 4902 9885 4904 9885 4903 9885 4903 9886 4904 9886 4905 9886 4905 9887 4906 9887 4903 9887 4906 9888 4907 9888 4903 9888 4907 9889 4908 9889 4903 9889 4908 9890 4909 9890 4903 9890 4903 9891 4909 9891 4910 9891 4903 9892 4910 9892 4911 9892 4903 9893 4911 9893 4912 9893 4912 9894 4913 9894 4903 9894 4903 9895 4913 9895 4914 9895 4914 9896 4913 9896 4915 9896 4915 9897 4916 9897 4914 9897 4914 9898 4916 9898 4917 9898 4917 9899 4918 9899 4914 9899 4918 9900 4919 9900 4914 9900 4919 9901 4920 9901 4914 9901 4920 9902 4921 9902 4914 9902 4914 9903 4921 9903 4903 9903 4903 9904 4921 9904 4901 9904 4922 9905 4923 9905 4924 9905 4924 9906 4923 9906 4925 9906 4925 9907 4923 9907 4926 9907 4926 9908 4923 9908 4927 9908 4926 9909 4927 9909 4928 9909 4928 9910 4927 9910 4929 9910 4929 9911 4927 9911 4930 9911 4930 9912 4927 9912 4931 9912 4931 9913 4927 9913 4932 9913 4932 9914 4927 9914 4923 9914 4932 9915 4923 9915 4933 9915 4933 9916 4923 9916 4934 9916 4934 9917 4923 9917 4935 9917 4935 9918 4923 9918 4936 9918 4936 9919 4923 9919 4937 9919 4937 9920 4923 9920 4938 9920 4938 9921 4923 9921 4939 9921 4939 9922 4923 9922 4940 9922 4940 9923 4923 9923 4941 9923 4941 9924 4923 9924 4942 9924 4942 9925 4923 9925 4922 9925 4922 9926 4911 9926 4910 9926 4922 9927 4910 9927 4942 9927 4942 9928 4910 9928 4909 9928 4942 9929 4909 9929 4941 9929 4909 9930 4908 9930 4941 9930 4941 9931 4908 9931 4940 9931 4908 9932 4907 9932 4940 9932 4940 9933 4907 9933 4939 9933 4939 9934 4907 9934 4906 9934 4939 9935 4906 9935 4938 9935 4938 9936 4906 9936 4905 9936 4938 9937 4905 9937 4937 9937 4937 9938 4905 9938 4904 9938 4937 9939 4904 9939 4936 9939 4936 9940 4904 9940 4902 9940 4936 9941 4902 9941 4935 9941 4935 9942 4902 9942 4901 9942 4935 9943 4901 9943 4934 9943 4934 9944 4901 9944 4921 9944 4934 9945 4921 9945 4933 9945 4933 9946 4921 9946 4920 9946 4933 9947 4920 9947 4932 9947 4932 9948 4920 9948 4919 9948 4932 9949 4919 9949 4931 9949 4931 9950 4919 9950 4918 9950 4931 9951 4918 9951 4930 9951 4930 9952 4918 9952 4917 9952 4930 9953 4917 9953 4929 9953 4929 9954 4917 9954 4916 9954 4929 9955 4916 9955 4928 9955 4928 9956 4916 9956 4915 9956 4928 9957 4915 9957 4926 9957 4926 9958 4915 9958 4913 9958 4926 9959 4913 9959 4925 9959 4925 9960 4913 9960 4912 9960 4925 9961 4912 9961 4924 9961 4924 9962 4912 9962 4911 9962 4924 9963 4911 9963 4922 9963 4943 9964 4944 9964 4945 9964 4944 9965 4946 9965 4945 9965 4945 9966 4946 9966 4947 9966 4947 9967 4948 9967 4949 9967 4943 9968 4949 9968 4950 9968 4945 9969 4951 9969 4949 9969 4949 9970 4951 9970 4947 9970 4947 9971 4952 9971 4945 9971 4950 9972 4944 9972 4943 9972 4949 9973 4943 9973 4945 9973 4952 9974 4951 9974 4945 9974 4952 9975 4947 9975 4953 9975 4953 9976 4947 9976 4951 9976 4954 9977 4953 9977 4951 9977 4954 9978 4951 9978 4952 9978 4954 9979 4952 9979 4953 9979 4955 9980 4944 9980 4950 9980 4956 9981 4944 9981 4955 9981 4956 9982 4946 9982 4944 9982 4946 9983 4956 9983 4957 9983 4957 9984 4947 9984 4946 9984 4957 9985 4948 9985 4947 9985 4948 9986 4958 9986 4949 9986 4958 9987 4950 9987 4949 9987 4958 9988 4959 9988 4950 9988 4960 9989 4961 9989 4962 9989 4963 9990 4964 9990 4965 9990 4965 9991 4964 9991 4966 9991 4966 9992 4964 9992 4967 9992 4967 9993 4964 9993 4968 9993 4968 9994 4964 9994 4969 9994 4969 9995 4964 9995 4970 9995 4964 9996 4963 9996 4970 9996 4971 9997 4972 9997 4973 9997 4973 9998 4972 9998 4974 9998 4974 9999 4972 9999 4975 9999 4974 10000 4975 10000 4976 10000 4976 10001 4975 10001 4977 10001 4978 10002 4979 10002 4980 10002 4981 10003 4960 10003 4982 10003 4977 10004 4979 10004 4976 10004 4976 10005 4979 10005 4978 10005 4960 10006 4981 10006 4961 10006 4961 10007 4981 10007 4983 10007 4961 10008 4983 10008 4984 10008 4961 10009 4984 10009 4971 10009 4971 10010 4984 10010 4972 10010 4980 10011 4979 10011 4985 10011 4980 10012 4985 10012 4960 10012 4960 10013 4985 10013 4982 10013 4963 10014 4984 10014 4983 10014 4963 10015 4983 10015 4970 10015 4970 10016 4983 10016 4981 10016 4970 10017 4981 10017 4982 10017 4970 10018 4982 10018 4969 10018 4969 10019 4982 10019 4985 10019 4969 10020 4985 10020 4968 10020 4968 10021 4985 10021 4979 10021 4968 10022 4979 10022 4967 10022 4967 10023 4979 10023 4977 10023 4967 10024 4977 10024 4966 10024 4966 10025 4977 10025 4975 10025 4966 10026 4975 10026 4972 10026 4966 10027 4972 10027 4965 10027 4965 10028 4972 10028 4963 10028 4963 10029 4972 10029 4984 10029 4986 10030 4987 10030 4988 10030 4986 10031 4988 10031 4989 10031 4989 10032 4988 10032 4990 10032 4989 10033 4990 10033 4991 10033 4991 10034 4990 10034 4992 10034 4992 10035 4990 10035 4993 10035 4993 10036 4990 10036 4958 10036 4993 10037 4958 10037 4994 10037 4994 10038 4958 10038 4995 10038 4994 10039 4995 10039 4996 10039 4996 10040 4995 10040 4997 10040 4997 10041 4995 10041 4987 10041 4997 10042 4987 10042 4998 10042 4998 10043 4987 10043 4986 10043 4999 10044 4988 10044 5000 10044 5000 10045 4988 10045 4987 10045 4955 10046 4988 10046 4999 10046 5001 10047 4990 10047 4955 10047 4955 10048 4990 10048 4988 10048 4959 10049 4990 10049 5001 10049 4959 10050 4958 10050 4990 10050 4948 10051 4995 10051 4958 10051 4957 10052 4987 10052 4948 10052 4948 10053 4987 10053 4995 10053 5000 10054 4987 10054 4957 10054 5002 10055 4986 10055 5003 10055 5003 10056 4986 10056 4989 10056 5004 10057 4989 10057 4991 10057 5004 10058 4991 10058 4992 10058 5004 10059 4992 10059 5005 10059 5005 10060 4992 10060 4993 10060 5005 10061 4993 10061 5006 10061 5006 10062 4993 10062 4994 10062 5006 10063 4994 10063 5007 10063 5007 10064 4994 10064 4996 10064 5008 10065 4996 10065 4997 10065 5008 10066 4997 10066 5009 10066 5009 10067 4997 10067 5010 10067 5010 10068 4997 10068 4998 10068 5010 10069 4998 10069 5002 10069 5002 10070 4998 10070 4986 10070 5011 10071 5008 10071 5009 10071 5007 10072 4996 10072 5008 10072 5002 10073 5012 10073 5010 10073 4989 10074 5004 10074 4962 10074 5011 10075 5009 10075 5013 10075 5013 10076 5009 10076 5010 10076 5013 10077 5010 10077 5012 10077 5003 10078 4989 10078 4962 10078 4950 10079 4959 10079 5001 10079 4950 10080 5001 10080 4955 10080 4956 10081 4955 10081 4999 10081 4956 10082 4999 10082 5000 10082 4956 10083 5000 10083 4957 10083 5008 10084 5011 10084 4976 10084 4976 10085 5011 10085 4974 10085 5012 10086 5002 10086 4971 10086 4962 10087 5004 10087 4960 10087 4960 10088 5004 10088 5005 10088 4960 10089 5005 10089 5006 10089 4960 10090 5006 10090 4980 10090 5012 10091 4971 10091 4973 10091 5012 10092 4973 10092 5013 10092 5013 10093 4973 10093 4974 10093 5013 10094 4974 10094 5011 10094 5008 10095 4976 10095 4978 10095 5008 10096 4978 10096 5007 10096 5007 10097 4978 10097 4980 10097 5007 10098 4980 10098 5006 10098 4961 10099 5003 10099 4962 10099 5003 10100 4961 10100 4971 10100 5003 10101 4971 10101 5002 10101 5014 10102 5015 10102 5016 10102 5017 10103 5018 10103 5014 10103 5014 10104 5016 10104 5017 10104 5019 10105 5018 10105 5020 10105 5019 10106 5020 10106 5021 10106 5019 10107 5021 10107 5022 10107 5022 10108 5021 10108 5023 10108 5022 10109 5023 10109 5017 10109 5017 10110 5016 10110 5022 10110 5019 10111 5022 10111 5015 10111 5015 10112 5022 10112 5016 10112 5018 10113 5019 10113 5014 10113 5014 10114 5019 10114 5015 10114 5024 10115 5021 10115 5020 10115 5024 10116 5023 10116 5021 10116 5025 10117 5026 10117 5027 10117 5028 10118 5029 10118 5030 10118 5030 10119 5031 10119 5032 10119 5032 10120 5031 10120 5033 10120 5033 10121 5031 10121 5034 10121 5033 10122 5034 10122 5028 10122 5028 10123 5034 10123 5029 10123 5035 10124 5036 10124 5037 10124 5037 10125 5036 10125 5038 10125 5037 10126 5038 10126 5039 10126 5040 10127 5041 10127 5035 10127 5035 10128 5041 10128 5036 10128 5042 10129 5043 10129 5040 10129 5040 10130 5043 10130 5041 10130 5044 10131 5045 10131 5046 10131 5046 10132 5045 10132 5047 10132 5046 10133 5047 10133 5042 10133 5042 10134 5047 10134 5043 10134 5048 10135 5049 10135 5050 10135 5050 10136 5049 10136 5044 10136 5051 10137 5052 10137 5048 10137 5048 10138 5052 10138 5049 10138 5053 10139 5054 10139 5055 10139 5053 10140 5055 10140 5051 10140 5051 10141 5055 10141 5052 10141 5056 10142 5057 10142 5058 10142 5058 10143 5057 10143 5059 10143 5058 10144 5059 10144 5060 10144 5060 10145 5059 10145 5054 10145 5060 10146 5054 10146 5053 10146 5061 10147 5062 10147 5063 10147 5056 10148 5063 10148 5057 10148 5064 10149 5065 10149 5066 10149 5066 10150 5065 10150 5067 10150 5066 10151 5067 10151 5061 10151 5061 10152 5067 10152 5062 10152 5068 10153 5069 10153 5070 10153 5068 10154 5070 10154 5064 10154 5064 10155 5070 10155 5065 10155 5071 10156 5072 10156 5073 10156 5073 10157 5072 10157 5074 10157 5073 10158 5074 10158 5075 10158 5075 10159 5074 10159 5076 10159 5075 10160 5076 10160 5077 10160 5077 10161 5076 10161 5069 10161 5077 10162 5069 10162 5068 10162 5078 10163 5079 10163 5080 10163 5071 10164 5080 10164 5072 10164 5081 10165 5082 10165 5083 10165 5081 10166 5083 10166 5084 10166 5084 10167 5083 10167 5079 10167 5084 10168 5079 10168 5078 10168 5085 10169 5086 10169 5087 10169 5088 10170 5087 10170 5082 10170 5088 10171 5082 10171 5081 10171 5039 10172 5038 10172 5089 10172 5039 10173 5089 10173 5090 10173 5090 10174 5089 10174 5091 10174 5090 10175 5091 10175 5092 10175 5092 10176 5091 10176 5086 10176 5092 10177 5086 10177 5085 10177 5077 10178 5068 10178 5032 10178 5050 10179 5044 10179 5028 10179 5081 10180 5084 10180 5033 10180 5032 10181 5033 10181 5073 10181 5037 10182 5033 10182 5035 10182 5028 10183 5048 10183 5050 10183 5030 10184 5048 10184 5028 10184 5048 10185 5030 10185 5051 10185 5032 10186 5053 10186 5030 10186 5033 10187 5090 10187 5092 10187 5030 10188 5053 10188 5051 10188 5033 10189 5084 10189 5078 10189 5033 10190 5078 10190 5071 10190 5033 10191 5071 10191 5073 10191 5042 10192 5035 10192 5046 10192 5060 10193 5053 10193 5032 10193 5033 10194 5092 10194 5081 10194 5081 10195 5092 10195 5085 10195 5085 10196 5087 10196 5088 10196 5085 10197 5088 10197 5081 10197 5028 10198 5044 10198 5033 10198 5058 10199 5060 10199 5032 10199 5064 10200 5058 10200 5032 10200 5044 10201 5046 10201 5033 10201 5033 10202 5046 10202 5035 10202 5061 10203 5056 10203 5066 10203 5066 10204 5056 10204 5064 10204 5064 10205 5056 10205 5058 10205 5032 10206 5068 10206 5064 10206 5032 10207 5073 10207 5075 10207 5032 10208 5075 10208 5077 10208 5071 10209 5078 10209 5080 10209 5039 10210 5090 10210 5033 10210 5037 10211 5039 10211 5033 10211 5040 10212 5035 10212 5042 10212 5061 10213 5063 10213 5056 10213 5083 10214 5086 10214 5024 10214 5083 10215 5082 10215 5086 10215 5086 10216 5082 10216 5087 10216 5079 10217 5072 10217 5080 10217 5072 10218 5079 10218 5024 10218 5093 10219 5074 10219 5072 10219 5094 10220 5069 10220 5076 10220 5094 10221 5076 10221 5093 10221 5093 10222 5076 10222 5074 10222 5094 10223 5065 10223 5069 10223 5069 10224 5065 10224 5070 10224 5065 10225 5094 10225 5067 10225 5067 10226 5094 10226 5062 10226 5094 10227 5095 10227 5062 10227 5095 10228 5094 10228 5093 10228 5095 10229 5059 10229 5057 10229 5095 10230 5057 10230 5062 10230 5057 10231 5063 10231 5062 10231 5026 10232 5059 10232 5095 10232 5054 10233 5059 10233 5023 10233 5054 10234 5052 10234 5055 10234 5031 10235 5030 10235 5052 10235 5023 10236 5031 10236 5052 10236 5023 10237 5052 10237 5054 10237 5029 10238 5049 10238 5030 10238 5029 10239 5034 10239 5023 10239 5023 10240 5034 10240 5031 10240 5052 10241 5030 10241 5049 10241 5049 10242 5045 10242 5044 10242 5049 10243 5029 10243 5045 10243 5043 10244 5096 10244 5041 10244 5096 10245 5045 10245 5029 10245 5047 10246 5096 10246 5043 10246 5045 10247 5096 10247 5047 10247 5096 10248 5036 10248 5041 10248 5096 10249 5038 10249 5036 10249 5024 10250 5091 10250 5089 10250 5024 10251 5086 10251 5091 10251 5089 10252 5096 10252 5024 10252 5038 10253 5096 10253 5089 10253 5093 10254 5020 10254 5018 10254 5026 10255 5018 10255 5017 10255 5026 10256 5017 10256 5023 10256 5079 10257 5083 10257 5024 10257 5018 10258 5026 10258 5093 10258 5093 10259 5026 10259 5025 10259 5025 10260 5027 10260 5093 10260 5093 10261 5027 10261 5097 10261 5095 10262 5027 10262 5026 10262 5093 10263 5097 10263 5095 10263 5095 10264 5097 10264 5027 10264 5024 10265 5020 10265 5093 10265 5024 10266 5093 10266 5072 10266 5024 10267 5096 10267 5023 10267 5096 10268 5029 10268 5023 10268 5026 10269 5023 10269 5059 10269 5098 10270 5099 10270 5100 10270 5100 10271 5101 10271 5102 10271 5102 10272 5101 10272 5103 10272 5103 10273 5101 10273 5099 10273 5103 10274 5099 10274 5098 10274 5104 10275 5105 10275 5106 10275 5104 10276 5106 10276 5107 10276 5108 10277 5107 10277 5109 10277 5108 10278 5109 10278 5110 10278 5110 10279 5109 10279 5105 10279 5110 10280 5105 10280 5104 10280 5111 10281 5112 10281 5098 10281 5098 10282 5112 10282 5103 10282 5102 10283 5113 10283 5114 10283 5115 10284 5116 10284 5107 10284 5098 10285 5100 10285 5114 10285 5117 10286 5104 10286 5112 10286 5102 10287 5116 10287 5113 10287 5104 10288 5117 10288 5118 10288 5104 10289 5118 10289 5110 10289 5115 10290 5107 10290 5119 10290 5119 10291 5107 10291 5108 10291 5119 10292 5108 10292 5118 10292 5118 10293 5108 10293 5110 10293 5114 10294 5100 10294 5102 10294 5116 10295 5102 10295 5107 10295 5107 10296 5102 10296 5104 10296 5104 10297 5102 10297 5103 10297 5104 10298 5103 10298 5112 10298 5120 10299 5121 10299 5112 10299 5112 10300 5121 10300 5117 10300 5122 10301 5117 10301 5121 10301 5123 10302 5118 10302 5117 10302 5123 10303 5117 10303 5122 10303 5123 10304 5124 10304 5118 10304 5118 10305 5124 10305 5119 10305 5125 10306 5116 10306 5115 10306 5115 10307 5119 10307 5124 10307 5125 10308 5114 10308 5113 10308 5113 10309 5116 10309 5125 10309 5111 10310 5098 10310 5114 10310 5111 10311 5114 10311 5125 10311 5111 10312 5120 10312 5112 10312 5106 10313 5105 10313 5121 10313 5120 10314 5101 10314 5100 10314 5120 10315 5100 10315 5099 10315 5107 10316 5106 10316 5124 10316 5120 10317 5111 10317 5101 10317 5125 10318 5115 10318 5124 10318 5122 10319 5121 10319 5123 10319 5121 10320 5105 10320 5123 10320 5123 10321 5105 10321 5109 10321 5123 10322 5109 10322 5124 10322 5124 10323 5109 10323 5107 10323 5124 10324 5106 10324 5125 10324 5101 10325 5111 10325 5125 10325 5099 10326 5106 10326 5120 10326 5120 10327 5106 10327 5121 10327 5101 10328 5125 10328 5106 10328 5101 10329 5106 10329 5099 10329 5126 10330 5127 10330 5128 10330 5129 10331 5130 10331 5131 10331 5132 10332 5130 10332 5129 10332 5132 10333 5133 10333 5130 10333 5134 10334 5135 10334 5136 10334 5134 10335 5136 10335 5137 10335 5138 10336 5139 10336 5140 10336 5141 10337 5142 10337 5143 10337 5141 10338 5144 10338 5142 10338 5145 10339 5146 10339 5147 10339 5148 10340 5132 10340 5129 10340 5134 10341 5149 10341 5135 10341 5135 10342 5139 10342 5150 10342 5150 10343 5139 10343 5151 10343 5152 10344 5153 10344 5154 10344 5155 10345 5156 10345 5157 10345 5157 10346 5148 10346 5155 10346 5158 10347 5159 10347 5160 10347 5161 10348 5162 10348 5163 10348 5161 10349 5163 10349 5164 10349 5161 10350 5164 10350 5165 10350 5165 10351 5164 10351 5158 10351 5166 10352 5161 10352 5165 10352 5166 10353 5165 10353 5167 10353 5167 10354 5165 10354 5158 10354 5168 10355 5169 10355 5170 10355 5171 10356 5167 10356 5172 10356 5171 10357 5166 10357 5167 10357 5173 10358 5166 10358 5171 10358 5172 10359 5167 10359 5168 10359 5172 10360 5168 10360 5170 10360 5172 10361 5174 10361 5175 10361 5172 10362 5175 10362 5171 10362 5175 10363 5176 10363 5171 10363 5171 10364 5176 10364 5173 10364 5173 10365 5176 10365 5177 10365 5173 10366 5177 10366 5178 10366 5178 10367 5177 10367 5179 10367 5178 10368 5179 10368 5180 10368 5180 10369 5179 10369 5181 10369 5180 10370 5181 10370 5182 10370 5183 10371 5174 10371 5184 10371 5183 10372 5184 10372 5185 10372 5186 10373 5187 10373 5185 10373 5185 10374 5187 10374 5183 10374 5188 10375 5189 10375 5183 10375 5186 10376 5183 10376 5190 10376 5191 10377 5186 10377 5190 10377 5190 10378 5183 10378 5189 10378 5183 10379 5192 10379 5188 10379 5193 10380 5191 10380 5190 10380 5190 10381 5189 10381 5194 10381 5189 10382 5188 10382 5194 10382 5195 10383 5194 10383 5188 10383 5190 10384 5194 10384 5193 10384 5195 10385 5139 10385 5135 10385 5195 10386 5135 10386 5194 10386 5194 10387 5135 10387 5133 10387 5194 10388 5133 10388 5148 10388 5194 10389 5148 10389 5193 10389 5196 10390 5141 10390 5139 10390 5145 10391 5197 10391 5196 10391 5148 10392 5198 10392 5145 10392 5199 10393 5131 10393 5200 10393 5155 10394 5201 10394 5202 10394 5201 10395 5199 10395 5200 10395 5131 10396 5130 10396 5203 10396 5130 10397 5204 10397 5203 10397 5205 10398 5204 10398 5137 10398 5136 10399 5205 10399 5137 10399 5202 10400 5206 10400 5207 10400 5208 10401 5206 10401 5200 10401 5200 10402 5206 10402 5202 10402 5202 10403 5201 10403 5200 10403 5203 10404 5209 10404 5200 10404 5200 10405 5209 10405 5208 10405 5210 10406 5209 10406 5203 10406 5200 10407 5131 10407 5203 10407 5211 10408 5210 10408 5205 10408 5205 10409 5210 10409 5203 10409 5205 10410 5203 10410 5204 10410 5136 10411 5211 10411 5205 10411 5208 10412 5212 10412 5213 10412 5213 10413 5206 10413 5208 10413 5208 10414 5209 10414 5212 10414 5209 10415 5214 10415 5212 10415 5214 10416 5209 10416 5210 10416 5214 10417 5210 10417 5215 10417 5210 10418 5211 10418 5215 10418 5211 10419 5136 10419 5215 10419 5136 10420 5216 10420 5215 10420 5136 10421 5138 10421 5216 10421 5216 10422 5217 10422 5218 10422 5219 10423 5215 10423 5216 10423 5220 10424 5221 10424 5206 10424 5221 10425 5222 10425 5223 10425 5216 10426 5224 10426 5225 10426 5225 10427 5224 10427 5226 10427 5227 10428 5226 10428 5224 10428 5224 10429 5218 10429 5227 10429 5227 10430 5218 10430 5228 10430 5229 10431 5228 10431 5218 10431 5230 10432 5229 10432 5218 10432 5230 10433 5223 10433 5222 10433 5206 10434 5221 10434 5223 10434 5219 10435 5225 10435 5231 10435 5232 10436 5233 10436 5221 10436 5234 10437 5235 10437 5227 10437 5222 10438 5221 10438 5233 10438 5225 10439 5226 10439 5235 10439 5227 10440 5235 10440 5226 10440 5234 10441 5227 10441 5228 10441 5236 10442 5234 10442 5228 10442 5228 10443 5229 10443 5236 10443 5237 10444 5236 10444 5229 10444 5230 10445 5222 10445 5237 10445 5237 10446 5222 10446 5233 10446 5232 10447 5221 10447 5220 10447 5232 10448 5238 10448 5233 10448 5233 10449 5238 10449 5239 10449 5240 10450 5237 10450 5241 10450 5241 10451 5237 10451 5233 10451 5241 10452 5233 10452 5239 10452 5242 10453 5237 10453 5240 10453 5242 10454 5236 10454 5237 10454 5243 10455 5236 10455 5242 10455 5236 10456 5243 10456 5234 10456 5234 10457 5243 10457 5244 10457 5245 10458 5234 10458 5244 10458 5246 10459 5235 10459 5245 10459 5245 10460 5235 10460 5234 10460 5247 10461 5248 10461 5249 10461 5247 10462 5249 10462 5250 10462 5250 10463 5249 10463 5251 10463 5250 10464 5251 10464 5252 10464 5252 10465 5251 10465 5253 10465 5252 10466 5253 10466 5254 10466 5254 10467 5253 10467 5246 10467 5255 10468 5256 10468 5257 10468 5257 10469 5258 10469 5259 10469 5257 10470 5256 10470 5258 10470 5260 10471 5255 10471 5261 10471 5261 10472 5255 10472 5257 10472 5261 10473 5262 10473 5260 10473 5263 10474 5264 10474 5265 10474 5266 10475 5267 10475 5268 10475 5268 10476 5267 10476 5269 10476 5268 10477 5269 10477 5265 10477 5270 10478 5259 10478 5271 10478 5270 10479 5271 10479 5272 10479 5273 10480 5274 10480 5268 10480 5268 10481 5274 10481 5266 10481 5275 10482 5273 10482 5264 10482 5265 10483 5264 10483 5273 10483 5265 10484 5273 10484 5268 10484 5269 10485 5267 10485 5276 10485 5265 10486 5269 10486 5263 10486 5272 10487 5269 10487 5276 10487 5272 10488 5276 10488 5270 10488 5269 10489 5272 10489 5263 10489 5277 10490 5160 10490 5159 10490 5278 10491 5279 10491 5277 10491 5277 10492 5279 10492 5160 10492 5278 10493 5280 10493 5279 10493 5280 10494 5281 10494 5282 10494 5201 10495 5155 10495 5199 10495 5199 10496 5155 10496 5148 10496 5133 10497 5132 10497 5148 10497 5130 10498 5133 10498 5204 10498 5240 10499 5283 10499 5242 10499 5239 10500 5284 10500 5241 10500 5241 10501 5284 10501 5285 10501 5241 10502 5285 10502 5240 10502 5240 10503 5285 10503 5283 10503 5286 10504 5287 10504 5238 10504 5238 10505 5287 10505 5284 10505 5238 10506 5284 10506 5239 10506 5288 10507 5289 10507 5287 10507 5288 10508 5287 10508 5286 10508 5248 10509 5247 10509 5290 10509 5248 10510 5290 10510 5291 10510 5291 10511 5290 10511 5288 10511 5288 10512 5290 10512 5289 10512 5262 10513 5261 10513 5292 10513 5293 10514 5284 10514 5294 10514 5284 10515 5295 10515 5294 10515 5295 10516 5296 10516 5297 10516 5290 10517 5266 10517 5298 10517 5275 10518 5299 10518 5300 10518 5295 10519 5301 10519 5294 10519 5262 10520 5292 10520 5302 10520 5303 10521 5293 10521 5304 10521 5301 10522 5295 10522 5305 10522 5301 10523 5305 10523 5128 10523 5297 10524 5306 10524 5305 10524 5307 10525 5262 10525 5302 10525 5308 10526 5302 10526 5281 10526 5302 10527 5309 10527 5281 10527 5302 10528 5292 10528 5303 10528 5302 10529 5303 10529 5310 10529 5302 10530 5310 10530 5309 10530 5304 10531 5310 10531 5303 10531 5310 10532 5304 10532 5309 10532 5304 10533 5127 10533 5309 10533 5294 10534 5304 10534 5293 10534 5128 10535 5127 10535 5301 10535 5301 10536 5127 10536 5304 10536 5301 10537 5304 10537 5294 10537 5295 10538 5297 10538 5305 10538 5305 10539 5311 10539 5128 10539 5305 10540 5312 10540 5311 10540 5306 10541 5312 10541 5305 10541 5296 10542 5306 10542 5297 10542 5306 10543 5296 10543 5300 10543 5300 10544 5312 10544 5306 10544 5296 10545 5298 10545 5300 10545 5312 10546 5300 10546 5299 10546 5274 10547 5275 10547 5300 10547 5300 10548 5298 10548 5274 10548 5274 10549 5273 10549 5275 10549 5298 10550 5266 10550 5274 10550 5312 10551 5299 10551 5313 10551 5311 10552 5126 10552 5128 10552 5299 10553 5275 10553 5313 10553 5309 10554 5126 10554 5314 10554 5314 10555 5126 10555 5315 10555 5126 10556 5311 10556 5315 10556 5315 10557 5311 10557 5316 10557 5311 10558 5317 10558 5316 10558 5311 10559 5313 10559 5317 10559 5312 10560 5313 10560 5311 10560 5275 10561 5163 10561 5313 10561 5313 10562 5162 10562 5318 10562 5281 10563 5319 10563 5282 10563 5319 10564 5281 10564 5309 10564 5319 10565 5309 10565 5314 10565 5320 10566 5314 10566 5315 10566 5320 10567 5315 10567 5321 10567 5321 10568 5315 10568 5316 10568 5321 10569 5316 10569 5322 10569 5322 10570 5316 10570 5317 10570 5322 10571 5317 10571 5313 10571 5322 10572 5313 10572 5318 10572 5322 10573 5318 10573 5161 10573 5161 10574 5318 10574 5162 10574 5319 10575 5314 10575 5320 10575 5168 10576 5319 10576 5320 10576 5321 10577 5322 10577 5166 10577 5166 10578 5322 10578 5161 10578 5180 10579 5166 10579 5178 10579 5166 10580 5173 10580 5178 10580 5182 10581 5321 10581 5180 10581 5323 10582 5320 10582 5182 10582 5182 10583 5320 10583 5321 10583 5320 10584 5323 10584 5169 10584 5320 10585 5169 10585 5168 10585 5180 10586 5321 10586 5166 10586 5159 10587 5263 10587 5277 10587 5309 10588 5127 10588 5126 10588 5292 10589 5293 10589 5303 10589 5196 10590 5197 10590 5144 10590 5198 10591 5146 10591 5145 10591 5144 10592 5141 10592 5196 10592 5163 10593 5275 10593 5264 10593 5264 10594 5263 10594 5159 10594 5313 10595 5163 10595 5162 10595 5264 10596 5159 10596 5163 10596 5163 10597 5159 10597 5164 10597 5159 10598 5158 10598 5164 10598 5256 10599 5324 10599 5258 10599 5255 10600 5325 10600 5256 10600 5262 10601 5307 10601 5260 10601 5271 10602 5259 10602 5324 10602 5324 10603 5256 10603 5325 10603 5255 10604 5260 10604 5325 10604 5307 10605 5302 10605 5308 10605 5272 10606 5271 10606 5263 10606 5263 10607 5271 10607 5277 10607 5271 10608 5278 10608 5277 10608 5259 10609 5258 10609 5324 10609 5271 10610 5324 10610 5278 10610 5326 10611 5280 10611 5278 10611 5326 10612 5278 10612 5324 10612 5326 10613 5324 10613 5325 10613 5308 10614 5280 10614 5326 10614 5308 10615 5326 10615 5307 10615 5307 10616 5326 10616 5325 10616 5307 10617 5325 10617 5260 10617 5308 10618 5281 10618 5280 10618 5267 10619 5266 10619 5290 10619 5276 10620 5267 10620 5252 10620 5252 10621 5270 10621 5276 10621 5252 10622 5259 10622 5270 10622 5254 10623 5246 10623 5245 10623 5254 10624 5245 10624 5257 10624 5257 10625 5245 10625 5244 10625 5243 10626 5257 10626 5244 10626 5242 10627 5283 10627 5261 10627 5242 10628 5261 10628 5243 10628 5243 10629 5261 10629 5257 10629 5235 10630 5246 10630 5225 10630 5225 10631 5246 10631 5253 10631 5225 10632 5253 10632 5231 10632 5249 10633 5327 10633 5251 10633 5251 10634 5327 10634 5231 10634 5251 10635 5231 10635 5253 10635 5248 10636 5328 10636 5249 10636 5249 10637 5328 10637 5327 10637 5248 10638 5329 10638 5328 10638 5329 10639 5248 10639 5291 10639 5288 10640 5232 10640 5330 10640 5288 10641 5330 10641 5329 10641 5288 10642 5329 10642 5291 10642 5232 10643 5288 10643 5286 10643 5238 10644 5232 10644 5286 10644 5331 10645 5332 10645 5327 10645 5328 10646 5331 10646 5327 10646 5330 10647 5232 10647 5220 10647 5231 10648 5327 10648 5332 10648 5230 10649 5237 10649 5229 10649 5225 10650 5219 10650 5216 10650 5332 10651 5331 10651 5215 10651 5328 10652 5329 10652 5214 10652 5329 10653 5330 10653 5212 10653 5213 10654 5220 10654 5206 10654 5220 10655 5213 10655 5330 10655 5213 10656 5212 10656 5330 10656 5214 10657 5329 10657 5212 10657 5215 10658 5331 10658 5214 10658 5331 10659 5328 10659 5214 10659 5215 10660 5219 10660 5332 10660 5231 10661 5332 10661 5219 10661 5223 10662 5230 10662 5333 10662 5230 10663 5218 10663 5333 10663 5218 10664 5224 10664 5216 10664 5217 10665 5216 10665 5138 10665 5217 10666 5334 10666 5218 10666 5334 10667 5335 10667 5218 10667 5218 10668 5335 10668 5333 10668 5335 10669 5336 10669 5333 10669 5333 10670 5336 10670 5223 10670 5336 10671 5337 10671 5223 10671 5223 10672 5337 10672 5338 10672 5223 10673 5338 10673 5206 10673 5206 10674 5338 10674 5207 10674 5198 10675 5155 10675 5202 10675 5146 10676 5198 10676 5339 10676 5144 10677 5197 10677 5340 10677 5138 10678 5140 10678 5341 10678 5340 10679 5197 10679 5147 10679 5339 10680 5340 10680 5147 10680 5339 10681 5147 10681 5146 10681 5140 10682 5142 10682 5341 10682 5341 10683 5142 10683 5342 10683 5341 10684 5217 10684 5138 10684 5334 10685 5217 10685 5341 10685 5341 10686 5342 10686 5334 10686 5335 10687 5334 10687 5342 10687 5342 10688 5336 10688 5335 10688 5340 10689 5336 10689 5342 10689 5340 10690 5337 10690 5336 10690 5339 10691 5337 10691 5340 10691 5142 10692 5144 10692 5342 10692 5340 10693 5342 10693 5144 10693 5338 10694 5337 10694 5339 10694 5339 10695 5207 10695 5338 10695 5198 10696 5202 10696 5339 10696 5339 10697 5202 10697 5207 10697 5193 10698 5148 10698 5145 10698 5193 10699 5145 10699 5196 10699 5193 10700 5196 10700 5195 10700 5195 10701 5196 10701 5139 10701 5188 10702 5192 10702 5195 10702 5192 10703 5343 10703 5195 10703 5195 10704 5343 10704 5344 10704 5193 10705 5195 10705 5191 10705 5191 10706 5195 10706 5344 10706 5344 10707 5187 10707 5186 10707 5191 10708 5344 10708 5186 10708 5192 10709 5187 10709 5343 10709 5343 10710 5187 10710 5344 10710 5192 10711 5183 10711 5187 10711 5176 10712 5179 10712 5177 10712 5186 10713 5181 10713 5183 10713 5183 10714 5181 10714 5179 10714 5183 10715 5179 10715 5176 10715 5183 10716 5176 10716 5175 10716 5183 10717 5175 10717 5174 10717 5181 10718 5186 10718 5182 10718 5182 10719 5186 10719 5323 10719 5186 10720 5185 10720 5323 10720 5323 10721 5185 10721 5169 10721 5169 10722 5185 10722 5170 10722 5170 10723 5185 10723 5184 10723 5170 10724 5184 10724 5174 10724 5170 10725 5174 10725 5172 10725 5167 10726 5158 10726 5160 10726 5167 10727 5160 10727 5279 10727 5167 10728 5279 10728 5345 10728 5345 10729 5279 10729 5280 10729 5345 10730 5280 10730 5282 10730 5345 10731 5282 10731 5319 10731 5168 10732 5167 10732 5345 10732 5168 10733 5345 10733 5319 10733 5156 10734 5198 10734 5157 10734 5198 10735 5156 10735 5155 10735 5148 10736 5157 10736 5198 10736 5154 10737 5153 10737 5145 10737 5143 10738 5139 10738 5141 10738 5150 10739 5151 10739 5346 10739 5145 10740 5152 10740 5154 10740 5197 10741 5145 10741 5153 10741 5197 10742 5153 10742 5152 10742 5152 10743 5147 10743 5197 10743 5145 10744 5147 10744 5152 10744 5143 10745 5140 10745 5139 10745 5140 10746 5143 10746 5142 10746 5346 10747 5151 10747 5139 10747 5136 10748 5135 10748 5346 10748 5138 10749 5136 10749 5346 10749 5139 10750 5138 10750 5346 10750 5135 10751 5150 10751 5346 10751 5134 10752 5137 10752 5204 10752 5149 10753 5133 10753 5135 10753 5204 10754 5149 10754 5134 10754 5204 10755 5133 10755 5149 10755 5129 10756 5131 10756 5199 10756 5129 10757 5199 10757 5148 10757 5290 10758 5247 10758 5250 10758 5254 10759 5259 10759 5252 10759 5250 10760 5267 10760 5290 10760 5252 10761 5267 10761 5250 10761 5292 10762 5261 10762 5283 10762 5292 10763 5283 10763 5285 10763 5284 10764 5287 10764 5295 10764 5290 10765 5298 10765 5289 10765 5289 10766 5298 10766 5296 10766 5289 10767 5296 10767 5295 10767 5289 10768 5295 10768 5287 10768 5284 10769 5293 10769 5285 10769 5285 10770 5293 10770 5292 10770 5254 10771 5257 10771 5259 10771 5347 10772 5348 10772 5349 10772 5350 10773 5351 10773 5352 10773 5353 10774 5354 10774 5355 10774 5354 10775 5353 10775 5356 10775 5357 10776 5353 10776 5358 10776 5358 10777 5359 10777 5357 10777 5359 10778 5358 10778 5360 10778 5361 10779 5362 10779 5363 10779 5364 10780 5365 10780 5362 10780 5366 10781 5367 10781 5368 10781 5368 10782 5367 10782 5369 10782 5370 10783 5371 10783 5372 10783 5372 10784 5373 10784 5370 10784 5374 10785 5353 10785 5357 10785 5357 10786 5359 10786 5374 10786 5373 10787 5372 10787 5375 10787 5376 10788 5377 10788 5378 10788 5377 10789 5376 10789 5379 10789 5380 10790 5381 10790 5382 10790 5380 10791 5382 10791 5383 10791 5383 10792 5382 10792 5384 10792 5383 10793 5384 10793 5385 10793 5383 10794 5385 10794 5386 10794 5387 10795 5380 10795 5383 10795 5387 10796 5383 10796 5386 10796 5387 10797 5386 10797 5388 10797 5389 10798 5388 10798 5390 10798 5390 10799 5388 10799 5391 10799 5392 10800 5388 10800 5389 10800 5393 10801 5387 10801 5394 10801 5394 10802 5387 10802 5392 10802 5392 10803 5387 10803 5388 10803 5392 10804 5395 10804 5394 10804 5395 10805 5396 10805 5394 10805 5394 10806 5396 10806 5393 10806 5396 10807 5397 10807 5393 10807 5393 10808 5397 10808 5398 10808 5393 10809 5398 10809 5399 10809 5398 10810 5400 10810 5399 10810 5399 10811 5400 10811 5401 10811 5402 10812 5395 10812 5403 10812 5404 10813 5405 10813 5402 10813 5396 10814 5406 10814 5407 10814 5405 10815 5404 10815 5408 10815 5405 10816 5408 10816 5409 10816 5407 10817 5408 10817 5404 10817 5404 10818 5396 10818 5407 10818 5410 10819 5409 10819 5408 10819 5406 10820 5411 10820 5407 10820 5407 10821 5411 10821 5412 10821 5407 10822 5412 10822 5408 10822 5408 10823 5412 10823 5410 10823 5411 10824 5365 10824 5353 10824 5411 10825 5353 10825 5412 10825 5412 10826 5353 10826 5413 10826 5412 10827 5413 10827 5414 10827 5365 10828 5369 10828 5362 10828 5369 10829 5373 10829 5415 10829 5414 10830 5370 10830 5373 10830 5358 10831 5416 10831 5417 10831 5354 10832 5356 10832 5418 10832 5419 10833 5354 10833 5420 10833 5377 10834 5419 10834 5420 10834 5418 10835 5356 10835 5421 10835 5416 10836 5361 10836 5417 10836 5421 10837 5356 10837 5360 10837 5421 10838 5360 10838 5358 10838 5422 10839 5421 10839 5417 10839 5417 10840 5421 10840 5358 10840 5378 10841 5377 10841 5423 10841 5423 10842 5424 10842 5425 10842 5426 10843 5424 10843 5423 10843 5423 10844 5420 10844 5426 10844 5420 10845 5427 10845 5426 10845 5418 10846 5427 10846 5420 10846 5420 10847 5423 10847 5377 10847 5418 10848 5428 10848 5427 10848 5418 10849 5421 10849 5428 10849 5421 10850 5429 10850 5428 10850 5418 10851 5420 10851 5354 10851 5422 10852 5429 10852 5421 10852 5417 10853 5430 10853 5422 10853 5431 10854 5428 10854 5429 10854 5432 10855 5425 10855 5424 10855 5432 10856 5424 10856 5433 10856 5424 10857 5426 10857 5433 10857 5433 10858 5426 10858 5427 10858 5433 10859 5427 10859 5431 10859 5427 10860 5428 10860 5431 10860 5429 10861 5422 10861 5434 10861 5434 10862 5422 10862 5435 10862 5422 10863 5430 10863 5435 10863 5436 10864 5437 10864 5435 10864 5438 10865 5435 10865 5437 10865 5439 10866 5436 10866 5435 10866 5440 10867 5436 10867 5439 10867 5436 10868 5440 10868 5441 10868 5441 10869 5440 10869 5442 10869 5440 10870 5443 10870 5442 10870 5442 10871 5443 10871 5444 10871 5432 10872 5444 10872 5443 10872 5438 10873 5437 10873 5445 10873 5436 10874 5445 10874 5437 10874 5446 10875 5444 10875 5432 10875 5432 10876 5447 10876 5446 10876 5446 10877 5448 10877 5449 10877 5446 10878 5449 10878 5450 10878 5446 10879 5450 10879 5444 10879 5451 10880 5442 10880 5444 10880 5451 10881 5444 10881 5450 10881 5452 10882 5441 10882 5442 10882 5452 10883 5442 10883 5451 10883 5453 10884 5441 10884 5452 10884 5454 10885 5445 10885 5436 10885 5454 10886 5436 10886 5453 10886 5453 10887 5436 10887 5441 10887 5445 10888 5454 10888 5455 10888 5456 10889 5438 10889 5445 10889 5456 10890 5445 10890 5455 10890 5457 10891 5458 10891 5438 10891 5457 10892 5438 10892 5456 10892 5459 10893 5460 10893 5461 10893 5459 10894 5461 10894 5462 10894 5462 10895 5461 10895 5463 10895 5462 10896 5463 10896 5464 10896 5464 10897 5463 10897 5465 10897 5464 10898 5465 10898 5457 10898 5464 10899 5457 10899 5466 10899 5467 10900 5468 10900 5469 10900 5470 10901 5471 10901 5469 10901 5468 10902 5470 10902 5469 10902 5472 10903 5473 10903 5467 10903 5467 10904 5473 10904 5474 10904 5350 10905 5475 10905 5476 10905 5477 10906 5478 10906 5479 10906 5479 10907 5478 10907 5476 10907 5480 10908 5471 10908 5481 10908 5482 10909 5483 10909 5484 10909 5485 10910 5486 10910 5483 10910 5483 10911 5475 10911 5484 10911 5486 10912 5477 10912 5483 10912 5483 10913 5477 10913 5479 10913 5483 10914 5479 10914 5475 10914 5479 10915 5476 10915 5475 10915 5481 10916 5350 10916 5476 10916 5480 10917 5476 10917 5478 10917 5476 10918 5480 10918 5481 10918 5350 10919 5481 10919 5351 10919 5487 10920 5488 10920 5352 10920 5487 10921 5489 10921 5488 10921 5489 10922 5490 10922 5491 10922 5490 10923 5492 10923 5491 10923 5377 10924 5379 10924 5414 10924 5365 10925 5416 10925 5358 10925 5450 10926 5493 10926 5451 10926 5451 10927 5493 10927 5494 10927 5451 10928 5494 10928 5452 10928 5495 10929 5496 10929 5497 10929 5495 10930 5497 10930 5448 10930 5448 10931 5497 10931 5498 10931 5448 10932 5498 10932 5449 10932 5449 10933 5498 10933 5450 10933 5450 10934 5498 10934 5493 10934 5499 10935 5500 10935 5501 10935 5501 10936 5500 10936 5496 10936 5501 10937 5496 10937 5495 10937 5460 10938 5459 10938 5502 10938 5460 10939 5502 10939 5503 10939 5503 10940 5502 10940 5500 10940 5503 10941 5500 10941 5499 10941 5504 10942 5505 10942 5494 10942 5505 10943 5506 10943 5494 10943 5494 10944 5506 10944 5472 10944 5494 10945 5493 10945 5504 10945 5493 10946 5507 10946 5504 10946 5508 10947 5507 10947 5498 10947 5508 10948 5509 10948 5510 10948 5511 10949 5512 10949 5509 10949 5459 10950 5485 10950 5511 10950 5349 10951 5492 10951 5513 10951 5508 10952 5514 10952 5507 10952 5512 10953 5515 10953 5509 10953 5505 10954 5504 10954 5513 10954 5347 10955 5514 10955 5516 10955 5516 10956 5510 10956 5515 10956 5516 10957 5515 10957 5517 10957 5511 10958 5485 10958 5482 10958 5518 10959 5519 10959 5520 10959 5518 10960 5521 10960 5519 10960 5520 10961 5519 10961 5490 10961 5519 10962 5492 10962 5490 10962 5513 10963 5519 10963 5521 10963 5521 10964 5506 10964 5505 10964 5521 10965 5505 10965 5513 10965 5519 10966 5513 10966 5492 10966 5514 10967 5513 10967 5504 10967 5513 10968 5347 10968 5349 10968 5347 10969 5513 10969 5514 10969 5507 10970 5514 10970 5504 10970 5514 10971 5508 10971 5516 10971 5347 10972 5516 10972 5348 10972 5517 10973 5348 10973 5516 10973 5508 10974 5510 10974 5516 10974 5510 10975 5509 10975 5515 10975 5348 10976 5517 10976 5522 10976 5515 10977 5523 10977 5517 10977 5523 10978 5524 10978 5517 10978 5515 10979 5512 10979 5523 10979 5512 10980 5511 10980 5523 10980 5523 10981 5482 10981 5524 10981 5484 10982 5524 10982 5482 10982 5482 10983 5523 10983 5511 10983 5483 10984 5482 10984 5485 10984 5349 10985 5525 10985 5492 10985 5349 10986 5526 10986 5525 10986 5349 10987 5348 10987 5526 10987 5348 10988 5527 10988 5526 10988 5348 10989 5528 10989 5527 10989 5348 10990 5522 10990 5528 10990 5522 10991 5524 10991 5528 10991 5492 10992 5391 10992 5529 10992 5492 10993 5529 10993 5491 10993 5391 10994 5492 10994 5525 10994 5391 10995 5525 10995 5526 10995 5391 10996 5526 10996 5527 10996 5530 10997 5528 10997 5524 10997 5530 10998 5524 10998 5380 10998 5380 10999 5524 10999 5484 10999 5530 11000 5527 11000 5528 11000 5391 11001 5527 11001 5530 11001 5387 11002 5530 11002 5380 11002 5390 11003 5391 11003 5531 11003 5399 11004 5530 11004 5387 11004 5399 11005 5387 11005 5393 11005 5531 11006 5391 11006 5401 11006 5401 11007 5530 11007 5399 11007 5401 11008 5391 11008 5530 11008 5381 11009 5350 11009 5352 11009 5522 11010 5517 11010 5524 11010 5351 11011 5487 11011 5352 11011 5472 11012 5506 11012 5521 11012 5368 11013 5369 11013 5415 11013 5475 11014 5350 11014 5381 11014 5381 11015 5380 11015 5484 11015 5475 11016 5381 11016 5484 11016 5381 11017 5384 11017 5382 11017 5381 11018 5352 11018 5384 11018 5384 11019 5352 11019 5385 11019 5472 11020 5521 11020 5473 11020 5532 11021 5487 11021 5351 11021 5532 11022 5470 11022 5533 11022 5532 11023 5533 11023 5487 11023 5470 11024 5468 11024 5533 11024 5533 11025 5468 11025 5520 11025 5533 11026 5520 11026 5489 11026 5481 11027 5532 11027 5351 11027 5532 11028 5481 11028 5471 11028 5471 11029 5470 11029 5532 11029 5533 11030 5489 11030 5487 11030 5474 11031 5520 11031 5468 11031 5474 11032 5468 11032 5467 11032 5518 11033 5520 11033 5474 11033 5518 11034 5474 11034 5473 11034 5520 11035 5490 11035 5489 11035 5518 11036 5473 11036 5521 11036 5459 11037 5486 11037 5485 11037 5478 11038 5477 11038 5486 11038 5478 11039 5464 11039 5480 11039 5464 11040 5471 11040 5480 11040 5466 11041 5457 11041 5456 11041 5466 11042 5456 11042 5469 11042 5469 11043 5456 11043 5455 11043 5454 11044 5469 11044 5455 11044 5452 11045 5494 11045 5534 11045 5452 11046 5534 11046 5453 11046 5453 11047 5534 11047 5454 11047 5454 11048 5534 11048 5469 11048 5458 11049 5457 11049 5465 11049 5458 11050 5465 11050 5535 11050 5535 11051 5465 11051 5463 11051 5461 11052 5535 11052 5463 11052 5460 11053 5536 11053 5535 11053 5460 11054 5535 11054 5461 11054 5503 11055 5536 11055 5460 11055 5536 11056 5503 11056 5537 11056 5501 11057 5538 11057 5537 11057 5501 11058 5537 11058 5499 11058 5499 11059 5537 11059 5503 11059 5538 11060 5501 11060 5447 11060 5447 11061 5501 11061 5495 11061 5448 11062 5446 11062 5495 11062 5495 11063 5446 11063 5447 11063 5536 11064 5429 11064 5535 11064 5538 11065 5447 11065 5539 11065 5538 11066 5540 11066 5537 11066 5541 11067 5537 11067 5540 11067 5537 11068 5541 11068 5536 11068 5541 11069 5429 11069 5536 11069 5535 11070 5429 11070 5542 11070 5542 11071 5458 11071 5535 11071 5541 11072 5540 11072 5431 11072 5540 11073 5538 11073 5433 11073 5538 11074 5539 11074 5433 11074 5433 11075 5539 11075 5432 11075 5432 11076 5539 11076 5447 11076 5431 11077 5540 11077 5433 11077 5541 11078 5431 11078 5429 11078 5542 11079 5429 11079 5434 11079 5435 11080 5458 11080 5542 11080 5435 11081 5542 11081 5434 11081 5458 11082 5435 11082 5438 11082 5439 11083 5543 11083 5440 11083 5440 11084 5371 11084 5443 11084 5443 11085 5371 11085 5432 11085 5440 11086 5543 11086 5544 11086 5370 11087 5378 11087 5423 11087 5362 11088 5366 11088 5545 11088 5361 11089 5363 11089 5417 11089 5368 11090 5415 11090 5544 11090 5544 11091 5415 11091 5371 11091 5371 11092 5370 11092 5546 11092 5547 11093 5362 11093 5545 11093 5366 11094 5368 11094 5545 11094 5417 11095 5547 11095 5430 11095 5547 11096 5435 11096 5430 11096 5547 11097 5439 11097 5435 11097 5545 11098 5439 11098 5547 11098 5543 11099 5439 11099 5545 11099 5417 11100 5363 11100 5547 11100 5362 11101 5547 11101 5363 11101 5545 11102 5544 11102 5543 11102 5371 11103 5440 11103 5544 11103 5544 11104 5545 11104 5368 11104 5546 11105 5432 11105 5371 11105 5546 11106 5425 11106 5432 11106 5370 11107 5425 11107 5546 11107 5370 11108 5423 11108 5425 11108 5413 11109 5419 11109 5377 11109 5414 11110 5413 11110 5377 11110 5365 11111 5358 11111 5353 11111 5412 11112 5414 11112 5373 11112 5412 11113 5373 11113 5410 11113 5410 11114 5373 11114 5369 11114 5410 11115 5369 11115 5411 11115 5411 11116 5369 11116 5365 11116 5411 11117 5548 11117 5549 11117 5410 11118 5549 11118 5405 11118 5410 11119 5405 11119 5409 11119 5410 11120 5411 11120 5549 11120 5548 11121 5411 11121 5406 11121 5549 11122 5548 11122 5402 11122 5548 11123 5406 11123 5396 11123 5396 11124 5402 11124 5548 11124 5402 11125 5405 11125 5549 11125 5404 11126 5402 11126 5400 11126 5404 11127 5400 11127 5398 11127 5404 11128 5398 11128 5397 11128 5404 11129 5397 11129 5396 11129 5396 11130 5395 11130 5402 11130 5401 11131 5400 11131 5531 11131 5531 11132 5400 11132 5402 11132 5531 11133 5402 11133 5390 11133 5390 11134 5402 11134 5403 11134 5390 11135 5403 11135 5389 11135 5403 11136 5395 11136 5389 11136 5395 11137 5392 11137 5389 11137 5488 11138 5386 11138 5385 11138 5386 11139 5488 11139 5489 11139 5386 11140 5489 11140 5529 11140 5529 11141 5489 11141 5491 11141 5388 11142 5386 11142 5529 11142 5388 11143 5529 11143 5391 11143 5385 11144 5352 11144 5488 11144 5414 11145 5379 11145 5376 11145 5370 11146 5376 11146 5378 11146 5414 11147 5376 11147 5370 11147 5365 11148 5364 11148 5550 11148 5413 11149 5353 11149 5355 11149 5415 11150 5375 11150 5372 11150 5372 11151 5371 11151 5415 11151 5375 11152 5415 11152 5373 11152 5367 11153 5366 11153 5362 11153 5367 11154 5362 11154 5369 11154 5362 11155 5550 11155 5364 11155 5362 11156 5361 11156 5550 11156 5550 11157 5361 11157 5416 11157 5416 11158 5365 11158 5550 11158 5374 11159 5360 11159 5356 11159 5359 11160 5360 11160 5374 11160 5374 11161 5356 11161 5353 11161 5355 11162 5419 11162 5413 11162 5419 11163 5355 11163 5354 11163 5459 11164 5462 11164 5486 11164 5486 11165 5462 11165 5478 11165 5462 11166 5464 11166 5478 11166 5498 11167 5497 11167 5508 11167 5508 11168 5497 11168 5496 11168 5502 11169 5459 11169 5511 11169 5502 11170 5511 11170 5500 11170 5500 11171 5511 11171 5509 11171 5500 11172 5509 11172 5496 11172 5496 11173 5509 11173 5508 11173 5498 11174 5507 11174 5493 11174 5471 11175 5464 11175 5466 11175 5471 11176 5466 11176 5469 11176 5494 11177 5472 11177 5534 11177 5469 11178 5534 11178 5467 11178 5534 11179 5472 11179 5467 11179 5551 11180 5552 11180 5553 11180 5554 11181 5555 11181 5556 11181 5557 11182 5555 11182 5554 11182 5557 11183 5558 11183 5555 11183 5557 11184 5559 11184 5558 11184 5560 11185 5561 11185 5562 11185 5562 11186 5563 11186 5560 11186 5564 11187 5565 11187 5562 11187 5562 11188 5561 11188 5564 11188 5566 11189 5567 11189 5568 11189 5566 11190 5568 11190 5569 11190 5570 11191 5571 11191 5572 11191 5573 11192 5571 11192 5570 11192 5573 11193 5574 11193 5571 11193 5573 11194 5575 11194 5574 11194 5576 11195 5577 11195 5578 11195 5579 11196 5580 11196 5576 11196 5576 11197 5578 11197 5579 11197 5557 11198 5581 11198 5559 11198 5565 11199 5563 11199 5562 11199 5567 11200 5582 11200 5568 11200 5583 11201 5573 11201 5570 11201 5584 11202 5585 11202 5586 11202 5587 11203 5585 11203 5584 11203 5585 11204 5587 11204 5588 11204 5587 11205 5589 11205 5588 11205 5590 11206 5591 11206 5592 11206 5593 11207 5591 11207 5594 11207 5591 11208 5593 11208 5595 11208 5591 11209 5595 11209 5592 11209 5592 11210 5595 11210 5596 11210 5592 11211 5596 11211 5597 11211 5592 11212 5597 11212 5598 11212 5598 11213 5597 11213 5599 11213 5600 11214 5601 11214 5592 11214 5602 11215 5603 11215 5604 11215 5592 11216 5601 11216 5590 11216 5605 11217 5602 11217 5604 11217 5606 11218 5598 11218 5602 11218 5606 11219 5602 11219 5605 11219 5600 11220 5598 11220 5607 11220 5592 11221 5598 11221 5600 11221 5607 11222 5598 11222 5606 11222 5607 11223 5608 11223 5600 11223 5600 11224 5608 11224 5601 11224 5608 11225 5609 11225 5601 11225 5601 11226 5609 11226 5610 11226 5610 11227 5609 11227 5611 11227 5612 11228 5613 11228 5611 11228 5611 11229 5613 11229 5610 11229 5608 11230 5614 11230 5615 11230 5615 11231 5614 11231 5616 11231 5615 11232 5616 11232 5617 11232 5615 11233 5617 11233 5618 11233 5615 11234 5618 11234 5612 11234 5615 11235 5612 11235 5611 11235 5619 11236 5608 11236 5615 11236 5609 11237 5608 11237 5620 11237 5620 11238 5608 11238 5619 11238 5621 11239 5609 11239 5620 11239 5615 11240 5622 11240 5619 11240 5615 11241 5623 11241 5622 11241 5622 11242 5624 11242 5619 11242 5619 11243 5624 11243 5620 11243 5620 11244 5624 11244 5625 11244 5620 11245 5625 11245 5621 11245 5621 11246 5625 11246 5626 11246 5627 11247 5624 11247 5628 11247 5627 11248 5569 11248 5563 11248 5627 11249 5563 11249 5624 11249 5624 11250 5563 11250 5559 11250 5624 11251 5559 11251 5625 11251 5625 11252 5559 11252 5589 11252 5575 11253 5572 11253 5569 11253 5577 11254 5574 11254 5575 11254 5589 11255 5578 11255 5577 11255 5560 11256 5566 11256 5629 11256 5555 11257 5558 11257 5630 11257 5630 11258 5558 11258 5631 11258 5561 11259 5560 11259 5632 11259 5631 11260 5558 11260 5564 11260 5632 11261 5630 11261 5631 11261 5632 11262 5631 11262 5561 11262 5633 11263 5634 11263 5635 11263 5634 11264 5636 11264 5635 11264 5637 11265 5636 11265 5634 11265 5634 11266 5638 11266 5637 11266 5638 11267 5639 11267 5637 11267 5586 11268 5585 11268 5634 11268 5638 11269 5634 11269 5585 11269 5640 11270 5639 11270 5638 11270 5585 11271 5588 11271 5638 11271 5630 11272 5641 11272 5640 11272 5640 11273 5641 11273 5639 11273 5588 11274 5556 11274 5638 11274 5638 11275 5556 11275 5640 11275 5630 11276 5642 11276 5641 11276 5556 11277 5555 11277 5640 11277 5640 11278 5555 11278 5630 11278 5632 11279 5642 11279 5630 11279 5632 11280 5643 11280 5642 11280 5632 11281 5644 11281 5643 11281 5560 11282 5629 11282 5632 11282 5632 11283 5629 11283 5644 11283 5629 11284 5645 11284 5644 11284 5646 11285 5647 11285 5635 11285 5635 11286 5636 11286 5646 11286 5646 11287 5636 11287 5637 11287 5646 11288 5637 11288 5648 11288 5637 11289 5639 11289 5648 11289 5648 11290 5639 11290 5641 11290 5648 11291 5641 11291 5642 11291 5642 11292 5643 11292 5649 11292 5649 11293 5643 11293 5644 11293 5649 11294 5644 11294 5645 11294 5649 11295 5645 11295 5650 11295 5642 11296 5651 11296 5648 11296 5652 11297 5653 11297 5647 11297 5653 11298 5654 11298 5655 11298 5656 11299 5657 11299 5658 11299 5657 11300 5659 11300 5658 11300 5659 11301 5660 11301 5650 11301 5650 11302 5660 11302 5661 11302 5650 11303 5658 11303 5659 11303 5662 11304 5656 11304 5658 11304 5656 11305 5662 11305 5663 11305 5664 11306 5663 11306 5655 11306 5655 11307 5663 11307 5662 11307 5664 11308 5655 11308 5654 11308 5647 11309 5653 11309 5655 11309 5661 11310 5660 11310 5665 11310 5659 11311 5665 11311 5660 11311 5664 11312 5654 11312 5666 11312 5652 11313 5666 11313 5653 11313 5652 11314 5667 11314 5666 11314 5666 11315 5667 11315 5668 11315 5669 11316 5664 11316 5670 11316 5670 11317 5664 11317 5666 11317 5670 11318 5666 11318 5668 11318 5669 11319 5663 11319 5664 11319 5669 11320 5656 11320 5663 11320 5671 11321 5657 11321 5656 11321 5671 11322 5656 11322 5669 11322 5672 11323 5657 11323 5671 11323 5673 11324 5665 11324 5672 11324 5672 11325 5665 11325 5659 11325 5672 11326 5659 11326 5657 11326 5674 11327 5665 11327 5673 11327 5675 11328 5676 11328 5677 11328 5677 11329 5676 11329 5678 11329 5677 11330 5678 11330 5679 11330 5679 11331 5678 11331 5680 11331 5679 11332 5680 11332 5681 11332 5679 11333 5681 11333 5682 11333 5682 11334 5681 11334 5674 11334 5682 11335 5674 11335 5683 11335 5684 11336 5685 11336 5686 11336 5687 11337 5683 11337 5684 11337 5683 11338 5687 11338 5688 11338 5689 11339 5690 11339 5691 11339 5692 11340 5691 11340 5693 11340 5690 11341 5694 11341 5691 11341 5690 11342 5695 11342 5694 11342 5695 11343 5696 11343 5697 11343 5695 11344 5697 11344 5552 11344 5691 11345 5698 11345 5693 11345 5691 11346 5694 11346 5698 11346 5698 11347 5694 11347 5551 11347 5552 11348 5551 11348 5694 11348 5552 11349 5694 11349 5695 11349 5552 11350 5697 11350 5553 11350 5688 11351 5697 11351 5696 11351 5553 11352 5697 11352 5699 11352 5599 11353 5700 11353 5701 11353 5700 11354 5702 11354 5701 11354 5700 11355 5703 11355 5702 11355 5704 11356 5703 11356 5700 11356 5703 11357 5704 11357 5705 11357 5631 11358 5564 11358 5561 11358 5668 11359 5706 11359 5670 11359 5670 11360 5706 11360 5707 11360 5670 11361 5707 11361 5669 11361 5669 11362 5707 11362 5685 11362 5667 11363 5708 11363 5706 11363 5667 11364 5706 11364 5668 11364 5709 11365 5710 11365 5711 11365 5711 11366 5710 11366 5708 11366 5711 11367 5708 11367 5667 11367 5676 11368 5675 11368 5712 11368 5712 11369 5675 11369 5713 11369 5712 11370 5713 11370 5709 11370 5709 11371 5713 11371 5710 11371 5714 11372 5715 11372 5707 11372 5707 11373 5715 11373 5685 11373 5707 11374 5716 11374 5714 11374 5713 11375 5717 11375 5718 11375 5713 11376 5719 11376 5717 11376 5719 11377 5677 11377 5689 11377 5717 11378 5720 11378 5718 11378 5721 11379 5722 11379 5723 11379 5722 11380 5724 11380 5723 11380 5716 11381 5725 11381 5726 11381 5717 11382 5727 11382 5720 11382 5721 11383 5728 11383 5729 11383 5728 11384 5726 11384 5729 11384 5727 11385 5730 11385 5731 11385 5717 11386 5719 11386 5730 11386 5685 11387 5715 11387 5732 11387 5732 11388 5733 11388 5734 11388 5734 11389 5733 11389 5724 11389 5733 11390 5732 11390 5715 11390 5733 11391 5723 11391 5724 11391 5723 11392 5733 11392 5715 11392 5723 11393 5715 11393 5714 11393 5728 11394 5723 11394 5716 11394 5716 11395 5723 11395 5714 11395 5723 11396 5728 11396 5721 11396 5726 11397 5728 11397 5716 11397 5735 11398 5729 11398 5726 11398 5726 11399 5725 11399 5720 11399 5726 11400 5720 11400 5735 11400 5729 11401 5735 11401 5736 11401 5718 11402 5720 11402 5725 11402 5735 11403 5720 11403 5727 11403 5735 11404 5727 11404 5736 11404 5727 11405 5731 11405 5736 11405 5730 11406 5727 11406 5717 11406 5731 11407 5730 11407 5737 11407 5738 11408 5737 11408 5730 11408 5692 11409 5738 11409 5730 11409 5692 11410 5730 11410 5719 11410 5738 11411 5692 11411 5693 11411 5719 11412 5689 11412 5691 11412 5719 11413 5691 11413 5692 11413 5734 11414 5724 11414 5722 11414 5736 11415 5731 11415 5737 11415 5734 11416 5722 11416 5704 11416 5704 11417 5722 11417 5705 11417 5705 11418 5722 11418 5739 11418 5722 11419 5740 11419 5739 11419 5740 11420 5741 11420 5739 11420 5721 11421 5740 11421 5722 11421 5740 11422 5742 11422 5743 11422 5740 11423 5736 11423 5742 11423 5736 11424 5744 11424 5742 11424 5736 11425 5737 11425 5744 11425 5741 11426 5740 11426 5743 11426 5602 11427 5745 11427 5746 11427 5705 11428 5739 11428 5746 11428 5746 11429 5739 11429 5741 11429 5746 11430 5741 11430 5747 11430 5747 11431 5741 11431 5743 11431 5747 11432 5743 11432 5742 11432 5747 11433 5742 11433 5744 11433 5590 11434 5744 11434 5737 11434 5590 11435 5737 11435 5591 11435 5591 11436 5737 11436 5738 11436 5591 11437 5738 11437 5594 11437 5747 11438 5744 11438 5590 11438 5745 11439 5705 11439 5746 11439 5602 11440 5746 11440 5747 11440 5610 11441 5590 11441 5601 11441 5748 11442 5747 11442 5613 11442 5613 11443 5590 11443 5610 11443 5602 11444 5747 11444 5748 11444 5613 11445 5747 11445 5590 11445 5603 11446 5602 11446 5748 11446 5749 11447 5693 11447 5698 11447 5736 11448 5740 11448 5729 11448 5740 11449 5721 11449 5729 11449 5699 11450 5700 11450 5553 11450 5704 11451 5750 11451 5734 11451 5569 11452 5751 11452 5566 11452 5569 11453 5572 11453 5751 11453 5698 11454 5551 11454 5749 11454 5693 11455 5749 11455 5738 11455 5738 11456 5749 11456 5594 11456 5594 11457 5749 11457 5593 11457 5749 11458 5595 11458 5593 11458 5749 11459 5596 11459 5595 11459 5551 11460 5599 11460 5749 11460 5749 11461 5597 11461 5596 11461 5749 11462 5599 11462 5597 11462 5553 11463 5700 11463 5551 11463 5551 11464 5700 11464 5599 11464 5687 11465 5684 11465 5752 11465 5684 11466 5686 11466 5753 11466 5750 11467 5732 11467 5734 11467 5752 11468 5697 11468 5688 11468 5688 11469 5687 11469 5752 11469 5697 11470 5752 11470 5699 11470 5752 11471 5753 11471 5699 11471 5753 11472 5700 11472 5699 11472 5753 11473 5752 11473 5684 11473 5700 11474 5753 11474 5704 11474 5750 11475 5704 11475 5753 11475 5750 11476 5753 11476 5754 11476 5753 11477 5686 11477 5754 11477 5754 11478 5686 11478 5685 11478 5732 11479 5750 11479 5754 11479 5732 11480 5754 11480 5685 11480 5696 11481 5695 11481 5690 11481 5696 11482 5683 11482 5688 11482 5683 11483 5674 11483 5673 11483 5683 11484 5673 11484 5684 11484 5684 11485 5673 11485 5672 11485 5671 11486 5685 11486 5684 11486 5671 11487 5684 11487 5672 11487 5669 11488 5685 11488 5671 11488 5755 11489 5665 11489 5681 11489 5665 11490 5674 11490 5681 11490 5678 11491 5756 11491 5757 11491 5678 11492 5757 11492 5680 11492 5680 11493 5757 11493 5681 11493 5681 11494 5757 11494 5755 11494 5676 11495 5756 11495 5678 11495 5712 11496 5758 11496 5676 11496 5676 11497 5758 11497 5756 11497 5758 11498 5712 11498 5709 11498 5711 11499 5759 11499 5709 11499 5709 11500 5759 11500 5758 11500 5759 11501 5711 11501 5667 11501 5667 11502 5652 11502 5759 11502 5755 11503 5661 11503 5665 11503 5756 11504 5642 11504 5757 11504 5652 11505 5760 11505 5759 11505 5761 11506 5759 11506 5760 11506 5759 11507 5761 11507 5758 11507 5758 11508 5651 11508 5756 11508 5653 11509 5666 11509 5654 11509 5661 11510 5755 11510 5650 11510 5757 11511 5642 11511 5649 11511 5651 11512 5758 11512 5648 11512 5758 11513 5761 11513 5646 11513 5646 11514 5760 11514 5647 11514 5760 11515 5652 11515 5647 11515 5760 11516 5646 11516 5761 11516 5648 11517 5758 11517 5646 11517 5651 11518 5642 11518 5756 11518 5755 11519 5757 11519 5649 11519 5650 11520 5755 11520 5649 11520 5650 11521 5645 11521 5762 11521 5650 11522 5762 11522 5658 11522 5658 11523 5762 11523 5763 11523 5655 11524 5662 11524 5764 11524 5574 11525 5765 11525 5766 11525 5571 11526 5574 11526 5767 11526 5572 11527 5571 11527 5767 11527 5633 11528 5578 11528 5586 11528 5766 11529 5765 11529 5579 11529 5633 11530 5766 11530 5579 11530 5629 11531 5566 11531 5751 11531 5763 11532 5751 11532 5767 11532 5751 11533 5572 11533 5767 11533 5767 11534 5574 11534 5766 11534 5629 11535 5762 11535 5645 11535 5629 11536 5763 11536 5762 11536 5629 11537 5751 11537 5763 11537 5767 11538 5658 11538 5763 11538 5766 11539 5662 11539 5767 11539 5767 11540 5662 11540 5658 11540 5764 11541 5662 11541 5766 11541 5655 11542 5764 11542 5633 11542 5633 11543 5764 11543 5766 11543 5578 11544 5633 11544 5579 11544 5633 11545 5647 11545 5655 11545 5633 11546 5635 11546 5647 11546 5586 11547 5634 11547 5633 11547 5589 11548 5559 11548 5588 11548 5559 11549 5563 11549 5558 11549 5569 11550 5560 11550 5563 11550 5625 11551 5589 11551 5577 11551 5625 11552 5577 11552 5628 11552 5628 11553 5577 11553 5575 11553 5628 11554 5575 11554 5627 11554 5627 11555 5575 11555 5569 11555 5622 11556 5623 11556 5628 11556 5623 11557 5768 11557 5628 11557 5626 11558 5625 11558 5769 11558 5769 11559 5625 11559 5628 11559 5769 11560 5628 11560 5768 11560 5622 11561 5628 11561 5624 11561 5626 11562 5615 11562 5609 11562 5623 11563 5615 11563 5768 11563 5768 11564 5615 11564 5769 11564 5769 11565 5615 11565 5626 11565 5609 11566 5621 11566 5626 11566 5615 11567 5611 11567 5609 11567 5613 11568 5612 11568 5748 11568 5748 11569 5612 11569 5603 11569 5612 11570 5618 11570 5603 11570 5603 11571 5618 11571 5617 11571 5603 11572 5617 11572 5604 11572 5604 11573 5617 11573 5605 11573 5605 11574 5617 11574 5616 11574 5605 11575 5616 11575 5606 11575 5616 11576 5614 11576 5606 11576 5606 11577 5614 11577 5607 11577 5608 11578 5607 11578 5614 11578 5701 11579 5598 11579 5599 11579 5701 11580 5702 11580 5745 11580 5745 11581 5702 11581 5703 11581 5745 11582 5703 11582 5705 11582 5598 11583 5701 11583 5745 11583 5598 11584 5745 11584 5602 11584 5589 11585 5587 11585 5584 11585 5586 11586 5578 11586 5584 11586 5589 11587 5584 11587 5578 11587 5770 11588 5577 11588 5576 11588 5770 11589 5576 11589 5580 11589 5583 11590 5575 11590 5573 11590 5581 11591 5557 11591 5554 11591 5580 11592 5765 11592 5574 11592 5580 11593 5579 11593 5765 11593 5580 11594 5574 11594 5577 11594 5577 11595 5770 11595 5580 11595 5572 11596 5575 11596 5570 11596 5575 11597 5583 11597 5570 11597 5560 11598 5582 11598 5567 11598 5567 11599 5566 11599 5560 11599 5560 11600 5569 11600 5582 11600 5582 11601 5569 11601 5568 11601 5565 11602 5564 11602 5558 11602 5565 11603 5558 11603 5563 11603 5588 11604 5559 11604 5554 11604 5554 11605 5556 11605 5588 11605 5581 11606 5554 11606 5559 11606 5677 11607 5679 11607 5690 11607 5679 11608 5682 11608 5696 11608 5696 11609 5682 11609 5683 11609 5679 11610 5696 11610 5690 11610 5690 11611 5689 11611 5677 11611 5716 11612 5707 11612 5706 11612 5706 11613 5708 11613 5725 11613 5675 11614 5677 11614 5713 11614 5713 11615 5677 11615 5719 11615 5713 11616 5718 11616 5710 11616 5710 11617 5718 11617 5708 11617 5708 11618 5718 11618 5725 11618 5706 11619 5725 11619 5716 11619 5771 11620 5772 11620 5773 11620 5774 11621 5775 11621 5776 11621 5777 11622 5776 11622 5775 11622 5777 11623 5775 11623 5778 11623 5779 11624 5780 11624 5781 11624 5781 11625 5774 11625 5779 11625 5779 11626 5782 11626 5780 11626 5783 11627 5784 11627 5785 11627 5785 11628 5784 11628 5786 11628 5786 11629 5784 11629 5787 11629 5788 11630 5789 11630 5787 11630 5787 11631 5789 11631 5786 11631 5790 11632 5791 11632 5792 11632 5793 11633 5794 11633 5795 11633 5790 11634 5794 11634 5793 11634 5792 11635 5794 11635 5790 11635 5796 11636 5797 11636 5798 11636 5799 11637 5797 11637 5796 11637 5774 11638 5776 11638 5800 11638 5782 11639 5781 11639 5801 11639 5801 11640 5781 11640 5780 11640 5788 11641 5787 11641 5784 11641 5802 11642 5790 11642 5793 11642 5789 11643 5788 11643 5803 11643 5804 11644 5805 11644 5806 11644 5807 11645 5805 11645 5804 11645 5807 11646 5804 11646 5808 11646 5809 11647 5810 11647 5811 11647 5809 11648 5811 11648 5812 11648 5813 11649 5812 11649 5814 11649 5813 11650 5814 11650 5815 11650 5815 11651 5814 11651 5816 11651 5809 11652 5812 11652 5813 11652 5817 11653 5809 11653 5813 11653 5818 11654 5819 11654 5820 11654 5821 11655 5819 11655 5818 11655 5821 11656 5813 11656 5819 11656 5822 11657 5813 11657 5821 11657 5817 11658 5813 11658 5822 11658 5823 11659 5824 11659 5821 11659 5821 11660 5824 11660 5822 11660 5824 11661 5825 11661 5822 11661 5822 11662 5825 11662 5826 11662 5825 11663 5827 11663 5826 11663 5826 11664 5827 11664 5828 11664 5828 11665 5827 11665 5829 11665 5828 11666 5829 11666 5830 11666 5831 11667 5823 11667 5832 11667 5832 11668 5823 11668 5833 11668 5832 11669 5833 11669 5834 11669 5832 11670 5834 11670 5835 11670 5832 11671 5835 11671 5829 11671 5836 11672 5837 11672 5838 11672 5836 11673 5838 11673 5832 11673 5831 11674 5837 11674 5836 11674 5839 11675 5840 11675 5832 11675 5839 11676 5832 11676 5838 11676 5837 11677 5841 11677 5838 11677 5838 11678 5841 11678 5839 11678 5839 11679 5841 11679 5842 11679 5839 11680 5842 11680 5840 11680 5841 11681 5789 11681 5774 11681 5841 11682 5774 11682 5842 11682 5842 11683 5774 11683 5807 11683 5842 11684 5807 11684 5799 11684 5789 11685 5791 11685 5786 11685 5843 11686 5792 11686 5791 11686 5808 11687 5799 11687 5807 11687 5779 11688 5844 11688 5845 11688 5775 11689 5846 11689 5847 11689 5805 11690 5848 11690 5849 11690 5848 11691 5778 11691 5850 11691 5844 11692 5783 11692 5851 11692 5847 11693 5846 11693 5779 11693 5845 11694 5847 11694 5779 11694 5850 11695 5778 11695 5852 11695 5778 11696 5775 11696 5852 11696 5852 11697 5775 11697 5847 11697 5853 11698 5854 11698 5855 11698 5853 11699 5849 11699 5854 11699 5856 11700 5854 11700 5849 11700 5849 11701 5850 11701 5856 11701 5850 11702 5857 11702 5856 11702 5852 11703 5857 11703 5850 11703 5850 11704 5849 11704 5848 11704 5858 11705 5857 11705 5852 11705 5852 11706 5847 11706 5858 11706 5859 11707 5858 11707 5847 11707 5845 11708 5859 11708 5847 11708 5845 11709 5860 11709 5861 11709 5844 11710 5851 11710 5845 11710 5845 11711 5851 11711 5860 11711 5861 11712 5859 11712 5845 11712 5855 11713 5854 11713 5862 11713 5862 11714 5854 11714 5856 11714 5862 11715 5856 11715 5863 11715 5863 11716 5856 11716 5857 11716 5863 11717 5857 11717 5864 11717 5864 11718 5857 11718 5858 11718 5864 11719 5858 11719 5859 11719 5864 11720 5859 11720 5861 11720 5861 11721 5860 11721 5865 11721 5864 11722 5866 11722 5863 11722 5866 11723 5867 11723 5863 11723 5867 11724 5862 11724 5863 11724 5868 11725 5869 11725 5870 11725 5871 11726 5872 11726 5873 11726 5874 11727 5865 11727 5875 11727 5865 11728 5873 11728 5875 11728 5875 11729 5873 11729 5872 11729 5871 11730 5870 11730 5869 11730 5876 11731 5868 11731 5870 11731 5868 11732 5876 11732 5877 11732 5867 11733 5878 11733 5879 11733 5880 11734 5881 11734 5868 11734 5869 11735 5868 11735 5881 11735 5871 11736 5869 11736 5882 11736 5875 11737 5872 11737 5883 11737 5884 11738 5874 11738 5885 11738 5875 11739 5885 11739 5874 11739 5886 11740 5885 11740 5875 11740 5875 11741 5883 11741 5886 11741 5872 11742 5871 11742 5883 11742 5883 11743 5871 11743 5882 11743 5881 11744 5882 11744 5869 11744 5880 11745 5887 11745 5888 11745 5880 11746 5888 11746 5881 11746 5889 11747 5882 11747 5890 11747 5890 11748 5882 11748 5881 11748 5890 11749 5881 11749 5888 11749 5891 11750 5883 11750 5882 11750 5891 11751 5882 11751 5889 11751 5883 11752 5891 11752 5892 11752 5883 11753 5892 11753 5886 11753 5893 11754 5885 11754 5886 11754 5893 11755 5886 11755 5892 11755 5894 11756 5885 11756 5893 11756 5895 11757 5896 11757 5897 11757 5897 11758 5896 11758 5898 11758 5898 11759 5899 11759 5897 11759 5897 11760 5899 11760 5900 11760 5900 11761 5899 11761 5901 11761 5900 11762 5901 11762 5902 11762 5902 11763 5901 11763 5894 11763 5902 11764 5894 11764 5903 11764 5900 11765 5904 11765 5905 11765 5906 11766 5907 11766 5904 11766 5907 11767 5906 11767 5908 11767 5909 11768 5908 11768 5906 11768 5908 11769 5909 11769 5910 11769 5895 11770 5911 11770 5912 11770 5913 11771 5914 11771 5915 11771 5916 11772 5917 11772 5918 11772 5919 11773 5905 11773 5920 11773 5921 11774 5913 11774 5915 11774 5911 11775 5913 11775 5912 11775 5911 11776 5914 11776 5913 11776 5914 11777 5922 11777 5915 11777 5923 11778 5922 11778 5914 11778 5923 11779 5914 11779 5918 11779 5918 11780 5914 11780 5911 11780 5911 11781 5916 11781 5918 11781 5922 11782 5923 11782 5771 11782 5919 11783 5918 11783 5917 11783 5918 11784 5919 11784 5923 11784 5923 11785 5919 11785 5771 11785 5771 11786 5919 11786 5772 11786 5920 11787 5772 11787 5919 11787 5905 11788 5919 11788 5917 11788 5924 11789 5925 11789 5926 11789 5925 11790 5924 11790 5816 11790 5926 11791 5927 11791 5928 11791 5926 11792 5929 11792 5927 11792 5774 11793 5782 11793 5775 11793 5775 11794 5782 11794 5846 11794 5844 11795 5779 11795 5774 11795 5888 11796 5930 11796 5890 11796 5890 11797 5930 11797 5909 11797 5890 11798 5909 11798 5889 11798 5887 11799 5931 11799 5888 11799 5888 11800 5931 11800 5930 11800 5932 11801 5933 11801 5934 11801 5934 11802 5933 11802 5887 11802 5887 11803 5933 11803 5931 11803 5896 11804 5895 11804 5935 11804 5935 11805 5895 11805 5932 11805 5932 11806 5895 11806 5933 11806 5931 11807 5936 11807 5937 11807 5938 11808 5895 11808 5912 11808 5939 11809 5940 11809 5909 11809 5941 11810 5942 11810 5939 11810 5937 11811 5943 11811 5941 11811 5936 11812 5944 11812 5937 11812 5940 11813 5945 11813 5946 11813 5940 11814 5942 11814 5945 11814 5942 11815 5941 11815 5943 11815 5942 11816 5943 11816 5947 11816 5938 11817 5912 11817 5948 11817 5948 11818 5912 11818 5949 11818 5910 11819 5909 11819 5940 11819 5950 11820 5940 11820 5946 11820 5942 11821 5940 11821 5939 11821 5945 11822 5942 11822 5951 11822 5951 11823 5942 11823 5947 11823 5952 11824 5947 11824 5944 11824 5944 11825 5947 11825 5943 11825 5944 11826 5943 11826 5937 11826 5952 11827 5944 11827 5953 11827 5954 11828 5953 11828 5944 11828 5954 11829 5944 11829 5936 11829 5954 11830 5955 11830 5953 11830 5936 11831 5938 11831 5954 11831 5954 11832 5938 11832 5948 11832 5954 11833 5948 11833 5956 11833 5954 11834 5956 11834 5955 11834 5956 11835 5948 11835 5949 11835 5913 11836 5921 11836 5949 11836 5949 11837 5921 11837 5956 11837 5949 11838 5912 11838 5913 11838 5952 11839 5953 11839 5957 11839 5951 11840 5946 11840 5945 11840 5958 11841 5946 11841 5929 11841 5929 11842 5959 11842 5927 11842 5929 11843 5946 11843 5959 11843 5946 11844 5951 11844 5959 11844 5947 11845 5952 11845 5951 11845 5951 11846 5952 11846 5960 11846 5952 11847 5961 11847 5960 11847 5952 11848 5957 11848 5961 11848 5957 11849 5962 11849 5961 11849 5953 11850 5955 11850 5957 11850 5957 11851 5955 11851 5963 11851 5956 11852 5921 11852 5955 11852 5921 11853 5964 11853 5955 11853 5962 11854 5957 11854 5965 11854 5965 11855 5957 11855 5963 11855 5810 11856 5955 11856 5964 11856 5959 11857 5966 11857 5927 11857 5927 11858 5966 11858 5928 11858 5966 11859 5959 11859 5967 11859 5967 11860 5959 11860 5951 11860 5967 11861 5951 11861 5960 11861 5967 11862 5960 11862 5961 11862 5967 11863 5961 11863 5962 11863 5967 11864 5962 11864 5968 11864 5968 11865 5962 11865 5965 11865 5965 11866 5963 11866 5969 11866 5969 11867 5963 11867 5955 11867 5969 11868 5955 11868 5810 11868 5969 11869 5810 11869 5809 11869 5969 11870 5968 11870 5965 11870 5966 11871 5967 11871 5970 11871 5819 11872 5966 11872 5970 11872 5970 11873 5967 11873 5968 11873 5970 11874 5968 11874 5817 11874 5817 11875 5968 11875 5969 11875 5817 11876 5969 11876 5809 11876 5971 11877 5970 11877 5972 11877 5971 11878 5820 11878 5819 11878 5828 11879 5817 11879 5826 11879 5826 11880 5817 11880 5822 11880 5972 11881 5970 11881 5830 11881 5970 11882 5817 11882 5830 11882 5830 11883 5817 11883 5828 11883 5971 11884 5819 11884 5970 11884 5922 11885 5771 11885 5773 11885 5931 11886 5937 11886 5941 11886 5799 11887 5808 11887 5797 11887 5921 11888 5915 11888 5964 11888 5915 11889 5922 11889 5773 11889 5964 11890 5811 11890 5810 11890 5915 11891 5773 11891 5964 11891 5964 11892 5773 11892 5812 11892 5964 11893 5812 11893 5811 11893 5773 11894 5814 11894 5812 11894 5773 11895 5925 11895 5814 11895 5773 11896 5772 11896 5925 11896 5814 11897 5925 11897 5816 11897 5958 11898 5929 11898 5973 11898 5910 11899 5950 11899 5908 11899 5920 11900 5974 11900 5925 11900 5974 11901 5904 11901 5907 11901 5973 11902 5908 11902 5950 11902 5973 11903 5950 11903 5958 11903 5950 11904 5910 11904 5940 11904 5905 11905 5904 11905 5920 11905 5925 11906 5772 11906 5920 11906 5920 11907 5904 11907 5974 11907 5974 11908 5926 11908 5925 11908 5907 11909 5908 11909 5973 11909 5907 11910 5973 11910 5974 11910 5974 11911 5973 11911 5926 11911 5926 11912 5973 11912 5929 11912 5958 11913 5950 11913 5946 11913 5916 11914 5911 11914 5895 11914 5917 11915 5916 11915 5897 11915 5897 11916 5916 11916 5895 11916 5900 11917 5917 11917 5897 11917 5917 11918 5900 11918 5905 11918 5903 11919 5894 11919 5975 11919 5975 11920 5894 11920 5893 11920 5975 11921 5893 11921 5906 11921 5906 11922 5893 11922 5892 11922 5891 11923 5906 11923 5892 11923 5889 11924 5909 11924 5891 11924 5891 11925 5909 11925 5906 11925 5976 11926 5885 11926 5901 11926 5885 11927 5894 11927 5901 11927 5976 11928 5901 11928 5899 11928 5898 11929 5977 11929 5976 11929 5898 11930 5976 11930 5899 11930 5896 11931 5977 11931 5898 11931 5935 11932 5878 11932 5896 11932 5896 11933 5878 11933 5977 11933 5878 11934 5935 11934 5932 11934 5932 11935 5879 11935 5878 11935 5879 11936 5932 11936 5934 11936 5879 11937 5934 11937 5880 11937 5880 11938 5934 11938 5887 11938 5861 11939 5884 11939 5976 11939 5978 11940 5979 11940 5977 11940 5980 11941 5880 11941 5877 11941 5880 11942 5980 11942 5879 11942 5878 11943 5981 11943 5977 11943 5981 11944 5978 11944 5977 11944 5977 11945 5979 11945 5976 11945 5979 11946 5861 11946 5976 11946 5976 11947 5884 11947 5885 11947 5877 11948 5880 11948 5868 11948 5866 11949 5864 11949 5978 11949 5862 11950 5980 11950 5876 11950 5980 11951 5877 11951 5876 11951 5862 11952 5867 11952 5980 11952 5980 11953 5867 11953 5879 11953 5981 11954 5878 11954 5866 11954 5866 11955 5878 11955 5867 11955 5866 11956 5978 11956 5981 11956 5978 11957 5864 11957 5979 11957 5864 11958 5861 11958 5979 11958 5865 11959 5884 11959 5861 11959 5884 11960 5865 11960 5874 11960 5860 11961 5982 11961 5865 11961 5865 11962 5982 11962 5983 11962 5865 11963 5983 11963 5873 11963 5871 11964 5984 11964 5870 11964 5984 11965 5985 11965 5870 11965 5985 11966 5986 11966 5870 11966 5870 11967 5986 11967 5876 11967 5876 11968 5986 11968 5855 11968 5876 11969 5855 11969 5862 11969 5806 11970 5805 11970 5849 11970 5798 11971 5797 11971 5987 11971 5786 11972 5795 11972 5988 11972 5785 11973 5786 11973 5989 11973 5794 11974 5792 11974 5990 11974 5797 11975 5806 11975 5853 11975 5987 11976 5990 11976 5792 11976 5987 11977 5792 11977 5798 11977 5853 11978 5987 11978 5797 11978 5783 11979 5785 11979 5851 11979 5988 11980 5794 11980 5990 11980 5851 11981 5982 11981 5860 11981 5989 11982 5982 11982 5851 11982 5983 11983 5982 11983 5988 11983 5988 11984 5982 11984 5989 11984 5989 11985 5851 11985 5785 11985 5988 11986 5873 11986 5983 11986 5871 11987 5873 11987 5990 11987 5990 11988 5873 11988 5988 11988 5988 11989 5989 11989 5786 11989 5984 11990 5871 11990 5990 11990 5987 11991 5984 11991 5990 11991 5795 11992 5794 11992 5988 11992 5987 11993 5985 11993 5984 11993 5987 11994 5853 11994 5986 11994 5987 11995 5986 11995 5985 11995 5986 11996 5853 11996 5855 11996 5806 11997 5849 11997 5853 11997 5807 11998 5774 11998 5848 11998 5807 11999 5848 11999 5805 11999 5789 12000 5844 12000 5774 12000 5842 12001 5799 12001 5843 12001 5842 12002 5843 12002 5991 12002 5991 12003 5843 12003 5791 12003 5991 12004 5791 12004 5789 12004 5991 12005 5789 12005 5841 12005 5837 12006 5992 12006 5841 12006 5992 12007 5993 12007 5991 12007 5993 12008 5994 12008 5991 12008 5840 12009 5842 12009 5994 12009 5994 12010 5842 12010 5991 12010 5992 12011 5991 12011 5841 12011 5840 12012 5994 12012 5832 12012 5831 12013 5832 12013 5993 12013 5993 12014 5832 12014 5994 12014 5831 12015 5992 12015 5837 12015 5993 12016 5992 12016 5831 12016 5829 12017 5827 12017 5825 12017 5832 12018 5829 12018 5825 12018 5832 12019 5825 12019 5824 12019 5832 12020 5824 12020 5836 12020 5836 12021 5824 12021 5831 12021 5831 12022 5824 12022 5823 12022 5830 12023 5829 12023 5972 12023 5829 12024 5835 12024 5972 12024 5972 12025 5835 12025 5971 12025 5971 12026 5835 12026 5834 12026 5971 12027 5834 12027 5820 12027 5820 12028 5834 12028 5833 12028 5820 12029 5833 12029 5818 12029 5818 12030 5833 12030 5823 12030 5818 12031 5823 12031 5821 12031 5924 12032 5815 12032 5816 12032 5815 12033 5924 12033 5926 12033 5815 12034 5926 12034 5928 12034 5813 12035 5815 12035 5819 12035 5819 12036 5815 12036 5928 12036 5819 12037 5928 12037 5966 12037 5806 12038 5808 12038 5804 12038 5806 12039 5797 12039 5808 12039 5796 12040 5843 12040 5799 12040 5788 12041 5784 12041 5803 12041 5800 12042 5776 12042 5777 12042 5796 12043 5798 12043 5792 12043 5796 12044 5792 12044 5843 12044 5791 12045 5790 12045 5802 12045 5793 12046 5795 12046 5786 12046 5791 12047 5793 12047 5786 12047 5793 12048 5791 12048 5802 12048 5783 12049 5844 12049 5784 12049 5789 12050 5784 12050 5844 12050 5789 12051 5803 12051 5784 12051 5780 12052 5782 12052 5801 12052 5782 12053 5779 12053 5846 12053 5782 12054 5774 12054 5781 12054 5848 12055 5777 12055 5778 12055 5777 12056 5848 12056 5774 12056 5777 12057 5774 12057 5800 12057 5903 12058 5900 12058 5902 12058 5939 12059 5909 12059 5930 12059 5895 12060 5938 12060 5933 12060 5933 12061 5938 12061 5936 12061 5933 12062 5936 12062 5931 12062 5931 12063 5941 12063 5930 12063 5930 12064 5941 12064 5939 12064 5904 12065 5903 12065 5975 12065 5904 12066 5975 12066 5906 12066 5903 12067 5904 12067 5900 12067</p>
                </triangles>
            </mesh>
        </geometry>
    </library_geometries>
    <library_visual_scenes>
        <visual_scene id="VisualSceneNode" name="VisualScene">
            <node id="node" name="node">
                <instance_geometry url="#shape0-lib"/>
            </node>
        </visual_scene>
    </library_visual_scenes>
    <scene>
        <instance_visual_scene url="#VisualSceneNode"/>
    </scene>
</COLLADA>
