<?xml version="1.0" encoding="UTF-8"?>
<COLLADA xmlns="http://www.collada.org/2005/11/COLLADASchema" version="1.4.1">
    <asset>
        <contributor>
            <author>VCGLab</author>
            <authoring_tool>VCGLib | MeshLab</authoring_tool>
        </contributor>
        <created>الأربعاء مايو 18 11:27:26 2022 GMT</created>
        <modified>الأربعاء مايو 18 11:27:26 2022 GMT</modified>
        <up_axis>Y_UP</up_axis>
    </asset>
    <library_geometries>
        <geometry id="shape0-lib" name="shape0">
            <mesh>
                <source id="shape0-lib-positions" name="position">
                    <float_array id="shape0-lib-positions-array" count="15576">0.032546 -0.00694564 0.0024 0.0325983 -0.00710729 0.00605 0.0206725 -0.0263949 0.00265057 0.009 -0.0052 0.0028 0.009 0.0052 0.0028 -0.0094 -0.0052 0.0028 -0.0100749 0.000951468 0.00283438 -0.0094 0.0052 0.0029 0.009 0.0052 0.0029 0.009 -0.0052 0.0029 0.0114061 -0.00137177 0.00285625 -0.0120749 0.0052824 0.00275 -0.0115 0.007 0.0029 -0.0115 0.007 0.0024 -0.014 0 0.0024 -0.0115 -0.007 0.0024 -0.0115 -0.007 0.0029 -0.01325 -0.00606838 0.0024 -0.0134926 -0.00315988 0.0029 -0.0254991 0.0130365 0.0001125 -0.0204333 0.012836 0.0003 -0.0227462 -0.0130162 7.5e-05 -0.0296231 -0.0101873 -0.0015 -0.0124754 -0.0287836 0.000299949 -0.0148236 -0.0279114 -4.59473e-06 0.0129838 -0.021027 0.0003 0.013228 -0.0262706 9.375e-05 0.0286138 -0.0121207 -0.0005 0.0270938 -0.0133436 0.0003 0.0225333 -0.013387 -1.63878e-18 0.0224108 0.0134824 0.0003 0.0259283 0.013684 1.67152e-18 0.0137863 0.0284265 6.51862e-05 -0.013564 0.0269826 0.0003 -0.0137628 0.0252535 3.0917e-18 -0.00916594 0.0299986 0.0003 0.027262 0.00141333 0.0041 0.0277424 0.000547388 0.0003 0.0257158 -0.00259928 0.0003 0.0263247 -0.00254319 0.0041 0.0228085 -0.00102191 0.0041 0.0225722 -0.001625 0.0003 0.0243051 0.00126875 0.0041 0.0227113 0.00164952 0.0003 0.0252026 0.00277994 0.0003 -0.0159081 0.0121466 1.49037e-18 -0.0132834 0.0138034 0.0003 -0.0124029 0.0165625 2.02575e-18 -0.0124768 0.0196477 0.0003 0.0122268 0.0158133 1.89965e-18 0.0144735 0.0134913 0.0003 0.018455 0.0124744 1.51938e-18 0.0183024 -0.0121423 0.0003 0.0132834 -0.0138034 0.0003 0.0155 -0.0125185 -1.53633e-18 0.0118761 -0.0171948 -2.10714e-18 -0.0119939 -0.0167379 0.0003 -0.012715 -0.0148557 -1.77494e-18 -0.0177556 -0.0128397 0.0003 0.0311539 0.00419742 0.000292288 -0.0313447 -0.0025973 0.0003 0.0290391 0.0113941 0.0003 -0.0300166 -0.00939296 0.0003 -0.0309581 0.00551357 0.000299879 0 0.0314522 0.0003 0.0126923 0.0296388 0.00030005 0.0121482 -0.0290281 7.5e-05 0.00398344 -0.0313008 0.000294951 0.00125875 -0.0270016 0.00156855 0.00478709 -0.0349767 0.0054126 0.00229637 -0.0352863 0.0105437 -0.000695363 -0.0353285 0.0109655 -0.00338244 -0.0352416 0.00978799 -0.00468883 -0.0270117 0.00750292 -0.00455759 -0.0351065 0.0071802 -0.00376762 -0.0352034 0.00296284 -0.00129103 -0.0353193 0.0016856 -0.00720723 0.0124133 0.0079 -0.00725476 0.0118294 0.0073 0.0073 0.0124206 0.0079 0.00711446 0.012406 0.0079 0.00721169 0.0118179 0.0073 -0.0063 -0.0118 0.0106 -0.0048 -0.0133 0.0121 0.0063 -0.0118 0.0106 0.0048 -0.0133 0.0121 -0.0112353 -0.0310153 0.0071 -0.0113886 -0.0314626 0.00763612 -0.00983702 -0.0293175 0.0071 -0.00480826 -0.0292998 0.0121 -0.00518037 -0.0312728 0.0121 -0.0102821 -0.0303344 0.0071 -0.00903617 -0.0130941 0.00786383 -0.0098 -0.0146 0.0071 0.0108793 -0.0314648 0.00770703 0.00719032 -0.0327131 0.0109685 0.00554881 -0.0320769 0.0121 0.0098 -0.0218289 0.0071 0.00480826 -0.0292998 0.0121 0.00995766 -0.0297076 0.0071 0.00732193 -0.0118411 0.00957807 0.00912769 -0.0129483 0.00777231 0.0119598 0.0313503 0.00266751 0.00940581 0.0310792 0.00665 0.00921173 0.0132813 0.00598827 -0.0103675 0.030269 0.0054 -0.0098 0.0218289 0.0054 -0.0088729 0.0125863 0.0063271 -0.00979991 0.0226506 0.00258 -0.01084 0.031715 0.0026451 0.0104363 0.0301 0.00264 0.00979993 -0.0255897 0.00264 0.010676 -0.0305668 0.00264 -0.0118602 -0.031095 0.00264 -0.0103002 -0.0302861 0.00264 0.00403 0.01973 0.0009 0.0027 0.0208 0.0009 -0.0043 0.0192 0.0009 0.00428785 0.0156611 0.0009 -0.0027 0.0142 0.0009 -0.00428727 0.0151893 0.00786762 -0.00425507 0.0155621 0.0009 -0.00298222 0.0207277 0.0009 0.0027 0.0142 0.0009 0.00369925 0.0146632 0.0009 -0.00429635 0.0196633 0.00789991 0.0027 0.0142 0.0079 0.00382299 0.0148039 0.0079 0.00428785 0.0156611 0.0079 0.0039601 0.0199507 0.0079 -0.000200349 0.0207296 0.0079 -0.00303169 0.0142887 0.0079 0.0217668 -0.0254337 0.0134 0.0179715 -0.0282338 0.0134 0.0159085 -0.0293317 0.0136 0.0164127 -0.0292158 0.0026499 0.0126646 -0.0309877 0.0134 0.00904811 -0.0322167 0.0134 -0.0023542 -0.0345397 0.0136 0.00208729 -0.0333929 0.01345 -0.00683466 -0.0327319 0.0122355 -0.0106797 -0.0316819 0.0135 -0.0149985 -0.0298978 0.0134 -0.016971 -0.0304924 0.0136 -0.0195966 -0.0271662 0.0134 -0.0234948 -0.0238513 0.0118846 -0.0274236 -0.0192133 0.0131472 -0.0275843 0.0196352 0.013137 -0.0326085 0.00778562 0.0117678 -0.0334644 0.00139086 0.0114352 -0.0334059 0.0020189 0.000911206 -0.0320273 -0.00978772 0.0117512 -0.0304532 -0.015933 0.0125248 -0.0231871 0.0240707 0.0133909 -0.0207903 0.0287969 0.0135935 -0.0134872 0.0305974 0.01345 -0.00730768 0.032849 0.0079075 -0.00572598 0.0330046 0.0134 -0.000246896 0.0335119 0.0135 0.00735972 0.0328971 0.00790274 0.00775612 0.0325567 0.0134 0.0151764 0.0298728 0.0136573 0.0248019 0.0225192 0.0136 0.0226327 0.0246396 0.00240306 -0.0302426 -0.012053 0.0117575 -0.0242775 -0.0141494 0.0117 -0.0235191 -0.0158125 0.0118983 -0.0311652 0.0116599 0.011777 -0.0235326 0.0149482 0.0118805 -0.0288184 0.0124664 0.0107251 -0.02275 0.0246395 0.00243768 -0.0234937 0.0229742 0.011775 0.0341557 0.00887466 0.0135285 0.0334438 0.0118682 0.0134 0.0324309 0.0144392 0.0134 0.0311809 0.016946 0.0134 0.0308945 0.0168032 0.0136 0.0297676 0.0193427 0.0134 0.027247 0.0228046 0.013582 0.0215675 0.0283898 0.0133766 0.0140675 0.032558 0.0134 0.00489714 0.034412 0.0136 0.00965698 0.0341269 0.0134 0.0056936 0.0350404 0.0134 0.00286468 0.035374 0.0134 -0.00227496 0.0353928 0.0134 -0.0101636 0.0334592 0.0136 -0.00636893 0.0349089 0.0134 -0.00897761 0.0343461 0.0134 -0.0130873 0.0329626 0.0134 -0.0168193 0.0312449 0.0134 -0.0237541 0.0263816 0.0134 -0.0266785 0.0232895 0.0133011 -0.029961 0.0189481 0.0125779 -0.0329572 0.0132804 0.0119308 -0.0343029 0.00776174 0.0114546 -0.0347452 0.00729937 -0.00035988 -0.0351047 0.0052426 0.0110671 -0.0354404 0.00152583 0.0109682 -0.0351986 -0.00406105 0.0110394 -0.0336641 -0.0111758 0.0114914 -0.033109 -0.00499608 0.0118528 -0.0316662 -0.015983 0.0120799 -0.0227163 -0.0272762 0.0137262 -0.0290409 -0.0203039 0.0128749 -0.0191039 -0.0299214 0.0134 -0.0156292 -0.0318379 0.0134 -0.0111311 -0.0337154 -0.000429418 -0.00997385 -0.0340543 0.0134 -0.00738087 -0.0347242 0.0134 0.00129109 -0.0352543 0.0132587 0.00462919 -0.035258 0.00801903 0.0114788 -0.0335575 0.0134 0.0153158 -0.0320114 0.0134 0.0138968 -0.0320889 0.0136 0.0189391 -0.0299861 0.0134 0.0223776 -0.0275589 0.0134 0.0233583 -0.0258541 0.0136 0.0244382 -0.0257319 0.0134 0.0272695 -0.0226771 0.0134 0.0302558 -0.0185463 0.0134 0.032521 -0.0138631 0.0134227 0.034568 -0.00771552 0.00936447 0.0329035 -0.00694749 0.00605455 -0.00203161 -0.027 0.0018432 -0.00458495 -0.0270025 0.00487767 -0.00345164 -0.027 0.00965164 -0.00124419 -0.027 0.0108434 0.00163218 -0.027 0.0108723 0.00364884 -0.0310485 0.00940434 0.00463409 -0.027 0.00712512 0.0038975 -0.0270062 0.00336887 0.00149273 -0.033271 0.0121 -0.0126754 0.0235073 0.00243 0.00980003 0.0214989 0.00539985 0.0102842 0.0228222 0.00251988 -0.00979958 -0.0239563 0.00263823 -0.0098 -0.0212979 0.0024 -0.0142684 -0.0240795 0.0024 0.00980273 -0.022148 0.00240406 0.007 -0.0118 0.0024 -0.00796969 -0.0118024 0.00240003 0.0098 -0.0146 0.0024 0.00892838 -0.0128854 0.0024 -0.00974715 -0.014239 0.0024 0.00848072 0.0124227 0.0024 0.00977873 0.0160314 0.0024 0.007 0.0118 0.0024 -0.00979931 0.0140917 0.00240001 -0.00789662 0.0118027 0.00240123 -0.0259093 -0.0242131 0.00687029 -0.0290488 -0.0125937 0.00833061 -0.0283044 -0.0214187 0.00749966 -0.0266095 -0.023514 0.0106113 -0.024813 -0.0253759 0.00937268 0.0122032 0.00637925 0.00291775 0.0133042 0.00697091 0.00382909 0.0122439 -0.00611697 0.0029 0.0133066 -0.00697169 0.0029 0.0131535 -0.00656599 0.0045948 0.0125563 0.00659347 0.00460372 0.0157276 -0.00269471 0.00485 0.0159133 0.00275001 0.00240343 0.0145927 0.00648756 0.0048 0.0324789 0.00679398 0.00579537 0.0290626 0.00400317 0.00483723 0.0244502 0.00451769 0.00241784 0.0216549 0.000707226 0.004775 0.0254016 -0.00405226 0.0048 0.0283998 -0.00389083 0.0035502 0.0322756 -0.000481376 0.00517707 0.0347593 0.00731759 0.00605695 0.0354216 0.00329138 -0.000136983 0.00779272 -0.0324513 -0.0025 0.000520976 -0.0357064 -0.000377346 0.00738087 -0.0347242 -0.0005 0.0151878 -0.0298078 -0.0025 0.0127046 -0.0330967 -0.0005 0.0193082 -0.029732 -0.0005 0.0216732 -0.0253788 -0.0025 0.0237541 -0.0263816 -0.0005 0.0275509 -0.0223103 -0.0005 0.0284549 -0.0174393 -0.0025 0.0307439 -0.01775 -0.0005 0.0324513 -0.00779272 -0.0025 0.0335723 -0.0117938 -0.000531589 0.0354723 -0.00230251 -0.000474241 0.0334082 0.00175085 -0.0025 0.0323142 0.00865856 -0.0025 0.0342434 0.00917548 -0.0005 0.0324309 0.0144392 -0.0005 0.0298078 0.0151878 -0.0025 0.0307439 0.01775 -0.0005 0.0259987 0.0210533 -0.0025 0.0275509 0.0223103 -0.0005 0.0210533 0.0259987 -0.0025 0.01277 0.0308341 -0.0025 0.0207945 0.0289421 -0.000438289 0.0127046 0.0330967 -0.0005 0.00738087 0.0347242 -0.0005 0.00523337 0.0330422 -0.0025 0.00371076 0.0353055 -0.0005 -0.00175085 0.0334082 -0.0025 -0.00185538 0.0354028 -0.0005 -0.00738087 0.0347242 -0.0005 -0.00947696 0.032 -0.0025 -0.0109701 0.0337625 -0.0005 -0.0177362 0.0308996 -0.000473445 -0.0189017 0.0275053 -0.0025 -0.0237541 0.0263816 -0.0005 -0.0259987 0.0210533 -0.0025 -0.0263816 0.0237541 -0.0005 -0.0287201 0.0208664 -0.0005 -0.030122 0.0143694 -0.0025 -0.0326286 0.0142931 -0.000534756 -0.0330422 0.00523337 -0.0025 -0.0354028 0.00185538 -0.0005 -0.0334082 -0.00175085 -0.0025 -0.031459 -0.0111421 -0.0025 -0.0350149 -0.00554581 -0.0005 -0.0330967 -0.0127046 -0.0005 -0.028057 -0.0182204 -0.0025 -0.029732 -0.0193082 -0.0005 -0.0236556 -0.0236556 -0.0025 -0.023199 -0.0269879 -0.000488018 -0.015923 -0.0293304 -0.0025 -0.0160946 -0.0315874 -0.0005 -0.00738087 -0.0347242 -0.0005 -0.00608013 -0.0328153 -0.0025 0 -0.0335 -0.0025 -0.032234 -0.00883934 0.0009 -0.0227395 0.0125072 0.0009 -0.02 0 0.0009 -0.0257933 -0.0126543 0.000907386 -0.0332465 -0.00450669 0.000901061 -0.0208684 0.0114036 0.0009 -0.0211954 -0.0116525 0.0009 -0.0324734 0.00861913 0.00102349 -0.0290754 0.00556612 0.0009 -0.0297345 0.012227 0.0009 -0.0302949 -0.0119581 0.0009 -0.032193 0.00698709 0.00155625 -0.0223781 -0.0123637 0.0024 -0.0203326 -0.0107738 0.0024 -0.02 0 0.0024 -0.0211989 0.0115622 0.0024 -0.0245383 0.0125439 0.0024 -0.0221773 -0.02508 0.004905 -0.0186856 -0.0247537 0.0024 -0.014971 -0.0236251 0.00264 -0.0199954 -0.0268783 0.00264 -0.015531 0.0235418 0.00264 0.0234784 -0.00434859 0.0024 0.0210795 -0.000667879 0.00240058 0.0218633 0.00361464 0.0024 0.0138223 0.00695281 0.0024 0.0140183 -0.00686143 0.0024 0.0156002 -0.00577713 0.0024 0.0304763 0.00476515 0.0026875 -0.0327276 -0.00709418 0.0044 -0.0302397 -0.00612521 0.0039625 -0.0311862 -0.00474703 0.0044 -0.0278683 -0.00538998 0.0009 -0.0291551 0.00532707 0.0044 -0.0328926 0.00460163 0.003525 0.0334771 0.00735051 0.0120071 -0.0271374 0.0192009 0.0119 -0.00864132 0.0305592 -0.0025 -0.0077064 0.0304319 -0.002 -0.0162321 0.0270285 -0.002125 -0.0228489 0.0219241 -0.00225 -0.0268871 0.0167741 -0.00225 -0.0301124 0.00939895 -0.00225 -0.0316301 -0.00195551 -0.00225 -0.0282833 -0.0138124 -0.00225 -0.0234259 -0.0212796 -0.00225 -0.0190058 -0.0250524 -0.002125 -0.0101642 -0.0299552 -0.00225 -0.00454092 -0.0312391 0.000297805 0.00130013 -0.031666 -0.00225 0.0102347 -0.0298639 -0.00225 0.0204854 -0.0241758 -0.0025 0.0198414 -0.0245836 -9.66012e-06 0.0241431 -0.0205388 -3.01622e-05 0.0266767 -0.0170355 -0.00225 0.0314565 -0.004362 -0.0025 0.0308205 -0.00532361 0.000292169 0.0312679 0.00435062 -0.00225 0.0291296 0.011774 -0.0015 0.0276707 0.0159757 -0.0025 0.0258762 0.0179421 -0.002 0.0215811 0.0234463 -0.0025 0.0225358 0.0219232 -0.002 0.0119506 0.0294231 -0.0025 0.0166387 0.0266564 -0.002 0.0101834 0.029657 -0.002 0.00176013 0.0319029 -0.0025 0.000215591 0.0314223 -0.002 -0.0256469 0.0128297 0.00689267 -0.0265753 0.0145414 0.0103693 -0.0282522 0.015 0.00795805 -0.0277014 0.01253 0.00717391 -0.0246676 0.0255182 0.00791163 -0.0248398 0.0143007 0.00889279 -0.0264715 0.0235889 0.0100108 -0.0283876 0.0213101 0.00819968 -0.026921 0.0231409 0.00653248 -0.0253416 0.0248358 0.00712358 -0.016564 -0.0203643 0.0024 -0.0171591 -0.0205966 -2.37448e-18 -0.0146466 -0.0184898 0.0024 -0.0147622 -0.0184896 -1.88793e-18 -0.0146161 -0.0172094 0.0024 -0.0176197 -0.0151317 -1.57081e-18 -0.0172526 -0.0149302 0.0024 -0.0202888 -0.0182861 0.0024 -0.0205846 -0.0181208 -1.9503e-18 -0.0165426 0.0148739 1.4989e-18 -0.0147034 0.0174797 1.8449e-18 -0.0150133 0.0162183 0.0024 -0.0147684 0.0186682 0.0024 -0.0178853 0.0204956 0.0024 -0.0183582 0.0199789 2.20474e-18 -0.0206567 0.0176093 0.0024 -0.0200535 0.0161146 1.70461e-18 -0.0181982 0.0149224 0.0024 0.0173173 0.014952 0.0024 0.0206507 0.0167411 0.0024 0.0207682 0.0180838 1.99954e-18 0.0207207 0.0183531 0.0024 0.0198948 0.0197398 2.01414e-18 0.0184418 0.0202743 0.0024 0.0149421 0.0181701 0.0024 0.0154433 0.0189988 2.07127e-18 0.017324 0.0151688 1.65601e-18 0.0181928 -0.0202163 0.0024 0.0186863 -0.0203116 -2.35302e-18 0.0207563 -0.017947 0.0024 0.020319 -0.0170147 -1.93583e-18 0.0191225 -0.0150946 0.0024 0.0168101 -0.0149971 -1.70219e-18 0.0158368 -0.0153451 0.0024 0.0146584 -0.0180817 0.0024 0.0149984 -0.0186294 -2.12013e-18 0.0212468 0.0230773 2.82615e-18 0.0263307 0.0172027 2.10672e-18 -0.0219648 -0.0225786 -2.76509e-18 -0.0267245 -0.0164252 -2.01151e-18 -0.0242785 0.0199949 2.44867e-18 -0.0162712 0.0266666 3.26646e-18 -0.0282251 0.0138036 1.69046e-18 -0.0247925 -0.0135375 0.00808733 -0.0264727 -0.0124366 0.00633701 -0.0263214 -0.0128096 0.0104154 -0.0235322 -0.0151585 0.00239875 -0.0240724 0.014557 0.0024 -0.0235 0.0193057 0.0024 -0.0229986 -0.0240356 0.0024 0.0274007 -0.0192753 0.013668 0.0293067 -0.0162295 0.0136114 0.0315755 -0.0109545 0.0134491 0.0315135 0.0113645 0.0136 0.030127 0.0146498 0.0136 0.0273743 0.0192281 0.0136 0.0170316 0.028795 0.00265492 -0.0181615 0.0281022 0.0025432 -0.0138426 -0.0305063 0.00264 -0.0170068 -0.0288621 0.00264 -0.0142638 0.0107638 0.0024 0.0226886 -0.0246467 0.00240208 0.0293046 -0.0162325 0.0024 0.0274131 -0.0192554 0.0024 0.0252111 -0.0220601 0.0024 0.0314688 -0.0113484 0.0024 0.0312881 -0.00445411 0.0024 0.03263 0.00757522 0.0024 0.0273743 0.0192281 0.0024 0.030127 0.0146498 0.0024 0.0316172 0.0110681 0.0024 0.0244371 -0.0228961 0.0135141 0.0327171 -0.0072 0.0116 0.0131414 -0.0308087 0.00264002 0.0323483 0.00868687 0.0134105 0.031952 -0.005568 0.00517031 -0.0251312 -0.0195 0.00727934 -0.0247857 -0.0195 0.00797336 -0.0247153 -0.0200066 0.00868211 -0.0249857 -0.0195 0.00948336 -0.0257325 -0.0195 0.0102014 -0.0269382 -0.0195 0.0104654 -0.0276892 -0.0195 0.0102262 -0.028403 -0.0195 0.00947922 -0.0286846 -0.0195 0.00867915 -0.0285122 -0.0195 0.0077354 -0.0279368 -0.0195 0.00694501 -0.0271381 -0.0195 0.00655972 -0.0261378 -0.0195 0.00664339 -0.0275706 0.0195 0.0102906 -0.0282302 0.0195 0.00976238 -0.0286476 0.0195 0.00864841 -0.0283657 0.0200321 0.00737451 -0.0277385 0.0195 0.00679459 -0.0269055 0.0195 0.00653325 -0.0258422 0.0195 0.00673561 -0.0249688 0.0195 0.0075444 -0.024707 0.0195 0.00837735 -0.0248647 0.0195 0.00923611 -0.025534 0.0195 0.0100643 -0.0268329 0.0195 0.010473 -0.00107629 -0.0335344 0.00413066 0.000347227 -0.0333805 0.00767952 -0.00132177 -0.0323727 0.00777527 0.00168845 -0.0335742 0.00487729 -0.00248674 -0.0298 0.00604957 0.00340284 -0.029 0.00222514 0.00202547 -0.021 0.00957183 -0.000989932 -0.021 0.0100131 -0.00354147 -0.021 0.0072036 -0.00268427 -0.021 0.003376 0.00378304 -0.021 0.00665992 0.00310944 -0.021 0.00375642 0.000568455 -0.021 0.00252032 0.00382455 -0.027 0.0107971 -0.00181705 -0.027 0.0107038 -0.0030235 -0.027 0.00860201 0.005 -0.027 0.00623662 0.00258468 -0.027 0.00904113 -0.00304192 -0.027 0.00432376 -0.00232712 -0.0270253 0.00210877 0.00152922 -0.027 0.00262415 0.00376062 -0.027 0.00551267 0.00414529 -0.0270506 0.00192571 0.00405802 -0.0350707 0.00678408 0.00303784 -0.0350711 0.00339843 0.00110907 -0.0353 0.00155718 -0.00253636 -0.0353 0.00232289 -0.00414799 -0.0336234 0.00515992 -0.00435123 -0.0353 0.00786325 0.0029062 -0.030725 0.00659638 0.00212434 -0.0298 0.00394411 -0.00097479 -0.0346754 0.00298619 -0.00132397 -0.0298 0.00337684 -0.00332327 -0.0298 0.00600927 -0.00196995 -0.0298 0.00897002 -0.00150934 -0.0351397 0.010703 0.00146268 -0.0298 0.00931127 0.00119011 -0.0349891 0.0100243 -0.00365477 -0.0295 0.00240613 -0.00221821 -0.029518 0.01113 0.00410085 -0.03095 0.00868492 -0.000864143 -0.029 0.00128024 -0.00497613 -0.02825 0.00504539 -0.00456055 -0.027625 0.0100612 0.00494206 -0.0295 0.00685559 -0.00140832 0.0128325 0.000110464 0.000439159 -0.00591538 0.000102234 0.0247528 0.0023244 0.0003 0.0282499 0.000573039 0.0003 0.0282499 0.000573039 0.0001 0.0283 9.54965e-20 0.0003 0.0283 9.54965e-20 0.0001 0.0282499 -0.000573039 0.0003 0.0282499 -0.000573039 0.0001 0.0271993 -0.00213633 0.0001 0.0262282 -0.00252475 0.0003 0.0233623 -0.0026344 0.0001 0.022348 -0.00185695 0.0003 0.0217501 -0.000573039 0.0003 0.0217501 -0.000573039 0.0001 0.0217 -7.1277e-19 0.0003 0.0217 -7.1277e-19 0.0001 0.0217501 0.000573039 0.0003 0.0217501 0.000573039 0.0001 0.0253628 0.00246388 0.0001 -0.0135103 0.0260992 0.0001 0.00880273 0.0296777 0.0001 0 0.0308961 0.0003 -0.0044421 0.0303393 0.0001 -0.0096642 0.0294573 0.0003 0.0125041 0.0218091 0.000225 0.0107558 0.0290001 0.0003 0.0208963 0.0122241 0.00025 0.0164381 0.0117307 0.0001 0.0137524 0.0130415 0.0003 0.012245 0.0145899 0.0001 0.0297641 -0.00862207 0.0003 0.0289516 -0.0105174 0.0001 0.0310592 0 0.0001 0.0310592 0 0.0003 0.0302151 0.00671921 0.0001 0.0292586 0.0092449 0.0003 0.0122188 -0.0193614 0.0003 0.0123744 -0.0161735 0.0001 0.015669 -0.0120523 0.0003 0.0242616 -0.0129228 0.0003 0.0209396 -0.0123621 0.0001 0.0133804 -0.0228728 0.0001 -0.00470104 -0.030249 0.0003 0.00158086 -0.0305713 0.0001 0.0111375 -0.0283863 0.000240625 -0.0120133 -0.0181783 0.0001 -0.0125259 -0.0272782 0.0001 -0.0173385 -0.012063 0.0001 -0.012272 -0.0144603 0.0003 -0.012877 -0.0240381 0.0003 -0.0232467 -0.0112163 0.0003 -0.0289468 -0.011282 0.0001 -0.025393 -0.0128447 0.000246094 -0.0288304 0.011445 0.0003 -0.0302058 0.00638057 0.0001 -0.0306931 0.00276546 0.0003 -0.0307339 -0.00395841 0.0001 -0.0300842 -0.00788345 0.0003 -0.0260295 0.0134764 0.00020625 -0.011886 0.0179508 0.0001 -0.0127981 0.0226813 0.0003 -0.0121009 0.0146624 0.0003 -0.0179889 0.0125364 0.0001 -0.0185744 0.0122331 0.0003 0.0217 0 0.0003 0.0283 0 0.0003 0.0283 0 0.0001 0.0217 0 0.0001 -0.00394686 0.0226511 0.0063 0.00399255 0.0225244 0.0073 0.00390671 0.022786 0.0063 -0.00570995 0.0185647 0.0073053 -0.00425 0.02695 0.0063 0.00255451 0.0128321 0.0063 -0.00494201 0.0280607 0.0064416 -0.00585 0.0206 0.0063 -0.00532233 0.0131037 0.0063 0.00585 0.0206 0.00705 0.00579419 0.0138037 0.0063 -0.0048896 0.0273817 0.0073 0.00425 0.02695 0.0073 0.00475725 0.0274767 0.00649922 0.00273231 0.0130285 0.0073 -0.00529305 0.0131354 0.0073 -0.00124808 0.0238086 0.01165 0.000760125 0.0239466 0.01265 -0.0109228 0.0136771 0.01265 0.0119555 0.0132774 0.0119 0.0108882 0.0206318 0.01165 -0.00974161 0.0239764 0.0116522 0.0102858 0.0132339 0.01265 0.0108053 0.0209683 0.01265 0.012824 0.0143264 0.0124 0.0117638 0.0232352 0.0123375 -0.0117866 0.0121409 0.01215 3.72529e-09 0.01128 0.01265 -0.0120845 0.021024 0.012647 0.0107361 0.0142996 0.01165 3.72529e-09 0.01128 0.01165 0.0069151 0.02408 0.01165 -0.0109099 0.0145361 0.01165 0.0118057 0.0120812 0.0124 -0.00360039 0.016516 0.017825 0.00260616 0.0170173 0.0177957 0.00667931 0.0154393 0.0169125 -0.00679 0.0154781 0.0167625 -0.00460203 0.0148168 0.0143813 -0.00107484 0.0171945 0.0135581 0.00595869 0.0171951 0.0136982 0.00363873 0.0156444 0.0139253 0.000162602 0.0192434 0.0147431 -0.00586729 0.0162748 0.0140656 0.007315 0.0145 0.01445 0.00049414 0.014679 0.0155754 -0.000876558 0.015075 0.01795 0.00679 0.0190875 0.017 0.00202235 0.018925 0.01795 -0.00559461 0.017716 0.0177234 -0.00679 0.018734 0.0162735 -0.0012634 0.0175251 0.0884 0.00101666 0.0175174 0.08825 -0.000412526 0.0429997 0.078459 0.00275297 0.0429999 0.0812289 -0.000592872 -0.0428438 0.0793245 -0.000259658 -0.043 0.0835591 -0.003242 -0.043 0.0817323 6e-05 -0.043 0.07578 0 -0.008 0.0874 0 -0.008 0.0884 0.00138919 -0.00787846 0.0874 0.00206267 -0.007698 0.0884 0.00655298 -0.00441536 0.0883913 0.00787846 -0.00138919 0.0884 0.008 -1.11933e-17 0.0874 0.008 -1.11933e-17 0.0884 0.00787846 0.00138919 0.0884 0.00138919 0.00787846 0.0874 0.00138919 0.00787846 0.0884 9.79717e-19 0.008 0.0874 9.79717e-19 0.008 0.0884 0.00827239 0.00145864 0.0874 0.0084 -1.12178e-17 0.0874 0.00827239 -0.00145864 0.0874 0.00145864 -0.00827239 0.0874 -1.73472e-18 -0.008 0.0874 -1.73472e-18 -0.0084 0.0874 -0.00138919 -0.00787846 0.0874 -0.00145864 -0.00827239 0.0874 -0.00827239 -0.00145864 0.0874 -0.00767137 -0.00226286 0.087125 -0.0084 -9.16036e-18 0.0874 -0.00827239 0.00145864 0.0874 -0.00138919 0.00787846 0.0874 -0.00145864 0.00827239 0.0874 1.73472e-18 0.008 0.0874 1.73472e-18 0.0084 0.0874 0.00145864 0.00827239 0.0874 0 -0.0084 0.0863 0 -0.0084 0.0874 0.00145864 -0.00827239 0.0863 0.00364803 -0.00719549 0.0869875 0.0084 -1.10831e-17 0.0863 0.0084 -1.10831e-17 0.0874 0.00784347 0.00209714 0.0854 0.00679364 0.00428121 0.0865375 0.00381154 0.00709949 0.0883972 0.00145864 0.00827239 0.0863 1.0287e-18 0.0084 0.0863 1.0287e-18 0.0084 0.0874 -0.0051711 0.0058153 0.0867812 -0.00787846 0.00138919 0.0863 -0.00654161 0.0044687 0.0883994 -0.008 -9.09913e-18 0.0863 -0.00787846 -0.00138919 0.0863 -0.00833619 -0.000729322 0.0863 -0.00494492 -0.00667258 0.0883988 -0.00138919 -0.00787846 0.0863 -0.00145864 -0.00827239 0.0863 -1.73472e-18 -0.008 0.0863 -1.73472e-18 -0.0084 0.0863 0.00138919 -0.00787846 0.0863 0.00787846 -0.00138919 0.0863 0.008 -1.10586e-17 0.0863 0.00787846 0.00138919 0.0863 0.00138919 0.00787846 0.0863 1.73472e-18 0.008 0.0863 1.73472e-18 0.0084 0.0863 -0.00138919 0.00787846 0.0863 -0.00145864 0.00827239 0.0863 0 -0.008 0.0845 0 -0.008 0.0863 0.00138919 -0.00787846 0.0845 0.00425519 -0.00667561 0.0845 0.00702291 -0.00365366 0.0845 0.00793923 -0.000694593 0.0845 0.008 -1.08381e-17 0.0863 0.00138919 0.00787846 0.0845 9.79717e-19 0.008 0.0845 9.79717e-19 0.008 0.0863 -0.00713986 0.00125895 0.0845 -0.00725 -9.01646e-18 0.0845 -0.00793923 0.000694593 0.0845 -0.00713986 -0.00125895 0.0845 -0.00693004 -0.00223642 0.0841 -0.00125895 -0.00713986 0.0845 -0.00138919 -0.00787846 0.0845 -1.73472e-18 -0.00725 0.0845 -1.73472e-18 -0.008 0.0845 0.00125895 -0.00713986 0.0845 0.00495302 -0.00495302 0.0845 0.00713986 -0.00125895 0.0845 0.00725 -1.07922e-17 0.0845 0.00713986 0.00125895 0.0845 0.0040465 0.0061678 0.0845 0.00125895 0.00713986 0.0845 8.67362e-19 0.00725 0.0845 8.67362e-19 0.008 0.0845 -0.00125895 0.00713986 0.0845 -0.00138919 0.00787846 0.0845 -0.00530965 0.00450205 0.0841 -0.00563905 0.00516463 0.0845 0 -0.00725 0.0837 0 -0.00725 0.0845 0.00125895 -0.00713986 0.0837 0.00566627 -0.00405107 0.0837 0.00725 -1.06942e-17 0.0845 0.00538934 0.00366429 0.0837 0.00125895 0.00713986 0.0837 8.87869e-19 0.00725 0.0837 8.87869e-19 0.00725 0.0845 -0.00125895 -0.00713986 0.0837 -0.00156283 -0.00886327 0.0837 -0.00307818 -0.00845723 0.0837 -0.0045 -0.00779423 0.0837 -0.00440905 -0.00619984 0.0851125 -0.00578509 -0.0068944 0.0837 -0.0068944 -0.00578509 0.0837 -0.00779423 -0.0045 0.0837 -0.00845723 -0.00307818 0.0837 -0.00886327 -0.00156283 0.0837 -0.009 -8.59702e-18 0.0837 -0.00886327 0.00156283 0.0837 -0.00845723 0.00307818 0.0837 -0.00779423 0.0045 0.0837 -0.0068944 0.00578509 0.0837 -0.00578509 0.0068944 0.0837 -0.0045 0.00779423 0.0837 -0.00307818 0.00845723 0.0837 -0.00125895 0.00713986 0.0837 -0.00156283 0.00886327 0.0837 1.73472e-18 0.00725 0.0837 1.73472e-18 0.009 0.0837 0.00156283 0.00886327 0.0837 0.00307818 0.00845723 0.0837 0.0045 0.00779423 0.0837 0.00578509 0.0068944 0.0837 0.0068944 0.00578509 0.0837 0.00779423 0.0045 0.0837 0.00845723 0.00307818 0.0837 0.00886327 0.00156283 0.0837 0.009 -1.08014e-17 0.0837 0.00886327 -0.00156283 0.0837 0.00845723 -0.00307818 0.0837 0.00779423 -0.0045 0.0837 0.0068944 -0.00578509 0.0837 0.00578509 -0.0068944 0.0837 0.0045 -0.00779423 0.0837 0.00307818 -0.00845723 0.0837 0.00156283 -0.00886327 0.0837 -1.73472e-18 -0.00725 0.0837 0 -0.009 0.0837 -0.04 0.043 0.0854 -0.0411452 0.0423222 0.0860415 -0.04 0.0429587 0.0858951 -0.04 0.0427358 0.0866038 -0.04 0.0417634 0.087827 -0.04 0.0421937 0.0874278 -0.0405209 0.0408784 0.0881885 -0.04 0.041137 0.0881626 -0.04 0.0404951 0.0883587 -0.043 0.04 0.0854 -0.041263 0.04 0.0881086 -0.0419284 0.04 0.0876981 -0.0424481 0.04 0.0871142 -0.0428867 0.04 0.0861735 -0.043 -0.04 0.0854 -0.0428867 -0.04 0.0861735 -0.0425981 -0.04 0.0869 -0.0421132 -0.04 0.0875132 -0.041263 -0.04 0.0881086 -0.0405209 -0.04 0.0883544 -0.0397562 -0.04 0.0884 -0.0402621 0.0397796 0.0883986 0.04 0.043 0.0854 0.04 0.0404951 0.0883587 0.04 0.0412803 0.0880988 0.04 0.0418459 0.0877626 0.04 0.0423184 0.0872941 0.04 0.0427358 0.0866038 0.04 0.0429587 0.0858951 0.00525156 0.04 0.0884 0.04 0.04 0.0884 -0.04 -0.0404951 0.0883587 -0.04 -0.0418459 0.0877626 -0.04 -0.0412803 0.0880988 -0.04 -0.0423184 0.0872941 -0.04 -0.0427358 0.0866038 -0.04 -0.0429587 0.0858951 -0.0420048 -0.0413899 0.0867223 -0.04 -0.043 0.0854 -0.040705 -0.0428311 0.0857653 -0.0407696 -0.0409243 0.0880764 0.0405209 0.04 0.0883544 0.041263 0.04 0.0881086 0.0407696 0.0409243 0.0880764 0.0421132 0.04 0.0875132 0.0425981 0.04 0.0869 0.0428867 0.04 0.0861735 0.043 0.04 0.0854 0.0420048 0.0413899 0.0867223 0.040705 0.0428311 0.0857653 0.04 -0.043 0.0854 0.04 -0.04 0.0884 0.00802813 -0.04 0.0884 0.04 -0.0404951 0.0883587 0.04 -0.041137 0.0881626 0.04 -0.0417634 0.087827 0.04 -0.0421937 0.0874278 0.04 -0.0427358 0.0866038 0.04 -0.0429587 0.0858951 0.043 -0.04 0.0854 0.04 0.0395125 0.0884 0.0428867 -0.04 0.0861735 0.0424481 -0.04 0.0871142 0.0419284 -0.04 0.0876981 0.041263 -0.04 0.0881086 0.0405209 -0.04 0.0883544 0.04 0.0100602 0.0884 0.0405209 -0.0408784 0.0881885 0.0411452 -0.0423222 0.0860415 0.0355264 0.0383927 0.087875 0.0341074 0.0377221 0.0884 0.0339909 0.0374068 0.087875 0.0337607 0.0352603 0.087875 0.0364736 0.0336073 0.087875 0.0347166 0.0380157 0.0764 0.0335944 0.0366446 0.0764 0.0337853 0.0346879 0.0752466 0.0360543 0.0336357 0.0764 0.042 0.0475 0.04075 0.042 0.0475 0.0374 0.0443651 0.0468055 0.04075 0.0456964 0.0454448 0.0374 0.0470278 0.044084 0.04075 0.0475 0.042 0.04075 0.0475 0.042 0.0374 0.0451 0.04 0.0631292 0.0443019 0.0416701 0.0642974 0.0441847 0.0449363 0.0589762 0.04 0.0465849 0.0589975 0.04 0.0451 0.0631292 0.0468429 0.0427828 0.055835 0.04 0.0487641 0.0504958 0.04 0.0482226 0.0530741 0.04 0.0478079 0.0547808 0.04 0.0468506 0.0581604 0.0465724 0.0410144 0.0590321 0.0468506 0.04 0.0581604 0.0478079 0.04 0.0547808 0.0482226 0.04 0.0530741 0.0441616 0.0469631 0.0526383 0.0481388 0.0433423 0.0494117 0.0487641 0.04 0.0504958 0.04 0.0498018 0.0426644 0.04 0.0494498 0.0461593 0.0422073 0.0491941 0.0450579 0.04 0.0492082 0.047899 0.04 0.05 0.0374 0.04 0.0498623 0.0417883 0.0492082 0.04 0.047899 0.0494498 0.04 0.0461593 0.0498018 0.04 0.0426644 0.0461748 0.0472298 0.0439738 0.0490819 0.0433395 0.042881 0.0498623 0.04 0.0417883 0.0432054 0.0492636 0.0374 0.0483955 0.0451448 0.0374 0.0498769 0.0415643 0.0374 0.05 0.04 0.0374 0.0431327 0.04 0.0713372 0.0409657 0.0429999 0.0741571 0.0422442 0.0419427 0.079778 0.043 0.0404861 0.074156 0.04 0.0435297 0.0685435 0.04 0.0432358 0.070402 0.04 0.0431327 0.0713372 0.0421109 0.0421721 0.0699404 0.04 0.0439395 0.066707 0.0416769 0.0451419 0.0621527 0.04 0.0441874 0.0657993 0.0432358 0.04 0.070402 0.0435297 0.04 0.0685435 0.0439395 0.04 0.066707 0.0441874 0.04 0.0657993 0.0175 0.0195 0.04075 0.0175 0.0195 0.0884 0.0171527 0.0194696 0.04075 0.016658 0.0193057 0.04075 0.0169843 0.0194245 0.0884 0.0158309 0.0185107 0.04075 0.0162148 0.0189682 0.0884 0.0156206 0.018184 0.0884 0.0155228 0.0175868 0.04075 0.0155228 0.0174132 0.0884 0.0156206 0.016816 0.04075 0.0156206 0.016816 0.0884 0.0157679 0.0165 0.04075 0.0157679 0.0165 0.0884 0.0162956 0.0159296 0.04075 0.0162956 0.0159296 0.0884 0.016816 0.0156206 0.04075 0.0175868 0.0155228 0.04075 -0.0378466 0.0343776 0.087875 -0.0367433 0.0336404 0.087875 -0.037998 0.0344496 0.0884 -0.0348961 0.0338807 0.087875 -0.0334508 0.0357009 0.0884 -0.0381947 0.0348582 0.0764 -0.0372771 0.0338998 0.0764 -0.0350861 0.0337921 0.0764 -0.0336982 0.0353495 0.0764 -0.036 0.036 0.0748978 -0.0475 0.042 0.04075 -0.0473962 0.042709 0.0374 -0.0460613 0.045252 0.04075 -0.0452014 0.04617 0.0374 -0.0429551 0.0474164 0.04075 -0.042 0.0475 0.04075 -0.042 0.0475 0.0374 -0.01225 0.0475 0.04075 0 0.0475 0.0374 -0.04 0.05 0.0374 -0.04 0.0498623 0.0417883 -0.04 0.0494498 0.0461593 -0.04 0.0492082 0.047899 -0.04 0.0482226 0.0530741 -0.04 0.0468506 0.0581604 -0.04 0.0465849 0.0589975 -0.0412286 0.0449606 0.0635247 -0.04 0.0441874 0.0657993 -0.04 0.0439395 0.066707 -0.04 0.0435297 0.0685435 -0.04 0.0432358 0.070402 -0.04 0.0431327 0.0713372 -0.04 0.043 0.0741559 -0.046976 0.0416748 0.0568892 -0.0465849 0.04 0.0589975 -0.0451 0.04 0.0631292 -0.0470432 0.0443161 0.0526383 -0.0444186 0.0456028 0.0568892 -0.0487641 0.04 0.0504958 -0.0482226 0.04 0.0530741 -0.0478079 0.04 0.0547808 -0.0468506 0.04 0.0581604 -0.0484957 0.0420396 0.0504958 -0.0453811 0.0468234 0.0504958 -0.0414491 0.047771 0.0549126 -0.0498018 0.04 0.0426644 -0.0494498 0.04 0.0461593 -0.0493603 0.0422472 0.0439738 -0.0492082 0.04 0.047899 -0.0421019 0.0487666 0.0504795 -0.0457679 0.0484337 0.0375101 -0.05 0.04 0.0374 -0.0498623 0.04 0.0417883 -0.0485165 0.0457263 0.03757 -0.0418005 0.0498021 0.0426588 -0.0496937 0.0423273 0.0374 -0.0415643 0.0498769 0.0374 -0.043 0.0404112 0.0741551 -0.0421721 0.0421109 0.0699404 -0.0422099 0.0418508 0.0811835 -0.0407358 0.0428974 0.0741559 -0.0435297 0.04 0.0685435 -0.0432358 0.04 0.070402 -0.0431327 0.04 0.0713372 -0.0439395 0.04 0.066707 -0.0443423 0.042551 0.0631856 -0.0441874 0.04 0.0657993 -0.0194623 0.0172422 0.04075 -0.0194321 0.0170712 0.0884 -0.0192321 0.0165 0.04075 -0.0192321 0.0165 0.0884 -0.0187044 0.0159296 0.04075 -0.0187044 0.0159296 0.0884 -0.018184 0.0156206 0.04075 -0.018184 0.0156206 0.0884 -0.0178473 0.0155304 0.04075 -0.0170712 0.0155679 0.04075 -0.0174132 0.0155228 0.0884 -0.0160318 0.0162148 0.04075 -0.0165558 0.0157751 0.0884 -0.0157679 0.0165 0.0884 -0.0156206 0.016816 0.04075 -0.0156206 0.016816 0.0884 -0.0155152 0.0173264 0.04075 0.038159 -0.0351345 0.087875 0.0383947 -0.0346252 0.0884 0.0362105 -0.0335938 0.087875 0.0341781 -0.0342136 0.0884 0.0374241 -0.0340931 0.0764 0.0356283 -0.0335702 0.0764 0.0337549 -0.0351881 0.0764 0.036 -0.036 0.0748978 0.0475 -0.042 0.04075 0.0475 0 0.0374 0.0475 0.01225 0.04075 0.0473962 -0.042709 0.0374 0.046665 -0.0444762 0.04075 0.0434181 -0.0472924 0.04075 0.0452014 -0.04617 0.0374 0.042 -0.0475 0.04075 0.042 -0.0475 0.0374 0.046743 -0.0422373 0.0568892 0.04 -0.0451 0.0631292 0.0465849 -0.04 0.0589975 0.0451 -0.04 0.0631292 0.0427828 -0.0468429 0.055835 0.0487773 -0.0413981 0.0504222 0.0482226 -0.04 0.0530741 0.0478079 -0.04 0.0547808 0.0468506 -0.04 0.0581604 0.0410144 -0.0465724 0.0590321 0.04 -0.0468506 0.0581604 0.04 -0.0478079 0.0547808 0.04 -0.0482226 0.0530741 0.0460047 -0.0458436 0.0536116 0.04 -0.0487641 0.0504958 0.0498018 -0.04 0.0426644 0.0494498 -0.04 0.0461593 0.0492082 -0.04 0.047899 0.0432516 -0.0487158 0.0461506 0.0499998 -0.0410933 0.0374 0.0498623 -0.04 0.0417883 0.0490819 -0.0433395 0.042881 0.04 -0.0492082 0.047899 0.04 -0.0494498 0.0461593 0.0467282 -0.0477875 0.0375918 0.0412889 -0.0498014 0.0426653 0.04 -0.0498623 0.0417883 0.0493019 -0.0434336 0.0374 0.0415643 -0.0498769 0.0374 0.04 -0.05 0.0374 0.04 -0.043 0.0741559 0.04 -0.0431327 0.0713372 0.043 -0.0404112 0.0741551 0.0421721 -0.0421109 0.0699404 0.0422099 -0.0418508 0.0811835 0.0407358 -0.0428974 0.0741559 0.0435297 -0.04 0.0685435 0.0432358 -0.04 0.070402 0.0431327 -0.04 0.0713372 0.0439395 -0.04 0.066707 0.0427854 -0.0430616 0.0648026 0.0441874 -0.04 0.0657993 0.04 -0.0432358 0.070402 0.04 -0.0435297 0.0685435 0.04 -0.0439395 0.066707 0.04 -0.0441874 0.0657993 0.0195 -0.0175 0.04075 0.0195 -0.0175 0.0884 0.0194696 -0.0171527 0.04075 0.0193057 -0.016658 0.04075 0.0194245 -0.0169843 0.0884 0.0185107 -0.0158309 0.04075 0.0189682 -0.0162148 0.0884 0.018184 -0.0156206 0.0884 0.0176736 -0.0155152 0.04075 0.0176736 -0.0155152 0.0884 0.0171527 -0.0155304 0.04075 0.0169843 -0.0155755 0.0884 0.016658 -0.0156943 0.04075 0.0159296 -0.0162956 0.04075 0.0162956 -0.0159296 0.0884 0.0156943 -0.016658 0.0884 0.0155755 -0.0169843 0.04075 0.0155152 -0.0176736 0.04075 -0.0352809 -0.0382788 0.087875 -0.0337377 -0.0366394 0.087875 -0.0350241 -0.038351 0.0884 -0.0344662 -0.0338934 0.0884 -0.0339599 -0.0374285 0.0764 -0.0337029 -0.0354556 0.0764 -0.0352423 -0.0337597 0.0764 -0.042 -0.0475 0.04075 0 -0.0475 0.0374 -0.01225 -0.0475 0.04075 -0.042709 -0.0473962 0.0374 -0.04617 -0.0452014 0.0374 -0.045252 -0.0460613 0.04075 -0.0474164 -0.0429551 0.04075 -0.0475 -0.042 0.04075 -0.0475 -0.042 0.0374 -0.0475 0.01225 0.04075 -0.0475 0 0.0374 0.0194245 0.0169843 0.04075 -0.01225 0.01225 0.04075 0.0193471 0.0181289 0.04075 0.018184 0.0156206 0.04075 0.0189682 0.0162148 0.04075 0.0180157 0.0194245 0.04075 0.0188374 0.0189588 0.04075 -0.0180157 0.0194245 0.04075 -0.0160912 0.0189088 0.04075 -0.0156717 0.0182578 0.04075 -0.0171211 0.0194141 0.04075 -0.0189588 0.0188374 0.04075 -0.0185 0.0192321 0.04075 -0.0194245 0.0180157 0.04075 -0.0160228 -0.0162021 0.04075 -0.0167422 -0.0156717 0.04075 -0.0176736 -0.0155152 0.04075 -0.018184 -0.0156206 0.04075 -0.0189682 -0.0162148 0.04075 -0.0155152 -0.0176736 0.04075 -0.0155304 -0.0171527 0.04075 -0.0175 -0.0195 0.04075 -0.0194245 -0.0169843 0.04075 -0.0193471 -0.0181289 0.04075 -0.0180157 -0.0194245 0.04075 -0.0169053 -0.0193877 0.04075 -0.0158927 -0.0186254 0.04075 -0.0188374 -0.0189588 0.04075 0.00779423 0.0045 0.04075 0.00845723 0.00307818 0.04075 0.00886327 0.00156283 0.04075 0.0162148 -0.0189682 0.04075 0.0181289 -0.0193471 0.04075 0.0194245 -0.0180157 0.04075 0.0068944 0.00578509 0.04075 0.00578509 0.0068944 0.04075 0.0045 0.00779423 0.04075 0 -0.009 0.04075 0.00156283 -0.00886327 0.04075 -0.00156283 0.00886327 0.04075 -0.00307818 0.00845723 0.04075 -0.00779423 -0.0045 0.04075 -0.0068944 -0.00578509 0.04075 -0.00578509 -0.0068944 0.04075 -0.0045 -0.00779423 0.04075 0.0169843 -0.0194245 0.04075 0.0189588 -0.0188374 0.04075 0.00307818 0.00845723 0.04075 0.00156283 0.00886327 0.04075 0 0.009 0.04075 0.00845723 -0.00307818 0.04075 0.00886327 -0.00156283 0.04075 0.009 -6.93889e-18 0.04075 0.00779423 -0.0045 0.04075 0.0068944 -0.00578509 0.04075 0.00578509 -0.0068944 0.04075 -0.0045 0.00779423 0.04075 -0.00578509 0.0068944 0.04075 -0.0068944 0.00578509 0.04075 -0.00307818 -0.00845723 0.04075 -0.00156283 -0.00886327 0.04075 0.00307818 -0.00845723 0.04075 0.0045 -0.00779423 0.04075 -0.00779423 0.0045 0.04075 -0.00845723 0.00307818 0.04075 -0.00886327 0.00156283 0.04075 -0.009 0 0.04075 -0.00886327 -0.00156283 0.04075 -0.00845723 -0.00307818 0.04075 0.0156206 -0.018184 0.04075 -0.05 -0.04 0.0374 -0.0498623 -0.04 0.0417883 -0.0498018 -0.04 0.0426644 -0.0494498 -0.04 0.0461593 -0.0492082 -0.04 0.047899 -0.0487641 -0.04 0.0504958 -0.0482226 -0.04 0.0530741 -0.0478079 -0.04 0.0547808 -0.0468506 -0.04 0.0581604 -0.0451 -0.04 0.0631292 -0.0441874 -0.04 0.0657993 -0.0439395 -0.04 0.066707 -0.0435297 -0.04 0.0685435 -0.0432358 -0.04 0.070402 -0.0431327 -0.04 0.0713372 -0.0465724 -0.0410144 0.0590321 -0.0443019 -0.0416701 0.0642974 -0.0441847 -0.0449363 0.0589762 -0.04 -0.0465849 0.0589975 -0.04 -0.0451 0.0631292 -0.0429421 -0.0471028 0.0547808 -0.0468429 -0.0427828 0.055835 -0.04 -0.0487641 0.0504958 -0.04 -0.0482226 0.0530741 -0.04 -0.0478079 0.0547808 -0.04 -0.0468506 0.0581604 -0.0453811 -0.0468234 0.0504958 -0.0481388 -0.0433423 0.0494117 -0.04 -0.0498018 0.0426644 -0.04 -0.0494498 0.0461593 -0.0421194 -0.048828 0.0483275 -0.04 -0.0492082 0.047899 -0.04 -0.0498623 0.0417883 -0.0416723 -0.0499997 0.0374 -0.0450496 -0.0488644 0.0375118 -0.0490819 -0.0433395 0.042881 -0.0479888 -0.0462447 0.0374867 -0.0498769 -0.0415643 0.0374 -0.0409657 -0.0429999 0.0741573 -0.0422442 -0.0419427 0.079778 -0.043 -0.0404861 0.074156 -0.04 -0.0435297 0.0685435 -0.04 -0.0432358 0.070402 -0.04 -0.0431327 0.0713372 -0.0421109 -0.0421721 0.0699404 -0.04 -0.0439395 0.066707 -0.0416769 -0.0451419 0.0621527 -0.04 -0.0441874 0.0657993 -0.0175 -0.0195 0.0884 -0.0167422 -0.0193283 0.0884 -0.0158927 -0.0186254 0.0884 -0.0155152 -0.0176736 0.0884 -0.0156758 -0.0165936 0.0884002 -0.0162144 -0.0159679 0.0884 -0.0169053 -0.0156123 0.0884 -0.006125 -0.01175 0.0884 0.00140625 0.0261312 0.0884 -0.0176736 -0.0155152 0.0884 -0.0193057 -0.016658 0.0884 -0.0185107 -0.0158309 0.0884 -0.0262375 -0.0262375 0.0884 -0.0180157 -0.0194245 0.0884 -0.0187044 -0.0190704 0.0884 -0.0192321 -0.0185 0.0884 -0.0194659 -0.0174553 0.0884 0.0190704 -0.0187044 0.0884 0.0262375 -0.0212438 0.0884 0.0185 -0.0192321 0.0884 0.0194245 -0.0180157 0.0884 0.0175408 -0.0194509 0.0884 0.0166802 -0.0193318 0.0884 0.0158309 -0.0185107 0.0884 0.0155228 -0.0175868 0.0884 -0.006125 0.01175 0.0884 -0.0155453 0.017671 0.0884 -0.0194245 0.0180157 0.0884 -0.0185 0.0192321 0.0884 -0.0262375 0.0224937 0.0884 -0.0190704 0.0187044 0.0884 -0.0158679 0.0186428 0.0884 -0.0180157 0.0194245 0.0884 -0.0175 0.0195 0.0884 -0.0165599 0.0192099 0.0884 0.0192321 0.0185 0.0884 0.0349328 0.033795 0.0884 0.0194659 0.0174553 0.0884 0.0219125 0 0.0884 0.0193057 0.016658 0.0884 0.0188374 0.0160412 0.0884 0.018184 0.0156206 0.0884 0.0174592 0.0155491 0.0884 0.0103437 0.0135 0.0884 0.0187044 0.0190704 0.0884 0.0180157 0.0194245 0.0884 -0.00138919 0.00787846 0.0884 0 0.008 0.0884 -0.00787846 0.00138919 0.0884 -0.00787846 -0.00138919 0.0884 -0.008 -6.93889e-18 0.0884 -0.00138919 -0.00787846 0.0884 0.008 -1.38778e-17 0.0884 0.0189938 0.0395125 0.0884 -0.0395125 0.0395125 0.0884 -0.0161813 0.0395125 0.0884 0.0387633 0.0351043 0.0884 -0.0338326 0.0377068 0.0884 0.0028158 -0.0173752 0.0883578 0.0348029 -0.0386287 0.0884 -0.0376316 -0.0349633 0.0884 -0.0370234 -0.0140258 0.0884 0.009 -5.54153e-18 0.04075 0.009 -1.07457e-17 0.0837 1.10218e-18 0.009 0.04075 1.10218e-18 0.009 0.0837 -0.009 -3.33716e-18 0.04075 -0.009 -8.54133e-18 0.0837 -2.20436e-18 -0.009 0.04075 -2.20436e-18 -0.009 0.0837 -0.0382403 -0.0370736 0.0753953 -0.0361786 -0.0382803 0.0764 -0.0377989 -0.0339729 0.076465 -0.0380689 -0.0349602 0.087875 -0.0378461 -0.0374782 0.087875 0.0336404 -0.0367433 0.0764 0.0345932 -0.0380091 0.0764 0.036051 -0.0384386 0.0764 0.0377573 -0.0376849 0.0764 0.0384715 -0.0361085 0.0764 0.033459 -0.03635 0.0884 0.0342657 -0.0377343 0.087875 0.035145 -0.0383492 0.087875 0.0365805 -0.0383643 0.087875 0.0379484 -0.0376001 0.0880063 -0.0340992 0.0375284 0.0764 -0.0358915 0.0384715 0.0764 -0.0349475 0.0382571 0.0764 -0.0371418 0.0381947 0.0764 -0.0382788 0.0367191 0.0764 -0.0342427 0.0376849 0.087875 -0.035145 0.0383492 0.087875 -0.0361085 0.0384715 0.087875 -0.0376628 0.037879 0.0880063 -0.0384715 0.0358915 0.087875 0.0379008 0.0344716 0.0764 0.0384203 0.0362631 0.0764 0.0371039 0.0381193 0.0764 0.0379631 0.0344945 0.087875 0.0383691 0.0363125 0.087875 0.0375757 0.0381126 0.0881375 -0.00725 -8.91849e-18 0.0845 -1.77574e-18 -0.00725 0.0837 -1.77574e-18 -0.00725 0.0845 -0.008 -8.87869e-18 0.0863 -1.95943e-18 -0.008 0.0845 -1.95943e-18 -0.008 0.0863 -0.0084 -9.02565e-18 0.0874 -2.05741e-18 -0.0084 0.0863 -2.05741e-18 -0.0084 0.0874 -0.008 -9.23384e-18 0.0884 -1.95943e-18 -0.008 0.0874 -1.95943e-18 -0.008 0.0884 0.04 0.0499371 0.0351941 -0.04 0.049965 0.0351547 -0.04 0.0497715 0.0353585 0.04 0.0497104 0.0353859 0 0.0496106 0.0354 -0.0497104 0.04 0.0353859 -0.0499371 0.04 0.0351941 -0.0473316 0.046893 0.0354 0.0495685 0.042763 0.0354 0.0497957 0.04 0.0353355 0.0500004 0.04 0.0350704 -0.0500004 -0.04 0.0350704 -0.0497957 -0.04 0.0353355 0.0499371 -0.04 0.0351941 0.0497104 -0.04 0.0353859 -0.04 -0.0497104 0.0353859 -0.04 -0.0499371 0.0351941 -0.0495685 -0.042763 0.0354 0.0473316 -0.046893 0.0354 0 -0.0496106 0.0354 0.04 -0.0497104 0.0353859 0.04 -0.0499408 0.0351777 8.3127e-08 0.0325445 0.0354 0.0119802 0.0302585 0.03538 0.00809377 0.031522 0.0354 0.0156781 0.0285184 0.03538 0.0191288 0.0263285 0.03538 0.0250754 0.0207442 0.03538 0.0274776 0.0174378 0.03538 0.0222786 0.0237236 0.0354 0.030951 0.0100566 0.03538 0.0294473 0.0138565 0.0354 0.0324796 0.00204344 0.03538 0.0319681 0.00609793 0.0354 0.0319674 -0.0060981 0.03538 0.0324802 -0.00204358 0.0354 0.030951 -0.0100566 0.03538 0.029447 -0.013857 0.0354 0.0274776 -0.0174378 0.03538 0.0250754 -0.0207442 0.03538 0.0222778 -0.0237234 0.03538 0.0191288 -0.0263285 0.03538 0.0156781 -0.0285184 0.03538 0.00809332 -0.0315214 0.03538 0.00407882 -0.0322872 0.03538 0.0119803 -0.0302591 0.0354 -8.3127e-08 -0.0325445 0.0354 -0.0222786 -0.0237236 0.0354 -0.00809377 -0.031522 0.0354 -0.0294473 -0.0138565 0.0354 -0.0319683 -0.00609722 0.0354 -0.0250757 0.0207449 0.0354 -0.0119802 0.0302592 0.0354 -0.0309515 0.0100571 0.0354 0 -0.0318282 0.0148876 -0.00398912 -0.0315772 0.0148876 -0.0119802 -0.0302585 0.03538 -0.00797381 -0.0307714 0.0148876 -0.0117167 -0.0295931 0.0148876 -0.0156781 -0.0285184 0.03538 -0.0161327 -0.0273843 0.0148868 -0.0191288 -0.0263285 0.03538 -0.0207387 -0.0240889 0.0148875 -0.0250754 -0.0207442 0.03538 -0.0274776 -0.0174378 0.03538 -0.0274506 -0.0160684 0.0148876 -0.028799 -0.0135518 0.0148871 -0.030951 -0.0100566 0.03538 -0.0301191 -0.0101617 0.014887 -0.0312644 -0.00596401 0.0148876 -0.0324796 -0.00204344 0.03538 -0.031752 -0.00147919 0.0148876 -0.0324796 0.00204344 0.03538 -0.0316757 0.00295839 0.0148876 -0.0319674 0.0060981 0.03538 -0.0306672 0.00835299 0.0148872 -0.0290424 0.0129172 0.0148876 -0.0294465 0.0138565 0.03538 -0.0274776 0.0174378 0.03538 -0.023493 0.0214735 0.0148876 -0.0222778 0.0237234 0.03538 -0.0191288 0.0263285 0.03538 -0.0181211 0.0261563 0.0148875 -0.0156781 0.0285184 0.03538 -0.0147318 0.0282054 0.0148869 -0.0117167 0.0295931 0.0148876 -0.0105122 0.0300421 0.0148876 -0.00809332 0.0315214 0.03538 -0.00199457 0.0317027 0.0148876 -0.00407882 0.0322872 0.03538 -0.0073246 0.030968 0.0148876 -0.0353166 -0.00337594 0.015101 -0.0307689 -0.0199854 0.0155161 -0.0314104 -0.0266284 0.0167158 -0.0243669 -0.0204133 0.0148861 -0.0243345 -0.0276369 0.0155073 -0.0339446 -0.00909025 0.0151541 -0.0151072 -0.0319254 0.0151419 -0.0107653 -0.034567 0.0154911 -0.0393768 -0.0485121 0.0282324 -0.00703445 -0.0485187 0.0271038 -0.0101989 -0.0494669 0.0299545 -0.0499225 -0.0167218 0.0326801 -0.00349676 -0.0380555 0.0166995 -0.0161875 -0.0404556 0.0188715 -0.0392896 -0.0288145 0.0195564 -0.0350774 -0.0171305 0.0165641 0.00317995 -0.0451622 0.0218457 0.00359909 -0.0430805 0.0198731 -0.00705071 -0.0427255 0.0196917 -0.0430944 -0.0267499 0.0214879 -0.0396027 -0.0385901 0.0214849 -0.039987 -0.0443138 0.0239423 -0.0245036 -0.0437566 0.0218099 -0.0371945 -0.0346027 0.0195885 -0.0322419 -0.0390691 0.019675 -0.0411183 -0.016696 0.0193033 -0.0458398 -0.00392767 0.0226148 -0.0439728 -0.00551374 0.0207089 -0.0487106 -0.0439865 0.0325496 -0.0469583 -0.0435612 0.0275064 -0.0495498 -0.0387988 0.031036 -0.049665 -0.00584993 0.0308074 -0.0448173 -0.0373622 0.0240465 -0.0478267 -0.0304826 0.0267233 -0.0490152 -0.0195724 0.0287347 -0.0477178 -0.0117113 0.0256157 -0.0456868 -0.0234109 0.0235314 -0.0302246 -0.0498429 0.0320746 -0.0499246 -0.0409564 0.0343196 -0.0454341 -0.0485653 0.0354 -0.0303204 -0.0499821 0.0334765 -0.0439078 -0.0479576 0.0302187 0.00708772 -0.048457 0.02694 -0.0372007 -0.0493905 0.030319 -0.0243531 -0.0472767 0.025575 -0.0156295 -0.045439 0.0227182 -0.04 -0.0500175 0.03488 -0.0410731 -0.0498438 0.0333579 -0.00694615 0.0343861 0.0151 -0.0360291 0.0104885 0.0160881 -0.0260573 0.0182036 0.0148868 -0.0328136 0.0130457 0.0151352 -0.0212294 0.023702 0.0148873 -0.019929 0.0310009 0.0155708 -0.0144083 0.032035 0.0150961 -0.0145891 0.0328849 0.0152856 -0.0108721 0.0343378 0.0153463 -0.0244891 0.0255299 0.0151142 0.000909456 0.0350123 0.0151128 -0.0169068 0.0482381 0.0268313 -0.0500087 -0.0192578 0.03438 -0.049612 0.0233997 0.0307163 -0.00947496 0.0411232 0.0187654 -0.0399383 -9.06533e-05 0.0178227 -0.0308291 0.0203028 0.0155564 0.000623272 0.0442589 0.020898 -0.00316427 0.0397064 0.0176892 -0.0333993 0.0424783 0.0217191 -0.0361473 0.0392385 0.020595 -0.0264878 0.0385605 0.0189518 -0.0200788 0.040021 0.0189798 -0.0194454 0.0427386 0.0205596 -0.0353964 0.0365186 0.0193454 -0.0444136 0.0210468 0.0221049 -0.0358573 0.022604 0.017467 -0.040584 0.017887 0.0190941 -0.042691 0.00690631 0.0197405 -0.0422713 0.033928 0.0217162 -0.0432486 0.0449376 0.0255023 -0.0454199 0.0358125 0.0242591 -0.0489054 0.0285812 0.0287642 -0.0490656 0.0423693 0.0300335 -0.047659 0.00519486 0.0253673 -0.0462239 0.0106021 0.0233369 -0.0471734 0.0273845 0.0255648 -0.0490214 0.00644589 0.0283759 -0.0200159 0.0494158 0.0299788 -0.013484 0.0499838 0.03348 -0.0117812 0.049897 0.0322888 -0.0498791 0.0337843 0.032546 -0.0374787 0.0498374 0.0322049 -0.0433617 0.0491406 0.0336081 -0.041397 0.0489537 0.0294717 -0.0463085 0.0463389 0.030674 -0.0475483 0.0404721 0.0272675 0.0027926 0.0481575 0.0262276 -0.025266 0.045757 0.0237702 -0.0352503 0.0466371 0.0255888 -0.0403058 0.0416276 0.0228809 -0.0385236 0.0349188 0.0200931 -0.0500175 0.04 0.03488 -0.041408 0.0498254 0.035137 -0.04 0.0500175 0.03488 -0.0495341 0.0424291 0.0346024 0.0349937 -0.00370753 0.0151411 0.0333647 -0.0146234 0.0155428 0.0260573 -0.0182036 0.0148868 0.0249678 -0.0335959 0.0170307 0.0144987 -0.0324599 0.0151908 0.00531927 -0.0354978 0.0152989 0.0227812 -0.0268047 0.0150803 -0.000909456 -0.0350123 0.0151128 -1.78029e-05 -0.0470546 0.024263 0.0494539 -0.0274593 0.0302749 0.0424589 -0.0253146 0.0209186 0.0232833 -0.0392908 0.0189658 0.0404861 -0.00349402 0.0181623 0.0371061 -0.0125912 0.0168194 0.0285131 -0.0222789 0.0153522 0.0162124 -0.0418569 0.0197204 0.0322771 -0.0432521 0.0221796 0.0361473 -0.0392385 0.020595 0.0369214 -0.0360177 0.0198496 0.0393763 -0.0228794 0.0189698 0.0378874 -0.0304696 0.0191483 0.0307376 -0.0294861 0.0170985 0.0416989 -0.0114807 0.0191985 0.0446739 -0.00937904 0.0215527 0.0468263 -0.0349108 0.0256114 0.0490003 -0.042507 0.0298707 0.0488821 -0.00536531 0.0280308 0.0467082 -0.0189376 0.0244199 0.0449982 -0.0220615 0.0226668 0.0432414 -0.0357001 0.0226426 0.013484 -0.0499838 0.03348 0.0117812 -0.049897 0.0322888 0.0479175 -0.0419739 0.0287145 0.0482119 -0.022599 0.0269877 0.0498791 -0.0337843 0.032546 0.0458976 -0.0475827 0.032158 0.0374787 -0.0498374 0.0322049 0.016022 -0.0494491 0.0299641 0.0433617 -0.0491406 0.0336081 0.0389006 -0.0491562 0.029747 0.0145844 -0.0478531 0.0259524 0.0160417 -0.0457562 0.023084 0.04163 -0.0483374 0.0289834 0.045149 -0.0444752 0.0266815 0.0348178 -0.0477766 0.0268937 0.0259149 -0.0467379 0.0248837 0.0273028 -0.0488111 0.028479 0.0387404 -0.0463283 0.0255301 0.0403677 -0.042134 0.0231987 0.04 -0.0500175 0.03488 0.041408 -0.0498254 0.035137 0.0500175 -0.04 0.03488 0.0495341 -0.0424291 0.0346024 0.0342804 0.00586412 0.0150623 0.0370292 0.0034477 0.0161089 0.0267181 0.0173508 0.014653 0.0316836 0.0230687 0.0162485 0.02796 0.0310859 0.0168996 0.0234929 0.0214737 0.014887 0.0217879 0.0232018 0.0148875 0.0226775 0.0268043 0.0150752 0.0156116 0.0322278 0.015322 0.0336088 0.0123164 0.0152459 0.00666342 0.0359502 0.0157203 0.0101989 0.0494669 0.0299545 0.0497475 0.0374115 0.0316173 0.0498956 0.0014701 0.0322877 0.0499494 0.0319736 0.0330726 0.0142551 0.0467844 0.0243058 0.00690323 0.042091 0.0192051 0.0166612 0.0429137 0.0202316 0.0396027 0.0385901 0.0214849 0.0357643 0.0413211 0.0214383 0.0278042 0.0456657 0.0239192 0.0390104 0.0162746 0.0181283 0.0417081 0.0267498 0.0206436 0.0378511 0.0272384 0.0187972 0.0342818 0.0368653 0.0194703 0.0212807 0.0373536 0.0178831 0.0422175 0.00929063 0.019445 0.044081 -2.30587e-05 0.0207132 0.0483861 0.0450352 0.0334988 0.0490351 0.0429377 0.0316005 0.0479616 0.0408305 0.0280515 0.049352 0.040186 0.0304546 0.0493085 0.0210868 0.0295721 0.049665 0.00584993 0.0308074 0.0450542 0.0383702 0.0241056 0.0479109 0.0358208 0.0271834 0.0475177 0.0193963 0.0255952 0.05 -0.00148445 0.03388 0.0485585 0.0183673 0.0275395 0.0471589 -0.00201144 0.0244083 0.0458396 0.00392767 0.0226145 0.0455862 0.0181036 0.0230278 0.0302246 0.0498429 0.0320746 0.0499246 0.0409564 0.0343196 0.0454339 0.0485655 0.0354 0.0439078 0.0479576 0.0302187 0.0303204 0.0499821 0.0334765 0.0411011 0.0483159 0.0287158 0.0165972 0.048988 0.0285374 -0.00844339 0.0458021 0.0224547 0.0309012 0.0484277 0.0277892 0.0372007 0.0493905 0.030319 0.0468445 0.0446875 0.0290423 0.0402861 0.0457293 0.0250749 0.0500175 0.04 0.03488 0.04 0.0500175 0.03488 0.0410731 0.0498438 0.0333579 0.00797381 0.0307714 0.0148876 0.00398913 -0.0315772 0.0148876 0.0073246 -0.030968 0.0148876 0.0111145 -0.0298176 0.0148876 0.0175341 -0.026563 0.0148876 0.0147318 -0.0282054 0.0148869 0.023493 -0.0214735 0.0148876 0.0199687 -0.0247258 0.0148873 0.0290424 -0.0129172 0.0148876 0.0306672 -0.00835299 0.0148872 0.0315861 -0.00391826 0.0148876 0.0317654 -0.00199851 0.0148876 0.031752 0.00147919 0.0148876 0.0312644 0.00596401 0.0148876 0.0301191 0.0101617 0.014887 0.028799 0.0135518 0.0148871 0.0245241 0.0202878 0.0148829 0.0196895 0.024976 0.0148876 0.0117167 0.0295931 0.0148876 0.0161327 0.0273843 0.0148868 0.00398912 0.0315772 0.0148876 0.0222047 -0.0207926 0.0238 0.00791986 0.0295573 0.0238 -0.0177164 -0.0247287 0.0238 0.0125575 -0.0277072 0.0238 0.0039941 -0.0303382 0.0238 6.93889e-18 -0.0306 0.0238 -0.0039941 -0.0303382 0.0238 -0.00981499 -0.028914 0.0238 0.0303382 0.0039941 0.0238 0.0306 0 0.0238 0.0303382 -0.0039941 0.0238 0.0295573 -0.00791986 0.0238 -0.0258311 -0.0160666 0.0238 0.0273855 -0.0135051 0.0238 -0.0295573 -0.00791986 0.0238 -0.0303382 -0.0039941 0.0238 -0.0306 -6.93889e-18 0.0238 -0.0303382 0.0039941 0.0238 -0.028914 0.00981499 0.0238 0.0117101 0.0282707 0.0238 0.0177164 0.0247287 0.0238 0.0295573 0.00791986 0.0238 0.0242766 0.0186281 0.0238 0.0273855 0.0135051 0.0238 -0.00791986 0.0295573 0.0238 -0.0247287 0.0177164 0.0238 -0.0186281 0.0242766 0.0238 -0.0135051 0.0273855 0.0238 -0.0039941 0.0303382 0.0238 0 0.0306 0.0238 0.0039941 0.0303382 0.0238 0.035 0.041 0.0238 0.041 0.035 0.0374 0.041 0.0355236 0.0238 0.0407735 0.036547 0.0374 0.0404172 0.0375261 0.0238 0.0393765 0.0390123 0.0374 0.0386132 0.0397113 0.0238 0.0375261 0.0404172 0.0374 0.036547 0.0407735 0.0238 0.0355236 0.041 0.0374 0.041 -0.035 0.0238 0.035917 -0.041 0.0238 0.0368595 -0.0409997 0.0374 0.0386132 -0.0397113 0.0238 0.0400067 -0.0381914 0.0374 0.0404848 -0.0372735 0.0238 0.041 -0.0355236 0.0374 0.00409825 0.0337521 0.0238 6.93889e-18 0.034 0.0238 0 -0.034 0.0238 -0.035 -0.041 0.0238 0.0324013 0.0100966 0.0238 0.0175574 0.0290435 0.0238 0.0120566 0.0317906 0.0238 0.00813673 0.033012 0.0238 -0.0324013 -0.0100966 0.0238 0.00409825 -0.0337521 0.0238 0.0100966 -0.0324013 0.0238 0.0175574 -0.0290435 0.0238 0.0318004 -0.0120455 0.0237974 0.033012 -0.00813673 0.0238 -0.00409825 0.0337521 0.0238 -0.009933 0.0325964 0.0237988 -0.0175574 0.0290435 0.0238 -0.0225462 0.0254494 0.0238 -0.0324013 0.0100966 0.0238 -0.041 0.035 0.0238 -0.0290435 -0.0175574 0.0238 -0.041 -0.0355236 0.0238 -0.0120455 -0.0318004 0.0237974 -0.00813673 -0.033012 0.0238 -0.00409825 -0.0337521 0.0238 0.0239978 -0.0239978 0.0238 0.0294652 -0.0170473 0.0237981 0.0337521 -0.00409825 0.0238 0.034 -6.93889e-18 0.0238 0.0337521 0.00409825 0.0238 -0.0337521 0.00409825 0.0238 -0.034 0 0.0238 -0.0337521 -0.00409825 0.0238 0.0225462 0.0254494 0.0238 0.0254494 0.0225462 0.0238 0.0290435 0.0175574 0.0238 -0.0407735 0.036547 0.0238 -0.0254494 0.0225462 0.0238 -0.0290435 0.0175574 0.0238 -0.0388557 0.0394047 0.0238 -0.0239978 -0.0239978 0.0238 -0.0170473 -0.0294652 0.0237981 -0.035917 0.041 0.0238 -0.0398218 -0.0383763 0.0238 -0.0372735 -0.0404848 0.0238 -0.0409997 -0.0368595 0.0374 -0.0381914 -0.0400067 0.0374 -0.0355236 -0.041 0.0374 -0.0360276 0.0409999 0.0374 -0.0397147 0.0384513 0.0374 -0.041 0.0355236 0.0374 -0.0341274 0.04745 0.0408 -0.0341274 0.04745 0.0374 -0.0369588 0.0469367 0.0408 -0.0378145 0.0472454 0.0374 -0.0411466 0.047437 0.0408 0.04185 0.04745 0.0374 -0.0449485 0.0460094 0.0374 -0.04745 0.04185 0.0374 -0.0432658 -0.0474498 0.0374 -0.0474497 -0.0436724 0.0374 0.0438211 -0.0474497 0.0374 0.0474497 -0.0431225 0.0374 0.0474499 0.0429141 0.0374 0.0444443 0.0465867 0.0374 -0.0235228 0.000260472 0.0158 -0.0233258 0.000295202 0.0156 -0.0235 -4.09749e-17 0.0158 -0.0233 -4.09226e-17 0.0156 -0.0235228 -0.000260472 0.0158 -0.0233258 -0.000295202 0.0156 0.0224489 0.00129806 0.0156 0.0234772 0.000260472 0.0158 0.0236742 0.000295202 0.0156 0.0235 -1.72678e-18 0.0158 0.0237 -1.67453e-18 0.0156 0.0234772 -0.000260472 0.0158 0.0236742 -0.000295202 0.0156 0.0219998 -0.00161549 0.0156001 0.0170987 -0.0152783 0.0156 0.0196897 -0.0166419 0.015725 0.0180069 -0.0197666 0.015725 -0.0174005 -0.0152159 0.0157 -0.0157769 -0.0161492 0.0158 -0.0154249 -0.0181633 0.0156 -0.0154769 -0.0184559 0.0158 -0.0168915 -0.0199866 0.0158 -0.0162709 0.0196868 0.0158 -0.0152903 0.0177813 0.0158 -0.0180348 0.0153398 0.0158 0.0194844 0.019429 0.0157 0.0191093 0.0194899 0.0215998 0.0201465 0.0170768 0.0157 0.0192952 0.0157435 0.0215999 0.0181874 0.0151242 0.0156 5.92423e-18 -0.0324 0.0174 5.9608e-18 -0.0326 0.0176 -0.00408586 -0.0323429 0.0176 -0.0040608 -0.0321445 0.0174 -0.00904984 -0.0311646 0.0175 -0.021464 -0.0243399 0.0175 -0.0263219 -0.019124 0.01815 -0.0280739 -0.0159978 0.0175 -0.0309097 -0.00793465 0.017475 -0.0318551 0.000240609 0.01705 -0.0303577 0.0103069 0.0175375 -0.0283846 0.0142354 0.01745 -0.0186277 0.026857 0.0181 -0.0100232 0.0308483 0.0175 -0.00408586 0.0323429 0.0176 -0.0040608 0.0321445 0.0174 3.99235e-18 0.0326 0.0176 3.96786e-18 0.0324 0.0174 -6.48465e-18 -0.0338 0.0187 -6.52302e-18 -0.034 0.0189 -0.00409825 -0.0337521 0.0189 -0.00407414 -0.0335536 0.0187 -0.00813673 -0.033012 0.0189 -0.0209302 -0.0267154 0.0189 -0.0160365 -0.0294432 0.0187 -0.0279815 -0.0193142 0.0189 -0.025643 -0.0220374 0.0188 -0.0301055 -0.0158006 0.0189 -0.0324013 -0.0100966 0.0189 -0.0337521 -0.00409825 0.0189 -0.0335536 -0.00407414 0.0187 -0.034 1.84922e-18 0.0189 -0.0338 1.84922e-18 0.0187 -0.0337521 0.00409825 0.0189 -0.0335536 0.00407414 0.0187 -0.0324013 0.0100966 0.0189 -0.0314697 0.00825131 0.0187 -0.0290435 0.0175574 0.0189 -0.0254494 0.0225462 0.0189 -0.0209302 0.0267154 0.0189 -0.0139286 0.030948 0.0189 -0.00409825 0.0337521 0.0189 -0.00407414 0.0335536 0.0187 4.1638e-18 0.034 0.0189 4.13931e-18 0.0338 0.0187 5.70482e-18 -0.0312 0.0156 5.74138e-18 -0.0314 0.0158 -0.00393546 -0.0311524 0.0158 -0.0039104 -0.030954 0.0156 -0.0124055 -0.0286601 0.0158 -0.0123265 -0.0284776 0.0156 -0.0199756 -0.0241464 0.0158 -0.025353 -0.01842 0.0158 -0.02252 -0.0211476 0.0156 -0.0291215 -0.0112742 0.01575 -0.0310909 -0.0039277 0.0158 -0.0302568 0.00776863 0.0157 -0.0284116 0.0133695 0.0158 -0.0215515 0.0215555 0.0156 -0.0234239 0.0206548 0.0158 -0.0176241 0.0259314 0.0166 -0.0115591 0.029195 0.0158 -0.00587216 0.030783 0.0158 -0.00676635 0.0302842 0.0156 3.84539e-18 0.0314 0.0158 3.8209e-18 0.0312 0.0156 -0.0235228 0.000260472 0.0181 -0.0235 -4.13729e-17 0.0181 -0.0235 -4.1156e-17 0.0158 -0.0235228 -0.000260472 0.0181 -0.02465 0.000551582 0.0175482 -0.0235 -4.12566e-17 0.0181 0.0234772 0.000260472 0.0181 0.0235 -2.12476e-18 0.0181 0.0235 -1.90792e-18 0.0158 0.0234772 -0.000260472 0.0181 0.022 -2.2927e-18 0.0187213 0.0235 -2.00844e-18 0.0181 -0.0173578 0.0200746 0.0215995 -0.0154326 0.0184896 0.0216 -0.015272 0.0170331 0.0216 -0.0159638 0.0157784 0.021599 0.020192 0.0172128 0.0215998 0.0182137 0.0152625 0.0216 0.0188418 -0.0157333 0.0216 0.0199162 -0.0184494 0.0215936 -0.0157685 -0.016463 0.0215997 -0.0156873 -0.0189825 0.0216 0.0186281 -0.0242766 0.0216 -0.0222047 -0.0207926 0.0216 -0.0306 -8.26637e-18 0.0216 -0.0303382 -0.0039941 0.0216 -0.0295573 -0.00791986 0.0216 -0.0273855 -0.0135051 0.0216 -0.00584459 -0.0170247 0.0216 -0.0029627 -0.0177545 0.0216 -6.93889e-18 -0.018 0.0216 6.93889e-18 -0.0306 0.0216 -0.0039941 -0.0303382 0.0216 -0.0125575 -0.0277072 0.0216 -0.0185974 -0.0155139 0.0216 -0.0103582 -0.0145142 0.0216 -0.0157765 -0.00853779 0.0216 -0.0174492 -0.00441874 0.0216 -0.0277072 0.0125575 0.0216 -0.022957 0.0201328 0.0216 -0.0178914 0.0152344 0.0216 -0.0303382 0.0039941 0.0216 -0.0197545 0.018795 0.0216 -0.00720582 0.0164276 0.0216 -0.0029627 0.0177545 0.0216 0 0.018 0.0216 -0.0121494 0.0131978 0.0216 -0.0157765 0.00853779 0.0216 -0.0174492 0.00441874 0.0216 -0.0179539 0.000371607 0.0216 -6.93889e-18 0.0306 0.0216 -0.0039941 0.0303382 0.0216 -0.00791986 0.0295573 0.0216 -0.0160666 0.0258311 0.0216 0.0103582 0.0145142 0.0216 0.0151961 0.0172708 0.0215995 0.00584459 0.0170247 0.0216 0.0029627 0.0177545 0.0216 0.0157765 0.00853779 0.0216 0.016226 0.0157201 0.0215993 0.0153181 0.018421 0.0216 0.0039941 0.0303382 0.0216 0.0165195 0.0197922 0.0216 0.00791986 0.0295573 0.0216 0.0117101 0.0282707 0.0216 0.0193008 0.023513 0.0216 0.0253885 0.0169641 0.0216 0.0306 -7.71527e-19 0.0216 0.0303382 0.0039941 0.0216 0.0295573 0.00791986 0.0216 0.0282707 0.0117101 0.0216 0.0174492 0.00441874 0.0216 0.0179385 0.00148643 0.0216 0.018 -2.60209e-18 0.0216 0.00720582 -0.0164276 0.0216 0.0151967 -0.0178947 0.0216 0.0029627 -0.0177545 0.0216 0.0121494 -0.0131978 0.0216 0.0247287 -0.0177164 0.0216 0.0164366 -0.0197447 0.0215999 0.0107125 -0.0284714 0.0216 0.0039941 -0.0303382 0.0216 0.0303382 -0.0039941 0.0216 0.028914 -0.00981499 0.0216 0.0157765 -0.00853779 0.0216 0.0160524 -0.0158804 0.021599 0.0176939 -0.00295258 0.0216 0 -0.018 0.0166 0 -0.018 0.0216 0.0029627 -0.0177545 0.0166 0.00720582 -0.0164276 0.0166 0.0110558 -0.0142045 0.0166 0.0145097 -0.0103644 0.0166 0.0174492 -0.00441874 0.0166 0.0179385 0 0.0166 0.0174492 0.00441874 0.0166 0.0157765 0.00853779 0.0166 0.013243 0.0121911 0.0166 0.00981144 0.0150175 0.0166 0.00584459 0.0170247 0.0166 0.0029627 0.0177545 0.0166 2.20436e-18 0.018 0.0166 2.20436e-18 0.018 0.0216 -0.00856705 0.0158305 0.0166 -0.0110558 0.0142045 0.0166 -0.013243 0.0121911 0.0166 -0.0110558 -0.0142045 0.0166 -0.015069 0.00984507 0.0166 -0.0169666 0.00582463 0.0166 -0.0178162 -0.000733078 0.0166 -0.0029627 -0.0177545 0.0166 -3.46945e-18 -0.018 0.0166 -0.013243 -0.0121911 0.0166 -0.00720582 -0.0164276 0.0166 -0.0029627 0.0177545 0.0166 -0.00584459 0.0170247 0.0166 -0.0157765 -0.00853779 0.0166 3.46945e-18 0.018 0.0166 0.04745 0.042809 0.0408 -0.0438057 -0.0474498 0.0408 0.0433092 -0.0474498 0.0408 -0.0474499 -0.0430131 0.0408 0.0462472 0.0452224 0.0408 0.0431201 0.0474498 0.0408 -0.04745 0.0430797 0.0408 0.0474498 -0.043633 0.0408 -0.0448833 0.046382 0.0408 0.0335536 -0.00407414 0.0187 0.0278826 -0.0175803 0.0187 0.0220374 -0.025643 0.0188 0.0128796 -0.0297554 0.0187 0.00408586 -0.0323429 0.0187 -6.93889e-18 -0.0326 0.0187 0 -0.0338 0.0187 -0.00408586 -0.0323429 0.0187 -0.00810729 -0.0315758 0.0187 -0.0156063 -0.0283877 0.0181375 -0.0223162 -0.0237644 0.0187 -0.0306446 -0.0124241 0.0187 -0.0320246 -0.00506913 0.0187 -0.0338 -2.61016e-17 0.0187 -0.0270694 0.0191623 0.0187 -0.0114633 0.0310064 0.0187 -0.00408586 0.0323429 0.0187 6.93889e-18 0.0326 0.0187 6.93889e-18 0.0338 0.0187 0.00408586 0.0323429 0.0187 0.00407414 0.0335536 0.0187 0.00810729 0.0315758 0.0187 0.0147172 0.0288907 0.0187 0.0160365 0.0294432 0.0187 0.0250779 0.0214864 0.0187 0.0311487 0.0109768 0.0187 0.0335536 0.00407414 0.0187 0.0338 -1.937e-17 0.0187 -7.9847e-18 -0.0326 0.0176 -7.9847e-18 -0.0326 0.0187 3.99235e-18 0.0326 0.0187 -0.0235536 0.0214453 0.017475 -0.010576 0.0293845 0.0174 -0.00393546 0.0311524 0.0174 6.93889e-18 0.0314 0.0174 6.93889e-18 0.0324 0.0174 0.00393546 0.0311524 0.0174 0.0040608 0.0321445 0.0174 0.00874642 0.0301089 0.0166 0.0164954 0.0278846 0.017575 0.0264862 0.0186196 0.0175 0.0302033 0.0119617 0.01755 0.0323579 0.00203265 0.0181 0.0301198 -0.00920375 0.0174 0.0234239 -0.0206548 0.0174 0.0158998 -0.0268793 0.0174 0.0160394 -0.0281154 0.017525 0.00780886 -0.0304135 0.0174 0.00393546 -0.0311524 0.0174 0.00558455 -0.0320062 0.01755 -6.93889e-18 -0.0314 0.0174 0 -0.0324 0.0174 -0.00393546 -0.0311524 0.0174 -0.00968399 -0.0298042 0.0174 -0.0175513 -0.0258312 0.0174 -0.0258279 -0.0175562 0.0174 -7.69078e-18 -0.0314 0.0158 -7.69078e-18 -0.0314 0.0174 3.84539e-18 0.0314 0.0174 0 -0.0312 0.0156 0.0117256 -0.0282876 0.0156 0.0221012 -0.0220981 0.0157 0.0237 -1.80635e-18 0.0156 0.0307107 -0.00240647 0.0156 0.0220388 0.00833884 0.0156 0.0206667 0.0234451 0.0157 0.0284356 0.0117687 0.0156 0.0131536 0.0279527 0.0156 0.0159827 0.0157766 0.0156 0.0039104 0.030954 0.0156 -0.0174471 0.0179527 0.0156 -0.02895 0.00833884 0.0156 -0.0300442 -0.00416942 0.0156 -0.0196331 -0.0163185 0.0157 0.0203258 0.000295202 0.0156 0.0203 -5.24254e-18 0.0156 0.0203258 -0.000295202 0.0156 -0.0266742 0.000295202 0.0156 -0.0267 -4.44907e-17 0.0156 -0.0233 -4.10545e-17 0.0156 -0.0266742 -0.000295202 0.0156 -0.0252404 -0.00166926 0.0156019 0 0.0306 0.0216 0.0306 -1.04095e-18 0.0238 0.0306 -1.04095e-18 0.0216 3.74742e-18 -0.0306 0.0238 3.74742e-18 -0.0306 0.0216 -8.3276e-18 -0.034 0.0189 -8.3276e-18 -0.034 0.0238 -0.034 3.93112e-18 0.0238 -0.034 3.93112e-18 0.0189 4.1638e-18 0.034 0.0238 0.00409825 0.0337521 0.0189 0.00813673 0.033012 0.0189 0.0120566 0.0317906 0.0189 0.0175574 0.0290435 0.0189 0.0225462 0.0254494 0.0189 0.0267154 0.0209302 0.0189 0.0301055 0.0158006 0.0189 0.0324013 0.0100966 0.0189 0.0337521 0.00409825 0.0189 0.034 -4.39648e-18 0.0238 0.034 -4.39648e-18 0.0189 0.0337521 -0.00409825 0.0189 0.033012 -0.00813673 0.0189 0.0267154 -0.0209302 0.0189 0.0175574 -0.0290435 0.0189 0.0129516 -0.0312783 0.0188 0.00710912 -0.0330989 0.0188 0.00409825 -0.0337521 0.0189 0 -0.034 0.0189 -0.0306 -8.53579e-18 0.0238 -0.0306 -8.53579e-18 0.0216 -7.49484e-18 0.0306 0.0238 -7.49484e-18 0.0306 0.0216 0.00393546 0.0311524 0.0158 0.0142351 0.0279358 0.0166 0.0255905 0.0179881 0.0166 0.0291374 0.0115363 0.0166 0.0307222 0.00586058 0.0166 0.031338 0 0.0166 0.0307222 -0.00586058 0.0166 0.0298632 -0.00970313 0.0158 0.027305 -0.0154497 0.0156004 0.0167918 -0.0264596 0.0158 0.00871564 -0.029989 0.0158 0 -0.0314 0.0174 0 -0.0314 0.0158 0.00408586 0.0323429 0.0176 0.00904984 0.0311646 0.0175 0.0207198 0.0242431 0.01745 0.0315807 -0.00705602 0.01815 0.0285646 -0.0154074 0.01755 0.0222111 -0.0236525 0.018125 0 -0.0326 0.0187 0 -0.0326 0.0176 -4.40873e-18 -0.018 0.0166 -4.40873e-18 -0.018 0.0216 -0.0185065 -0.0198618 0.0215997 -0.0192458 -0.0194374 0.01575 -0.0200994 -0.0174184 0.0215991 0.0152574 -0.0179408 0.0158 0.017357 0.0152814 0.0158 0.0152945 0.0180428 0.0158 0.0172259 0.020099 0.0156 -0.0191949 0.0157134 0.0216 -0.0200484 0.0168192 0.0215995 -0.0197465 0.0187175 0.0158 0.0205228 -0.000260472 0.0181 0.0205 -2.42478e-18 0.0181 0.0205228 0.000260472 0.0181 0.0205228 -0.000260472 0.0158 0.0205 -2.49216e-18 0.0181 0.0205 -2.27532e-18 0.0158 0.0205228 0.000260472 0.0158 0.0218502 0.00115357 0.01695 -0.0264772 -0.000260472 0.0181 -0.0265 -4.16729e-17 0.0181 -0.0264772 0.000260472 0.0181 -0.0264772 -0.000260472 0.0158 -0.0265 -4.17403e-17 0.0181 -0.0265 -4.15234e-17 0.0158 -0.0264772 0.000260472 0.0158 -0.0253349 0.0014254 0.0156004 -9.52571e-18 0.0312 0.0156 -9.58678e-18 0.0314 0.0158 2.34535e-18 0.0338 0.0187 2.35922e-18 0.034 0.0189 0.034 -2.31458e-18 0.0189 0.0338 -2.29009e-18 0.0187 -9.89209e-18 0.0324 0.0174 -9.95315e-18 0.0326 0.0176 0.0205 -2.14311e-18 0.0158 0.0203 -2.14637e-18 0.0156 -0.0265 -4.13912e-17 0.0158 -0.0267 -4.13945e-17 0.0156 0.0427127 0.0376558 0.0374 0.0404684 0.0381432 0.0354 0.0402621 0.0381985 0.0374 0.0381339 0.0405748 0.0374 0.0376372 0.0420746 0.0354 0.0376744 0.0433509 0.0374 0.0376744 0.0433509 0.0354 0.0399399 0.0464535 0.0374 0.0390557 0.0458024 0.0354 0.043 0.0260159 0.0354 0.040874 0.0276455 0.0354 0.0431022 0.0267979 0.0374 0.0433343 0.0273577 0.0354 0.040839 0.0276257 0.0374 0.039626 0.0277438 0.035775 0.0397173 0.0318 0.0354 0.0385797 0.0375503 0.03615 0.0397911 0.0324551 0.0374 0.0342847 0.0396514 0.0374 0.0305478 0.0398656 0.035525 0.027008 0.0434473 0.0374 0.0270037 0.0434935 0.0354 0.027481 0.0434378 0.0364 0.028064 0.0426677 0.0354 0.0277209 0.041639 0.0374 0.0260159 0.043 0.0374 0.0260159 0.043 0.0354 0.05 0.04 0.0354 0.0441261 0.0482655 0.0354 0.04 0.05 0.0354 -0.038089 0.0405652 0.0374 -0.0393093 0.0390844 0.0354 -0.0421993 0.0377166 0.0354 -0.0417393 0.0379412 0.0374 -0.0456783 0.0390354 0.0354 -0.0461803 0.0395077 0.0374 -0.04 0.05 0.0354 -9.86076e-32 0.05 0.0354 -9.86076e-32 0.05 0.0374 -0.0260159 0.043 0.0374 -0.0260159 0.043 0.0354 -9.86076e-32 0.043 0.0374 -9.86076e-32 0.043 0.0354 -0.0280731 0.0422352 0.0354 -0.0276815 0.0430033 0.0374 -0.0273671 0.0433176 0.0354 -0.0273707 0.040271 0.0374 -0.0288247 0.0398679 0.03565 -0.0338738 0.0396102 0.0374 -0.0398603 0.0290708 0.0362125 -0.0398037 0.03492 0.0354 -0.0384418 0.0377529 0.0354 -0.0391715 0.0355922 0.0374 -0.0353984 0.0397034 0.0354 -0.0433084 0.0272491 0.0374 -0.0434308 0.0268294 0.0354 -0.042058 0.0278124 0.0354 -0.0421579 0.0280196 0.0374 -0.043 0.013008 0.0374 -0.043 0.0261607 0.0354 -0.0477857 0.0456743 0.0354 -0.05 0.04 0.0354 0.0377423 -0.0420207 0.0374 0.0382398 -0.0406313 0.0354 0.0432498 -0.0380065 0.0374 0.0457963 -0.0390038 0.0354 0.0468613 -0.040369 0.0374 0.0261607 -0.043 0.0374 0.013008 -0.043 0.0354 0.0278422 -0.0420307 0.0374 0.0269221 -0.0434077 0.0374 0.0270322 -0.0433211 0.0354 0.0278404 -0.0410158 0.0355152 0.031652 -0.039707 0.0374 0.0339423 -0.0395765 0.0354 0.0405688 -0.0370185 0.0354 0.0387638 -0.0371412 0.0374 0.0398912 -0.0290567 0.03565 0.0424073 -0.0277677 0.0374 0.0430001 -0.0280476 0.0353999 0.043 -0.013008 0.0374 0.05 -4.57967e-16 0.0354 0.05 -4.57967e-16 0.0374 0.05 -0.04 0.0354 0.04 -0.05 0.0354 0.0426872 -0.0484911 0.0374 0.0482412 -0.0450087 0.0354 0.0467397 -0.0470292 0.0374 -0.0427127 -0.0376558 0.0374 -0.0401993 -0.0385741 0.0354 -0.0376925 -0.0418683 0.0374 -0.0376372 -0.0420746 0.0354 -0.0376744 -0.0433509 0.0374 -0.0378752 -0.0439569 0.0354 -0.0384112 -0.0451063 0.0374 -0.0387464 -0.0456497 0.0354 -0.0397002 -0.0464986 0.0374 -0.0421342 -0.0471644 0.0374 0 -0.05 0.0354 0.0379742 -0.0440821 0.0354 0.0437704 -0.0479501 0.0354 0.0470432 -0.0430916 0.0364 0 0.05 0.0354 0 0.043 0.0354 0.0429254 0.0376372 0.0354 0.0453185 0.0386496 0.0354 0.0483701 0.0422806 0.0354 0.0426064 0.0472243 0.0364 -0.046437 0.0447735 0.0354 -0.0422806 0.0483701 0.0354 -0.0376372 0.0429254 0.0354 -0.0390557 0.0458024 0.0354 -0.05 -4.57967e-16 0.0354 -0.04 -0.05 0.0354 -0.0439569 -0.0378752 0.0354 -0.0266126 -0.0433238 0.0354 -0.05 -0.04 0.0354 -0.0261437 -0.043 0.0354 -0.037264 -0.039496 0.0354089 -0.043 -0.013008 0.0354 -0.0460741 -0.0392233 0.0354 -0.0483701 -0.0422806 0.0354 -0.045143 -0.0477139 0.0354 -0.043342 -0.027316 0.0354 -0.0273564 -0.0434647 0.0354 -0.0397122 -0.0319238 0.0354 -0.0407343 -0.0468615 0.0354 -0.0277579 -0.0413767 0.0354 -0.0396271 -0.0277678 0.0362125 -0.040874 -0.0276455 0.0354 0 0.05 0.0374 -0.0392233 0.0460741 0.0374 -0.0378566 0.0437442 0.0374 -0.0464698 0.0445136 0.0374 -0.0429722 0.0471644 0.0374 -0.05 -4.57967e-16 0.0374 0.0467059 0.0436118 0.0374 0.0458024 0.0390557 0.0374 0 0.043 0.0374 0.0389493 -0.0456182 0.0374 0 -0.05 0.0374 0.0406306 -0.0470143 0.0364 -0.0267389 -0.0433989 0.0374 -0.0464986 -0.0397002 0.0374 -0.0451063 -0.0384112 0.0374 -0.0397911 -0.0328069 0.0374 -0.0371664 -0.0389984 0.0374 -0.0272728 -0.0434802 0.0374 -0.043 -0.0261561 0.0374 -0.0196743 -0.0430631 0.0374 -0.0278967 -0.0423173 0.0374 -0.0432044 -0.0274398 0.0374 -0.040839 -0.0276257 0.0374 -0.029259 -0.0397857 0.0374 -0.0467059 -0.0436118 0.0374 -0.0116577 -0.0163179 0.0882282 -0.0170053 -0.0107596 0.0885111 -0.013704 -0.0131177 0.0882584 -0.0125925 -0.0207366 0.088199 -0.0157354 -0.0232059 0.0859351 -0.0111989 -0.0135547 0.0898 -0.0109111 -0.014063 0.0886 -0.0109327 -0.0209843 0.0898 -0.011229 -0.0214876 0.0886 -0.0163942 -0.024918 0.0898 -0.0207956 -0.0235533 0.0898 -0.0236553 -0.0217405 0.0886 -0.0242309 -0.0207239 0.0898 -0.0244998 -0.0174411 0.0886 -0.02425 -0.0142895 0.0898 -0.0224116 -0.0124933 0.0886 -0.0177679 -0.010407 0.08965 -0.0143541 -0.0143597 0.0895 -0.0147155 -0.0204245 0.0898 -0.0132993 -0.0170132 0.0892 -0.0150368 -0.0209577 0.0863735 -0.016707 -0.021662 0.0892 -0.0135978 -0.0189744 0.0849603 -0.0172279 -0.0219686 0.0832485 -0.0132296 -0.0157734 0.0832485 -0.0164766 -0.0132312 0.0833231 -0.0225226 -0.0160483 0.0834243 -0.0133939 -0.0207896 0.083275 -0.01964 -0.0228417 0.0836 -0.0228959 -0.0198607 0.0836 -0.0221862 -0.0140184 0.0859021 -0.018424 -0.0117704 0.0836 -0.0194754 -0.0229158 0.0882527 -0.0232151 -0.0187727 0.0882864 -0.0202135 -0.012274 0.0882565 -0.0178911 -0.024924 0.0886 -0.01758 -0.0187994 0.0886 -0.0213592 -0.0196199 0.0898 -0.0210945 -0.0147588 0.0895 -0.015263 -0.0120191 0.0859 -0.0122446 -0.0148412 0.0836 -0.0115299 -0.0177182 0.0836 -0.0198353 -0.0136422 0.0832485 -0.0210565 -0.0202073 0.0832485 -0.0193797 -0.021262 0.0892 -0.0213277 -0.019128 0.0892 -0.0215317 -0.016226 0.0892 -0.0184127 -0.0132575 0.0895 0.0212236 -0.0129196 0.0882512 0.0232973 -0.0161783 0.0859 0.0204916 -0.0224588 0.0882416 0.0201407 -0.0122492 0.0898 0.0242309 -0.0142761 0.0898 0.0237109 -0.0187599 0.0884638 0.0240673 -0.0209843 0.0898 0.023292 -0.0222648 0.0886 0.0180947 -0.0249509 0.0898 0.0180947 -0.0249509 0.0886 0.0124327 -0.0222959 0.0886 0.0125049 -0.0224234 0.0898 0.0105002 -0.0174411 0.0886 0.0107387 -0.0156358 0.0898 0.0125884 -0.0124933 0.0886 0.0157338 -0.0107124 0.0898 0.0208644 -0.0116592 0.0886 0.0192268 -0.0136984 0.0892 0.0200888 -0.0209959 0.0895 0.016353 -0.0128476 0.0830993 0.02185 -0.016721 0.0897474 0.0208377 -0.0204226 0.0832485 0.0127988 -0.0197901 0.083275 0.0135454 -0.0152405 0.0832485 0.0169099 -0.0217337 0.0831739 0.0209072 -0.0149959 0.0830993 0.0130148 -0.0136486 0.0847627 0.0112891 -0.0181687 0.0883357 0.0197323 -0.0144653 0.0885669 0.0129967 -0.0175575 0.0898 0.0159263 -0.0133604 0.0895 0.0175943 -0.0116526 0.0836 0.0214809 -0.0132381 0.0836 0.022843 -0.019766 0.0836 0.020075 -0.0224848 0.083275 0.016553 -0.0232546 0.0836 0.0133495 -0.0181207 0.0863735 0.0156065 -0.0216066 0.089762 0.0137822 -0.0154542 0.0892 0.0151819 -0.0139682 0.0863735 0.013027 -0.0215681 0.0883898 0.0162129 -0.0232505 0.0883138 0.0116697 -0.0163375 0.0859169 0.0157268 -0.0121103 0.0882484 -0.0171065 0.0154251 0.0885937 -0.0154628 0.0229214 0.0882535 -0.0117765 0.0189035 0.0882592 -0.0153115 0.0119377 0.0882647 -0.01296 0.0220325 0.0898 -0.0107083 0.0192502 0.0886 -0.0107387 0.0156358 0.0898 -0.0114169 0.0131566 0.0886 -0.0166424 0.0110752 0.0898 -0.0189781 0.0107583 0.0886 -0.0242309 0.0142761 0.0898 -0.024303 0.0144035 0.0886 -0.0240673 0.0209843 0.0898 -0.023771 0.0214876 0.0886 -0.0180947 0.0249509 0.0898 -0.0160219 0.0242417 0.0886 -0.0142566 0.0202532 0.0863735 -0.0142123 0.0150506 0.0863735 -0.0167022 0.0133685 0.0892 -0.0167211 0.0216006 0.0849603 -0.0133551 0.0175463 0.0897887 -0.0176182 0.0131632 0.0833978 -0.0203512 0.0210067 0.0832485 -0.0220414 0.0184108 0.0832485 -0.0209019 0.0147489 0.0832485 -0.0128886 0.0189898 0.08295 -0.0173823 0.0115271 0.0836 -0.0212195 0.0129871 0.0836 -0.023356 0.0168932 0.0836 -0.0189227 0.0232152 0.0836 -0.0203256 0.0124982 0.088236 -0.0230246 0.0152935 0.0882273 -0.023207 0.0191183 0.0859377 -0.0220024 0.0213793 0.085907 -0.0203787 0.0139662 0.0898 -0.0218228 0.0189293 0.0898 -0.01583 0.0226873 0.083275 -0.0126511 0.0205395 0.0836 -0.0122383 0.0150193 0.0859191 -0.0143171 0.0133059 0.083275 -0.0198488 0.0140351 0.0892 -0.0215764 0.016325 0.0892 -0.0211645 0.0194476 0.0892 -0.0190193 0.0217641 0.0895 -0.0195618 0.023108 0.0882691 0.0183755 0.0233833 0.0882979 0.020777 0.0224843 0.0859422 0.0226647 0.0204227 0.0882284 0.0234695 0.01746 0.0859161 0.0224517 0.0144131 0.0882437 0.0197792 0.0119706 0.0882734 0.0225132 0.0221386 0.0898 0.0240775 0.0195908 0.0886 0.02425 0.0142895 0.0898 0.0224116 0.0124933 0.0886 0.0191198 0.0107136 0.0898 0.0172906 0.0100187 0.0886 0.0108011 0.0158008 0.0889 0.0109214 0.019638 0.0898 0.011708 0.0222648 0.0886 0.0163942 0.024918 0.0898 0.0178911 0.024924 0.0886 0.0219627 0.0175036 0.0898 0.0202769 0.0143068 0.0892 0.0190786 0.0129982 0.0898 0.0184331 0.013346 0.0892 0.0168895 0.0216664 0.0833978 0.0204769 0.020513 0.0863735 0.0215293 0.0176566 0.0877867 0.0197441 0.0135098 0.0832485 0.01963 0.0221011 0.08295 0.0220232 0.0171678 0.0830993 0.0129973 0.0140603 0.0836 0.0117294 0.0187819 0.0836 0.0131987 0.0201999 0.0834243 0.0155303 0.023024 0.0836 0.0160922 0.0117872 0.0882624 0.0132644 0.0133358 0.088233 0.0138825 0.0217757 0.0882351 0.0139491 0.0114675 0.0892 0.0167196 0.0166065 0.0885998 0.0139065 0.0172077 0.0898 0.0187143 0.0233493 0.0836 0.0225976 0.02045 0.0836 0.0225409 0.0145673 0.0836 0.0197317 0.0119813 0.0836 0.0168296 0.012314 0.0834243 0.0141579 0.0148991 0.0828714 0.0165745 0.0133836 0.0892 0.0139406 0.0192934 0.0877867 0.017377 0.0217699 0.0895 0.0115552 0.0169424 0.0882852 -0.0145968 -0.0139914 0.0816168 -0.0198271 -0.0172489 0.0817125 -0.0162552 -0.0209795 0.0815211 0.00269572 -0.0329993 0.0173265 -0.0336113 0.00357571 0.0181384 -0.031518 0.0117651 0.0179147 -0.0276173 0.0194147 0.0175756 -0.0128829 0.0311781 0.0176285 -0.0255309 -0.0217918 0.0176862 -0.0334069 -0.00419021 0.0177536 -0.0210802 0.0252427 0.0172741 -0.0319424 -0.00786616 0.0172365 -0.0328134 0.00547749 0.0172952 -0.00758195 -0.0322294 0.0173181 -0.0288633 0.0157278 0.0172961 -0.0283741 -0.0165909 0.0173704 -0.0228946 -0.0231664 0.0179404 -0.0325268 -0.00145272 0.0178166 -0.0177991 -0.0277937 0.0173788 0.0106985 0.0313654 0.017807 0.0156328 0.0297772 0.0177599 0.0322023 -0.00932968 0.017606 -0.000797576 -0.0336317 0.0179672 0.0332469 -0.00063159 0.0173801 0.0244358 0.0230991 0.0175422 0.0281784 -0.018163 0.0176571 0.0084717 -0.031629 0.017915 0.0310231 0.0128391 0.0176729 0.0316828 0.00846687 0.0175167 0.0156707 -0.0292048 0.0176992 0.0283576 -0.0159478 0.0177299 0.017586 0.0283518 0.0183803 0.0200183 0.0257588 0.0175721 -0.000655987 -0.0328401 0.0183337 0.0268602 0.0180991 0.017802 0.0318392 -0.00682128 0.0178801 0.0325296 0.00205753 0.0182078 0.0232135 0.0234251 0.0184977 0.0306352 -0.0119139 0.0184612 0.0130257 -0.03074 0.0186179 0.00746569 -0.0329577 0.0180709 0.0250263 -0.0215833 0.0185485 0.0202604 -0.0262276 0.0182758 0.0325206 0.00681198 0.0183824 0.0288336 0.0171653 0.0183124 0.0334412 -0.00285944 0.0183928 0.0219462 -0.0254466 0.0175967 -0.0316252 0.00715494 0.0177539 -0.0282157 0.0162124 0.0177976 -0.0317423 0.00793953 0.0185125 -0.0246149 0.0213012 0.0179406 -0.0286993 0.0167465 0.0185425 -0.0159321 -0.0286327 0.0184983 -0.0314041 -0.00891816 0.0182225 -0.0329471 -0.00267228 0.0186126 -0.0313019 -0.0122672 0.0181276 -0.0121958 0.0304841 0.0180276 -0.0095804 -0.0314773 0.0184326 -0.0275502 -0.0180241 0.0184839 -0.0244234 0.0230085 0.0182584 -0.0204418 -0.0266787 0.0183031 -0.0191853 0.0270696 0.0182186 -0.00449488 0.033026 0.0177857 -0.0132388 -0.0310639 0.0181067 0.0156563 -0.0223126 0.0814 0.0209887 -0.018167 0.0816217 0.0191715 -0.0129765 0.0817125 0.0137553 -0.0179196 0.0817232 -0.0162234 0.0148003 0.0817667 -0.0197977 0.0181137 0.0815875 -0.0157268 0.0209054 0.081652 0.0190296 0.014978 0.0815387 0.0139042 0.0193509 0.0816637 0.0212504 0.0198393 0.0816539 -0.00722943 0.00264297 0.086025 -0.00219154 0.00686133 0.0860289 0.0047265 -0.00364425 0.0859 0.0014337 0.00736134 0.086275 -0.00528655 -0.00212302 0.0864 0.00624805 -0.000610508 0.0864 0.00680005 0.00367634 0.0861031 -0.00581572 -0.00433769 0.0860641 0.0021364 -0.00730931 0.0861656 0.00716252 -0.00240222 0.08615 -0.00724179 0.00358615 0.087042 -0.000265264 0.00825034 0.0871907 -0.00275014 0.00670796 0.0864539 0.00207871 0.00590254 0.0865727 0.00420716 0.00631726 0.0870461 0.00123508 -0.00716843 0.0869 0.00608415 -0.00550919 0.0869 0.00639561 -0.00210762 0.087025 -0.00746908 -5.09394e-05 0.0864984 -0.00437838 -0.00593023 0.0864 0.00718592 0.00276671 0.0869 -0.00339101 -0.00647261 0.0874 -0.00681507 -0.00278286 0.0874 -0.00432109 0.00580292 0.0873867 -0.0271055 -0.017405 0.088425 -0.0312629 -0.00998067 0.0886 -0.0226516 -0.0246431 0.0886 -0.0284016 -0.00488249 0.0886 -0.0346696 -0.00300016 0.088575 -0.0278141 0.00414772 0.0886 -0.0310619 0.00668969 0.0886 -0.0219885 0.0257652 0.0943977 -0.0312629 0.00998067 0.0886 -0.0245703 0.0214443 0.088425 -0.0265731 0.00237746 0.0918766 -0.0273627 -0.00250562 0.0903344 -0.0265655 0.00016563 0.09165 0.0312629 -0.00998067 0.0886 0.022693 -0.0246715 0.08855 0.0314354 -0.010082 0.0884 0.022817 -0.0247564 0.0884 0.0289224 -0.00489292 0.088725 0.0316027 -0.00787359 0.0885 0.0269728 -0.00274272 0.0899469 0.0297169 -0.00386752 0.0886 0.0335618 -0.00380475 0.0885584 0.0355974 -0.00141049 0.0886 0.0350219 0.00203416 0.0885 0.0330697 0.00398398 0.0886 0.0281994 0.00422103 0.088925 0.0293562 0.00375007 0.08855 0.0314438 0.00975109 0.0885 0.0315224 0.00799914 0.088575 0.0221867 0.0252578 0.088425 0.0259482 0.00120234 0.0914 0.027369 -0.00134891 0.0912687 0.0217548 0.0157565 0.0983 0.015773 0.0236414 0.0984 0.0155373 -0.0258696 0.0984 0.0118126 -0.0111422 0.0983 0.0125 0 0.0983 0.0119824 0.0222789 0.098375 0.0115 0.022 0.0984 0.0115 -0.0107826 0.0984 0.0122482 -0.0138613 0.0984 -0.0204024 0.0176604 0.0983 -0.026607 0.00776009 0.0983 -0.0221851 0.0159451 0.0984 -0.0221751 -0.0160132 0.0983 -0.0266437 -0.00779116 0.0983 -0.0204289 -0.0176754 0.098375 -0.00442457 -0.000287627 0.0984 -0.0269433 -0.00822404 0.0984 -0.0154049 -0.0285498 0.0984001 -0.00323584 0.00214238 0.09015 -0.00270743 -0.00321318 0.0899 -0.00482358 -0.00219704 0.0904 -0.00548593 -0.00337235 0.0924 -0.00215723 -0.00567081 0.0924 -0.00340411 -0.00522916 0.0904 0.0032 -0.0413 0.0884 0.003 -0.0415 0.0886 0.0032 1.71846e-18 0.0884 0.003 0.0415 0.0886 0.0032 0.0413 0.0884 -0.0032 0.0413 0.0884 -0.003 0.0415 0.0886 -0.0032 -2.36259e-17 0.0884 -0.003 -0.0415 0.0886 -0.0032 -0.0413 0.0884 0.003 0.0415 0.0891 -0.003 -0.0415 0.0891 0.003 -0.0415 0.0891 -0.00795206 -0.0101487 0.0904 -0.00795206 -0.0101487 0.0924 -0.00795206 0.0101487 0.0904 -0.00795206 0.0101487 0.0924 -0.00548593 0.00337235 0.0924 -0.0101843 0.00376493 0.0924 -0.00941081 -0.00645112 0.0924 -0.00154068 -0.00395375 0.0924 0.00431339 -0.00449871 0.0924 0.00206826 -0.00376173 0.0924 0.00410623 -0.00110026 0.0924 0.00608673 -5.85533e-05 0.0914 0.00122507 0.00617202 0.0914 -0.00189307 0.00479787 0.0924 -0.00280003 0.00318837 0.0924 -0.00924495 0.00712263 0.0904 -0.00444502 0.00430076 0.0904 0.00406558 0.00470573 0.0900931 0.00263242 -0.00535949 0.0904 0.00369875 -0.000444613 0.09015 -0.000286147 -0.00374525 0.09015 0.00474378 -0.000515737 0.0984 0.00395907 0.00268563 0.0924341 0.00322426 0.00269422 0.0979 0.00232536 0.00381491 0.0984 0.000382026 0.00436658 0.0979 -0.0018243 0.00391223 0.0979 -0.00472612 -4.58457e-05 0.0923978 -0.00327844 0.00333802 0.0984 -0.0345706 0.0287704 0.0964 -0.0312639 0.0302158 0.0964 -0.0217715 0.0348301 0.0964 -0.0299996 0.0315005 0.0964 -0.0287102 0.0349701 0.0964 -0.0394784 0.0268858 0.0963997 -0.0394866 0.0146248 0.0963996 -0.026648 0.0391655 0.0964 -0.0214476 0.0359794 0.0964 -0.0345995 0.0129971 0.0964001 -0.022173 0.0382982 0.0964 -0.0247915 0.0394882 0.0964 -0.0395 0.0207255 0.0884 -0.0390335 0.0268572 0.0884 -0.0363426 0.0283942 0.0884 -0.0322515 0.029532 0.0884 -0.0303987 0.031049 0.0884 -0.0293564 0.0325196 0.0884 -0.0282518 0.037311 0.0884051 -0.0267689 0.0391358 0.0884 -0.0256558 0.03948 0.0884 -0.0244446 0.0395 0.0884 -0.0239063 0.0394529 0.0884 -0.0223553 0.0385791 0.0884 -0.0212349 0.0357465 0.0884 -0.0343125 0.0134778 0.0884001 -0.0369504 0.0129928 0.0884 -0.0388722 0.0144414 0.0884 -0.00771943 0.0114766 0.0885625 -0.00726058 0.0204464 0.0943955 -0.00962966 0.0276767 0.0884663 -0.0159509 0.0294937 0.08965 -0.017593 0.0285247 0.08845 -0.0196326 0.0268318 0.08965 -0.0333479 0.034405 0.093351 -0.0348983 0.0332105 0.0885 -0.0373955 0.0332163 0.0885 -0.038982 0.0365517 0.08855 -0.0030001 0.0415001 0.0891 -0.0289469 0.0415623 0.0933761 -0.0412209 0.0365781 0.0933 -0.0403612 0.0285131 0.0933195 -0.0109501 0.0250605 0.0944 -0.0094734 0.0252092 0.0909 -0.00813088 0.0231382 0.0944 -0.0182913 0.0273299 0.0944 -0.0140112 0.0254972 0.0944 -0.0140725 0.0258199 0.0914 -0.0359839 0.0295482 0.0956956 -0.0409743 0.0273248 0.0970961 -0.0396182 -2.63625e-05 0.0981435 -0.0387941 0.026598 0.0983855 -0.0407539 0.0282395 0.0966919 -0.0398175 0.0274294 0.0979325 -0.0414999 0.0286808 0.0955478 -0.0413364 0.0274455 0.0963189 -0.035704 0.0283395 0.097744 -0.0311236 0.0291888 0.0981767 -0.0316185 0.031385 0.0958719 -0.027016 0.0355566 0.0983906 -0.0289379 0.035447 0.0970576 4.31389e-06 0.0398055 0.0980741 -0.0283311 0.0415 0.0955859 -0.0276142 0.0393368 0.0980208 -0.0271729 0.0405188 0.0976148 -0.0266724 0.0390171 0.0983549 -0.0413 0.036 0.0884 -0.0415 0.036 0.0886 -0.0397643 0.0391611 0.0884 -0.0406456 0.038585 0.090325 -0.0384469 0.0408241 0.091475 -0.036 0.0415 0.0886 -0.036 0.0413 0.0884 -0.0297767 0.00560115 0.0944 -0.0314964 0.0081707 0.0944 -0.0317226 0.00854239 0.0885 -0.0313173 0.009888 0.0944 -0.00658755 0.0116638 0.0884 -0.00658755 0.0116638 0.0896 -0.00575007 0.0315299 0.0896 -0.00575007 0.0315299 0.0884 -0.00672186 0.0344134 0.0884 -0.00843445 0.0359072 0.089 -0.0146106 0.0373026 0.0884 -0.0154738 0.0369833 0.0896 -0.0183893 0.0346651 0.0884 -0.0183893 0.0346651 0.0896 -0.0368893 0.00316514 0.0896 -0.0368893 0.00316514 0.0884 -0.0196827 0.0354248 0.0896 -0.0385924 0.00322667 0.0895963 -0.0196827 0.0354248 0.0884 -0.0381827 0.00392477 0.0884 -0.016312 0.0382847 0.0896 -0.0150271 0.0386953 0.0884 -0.010699 0.0382524 0.0896 -0.0100018 0.0389574 0.0884 -0.00612416 0.036011 0.0896 -0.00542658 0.0349892 0.0884 -0.00425 0.0315 0.0896 -0.00425 0.0315 0.0884 -0.00509487 0.0114584 0.0896 -0.00509487 0.0114584 0.0884 -0.00647214 0.00729164 0.0884 -0.00714637 0.00520791 0.0896 -0.00975265 0.00422741 0.088775 -0.00741863 0.00888098 0.089 -0.0163499 0.031309 0.0979 -0.0168628 0.0310746 0.0984 -0.0142451 0.0275267 0.0984001 -0.0100782 0.027221 0.0984 -0.00815556 0.0296079 0.0979 -0.033305 0.0302206 0.0934 -0.0302939 0.0330314 0.0934 -0.0384305 0.03472 0.0933985 -0.0372834 0.0398671 0.0934 -0.0352685 0.0330209 0.0934 -0.0140959 0.027785 0.0914 -0.0108828 0.0273304 0.09465 -0.0212979 -0.035639 0.0964 -0.0291206 -0.0330741 0.0964 -0.0310644 -0.0304416 0.0964 -0.0337269 -0.0144736 0.0964 -0.0345084 -0.0287731 0.0964 -0.0277746 -0.039037 0.0964032 -0.0225371 -0.0386638 0.0964 -0.0394791 -0.0272108 0.0963993 -0.0394716 -0.0143344 0.0964011 -0.0353488 -0.0133049 0.0964 -0.0395 -0.0207255 0.0884 -0.0368674 -0.0282861 0.0884 -0.0391159 -0.0267639 0.0884 -0.028179 -0.0369114 0.0884 -0.025711 -0.0393866 0.0884 -0.0217715 -0.0348301 0.0884 -0.0214451 -0.0358608 0.0884 -0.0337269 -0.0144736 0.0884 -0.0389027 -0.0144557 0.0884 -0.0374704 -0.0131342 0.0884 -0.0353968 -0.0132576 0.0884 -0.0340391 -0.0140345 0.0884 -0.0106177 -0.00277325 0.0903815 -0.00752526 -0.00985332 0.08845 -0.00726241 -0.0160178 0.0884 -0.00862468 -0.0285897 0.0885903 -0.0207744 -0.0264506 0.0885 -0.0330497 -0.0368404 0.0885 -0.0342711 -0.0387819 0.0933962 -0.037097 -0.038775 0.088525 -0.0391083 -0.0363398 0.091 -0.0385973 -0.0346497 0.0884 -0.0319326 -0.0414781 0.0932219 -0.0291481 -0.0404035 0.093404 -0.0412 -0.0366833 0.0934 -0.0415 -0.036 0.0932 -0.0410278 -0.038084 0.0932 -0.0379738 -0.0408873 0.0933 -0.0414292 -0.0279196 0.0932708 -0.0092477 -0.024845 0.09255 -0.0180415 -0.0270806 0.0936625 -0.0117448 -0.0250281 0.0944 -0.014652 -0.0256351 0.0944 -0.027733 -0.00429593 0.0944 -0.0226516 -0.0246431 0.0944 -0.0211401 -0.0261072 0.0944 -0.0102963 0.00418708 0.0944 -0.0259396 -0.00131406 0.0944 -0.0105981 -0.00187501 0.0944 -0.0268184 0.00306953 0.0944 -0.0316187 -0.00861715 0.0944 -0.00766397 -0.0113315 0.094397 -0.0312629 -0.00998067 0.0944 -0.00852534 0.00871517 0.0944 -0.0302468 -0.00584996 0.0944 -0.00744629 -0.0209462 0.0943928 -0.0136985 -0.0255002 0.0914 -0.0414952 -0.0274984 0.0949676 -0.0413158 -0.0274386 0.096388 -0.0409743 -0.0273248 0.0970961 -0.0406964 3.25963e-08 0.0974405 -0.0390171 -0.0266724 0.0983549 -0.0385 -0.00623876 0.0984 -0.0385 0.0153153 0.0984 -0.0413128 -0.0279225 0.0959051 -0.0397485 -0.0274905 0.0979445 -0.0391581 -0.028968 0.0964369 -0.0350483 -0.0273576 0.0983007 -0.0326377 -0.0298466 0.0969078 -0.0302093 -0.0330686 0.0961913 -0.0277781 -0.0358406 0.0981138 -0.0267143 -0.034338 0.0984 -0.0271729 -0.0405188 0.0976148 5.12227e-08 -0.0397383 0.098113 -0.0270187 -0.0392776 0.0982106 -0.0281841 -0.0415 0.0953121 -0.0291938 -0.0389451 0.0960887 -0.0275478 -0.0410397 0.0968786 -0.0413 -0.036 0.0884 -0.0415 -0.036 0.0886 -0.0413 -1.76282e-16 0.0884 -0.0359986 -0.0414995 0.0884022 -0.0387548 -0.0405327 0.08975 -0.0402777 -0.0386186 0.0885 -0.0308077 -0.00650652 0.089325 -0.0108401 -0.0270732 0.090075 -0.0368893 -0.00316514 0.0896 -0.0381827 -0.00392477 0.0896 -0.00814183 -0.00447727 0.0896 -0.00514128 -0.0110611 0.0896 -0.00658755 -0.0116638 0.0896 -0.00575007 -0.0315299 0.0896 -0.00425 -0.0315 0.0896 -0.00692655 -0.035825 0.0896 -0.0136245 -0.0376496 0.089 -0.0170677 -0.0374571 0.089 -0.0183893 -0.0346651 0.0896 -0.0196827 -0.0354248 0.0896 -0.00658755 -0.0116638 0.0884 -0.00575007 -0.0315299 0.0884 -0.00786891 -0.0353936 0.0884 -0.0183893 -0.0346651 0.0884 -0.0368893 -0.00316514 0.0884 -0.0378364 -0.000149878 0.089 -0.0381827 -0.00392477 0.0884 -0.0388746 -0.00230912 0.0884 -0.0393291 7.34203e-05 0.0884 -0.0196827 -0.0354248 0.0884 -0.0129567 -0.0391625 0.0884 -0.00425 -0.0315 0.0884 -0.00723264 -0.0370975 0.0884 -0.00514128 -0.0110611 0.0884 -0.00740264 -0.00365567 0.0884 -0.0101756 -0.00249031 0.0885 -0.0161625 -0.0330555 0.0884034 -0.0141702 -0.0354982 0.0983997 -0.0103453 -0.035498 0.0981443 -0.00754726 -0.0304885 0.0984 -0.0354736 -0.00200486 0.098025 -0.0329056 -0.00410607 0.09815 -0.0319623 -0.0043603 0.0884083 -0.0273549 -0.00271152 0.0983984 -0.0293217 -0.00400734 0.0884148 -0.03903 -0.0293547 0.0934 -0.0317628 -0.0317628 0.0934 -0.037479 -0.0385238 0.0934 -0.0354111 -0.0332447 0.0934 -0.033129 -0.0363492 0.0933978 -0.0164173 -0.0312191 0.0983983 -0.0138077 -0.0354413 0.08855 -0.011618 -0.0358666 0.0886 -0.00816315 -0.0337408 0.088412 -0.00765613 -0.0320482 0.0885 -0.0170739 -0.0278054 0.089975 0.0209172 0.0362974 0.0964001 0.0278704 0.0374413 0.0964 0.0291206 0.0330741 0.0964 0.0310644 0.0304416 0.0964 0.0343009 0.0134985 0.0964 0.0345084 0.0287731 0.0964 0.0241048 0.0393232 0.0964 0.0395 0.0254075 0.0964 0.0394467 0.0140336 0.0963982 0.0379463 0.0277496 0.0964 0.0395 0.0254075 0.0884 0.0371051 0.0280913 0.0884 0.0393517 0.0262605 0.0884 0.0267473 0.0390911 0.0884 0.0244162 0.0394765 0.0884 0.0217715 0.0348301 0.0884 0.0214451 0.0358608 0.0884 0.0337269 0.0144736 0.0884 0.0394912 0.0146172 0.0884001 0.0374704 0.0131342 0.0884 0.0353968 0.0132576 0.0884 0.0340391 0.0140345 0.0884 0.00996455 0.0055301 0.0886 0.010689 0 0.0886 0.00748318 0.0156174 0.094389 0.00744171 0.0141172 0.0885 0.0172772 0.0276259 0.08995 0.0329283 0.0360276 0.08855 0.0345896 0.0390246 0.0884 0.0370771 0.0387712 0.08855 0.028828 0.0415001 0.093399 0.04131 0.0365682 0.0933 0.0379738 0.0408873 0.0933 0.00975934 0.0259461 0.0899938 0.0182125 0.0270333 0.0944 0.011648 0.0250403 0.0944 0.0126687 0.0251652 0.0914 0.0144247 0.0254692 0.0944 0.04148 -0.0137475 0.0956948 0.0415 0.0275 0.0954 0.041132 0.0273773 0.0968269 0.0404709 0.027157 0.0976514 0.0405721 0.0288595 0.0958664 0.0413328 0.0274443 0.0963754 0.0397632 0.0272882 0.097942 0.0390171 0.0266724 0.0983549 0.0400542 -1.89235e-05 0.0979612 0.0295113 0.0363758 0.0958788 0.029389 0.0322871 0.0977123 0.0270545 0.0362637 0.0983688 0.0340521 0.0275986 0.0983534 0.028635 0.0285139 0.0984 0.0323581 0.0300194 0.0966533 0.0282561 0.0368741 0.0977595 0.0266724 0.0390171 0.0983549 0.0277964 0.039676 0.0977933 0.0271729 0.0405186 0.097615 0.0283551 0.0414996 0.0953981 0 0.040873 0.0972277 2.60537e-07 0.041353 0.0962111 -0.0172796 0.0385 0.0984 -0.00249549 0.0385 0.0984 0.015347 0.0343491 0.0984101 0.036 0.0413 0.0884 0.036 0.0415 0.0886 0.0376353 0.0411911 0.0886 0.0404919 0.038867 0.0909 0.0393643 0.0396019 0.0884 0.0415 0.036 0.0886 0.0413 0.036 0.0884 0.0104461 0.00375002 0.0944 0.0089138 0.0080735 0.0944 0.0320674 0.00859032 0.0943988 0.0286085 0.00497284 0.0944 0.0220874 0.0255959 0.094397 0.00912229 0.0282467 0.088925 0.00658755 0.0116638 0.0896 0.00658755 0.0116638 0.0884 0.00575007 0.0315299 0.0896 0.00575007 0.0315299 0.0884 0.0117753 0.0383159 0.0896 0.00941575 0.0370612 0.0884 0.00692655 0.035825 0.0896 0.0183893 0.0346651 0.0896 0.0183893 0.0346651 0.0884 0.0154738 0.0369833 0.0884 0.0170677 0.0374571 0.089 0.0368893 0.00316514 0.0896 0.0368893 0.00316514 0.0884 0.0381827 0.00392477 0.0896 0.0196827 0.0354248 0.0896 0.0381827 0.00392477 0.0884 0.0196827 0.0354248 0.0884 0.0129567 0.0391625 0.0884 0.00425 0.0315 0.0896 0.00425 0.0315 0.0884 0.00723264 0.0370975 0.0884 0.00514128 0.0110611 0.0896 0.00514128 0.0110611 0.0884 0.00740264 0.00365567 0.0884 0.00739019 0.00462191 0.0896 0.00770658 0.0093395 0.08845 0.00889346 0.00433264 0.0896 0.00975323 0.00310561 0.0884 0.0132181 0.0358692 0.0886392 0.00997056 0.0356211 0.0883698 0.00840639 0.0340892 0.0984006 0.00765269 0.0296902 0.0983996 0.0414998 0.0291721 0.093389 0.0305021 0.0329887 0.0934 0.0343495 0.0298404 0.0934 0.0380392 0.0339007 0.0934 0.0350454 0.0331772 0.0934 0.03309 0.0349085 0.0933841 0.034775 0.0385058 0.0933991 0.0383728 0.0377133 0.0934 0.0149182 0.0282187 0.0913125 0.011578 0.0272045 0.0914 0.0308927 -0.0299588 0.0964 0.0277492 -0.0246519 0.0964 0.036283 -0.0285053 0.0964 0.0345196 -0.0136741 0.0964 0.0393677 -0.0154578 0.0964 0.0394502 -0.0257767 0.0964 0.0374756 -0.0133144 0.0964 0.0388824 -0.0271895 0.0964 0.0371409 -0.0283894 0.0964 0.0214476 -0.0359794 0.0964 0.0285186 -0.035783 0.0964 0.0273645 -0.0385575 0.0964 0.022173 -0.0382982 0.0964 0.0247915 -0.0394882 0.0964 0.0395 -0.0254075 0.0884 0.0393185 -0.0263131 0.0884 0.0380457 -0.0280021 0.0884 0.0369002 -0.0284391 0.0884 0.0314729 -0.0295254 0.0884033 0.0285007 -0.035786 0.0884 0.0267689 -0.0391358 0.0884 0.0256558 -0.03948 0.0884 0.0244446 -0.0395 0.0884 0.0239063 -0.0394529 0.0884 0.0223553 -0.0385791 0.0884 0.0212349 -0.0357465 0.0884 0.0343659 -0.0133884 0.0884003 0.0373874 -0.0131596 0.0884 0.0389896 -0.0143987 0.0884 0.0394766 -0.0157751 0.0884 0.00996684 -0.00552802 0.0943955 0.00976516 -0.00571154 0.0885 0.00748154 -0.0157059 0.08855 0.00781454 -0.0219922 0.0884 0.00985118 -0.0261476 0.0886 0.0163712 -0.0309801 0.0885 0.0144031 -0.0280454 0.09105 0.0195296 -0.0270047 0.0885 0.0347355 -0.0334649 0.08855 0.0379787 -0.0334637 0.0884 0.0368088 -0.0331403 0.0933995 0.0275 -0.0415 0.0932 0.0365682 -0.04131 0.0933 0.0384469 -0.0408241 0.091475 0.0407651 -0.0382113 0.09215 0.0414934 -0.0291666 0.0933975 0.0415 -0.0275 0.0943 0.0414611 -0.0278297 0.0932389 0.0106464 -0.0250052 0.0944 0.0176939 -0.02713 0.0944 0.0178409 -0.0276448 0.09 0.0272316 -0.0038562 0.0944 0.0138743 -0.0253963 0.0944 0.010689 -0.00142203 0.0944 0.026687 0.00317099 0.0944 0.0211401 -0.0261072 0.0944 0.0226516 -0.0246431 0.0944 0.025974 -0.000869856 0.0944 0.00815886 -0.00975648 0.0943953 0.0310576 -0.00661769 0.0943995 0.0315745 -0.00922572 0.0943999 0.00724541 -0.0213643 0.0943925 0.00796369 0.0228375 0.0933 0.0143956 -0.0258145 0.0914 0.0327356 -0.00426206 0.0984147 0.0390171 -0.0266724 0.0983549 0.0385 0.0153153 0.0984 0.0394741 6.62869e-06 0.098232 0.0405186 -0.0271729 0.097615 0.0408173 1.5202e-05 0.0973009 0.0413385 -0.0274462 0.0963556 0.041067 -0.0273557 0.0969388 0.0410704 -0.0284076 0.095673 0.0404406 -0.0277737 0.0973466 0.0366077 -0.0295364 0.0962346 0.029492 -0.0360197 0.096028 0.0300407 -0.0299581 0.0981989 0.0310068 -0.0318352 0.0960236 0.0361286 -0.0274098 0.0983599 0.0265556 -0.0273991 0.0984 0.0273378 -0.0365363 0.0981787 0.0266724 -0.0390171 0.0983549 0.0278662 -0.0399129 0.0977131 0.00255789 -0.0412527 0.0965016 0.0136624 -0.040873 0.0972277 0.0271729 -0.0405186 0.097615 0.0284503 -0.0410415 0.0944685 0.0280987 -0.0415 0.0956375 -0.00582926 -0.037975 0.0984 0.0413 1.54374e-16 0.0884 0.0415 -0.036 0.0886 0.0410605 -0.0369348 0.0884 0.0392909 -0.0401634 0.0885 0.036 -0.0415 0.0886 0.036 -0.0413 0.0884 0.00864788 -0.0240423 0.0931813 0.0368893 -0.00316514 0.0896 0.0381827 -0.00392477 0.0896 0.0183893 -0.0346651 0.0896 0.0196827 -0.0354248 0.0896 0.016312 -0.0382847 0.0896 0.0150422 -0.037143 0.089 0.010699 -0.0382524 0.0896 0.00642301 -0.0352122 0.0896 0.00575007 -0.0315299 0.0896 0.00425 -0.0315 0.0896 0.00658755 -0.0116638 0.0896 0.00509487 -0.0114584 0.0896 0.00857158 -0.00590194 0.0896 0.00714637 -0.00520791 0.0896 0.0382407 -0.000521414 0.0896 0.00658755 -0.0116638 0.0884 0.00575007 -0.0315299 0.0884 0.00843445 -0.0359072 0.0884 0.0183893 -0.0346651 0.0884 0.0368893 -0.00316514 0.0884 0.0375185 -0.000465548 0.0884 0.0388746 0.00230912 0.0884 0.0393291 -7.34203e-05 0.0884 0.0385287 -0.00311694 0.0884 0.0196827 -0.0354248 0.0884 0.0150271 -0.0386953 0.0884 0.00771418 -0.0369733 0.0884 0.00425 -0.0315 0.0884 0.00509487 -0.0114584 0.0884 0.00647214 -0.00729164 0.0884 0.00824671 -0.00670307 0.0884 0.0161984 -0.0327404 0.0983991 0.0156431 -0.0294066 0.0979 0.0129435 -0.0272494 0.0979 0.0103328 -0.0274778 0.0979 0.00863774 -0.0287346 0.0983999 0.0357708 0.000626394 0.095575 0.0340963 0.0036992 0.0984013 0.0291521 0.0039646 0.0983999 0.0273844 0.00135983 0.092675 0.0343241 -0.0297454 0.0934 0.0306058 -0.0330486 0.0934 0.0290459 -0.0404258 0.0934 0.033932 -0.0383129 0.0933988 0.0390578 -0.0358311 0.091 0.0374303 -0.0386141 0.0934 0.0336097 -0.034669 0.0934 0.00782703 0.0225681 0.0885 0.0126736 -0.0359266 0.0884362 0.00833641 -0.032496 0.0885 -0.034325 0.0389012 0.0884 -0.0336402 0.0383598 0.0884 -0.0233033 -0.0391721 0.0884 -0.0216458 -0.0377051 0.0884 -0.032533 -0.0294246 0.0884 -0.0298776 -0.0317843 0.0884 0.0106604 -0.0273387 0.09105 0.00877662 -0.0286169 0.0886 0.00768245 -0.0316251 0.09325 0.034325 -0.0389012 0.0884 0.0332392 -0.0376779 0.0884 0.032533 0.0294246 0.0884 0.0227002 0.0388913 0.0884 0.0216458 0.0377051 0.0884 0.0298776 0.0317843 0.0884 0.0285268 0.0358205 0.0883897 -0.030125 -0.0236015 0.0984 -0.0314603 0.026204 0.0983965 -0.016122 0.0332336 0.0983973 -0.0215911 0.0132383 0.0984 -0.004597 0.0174486 0.0984 0.0163566 0.0322897 0.0983998 0.012345 0.0268245 0.0984 0.0199375 -0.037975 0.0984 0.0107812 -0.0359235 0.0984 0.0271483 -0.000872487 0.0984 -0.00139504 -0.0044986 0.0983998 0.023044 0.0138111 0.0984 -0.0310999 0.00457341 0.0984 -0.0315677 -0.0089569 0.0885 -0.00791326 -0.0228977 0.0885 -0.0106303 0.0357668 0.088419 -0.0163049 0.0318032 0.0885 -0.00762029 0.0305572 0.0885535 -0.0288599 0.00381933 0.08885 -0.0281889 0.00265371 0.0979 -0.0304647 0.00416992 0.09325 -0.031618 0.00437625 0.0885157 -0.0333524 0.00397258 0.0979 -0.0334398 0.00393019 0.0886 -0.0350099 0.00251861 0.0886 -0.035036 0.00247594 0.0979 -0.035943 -0.000162258 0.0983976 0.00840945 -0.0340141 0.0979 0.00953999 -0.0350716 0.0886686 0.0148846 -0.0349332 0.0887042 0.0330569 -0.0368206 0.088575 0.0370329 -0.0387926 0.088575 0.0388498 -0.0372402 0.0885 0.029354 -0.00413163 0.0983999 0.0350906 -0.00251413 0.0979 0.0113574 0.0273056 0.0979 0.0151263 0.0287521 0.0979 0.00751485 0.0307733 0.0884007 0.0162234 0.0316541 0.0885 0.036732 0.0332535 0.088525 0.0390027 0.036137 0.08855 -0.0127381 -0.0273636 0.0979 -0.0151377 -0.028553 0.0909625 -0.0342585 -0.0335183 0.0885 -0.036847 -0.0332329 0.0886 -0.0387568 -0.0346489 0.0933972 -0.00774939 0.0324435 0.0886 -0.0083366 0.0340737 0.0984013 -0.0137943 0.0356403 0.0983874 -0.0338852 0.0380656 0.0933961 -0.0370329 0.0387926 0.088575 0.00353601 -0.00247594 0.0979 -0.00418728 -0.00567179 0.1084 -0.00569675 0.00415325 0.1084 -0.00641258 0.00275069 0.107479 -0.00565844 -0.0040946 0.107185 -0.00689746 -0.00068306 0.104509 -0.00569675 0.00415325 0.1184 -0.00418728 -0.00567179 0.1184 -0.00524207 -0.00466696 0.11929 -0.00613543 -0.00347261 0.119992 -0.00700395 0.000302197 0.120277 -0.00645079 0.00273369 0.119361 -0.00674372 -0.00190393 0.120355 0.00418728 0.00567179 0.1084 0.00569675 -0.00415325 0.1084 0.00641258 -0.00275069 0.107479 0.00565844 0.0040946 0.107185 0.00695905 0.000538066 0.102526 0.00418728 0.00567179 0.1184 0.00569675 -0.00415325 0.1184 0.00645079 -0.00273369 0.119361 0.00568875 0.00406978 0.119641 0.00700395 -0.000302197 0.120277 0.00674372 0.00190393 0.120355 0.0012237 0.00416516 0.1479 0.00360864 0.00230233 0.1479 0.00438405 -0.000129193 0.1479 0.00704122 -0.000637792 0.14834 0.00384311 -0.00204649 0.1479 0.00256506 -0.00353484 0.1479 0.00175676 -0.00399721 0.1284 0.00352082 -0.00258219 0.1284 0.00429252 -0.000798851 0.1284 0.0040134 0.00150017 0.1284 0.00163802 0.00399219 0.1284 -0.000340334 0.00437448 0.1284 -0.000224014 0.00313154 0.127678 0.0011572 0.00289221 0.127678 0.00235338 0.00205062 0.127678 0.00304337 0.000610506 0.127678 0.00183663 -0.00253898 0.127678 -0.00207413 -0.00391954 0.098925 -0.00382201 0.00201959 0.0972118 -0.00143689 0.00411979 0.0993 -0.0051308 0.00481624 0.0986 -0.00645781 0.00266429 0.0986 -0.00536021 -0.00447995 0.0986 -0.00344841 -0.00613431 0.0986 -0.00613579 -0.00347197 0.1479 -0.00680861 -0.00168772 0.1479 -0.00612612 0.00349207 0.148112 -0.00344841 -0.00613431 0.1479 -0.00188017 -0.00678132 0.1479 -0.00196276 -0.00678321 0.0985791 -0.000628151 -0.00702196 0.0986 -0.000202659 -0.00703422 0.1479 0.0006467 -0.00700736 0.0986 -0.0051308 0.00481624 0.1479 -0.00418624 0.00567255 0.1479 -0.00418624 0.00567255 0.0986 -0.00308952 0.00632267 0.1479 -0.00308952 0.00632267 0.0986 -0.00190269 0.00678839 0.1479 -0.00190269 0.00678839 0.0986 -0.00107057 0.00696824 0.1479 -0.00704122 0.000637792 0.14834 -0.0051311 -0.00488163 0.148396 0.00342719 -0.00526362 0.1484 0.00259531 0.00527835 0.1484 -0.00135872 0.00417714 0.148025 0.00060805 -0.00305723 0.0921 0.002763 -0.00157768 0.127497 0.00311637 6.79306e-05 0.0921 0.0028726 0.00126304 0.0921 0.0021567 0.00225056 0.0921 0.000742479 0.00302739 0.0921 -0.000870689 0.00299304 0.0921 -0.00349446 0.00010941 0.0919 0.00184208 -0.00256087 0.0918584 -0.00474428 0.000293362 0.0925 -0.00254928 0.00397229 0.09445 -0.000123768 0.00439119 0.0922 -0.000635933 -0.00474759 0.09445 -0.00284452 -0.00381646 0.09445 -0.000110661 0.00443926 0.0969561 -0.00378825 -0.0022184 0.0971522 0.000684022 -0.00409721 0.0977503 0.00340332 0.00393714 0.0989875 0.0052395 -0.000308127 0.09895 -0.00414705 0.00370877 0.0989 -0.00476897 -0.00114648 0.099375 0.00208717 -0.00514649 0.099 -0.00671919 -0.000741157 0.0985 -0.0006467 0.00700736 0.0986 0.000628151 0.00702196 0.0986 0.00146997 0.00689505 0.0986 0.00224584 0.00668395 0.0987017 0.00344841 0.00613431 0.0986 0.00578353 0.00387402 0.0986 0.00610753 -0.00294115 0.0985 0.0051308 -0.00481624 0.0986 0.00418624 -0.00567255 0.0986 0.00308952 -0.00632267 0.0986 0.00190269 -0.00678839 0.0986 0.00392272 -0.000906057 0.0977354 0.00267711 -0.00392095 0.0964 0.00433944 -0.00212082 0.0964 0.00456302 0.00103881 0.0964 0.00294061 0.00333882 0.0969236 0.00252832 0.0039572 0.0925 0.00417459 0.00129747 0.0922 0.00418287 -0.00185475 0.09235 0.000824616 -0.00421316 0.0922 -0.00087893 -0.00301241 0.0921 -0.00223293 -0.0021364 0.0921 -0.00309876 -0.000337726 0.0921 -0.00285247 0.0012569 0.0921 -0.00216936 0.00226738 0.0921 -0.0012938 0.00284656 0.127678 -0.00223904 0.00219869 0.127678 -0.00286041 0.0012496 0.127678 -0.00309075 -0.000302141 0.127678 -0.0019416 -0.00239832 0.127678 -0.0007846 -0.00303841 0.127678 0.000599196 -0.0030634 0.127678 0.00148663 -0.00687832 0.1479 0.00308952 -0.00632267 0.1479 0.00418624 -0.00567255 0.1479 0.0051308 -0.00481624 0.1479 0.00621548 -0.00325166 0.1479 0.00680861 0.00168772 0.1479 0.00536021 0.00447995 0.1479 0.00381947 0.00592572 0.1479 0.00307735 0.0063429 0.1479 0.00229036 0.00666759 0.1479 0.00146997 0.00689505 0.1479 0.000202659 0.00703422 0.1479 -0.000311926 -0.00432746 0.1284 -0.00231186 -0.00370394 0.1284 -0.00369 -0.00233406 0.1284 -0.00431467 6.6282e-05 0.1284 -0.00352082 0.00258219 0.1284 -0.00175676 0.00399721 0.1284 -0.00327154 0.00289293 0.1479 -0.0042424 0.000846722 0.1479 -0.0040767 -0.00154134 0.1479 -0.00314059 -0.00306333 0.1479 -0.00183362 -0.00397343 0.1479 0.000303403 -0.00432999 0.148025 0.016531 -0.00147492 0.163566 -0.013132 0.00662133 0.162085 -0.00753941 -0.0149259 0.163692 -0.00743164 -0.00713337 0.158534 -0.0130163 -0.0112789 0.164095 -0.00975698 -0.00246066 0.158389 -0.0198126 -0.00322104 0.166347 -0.0194497 0.00318094 0.166005 -0.00691307 0.00791971 0.158536 0.00090684 0.0174278 0.164367 0.00755491 0.0179127 0.166477 0.0115561 0.008835 0.162078 0.0134424 -0.00645411 0.162291 0.0031742 0.0120978 0.163908 5.20563e-05 0.00900427 0.162813 -0.000676986 0.00658107 0.163759 0.00455999 0.00523228 0.161857 0.00919932 0.00593676 0.163812 0.0122559 0.0050067 0.164282 0.0104967 0.0096212 0.164813 0.00445931 -0.00402791 0.162106 -0.000322336 -0.0138068 0.164626 -0.000856003 -0.00803585 0.162987 0.00147073 -0.0038619 0.159584 0.00398693 -0.0147832 0.165362 0.00515271 0.00341473 0.163555 -0.00762458 -0.0038935 0.163407 -0.00508217 -0.00452519 0.163951 0.00732044 -0.00452273 0.163164 0.00213768 -0.00755626 0.162913 -0.00429953 -0.0027982 0.162769 -0.00731658 0.0018741 0.163467 -0.00291015 0.00314263 0.159665 0.0102856 -0.00562375 0.172216 0.00887716 0.00773007 0.1737 0.00931758 0.00734574 0.172274 0.00640455 0.00987143 0.172855 0.000695312 0.0115295 0.173334 -0.0114729 -0.0025663 0.173434 -0.00812298 -0.00837931 0.173069 0.00332454 -0.013563 0.174556 -0.00205685 -0.0113995 0.173638 -0.00793734 -0.0145186 0.175523 -0.0127647 0.0048049 0.174826 -0.0129384 0.0102801 0.175538 -0.00787261 0.0136792 0.175374 -0.000568974 0.0159942 0.175429 0.0058438 0.0148944 0.175421 0.0129563 0.0133812 0.175959 0.0153244 0.00713495 0.17561 0.015676 -0.00469414 0.17551 0.0130119 0.00174659 0.174417 -0.0193035 -0.00171411 0.176087 -0.00853744 -0.0174896 0.176069 0.0119852 -0.0153166 0.176069 -0.0185367 0.00588282 0.176114 -0.015425 -0.00137565 0.175347 -0.0154115 -0.0116444 0.17609 0.0113736 -0.0113477 0.175483 0.0164966 -0.0104293 0.176092 0.00532494 -0.0187938 0.176081 -0.00293986 -0.0181342 0.175919 -0.0125116 -0.00914689 0.17532 -0.0190836 0.005861 0.175349 -0.0198645 0.000405816 0.175349 -0.0184582 -0.00720363 0.175349 -0.0141172 -0.0141152 0.175349 -0.00751144 -0.018217 0.175349 0.000904751 -0.0198888 0.175349 0.00881539 -0.0178202 0.175349 0.0141565 -0.0140169 0.175349 0.0178435 -0.00885986 0.175349 0.00896213 0.017669 0.175349 0.0165199 0.0110344 0.175349 0.0197075 -0.00176884 0.175349 0.0124184 0.00536006 0.173439 0.0191097 0.00565059 0.175349 -0.0121724 0.00668026 0.173563 0.00324949 0.0129343 0.173344 0.0127462 0.0121205 0.170084 -0.0116631 0.00705107 0.17317 -0.00839102 0.0108661 0.173434 0.0081933 0.0108495 0.173393 0.0162936 0.00868549 0.169268 0.000622642 0.0153437 0.171847 -0.00409756 0.0127402 0.173345 -0.0156621 -0.0115026 0.166572 -0.0149691 -0.0118427 0.16848 -0.0180149 0.008689 0.167805 -0.0131265 0.0123588 0.169747 -0.012076 0.0130695 0.164657 -0.00220749 0.0189849 0.168825 0.00304198 0.0192372 0.168089 -0.00957432 -0.0168527 0.168486 -0.0113835 -0.0158914 0.16654 -0.0170353 -0.00305206 0.170242 -0.0186722 0.00409221 0.168507 -0.0111517 0.0166681 0.168056 -0.00652138 0.0188557 0.166201 -0.00564153 0.00765725 0.150541 -0.00827924 -0.00534326 0.153675 -0.0100812 0.00083735 0.158462 -0.00142335 0.0100214 0.158078 0.00184056 0.00984298 0.157382 -0.00152922 0.00975537 0.153321 -0.00107321 0.00890584 0.151084 -0.00749027 -0.00526018 0.150974 -0.00962957 -1.38377e-05 0.152797 -0.00763117 -0.000867111 0.150412 -0.00867947 0.00445805 0.153344 0.00259581 0.0068005 0.150233 -0.00331065 -4.33528e-05 0.1502 0.00121006 0.00324519 0.1502 -0.00179254 -0.00289894 0.1502 0.00225017 -0.00221845 0.1502 0.00310007 0.00124921 0.1502 -0.000952439 0.00326585 0.150214 0.00216987 -0.00221596 0.154523 -0.00187764 -0.00286904 0.154512 -0.00298415 0.00082121 0.154524 -2.25155e-05 0.00380755 0.154713 0.00502173 0.00240274 0.155471 0.00187053 0.00534906 0.155961 -0.0045966 0.00375125 0.155362 -0.0022629 0.00237534 0.156383 -0.000950896 -0.00206052 0.1564 0.00193085 0.000101376 0.1564 0.00335208 0.000309543 0.159112 0.00269152 0.00236386 0.159206 -0.000324879 0.00240699 0.158535 -0.00396632 -0.00449197 0.160535 0.0011313 -0.00210222 0.15848 -0.00198733 0.0012678 0.158483 0.00420151 -0.00139481 0.159783 -0.00125811 -0.00206732 0.158486 -0.00291002 -0.00139233 0.159006 -0.00275098 -0.000280165 0.158865 0.0148857 -0.000338341 0.169814 0.0130309 -0.00118962 0.164204 0.0154534 0.00212529 0.165542 0.0053741 0.0170009 0.167351 0.0017381 0.0153442 0.165442 -0.00901125 0.0127273 0.165542 -0.0118893 0.00970437 0.165392 0.0103648 0.0140645 0.166496 0.0146654 0.00994787 0.167194 0.0173102 0.0039136 0.167231 -0.0114889 0.0134787 0.167615 0.000612289 0.0178003 0.167383 -0.00420552 0.0175844 0.166745 0.0101877 0.0144715 0.167269 0.0113768 0.0102968 0.170171 -0.0146464 0.0102015 0.167435 -0.00336826 0.0151837 0.169455 0.0176241 -0.00221837 0.167096 0.0158248 -0.00868855 0.167325 -0.00726491 0.0131019 0.169933 0.00347589 0.0148435 0.169694 -0.00998724 0.00931399 0.170888 0.00106632 0.0115461 0.171915 -0.0114891 0.00211513 0.172866 0.00208414 -0.0113769 0.171924 -0.0107698 -0.0048813 0.1724 -0.000927155 0.00544473 0.160326 0.00423591 0.0091925 0.16268 -0.00860753 -0.0106736 0.173426 -0.0158481 0.0119678 0.175349 -0.00520021 0.0192405 0.175349 -0.0102636 0.0170631 0.175349 0.000672944 0.0198573 0.175349 -0.00263362 -0.0135592 0.173326 0.00779954 -0.0113331 0.173389 0.0136926 -2.27383e-05 0.173296 0.0117789 -0.00668283 0.173426 0.0150465 -0.0133607 0.167488 0.0143412 0.0135208 0.167499 0.0145726 0.0123042 0.165701 0.0173304 0.00402402 0.169822 0.0178133 0.00792986 0.16683 0.016105 0.00501666 0.163862 0.019467 0.0003513 0.168154 0.019461 0.000245059 0.166582 0.00838464 0.0183756 0.167435 0.0181488 -0.00672353 0.168205 0.00613138 -0.00778533 0.153595 -0.0041077 -0.01751 0.164724 0.00442383 -0.0137419 0.161406 0.00659159 -0.00780955 0.158442 0.00411919 -0.0094019 0.15677 0.0080229 0.00596782 0.156755 0.00920358 -0.00434434 0.158171 0.00589225 0.00690766 0.151122 0.00411102 0.00880599 0.153374 0.00972549 -0.0011788 0.151955 0.00812387 0.00303002 0.150916 0.00753818 -0.00176234 0.150417 -0.00259077 -0.00986433 0.158468 0.00812921 -0.00498316 0.151572 -0.0006154 -0.0094976 0.151519 -0.0049583 -0.00836411 0.151774 0.00417779 -0.00752868 0.15068 -0.00140925 -0.00751197 0.150391 0.00999091 -0.000959961 0.15672 0.0101663 0.00214991 0.158614 0.00874219 -0.017264 0.166332 0.00803045 -0.0175633 0.168443 0.00290223 -0.0194362 0.167537 0.000514412 -0.0194727 0.16635 -0.00607598 -0.0185462 0.166897 0.0177051 -0.00784887 0.166161 0.011434 -0.0125747 0.163855 -0.0029078 -0.0190897 0.168454 0.00877303 -0.00873623 0.163853 0.00830068 -0.011057 0.164588 0.0130551 -0.00562131 0.164886 -0.0145434 0.00790971 0.166041 -0.0126683 0.00386712 0.164295 -0.00479806 0.00106681 0.160001 -0.01736 0.00219318 0.166496 -0.00574931 -0.0104935 0.163634 -0.0115193 -0.0132302 0.166529 -0.0129507 -0.0037768 0.164431 -0.0121692 -0.00813746 0.165051 -0.00483136 -0.0141292 0.165166 0.00800966 -0.015541 0.166496 0.0111852 0.00332564 0.172494 -0.00953922 0.00685218 0.173041 -0.0147219 0.00393939 0.169575 -0.00503833 -0.0108006 0.171955 -0.0111692 0.00310398 0.171916 -0.0154763 -0.0023003 0.169419 0.00788165 -0.0142594 0.168897 0.00133032 -0.0158366 0.169217 -0.00611972 -0.0130044 0.170769 -0.0172445 0.0041422 0.167164 -0.0158196 -0.00885185 0.167468 0.0133322 -0.0120082 0.167434 0.00490091 -0.0170338 0.1672 -0.00203592 -0.0175897 0.167245 -0.0135174 -0.0116365 0.167186 -0.00921828 -0.0151822 0.167212 -0.0176298 -0.000922773 0.166689 0.00454468 -0.00412024 0.1554 0.00417733 -0.00203781 0.15637 -0.00601953 -0.000245681 0.155501 -0.00346179 -0.00480761 0.156116 9.16402e-05 -0.00603625 0.155737 -0.00110922 -0.00503991 0.15475 0.00250044 0.002078 0.154521 -0.0135307 0.0013877 0.173422 -0.012434 -0.00589225 0.173448 0.00462581 -0.0150679 0.171462 0.0077093 0.0178424 0.176067 -0.000183074 0.0194748 0.176065 -0.00954292 0.0167477 0.176087 -0.0163228 0.0106943 0.176078 0.0192385 -0.000879635 0.176079 -0.00643456 0.00989389 0.172945 0.0116715 -0.00135339 0.173082 0.00885314 -0.00754219 0.173597 -0.00538358 0.00335082 0.163551 -0.00765229 0.00448638 0.163141 -3.88598e-05 -0.00587347 0.162856 0.00689495 0.00209353 0.163063 0.00136849 0.00682863 0.162472 -0.00658098 -0.00195725 0.163428 0.00661929 -0.00237586 0.163766 -0.000569963 -0.0045546 0.159855 0.036 0.036 0.0931834 0.0377339 0.0381861 0.095596 0.0405171 0.0351828 0.0934 0.031758 0.0348996 0.0937475 0.0334205 0.0355022 0.0957491 0.0334735 0.0400711 0.0938577 0.0382796 0.0403621 0.0938208 0.0359537 0.0332635 0.095522 0.0387241 0.0322845 0.094462 0.0393612 0.035897 0.0951539 0.0356477 0.0311979 0.093902 0.0351827 0.0391444 0.095309 0.0390626 0.0361022 0.0933089 0.0331168 0.0354446 0.0931821 0.0370817 0.0385529 0.0931792 0.0342303 0.0381896 0.0931592 0.0336568 0.0341445 0.09315 0.0342201 0.0336241 0.0840135 0.0332456 0.0350261 0.0840135 0.0334835 0.037484 0.0840135 0.0354547 0.0388922 0.0840135 0.037484 0.0385165 0.0840135 0.0387022 0.035458 0.0840135 0.0366323 0.0330235 0.0833918 0.0350175 0.0332491 0.0931681 0.0375673 0.033585 0.0931681 -0.00285773 -0.00377445 0.14923 -0.00411425 0.00343982 0.148877 0.000144452 -0.00104917 0.152894 -0.0055967 -0.00315846 0.149156 -0.00536716 -0.00369641 0.1502 -0.00231554 0.00258143 0.150219 -0.00231306 0.0059422 0.1502 0.00549963 0.00269157 0.1502 0.00243709 -0.00576633 0.1502 0.00232003 -0.00213011 0.1502 -0.00169585 -0.00325935 0.1503 -0.00317667 0.000168949 0.151937 -0.00313887 -0.00141606 0.1547 -0.00133567 0.00295691 0.154575 -0.000287882 0.0057545 0.155 -0.00474127 0.00353614 0.15505 -0.000639367 -0.00578447 0.155 -0.00422577 -0.00390593 0.1559 -0.00576564 -0.00110548 0.15505 -0.00154159 0.0047071 0.1565 -0.00523451 0.0003063 0.1565 0.00154159 -0.0047071 0.1565 -0.00124068 -0.000950932 0.156301 0.00111521 0.000940963 0.156105 0.0047071 0.00154159 0.1565 0.00273507 -0.000928836 0.1489 0.00237792 0.00198327 0.1489 -0.000118905 0.00294534 0.1489 0.00133288 -0.00277146 0.1455 0.0028819 -0.00104858 0.142075 0.00296175 0.00198808 0.141975 0.0010267 0.00288819 0.142075 -0.00334058 0.00296175 0.1422 -0.000570708 0.00437387 0.1422 0.00366483 -0.00138579 0.1419 -0.000257253 -0.00457521 0.1425 -0.00378893 -0.00197231 0.1422 -0.00454354 0.000835736 0.145425 -0.00325072 -0.00268056 0.147185 -0.00196467 0.00409801 0.147341 0.000956739 -0.00442571 0.146668 0.00292863 0.00312281 0.148458 0.00250577 -0.00476389 0.148712 -0.0024327 -0.00609565 0.148937 -0.00631824 0.00204541 0.1496 -0.00117954 0.000286116 0.151972 0.000694943 0.000118974 0.150514 0.0054213 0.00312157 0.149131 0.00574219 -0.00286299 0.1491 0.00417688 -0.00063913 0.147948 0.00470567 0.000108157 0.14445 0.000926016 0.00455858 0.146713 0.00166972 0.00453526 0.1425 0.00397892 0.00252257 0.143475 0.00358794 -0.00319975 0.1425 -0.000207719 -0.00355174 0.141988 -0.00285455 -0.000958658 0.14205 -0.00199527 0.00223865 0.142075 -0.00281757 0.000329921 0.1489 -0.00141762 -0.00269967 0.1489 0.00298142 0.00517921 0.1553 0.00576564 0.00110548 0.15505 0.00474127 -0.00353614 0.15505 0.0028786 0.00191446 0.153575 0.00322971 -0.00137525 0.152987 0.00169585 0.00325935 0.1503 0.000430713 -0.00354749 0.153525 0.000694355 0.00641151 0.149103 -0.036 -0.036 0.0931834 -0.0374608 -0.0375173 0.095275 -0.0386215 -0.0361651 0.0948 -0.037418 -0.0332404 0.0953082 -0.0335979 -0.033783 0.0954276 -0.0341149 -0.0368877 0.0957495 -0.0349946 -0.0319107 0.0936319 -0.039412 -0.0386956 0.0939817 -0.0392426 -0.0359531 0.0963157 -0.0402081 -0.0344326 0.0945441 -0.033548 -0.03918 0.0948892 -0.0370653 -0.0390641 0.0960291 -0.0370639 -0.0333596 0.0931737 -0.0388538 -0.035706 0.0931596 -0.0355152 -0.0387792 0.0840135 -0.0384165 -0.0374018 0.083614 -0.0376871 -0.0338883 0.0840135 -0.0339711 -0.0340157 0.0840135 -0.0331814 -0.0366525 0.0840135 -0.0344794 -0.0381186 0.0932645 -0.0331897 -0.0357537 0.0931757 -0.0344836 -0.0335401 0.0931612 -0.0374913 -0.0383276 0.0931556 -0.0352443 0.0378514 0.0948 -0.035416 0.0350572 0.0939917 -0.0387505 0.0363623 0.095292 -0.032352 0.0335263 0.0940594 -0.0365346 0.0327477 0.0954977 -0.0378576 0.0315948 0.0933999 -0.0352054 0.0401153 0.0934 -0.0330052 0.0371878 0.0959013 -0.0358662 0.0394189 0.095651 -0.0403826 0.037748 0.094087 -0.0398367 0.0336461 0.0947584 -0.0375358 0.0331713 0.0933421 -0.0374703 0.0385485 0.09315 -0.0387435 0.0359055 0.093171 -0.0363504 0.0332663 0.0840135 -0.038912 0.0355584 0.083238 -0.0380308 0.0381654 0.0840135 -0.0360959 0.0389199 0.0840135 -0.0334432 0.0371867 0.0840135 -0.0337016 0.0341966 0.0840135 -0.0343868 0.0338077 0.0931664 -0.0331497 0.0368101 0.0931883 -0.035006 0.0386405 0.093182 0.035682 -0.0386866 0.0952551 0.0370224 -0.0341363 0.0948 0.0390692 -0.0374681 0.0953433 0.0348314 -0.0359057 0.0939917 0.0386153 -0.0341676 0.0959919 0.0362061 -0.0408371 0.0934 0.0334561 -0.0359967 0.0961451 0.0321862 -0.0347402 0.0934 0.0391444 -0.0324363 0.0933999 0.0318646 -0.0344585 0.0947447 0.0340114 -0.0402657 0.094527 0.0358606 -0.0320225 0.0953346 0.038629 -0.0367972 0.0932889 0.0361963 -0.0330179 0.0834596 0.0333818 -0.0351407 0.0931729 0.0382529 -0.0343703 0.0931645 0.0354349 -0.0331421 0.0931711 0.0332653 -0.0370431 0.0840135 0.033518 -0.034624 0.0840135 0.0384949 -0.0349602 0.0840135 0.037429 -0.0384296 0.0840135 0.0346153 -0.0386259 0.0840135 0.0341822 -0.0382571 0.0931656 0.0370072 -0.0386608 0.0931685 -1.13941e-19 -0.0045 0.09875 -1.14191e-19 -0.00450988 0.0986371 -1.14933e-19 -0.0045392 0.0985277 -1.16146e-19 -0.00458708 0.098425 -1.17791e-19 -0.00465207 0.0983322 -1.1982e-19 -0.00473219 0.0982521 -1.2217e-19 -0.004825 0.0981871 -1.2477e-19 -0.00492769 0.0981392 -1.27541e-19 -0.00503713 0.0981099 -1.30399e-19 -0.00515 0.0981 -1.33257e-19 -0.00526287 0.0981099 -1.36028e-19 -0.00537231 0.0981392 -1.38628e-19 -0.005475 0.0981871 -1.40978e-19 -0.00556781 0.0982521 -1.43006e-19 -0.00564793 0.0983322 -1.44652e-19 -0.00571292 0.098425 -1.45864e-19 -0.0057608 0.0985277 -1.46607e-19 -0.00579013 0.0986371 -1.46857e-19 -0.0058 0.09875 7.10295e-19 0.0058 0.09875 7.09086e-19 0.00579013 0.0986371 7.05495e-19 0.0057608 0.0985277 6.9963e-19 0.00571292 0.098425 6.91672e-19 0.00564793 0.0983322 6.8186e-19 0.00556781 0.0982521 6.70494e-19 0.005475 0.0981871 6.57919e-19 0.00537231 0.0981392 6.44516e-19 0.00526287 0.0981099 6.30693e-19 0.00515 0.0981 6.1687e-19 0.00503713 0.0981099 6.03468e-19 0.00492769 0.0981392 5.90892e-19 0.004825 0.0981871 5.79526e-19 0.00473219 0.0982521 5.69714e-19 0.00465207 0.0983322 5.61756e-19 0.00458708 0.098425 5.55892e-19 0.0045392 0.0985277 5.523e-19 0.00450988 0.0986371 5.51091e-19 0.0045 0.09875 -4.3715e-19 0.0045 0.09875 -4.3811e-19 0.00450988 0.0986371 -4.40958e-19 0.0045392 0.0985277 -4.4561e-19 0.00458708 0.098425 -4.51923e-19 0.00465207 0.0983322 -4.59706e-19 0.00473219 0.0982521 -4.68722e-19 0.004825 0.0981871 -4.78698e-19 0.00492769 0.0981392 -4.89329e-19 0.00503713 0.0981099 -5.00294e-19 0.00515 0.0981 -5.11259e-19 0.00526287 0.0981099 -5.21891e-19 0.00537231 0.0981392 -5.31866e-19 0.005475 0.0981871 -5.40882e-19 0.00556781 0.0982521 -5.48665e-19 0.00564793 0.0983322 -5.54978e-19 0.00571292 0.098425 -5.5963e-19 0.0057608 0.0985277 -5.62479e-19 0.00579013 0.0986371 -5.63438e-19 0.0058 0.09875 0 -0.0058 0.09875 0 -0.00579013 0.0986371 0 -0.0057608 0.0985277 0 -0.00571292 0.098425 0 -0.00564793 0.0983322 0 -0.00556781 0.0982521 0 -0.005475 0.0981871 0 -0.00537231 0.0981392 0 -0.00526287 0.0981099 0 -0.00515 0.0981 0 -0.00503713 0.0981099 0 -0.00492769 0.0981392 0 -0.004825 0.0981871 0 -0.00473219 0.0982521 0 -0.00465207 0.0983322 0 -0.00458708 0.098425 0 -0.0045392 0.0985277 0 -0.00450988 0.0986371 0 -0.0045 0.09875 -5.62479e-19 0.00579013 0.0988629 -5.5963e-19 0.0057608 0.0989723 -5.54978e-19 0.00571292 0.099075 -5.48665e-19 0.00564793 0.0991678 -5.40882e-19 0.00556781 0.0992479 -5.31866e-19 0.005475 0.0993129 -5.21891e-19 0.00537231 0.0993608 -5.11259e-19 0.00526287 0.0993901 -5.00294e-19 0.00515 0.0994 -4.89329e-19 0.00503713 0.0993901 -4.78698e-19 0.00492769 0.0993608 -4.68722e-19 0.004825 0.0993129 -4.59706e-19 0.00473219 0.0992479 -4.51923e-19 0.00465207 0.0991678 -4.4561e-19 0.00458708 0.099075 -4.40958e-19 0.0045392 0.0989723 -4.3811e-19 0.00450988 0.0988629 0.00146907 -0.00490556 0.098789 0 -0.00450988 0.0988629 0 -0.0045392 0.0989723 0 -0.00458708 0.099075 0 -0.00465207 0.0991678 0 -0.00473219 0.0992479 0 -0.004825 0.0993129 0 -0.00492769 0.0993608 0.00144587 0.00482111 0.0987063 0 -0.00503713 0.0993901 0 -0.00515 0.0994 0 -0.00526287 0.0993901 0 -0.00537231 0.0993608 0 -0.005475 0.0993129 0 -0.00556781 0.0992479 0 -0.00564793 0.0991678 0 -0.00571292 0.099075 0 -0.0057608 0.0989723 0 -0.00579013 0.0988629 -1.46607e-19 -0.00579013 0.0988629 -1.45864e-19 -0.0057608 0.0989723 -1.44652e-19 -0.00571292 0.099075 -1.43006e-19 -0.00564793 0.0991678 -1.40978e-19 -0.00556781 0.0992479 -1.38628e-19 -0.005475 0.0993129 -1.36028e-19 -0.00537231 0.0993608 -1.33257e-19 -0.00526287 0.0993901 -1.30399e-19 -0.00515 0.0994 -1.27541e-19 -0.00503713 0.0993901 -1.2477e-19 -0.00492769 0.0993608 -1.2217e-19 -0.004825 0.0993129 -1.1982e-19 -0.00473219 0.0992479 -1.17791e-19 -0.00465207 0.0991678 -1.16146e-19 -0.00458708 0.099075 -1.14933e-19 -0.0045392 0.0989723 -1.14191e-19 -0.00450988 0.0988629 5.523e-19 0.00450988 0.0988629 5.55892e-19 0.0045392 0.0989723 5.61756e-19 0.00458708 0.099075 5.69714e-19 0.00465207 0.0991678 5.79526e-19 0.00473219 0.0992479 5.90892e-19 0.004825 0.0993129 6.03468e-19 0.00492769 0.0993608 -0.00144587 -0.00482111 0.0987063 6.1687e-19 0.00503713 0.0993901 6.30693e-19 0.00515 0.0994 6.44516e-19 0.00526287 0.0993901 6.57919e-19 0.00537231 0.0993608 6.70494e-19 0.005475 0.0993129 6.8186e-19 0.00556781 0.0992479 6.91672e-19 0.00564793 0.0991678 6.9963e-19 0.00571292 0.099075 7.05495e-19 0.0057608 0.0989723 -0.00146907 0.00490556 0.098789 7.09086e-19 0.00579013 0.0988629 -0.00581084 0.0126248 0.089123 -0.00599842 -0.0300002 0.0894203 -0.00599842 0.0203748 0.0894203 -0.00689123 0.000999826 0.0894983 -0.00686124 -0.0300002 0.0882416 -0.00645458 0.00874983 0.088167 -0.00619219 -0.0314675 0.0884783 -0.0192998 -0.034845 0.0886048 -0.00728915 -0.0318735 0.0883238 -0.0193716 -0.0333986 0.0882149 -0.0234925 -0.0254285 0.0887099 -0.0313716 -0.0144591 0.0892855 -0.0285904 -0.0180257 0.0896157 -0.0372073 -0.0023032 0.0895027 -0.0190961 -0.0332387 0.089382 -0.0369763 -0.00216908 0.0890633 -0.0291634 -0.0183584 0.0886843 -0.0331858 -0.0103311 0.0882022 -0.0374781 -0.00173382 0.08831 -0.0287369 0.0201104 0.0896107 -0.037405 0.00441767 0.0896217 -0.0193265 0.0353721 0.0895856 -0.0370805 0.00422924 0.0893366 -0.0279707 0.0196655 0.0890129 -0.0193351 0.0353771 0.0882376 -0.019818 0.0356575 0.0882144 -0.0291459 0.0203479 0.0890676 -0.00583168 0.0319998 0.0886321 -0.00590235 0.0331025 0.0889015 -0.00610538 0.00874983 0.0882808 -0.00689614 0.0351558 0.0884793 -0.0071855 0.0339346 0.0883516 -0.0184694 0.0358876 0.0887836 -0.00724437 -0.0145002 0.0889516 -0.00632533 -0.00675017 0.0896217 -0.00697739 0.0116561 0.0883459 -0.00583762 -0.0125627 0.088666 -0.0370629 0.00421906 0.0884483 -0.0374912 0.0044677 0.0881893 -0.0379428 0.00472996 0.088288 -0.0290653 0.0203011 0.0884216 -0.0380788 0.00121766 0.0889985 -0.0384551 0.00370434 0.0890901 -0.0188286 0.0370703 0.089161 -0.00740639 0.0329817 0.089099 -0.0144251 0.0388634 0.0889535 -0.00831999 0.036455 0.0891215 -0.0065611 0.0330029 0.0894901 -0.0382852 -0.00156062 0.0895061 -0.0385682 -0.00177468 0.0886005 -0.0183124 -0.0343706 0.0885469 -0.00920163 -0.0350716 0.0888436 -0.00699355 -0.0313743 0.0894735 -0.0132198 -0.0367143 0.0890705 -0.00596764 -0.0309357 0.0890475 -0.0184614 -0.0349626 0.0895621 0.0129339 -0.032492 0.098375 0.0111254 -0.0302814 0.09635 0.0105683 -0.0321384 0.098375 0.00884053 -0.0282177 0.0932445 0.0129425 -0.0269258 0.0924063 0.0156245 -0.0291166 0.0919032 0.00782553 -0.0259303 0.0996077 0.0148876 -0.0246228 0.0991981 0.0117725 -0.0247254 0.0984 0.01848 -0.029844 0.0984 0.0183845 -0.0353842 0.0990616 0.018473 -0.0289444 0.0996077 0.0180232 -0.0319523 0.1009 0.0122438 -0.0245457 0.1009 0.0163242 -0.0325318 0.0919032 0.0122262 -0.0354469 0.0914 0.00909561 -0.0304896 0.0914 0.016432 -0.033504 0.0957589 0.0143049 -0.0278326 0.0964183 0.0112973 -0.0272917 0.0962037 0.0163589 -0.0304616 0.0960947 0.0160305 -0.0322211 0.0971032 0.0135998 -0.0286479 0.0984 0.00593679 -0.0346269 0.0984 0.0108656 -0.0385204 0.0984 0.0153314 -0.0360941 0.0984 0.00954047 -0.0376445 0.1009 0.0126447 -0.0300011 0.100895 0.00581128 -0.0288924 0.1009 0.00834973 -0.0293181 0.0980354 0.00524175 -0.0288153 0.0984577 0.00458541 -0.0306578 0.0998808 0.00486795 -0.0335985 0.0996077 0.00897266 -0.0380318 0.0997443 0.0138046 -0.0387021 0.0996077 0.0163482 -0.0375285 0.100154 0.014785 -0.0343575 0.0970698 0.00995244 -0.035224 0.0964257 0.0074831 -0.0320255 0.0983679 0.0130904 -0.0359601 0.0949208 0.0157623 -0.0345828 0.0957589 0.0161325 -0.0340654 0.0957589 0.0161325 -0.0340654 0.0957589 0.0155521 -0.0347167 0.0924063 0.00949514 -0.0353632 0.0924063 0.0076868 -0.0331842 0.0944086 -0.0105255 -0.0312925 0.098375 -0.0124142 -0.0330092 0.098375 -0.0128746 -0.0302814 0.09635 -0.0118695 -0.0305793 0.10065 -0.0134512 -0.0317849 0.1004 -0.0150213 -0.0283624 0.0919032 -0.00956248 -0.0284292 0.0914 -0.0185729 -0.027438 0.0986449 -0.00772837 -0.0254457 0.0996077 -0.00489965 -0.0307403 0.0994029 -0.00684744 -0.0295746 0.0984 -0.00565026 -0.0305451 0.1009 -0.0119878 -0.0241392 0.0993347 -0.0137245 -0.0249676 0.1009 -0.0147225 -0.0356493 0.0914616 -0.016432 -0.029496 0.0957589 -0.0161325 -0.0289346 0.0957589 -0.0157623 -0.0284172 0.0957589 -0.0110043 -0.0264781 0.094676 -0.0161325 -0.0289346 0.0957589 -0.0132247 -0.0376107 0.0984 -0.0120063 -0.0316753 0.0984 -0.0100151 -0.0381531 0.1009 -0.0191156 -0.0313196 0.1009 -0.0165659 -0.0368929 0.1009 -0.014492 -0.0283507 0.0970861 -0.00791614 -0.0284748 0.0968971 -0.0177319 -0.0358679 0.0998125 -0.0128373 -0.0388766 0.0996077 -0.00888211 -0.0382068 0.0997443 -0.00580763 -0.0355349 0.0996077 -0.00834173 -0.0338277 0.0965378 -0.0130343 -0.0351586 0.0970967 -0.0159262 -0.0316076 0.0970968 -0.0077052 -0.0330988 0.0924063 -0.0107039 -0.0364907 0.0914452 -0.0164653 -0.0328132 0.0945017 -0.0299725 2.8809e-05 0.098375 -0.0320885 -0.00131561 0.098375 -0.0326901 0.000847495 0.098375 -0.0317399 0.000970501 0.10065 -0.03834 0.00281738 0.0996077 -0.0358758 0.00597943 0.0996077 -0.0307847 0.00743902 0.0984765 -0.0262821 0.00438711 0.0984289 -0.0248791 -0.00338124 0.0996077 -0.0250112 0.00234599 0.1009 -0.0249541 0.00250307 0.0998125 -0.0284195 0.00681405 0.100154 -0.0336052 0.0062209 0.1009 -0.0355458 -0.000565248 0.0914 -0.0309093 -0.0035948 0.0914 -0.0340588 0.00386512 0.0914783 -0.0300907 0.00405578 0.0925738 -0.026746 0.000535257 0.0914481 -0.0278506 0.00189854 0.0964151 -0.0370323 -0.000200221 0.0984 -0.0354215 -0.00607314 0.1009 -0.0384489 -0.000312401 0.1009 -0.0274031 -0.00512512 0.1009 -0.0315069 0.00409763 0.0963153 -0.0314645 -0.00391146 0.0975547 -0.0286964 -0.00249751 0.0983978 -0.0385686 -0.00179676 0.0998808 -0.0340963 -0.0066148 0.0993347 -0.0276126 -0.00623449 0.0998808 -0.035177 0.00223112 0.097722 -0.0358156 -0.000905001 0.0964132 -0.0341366 -0.00343705 0.0964178 -0.0279941 -0.00309358 0.0932445 -0.0311446 -0.00477188 0.0940826 -0.0349951 -0.00306914 0.0924063 -0.0361845 0.00100966 0.0924063 -0.0122136 0.0303744 0.09635 -0.0129309 0.0326762 0.09635 -0.010545 0.0322908 0.100899 -0.0125409 0.0305807 0.1004 -0.0163359 0.0333481 0.0940826 -0.0144338 0.0355795 0.0940826 -0.0126946 0.0347398 0.0914 -0.00770229 0.0322978 0.0919032 -0.0175663 0.036145 0.0996077 -0.0151274 0.0365815 0.0984 -0.00522131 0.0343719 0.0998808 -0.00620653 0.0349567 0.1009 -0.00898022 0.0381218 0.0996077 -0.0136691 0.0386493 0.100859 -0.0108949 0.0281099 0.0914 -0.0162796 0.0307691 0.0919032 -0.0113036 0.0361005 0.0941378 -0.0152465 0.0339456 0.0975297 -0.0117515 0.0322684 0.0984 -0.0122723 0.0269088 0.0983187 -0.00605338 0.0302897 0.0984 -0.0129693 0.0249002 0.1009 -0.0188957 0.0327062 0.10085 -0.0063104 0.0271197 0.1009 -0.00837636 0.0348902 0.0970845 -0.00803777 0.0302035 0.0966563 -0.0194673 0.0316907 0.0996077 -0.0190295 0.0293891 0.0984577 -0.0191373 0.0292964 0.1007 -0.0176464 0.0266894 0.0993347 -0.0109657 0.0245678 0.0994712 -0.00530687 0.0287151 0.0997443 -0.0160549 0.0316129 0.0971177 -0.0144919 0.0278794 0.0964345 -0.00939108 0.0278106 0.0932445 -0.0142511 0.0272989 0.0924063 -0.0163182 0.0294656 0.0940826 0.0327807 -0.000144461 0.098375 0.030933 0.00149745 0.100897 0.0305336 -0.000687139 0.0973625 0.0265545 9.3827e-05 0.0914646 0.0282126 0.00323005 0.0924063 0.032157 0.00419629 0.0919032 0.0352491 0.00245992 0.0919032 0.0255554 0.00379591 0.0984331 0.0325398 0.00740052 0.0996077 0.0352543 0.00459894 0.0984 0.0364662 0.0052928 0.0995395 0.0356242 0.00585568 0.1009 0.0295906 0.00718357 0.0990616 0.0275596 0.00532785 0.1009 0.0241412 0.000449785 0.0996077 0.0264841 -0.00407075 0.1009 0.0348687 -0.00285327 0.0914775 0.0276046 0.00179085 0.0963115 0.0308882 0.00463894 0.0957589 0.0362182 0.000505957 0.0940826 0.030933 0.00405288 0.0973312 0.0341585 0.00346072 0.096192 0.0348451 0.00216469 0.0979853 0.0312874 -0.00172832 0.0984 0.0343964 -0.00537962 0.0984 0.0262739 -0.00477688 0.0984 0.0367373 -0.00472564 0.1009 0.0386902 0.000749568 0.1009 0.0281867 -0.00285554 0.0960087 0.0249987 -0.00346864 0.0996077 0.0300096 -0.00696612 0.0997443 0.0351394 -0.00650204 0.0993347 0.0379829 -0.00346976 0.0997443 0.0388472 0.000917872 0.0993347 0.0346283 -0.00216459 0.0970858 0.0308071 -0.00437224 0.096644 0.0306208 -0.00451943 0.0924063 0.013157 0.032007 0.0973625 0.0119676 0.0307933 0.10065 0.010973 0.0303958 0.098375 0.0108505 0.0325589 0.098375 0.00723432 0.0316984 0.0940826 0.0104101 0.0362808 0.0915377 0.00637164 0.033875 0.0984 0.00612212 0.035342 0.0999491 0.0121652 0.0389549 0.0998808 0.015093 0.0378314 0.0984 0.0174591 0.0357694 0.0994712 0.018162 0.0351896 0.1009 0.012239 0.0383782 0.1009 0.00911694 0.0383642 0.0990616 0.00662416 0.0268142 0.0994712 0.00534621 0.032719 0.1009 0.00835041 0.0282518 0.0914364 0.0167258 0.0327761 0.0914118 0.00732466 0.0328415 0.0957589 0.00753976 0.0334403 0.0957589 0.00783118 0.0340059 0.0957589 0.0108445 0.0358225 0.0957589 0.00753976 0.0334403 0.0957589 0.00827961 0.0308114 0.0970849 0.0136101 0.0333638 0.0983973 0.0187924 0.0306914 0.0984 0.018995 0.0297515 0.1009 0.0124202 0.0247592 0.1009 0.00636397 0.0266636 0.1008 0.0151248 0.0252684 0.0995395 0.0190379 0.0294784 0.0996077 0.0149733 0.0285259 0.0969428 0.0157365 0.033461 0.096096 0.0145921 0.0276045 0.0924063 0.011401 0.0267471 0.0983184 -0.00829275 0.0224311 0.0156 0.00907609 0.0169 0.015084 0.00840885 0.0220322 0.0156 -0.0116429 0.0215849 0.0156 0.00941488 0.0170311 0.0156 -0.00925508 0.017775 0.0153545 0 0.0113659 0.0156 0.0086391 0.0125017 0.015024 0.00874681 0.0121369 0.0156 -0.00846912 0.0122129 0.0151979 -0.00856264 0.0119689 0.0156 0 0.0222 0.0146 -0.00890487 0.0192137 0.0146 0.00824586 0.0217226 0.0149353 0.00906125 0.0190669 0.0146 0 0.0116 0.0146 -0.00880899 0.0145571 0.0147156 0.00878075 0.012443 0.0146 0.00133058 0.0252777 0.0136 -0.011 0.0250777 0.0138 0.0117277 0.0249228 0.014 0.011 0.0101777 0.0137 -0.0118349 0.0106477 0.0138 -0.013488 0.0126865 0.013675 -0.00833884 0.0100777 0.0136 0 0.0220761 0.015084 -0.00189315 0.0117292 0.015084 0.011 0.0250777 0.0146 -0.011 0.0250777 0.0146 0.0136474 0.0182951 0.0146 0.0130921 0.0104992 0.013825 0.011 0.0102777 0.0146 -0.011 0.0102777 0.0146 -0.013467 0.0152717 0.0146 -0.0132372 0.0233531 0.014175 0.0177951 0.0119442 0.011725 0.000112833 0.00947002 0.0117375 0.0238754 0.0155632 0.0118 -0.0018 0.0073 0.0117 0.0274127 0.00720904 0.0116002 0.0202351 -0.0124169 0.0115963 0.011505 -0.00974299 0.0117 0.0268486 -0.00914945 0.0117 -5.92589e-05 -0.00940459 0.0116 -0.00196547 -0.00813845 0.01175 0.0125602 -0.0074 0.0116 0.0272287 -0.00745525 0.011775 0.0125602 -0.0072 0.0118 -0.0353 1.33902e-17 0.0156 -0.0355 1.35014e-17 0.0154 -0.0353179 -0.00359148 0.0154 -0.0351189 -0.00357124 0.0156 -0.0318789 -0.0157264 0.0155966 -0.0277355 -0.0214689 0.0156 0.00620735 -0.0346235 0.0156 0.0155939 -0.0317903 0.0142 0.0131161 -0.0328439 0.0155 0.0318633 -0.0158421 0.0155989 0.0349094 -0.00625744 0.0146 0.0346241 -0.00620396 0.0156 0.0355 -3.30385e-17 0.0154 0.0353 -3.28874e-17 0.0156 -0.0344205 -0.00893889 0.0136011 -0.0291163 -0.0205156 0.0136028 -0.0208675 -0.0290162 0.0136048 -0.0206876 -0.0289456 0.0155994 -0.00620735 -0.0346235 0.0136 -0.0133048 -0.0327119 0.0155974 -0.00452306 -0.0349401 0.015599 0 -0.0354544 0.0146 0.00350018 -0.0351029 0.0136005 0.0138316 -0.0322314 0.0136 0.00889817 -0.0343667 0.0146 0.0246206 -0.0255438 0.0136023 0.027292 -0.0229509 0.0155906 0.0331246 -0.01301 0.0136001 0.0351189 -0.00357124 0.0136 0.0353179 -0.00359148 0.0138 0.0353 -5.69649e-17 0.0136 0.0355 -5.73027e-17 0.0138 -0.0353179 -0.00359148 0.0138 -0.0355 3.81575e-17 0.0138 -0.0353 3.79575e-17 0.0136 0.0266296 0.00968612 0.0135992 0.0269204 -0.0072 0.0136 0.0214897 0.0181328 0.0136 0.0206238 0.0132163 0.0136 -0.00202956 -0.0080871 0.0136 -0.0018 0.0072 0.0136 -0.0019807 0.00799676 0.0136 0.0115935 0.00979813 0.0116032 3.31672e-05 0.00967651 0.0136 0.011063 -0.0098 0.0136 0.0207309 -0.0132579 0.0135997 -0.02345 2.17845e-17 0.0136 -0.02345 2.15396e-17 0.0156 -0.0234735 0.000269155 0.0136 -0.0234735 0.000269155 0.0156 -0.0249465 0.00128303 0.0136 -0.025625 0.000988893 0.0156 0.02355 -2.25213e-17 0.0136 0.02355 -2.27662e-17 0.0156 0.0235265 0.000269155 0.0156 0.0231607 0.00095798 0.0136 0.0223357 0.00125272 0.0156 0.0144053 0.0206872 0.0136937 0.014598 0.0183596 0.0156 0.0150575 0.01533 0.0136375 0.0206857 -0.0167284 0.0156 0.0177627 -0.0145828 0.0136 0.0150297 -0.016041 0.0136 0.0168434 -0.0148113 0.0156 -0.0160407 -0.0191268 0.0136 -0.01752 -0.0146501 0.0136 -0.0180934 -0.0153623 0.0156 -0.0203973 -0.0160248 0.0136 -0.014304 0.0179877 0.0136375 -0.0149142 0.0183509 0.0156 -0.017943 0.0206866 0.0136 -0.0206521 0.0183379 0.0136 -0.0210245 0.010493 0.0151563 -0.0206372 0.0095511 0.0136 -0.0225126 -0.00909185 0.0136001 -0.000899997 -0.0072 0.0136 -0.022772 -0.00514528 0.0136 0.0153129 -0.0196647 0.0136 0.0313602 -0.00647254 0.0136 0.0353 -3.69655e-17 0.0136 0.0348028 0.0070162 0.0136005 0.0255523 0.0242893 0.0136 0.0168693 0.031262 0.0136012 0.00884803 0.0341731 0.0136 -0.0119358 0.0248582 0.0136 -0.0303124 0.0178459 0.0136 -0.0255523 0.0242893 0.0136 -0.0342606 0.00799175 0.0136 -0.02345 2.14048e-17 0.0136 -0.0351189 0.00357124 0.0136 -0.0250851 -0.00105758 0.0136 -0.0222138 -0.0153114 0.0136 -0.0199508 -0.0195383 0.0136 0.0237256 -0.0163094 0.0135968 0.0186269 -0.0206857 0.0136 0.0206068 -0.0180722 0.0136 0.0270822 -0.00910151 0.0136155 -0.00017459 -0.00980398 0.0135989 0.0222638 0.0072 0.0136 -0.0188147 0.0148647 0.0136 -0.0221477 0.0074469 0.0136 -0.0204641 -0.00735727 0.0136034 0.0219508 -0.000173938 0.0136 0.0235265 -0.000269155 0.0136 0.0345774 0.00710584 0.0156 -0.035083 0.00446501 0.0155 -0.02345 2.11599e-17 0.0156 -0.0249407 -0.00111451 0.0156 -0.0353 3.33896e-17 0.0156 -0.0236806 0.00777089 0.0156 -0.0203115 0.0212476 0.0156 -0.0201666 0.0291896 0.0155969 0.00198742 0.0345127 0.0156 0.0209079 0.0168784 0.015588 0.0198388 0.00885079 0.0156 0.0223368 0.0274021 0.0155993 0.0351189 0.00357124 0.0156 0.02355 -2.31459e-17 0.0156 0.0217725 -0.000683285 0.0156 0.0188109 -0.0300986 0.0156 -0.0205827 -0.018705 0.0156 -0.0209609 -0.00696904 0.0155994 -0.0179567 0.00422855 0.0156 0.0181774 0.0204022 0.0156 0.0204451 -0.00915865 0.0156 0.017971 0.0152734 0.0156 0.0191732 -0.0202996 0.0156 -0.0142974 -0.0126888 0.0156 0.0147285 -0.018312 0.0156 -0.0161555 -0.0196134 0.0156 -0.0196403 0.0162993 0.0156 -0.0158509 0.0150043 0.0146 -0.0142974 0.0124496 0.0156 -0.0222151 -0.0116881 0.0156 -0.0355 2.49191e-17 0.0154 -0.0355 2.5115e-17 0.0138 0.0355 -3.28425e-17 0.0138 0.0353179 0.00359148 0.0138 0.0353179 0.00359148 0.0154 0.0315601 0.0154711 0.013675 0.0313596 0.0163783 0.0155955 0.0123293 0.0332902 0.0138 0.0123293 0.0332902 0.0154 0.00446749 0.0350916 0.0146 -0.00633638 0.0351375 0.0136023 -0.0152528 0.0321595 0.0136014 -0.0233723 0.0263039 0.0155987 -0.0280365 0.0217019 0.0146 -0.0331096 0.0127183 0.0155977 -0.0337416 0.0105865 0.0148 -0.0353179 0.00359148 0.0138 -0.0355 3.381e-17 0.0138 -0.0355 3.3614e-17 0.0154 -0.02395 -0.00908877 0.015125 -0.0237599 0.0092199 0.013606 -0.0200919 0.00751104 0.015275 0.02355 -2.29009e-17 0.0136 -0.0353 4.93108e-17 0.0136 -0.0355 4.95752e-17 0.0138 0.0355 -3.719e-17 0.0138 0.0353 -2.15341e-17 0.0156 0.0355 -2.16208e-17 0.0154 0.0268954 -0.0145688 0.00651567 0.0211488 -0.00728699 0.0063414 0.0199967 -0.00700574 0.00965431 0.0193601 -0.00021204 0.00610024 0.0217023 -0.00797332 0.0100394 0.0192199 0.00674586 0.01116 0.0262453 -0.00658784 0.0133671 0.0196992 0.00600244 0.0136 0.0213101 0.00755714 0.00693112 0.0293072 -0.00712489 0.0109714 0.0324863 -0.0069485 0.00610004 0.0321114 -0.00852067 0.00901573 0.029321 -0.0157419 0.0107833 0.0213411 0.00711971 0.0108066 0.0289312 0.0154145 0.00847373 0.0326861 0.00695009 0.0108003 0.0197542 0.0067568 0.0131209 0.021701 -0.00690252 0.0122879 0.0383727 -0.00155684 0.00632168 0.0386379 -0.00642175 0.00978139 0.0376104 0.00693853 0.0112206 0.0389713 0.00647148 0.00610002 0.0381 -0.00653073 0.0130692 0.0395718 -0.00130112 0.00891871 0.0197209 -0.00614336 0.0136 0.0383046 -0.000337919 0.0134184 0.0395637 0.0008086 0.0109949 0.0374046 -0.00691105 0.0127688 0.037727 0.00666637 0.0130579 0.0196502 -0.00629077 0.0135278 0.0329447 0.00619139 0.0135403 0.0304112 0.0118613 0.00637873 0.0256532 0.0127214 0.00648069 0.0234744 0.00878986 0.00611721 0.0217976 0.014465 0.0136193 0.0187897 0.00884245 0.0136 0.01881 -0.00966103 0.00600007 0.0189317 -0.00794827 0.0136 0.017378 -0.0231111 0.0024 0.0168131 -0.0229729 0.0107206 0.0117843 -0.0199133 0.0024 0.01225 -0.0163573 0.0031 0.0117286 -0.0158224 0.0024 0.0135147 -0.0140147 0.0031 0.0163865 -0.0124595 0.0108575 0.0204943 -0.0134694 0.0031 0.0227474 -0.0200318 0.00275 0.0206489 -0.0219211 0.0031 0.0168512 0.0125172 0.0031 0.0148028 0.0131128 0.0031 0.0146433 0.0126279 0.0024 0.0122073 0.0157272 0.00275 0.0121542 0.0187927 0.0031 0.0197339 0.0224683 0.010933 0.015379 0.0222807 0.002575 0.0220168 0.0204435 0.0031 0.0227499 0.0175717 0.0031 0.0215805 0.013946 0.002575 0.0198337 0.0130541 0.0031 0.0109 0.0284984 0.0024 0.0109 0.0104 0.0024 0.0102 0.0284984 0.0031 0.0107 0.0102 0.0026 0.0109 -0.0284984 0.0024 0.0108 -0.0103 0.0025 0.0102 -0.0284984 0.0031 0.0103 -0.0102 0.003 0.0103 0.0102 0.003 0.0115902 0.030051 0.0031 0.0130041 0.0303297 0.0031 0.0124347 -0.0304189 0.0031 0.0172114 0.028111 0.0031 0.0143635 0.0285128 0.0024 0.0171513 -0.0282284 0.00243663 0.0226891 0.0215611 0.0024 0.0215142 0.0249756 0.0031 0.0215142 -0.0249756 0.0031 0.0251692 0.0168223 0.00455 0.0240041 -0.0208522 0.0041875 0.0253003 -0.0152383 0.0031 0.0257422 0.0128016 0.002575 0.0273993 0.00784426 0.00275 0.0228842 -0.0165293 0.00238129 0.0270108 0.00431525 0.00487641 0.0269799 -0.00548355 0.0027721 0.0221037 0.00601846 0.0024 0.0197942 0.00329264 0.00256445 0.0244394 -0.00441887 0.00488119 0.0214379 -0.00573907 0.0024 0.0213264 -0.00371531 0.00392382 -0.0115 0.0104 0.0024 -0.0108863 0.0105338 0.00301369 -0.0108 0.0281518 0.0031 -0.0116166 0.0284945 0.0024 -0.0119444 0.0296263 0.0031 -0.0168867 0.0280964 0.00262183 -0.0201835 0.0249419 0.00575458 -0.0279618 0.0123206 0.0031 -0.0300178 0.0101524 0.00248351 -0.0298721 0.00637367 0.0031 -0.0274398 0.00595093 0.0031 -0.0252874 0.00507749 0.00240606 -0.0247 0.0034 0.0031 -0.0247198 -0.00362574 0.0031 -0.0299291 -0.00646987 0.0031 -0.0289792 -0.0118916 0.00245408 -0.0272 -0.0124777 0.0031 -0.0297823 -0.0103753 0.0031 -0.0260446 -0.00571447 0.00236371 -0.0159863 -0.0225735 0.0031 -0.0131208 -0.0211075 0.0024 -0.0144897 -0.0217667 0.0031 -0.0134107 -0.0205673 0.0031 -0.0126199 -0.0187988 0.0031 -0.0125388 -0.0162196 0.00275 -0.0165433 -0.0124901 0.00275 -0.0194523 -0.023573 0.00411559 -0.0194494 -0.0260379 0.00261227 -0.0158443 -0.0287735 0.00263551 -0.0115 -0.0281518 0.0024 -0.0108 -0.0281518 0.0031 -0.0121437 -0.0297165 0.0031 -0.0112915 -0.0103912 0.00260848 -0.0303133 0.0076396 0.0121 -0.0305784 -0.00872943 0.0121 -0.0305784 -0.00872943 0.0136 -0.0294578 0.00603775 0.0121 -0.0247642 0.00555277 0.0120999 -0.0247198 -0.00362574 0.0121 -0.0257002 -0.00517624 0.0121 -0.0290396 -0.00615686 0.0121 -0.0301765 -0.00754916 0.0121 -0.0302278 0.0103624 0.0135989 -0.0299263 -0.0106644 0.0116625 -0.00509528 0.0135871 0.00793903 -0.00474099 0.0188076 0.0105141 -0.00620368 0.0134697 0.0115477 0.0035 0.021525 0.01115 0.00503748 0.0189938 0.0106156 0.0107557 0.0237324 0.0115805 0 0.012375 0.01125 0.00435825 0.0134567 0.0115343 0.00392786 0.0218439 0.0115188 -0.00441036 0.0211701 0.0112906 -0.00402087 -0.0323301 0.0122 -0.0104684 -0.0297732 0.0122125 0.009543 -0.0314065 0.012137 -0.0134505 0.0300528 0.0124958 0.0113914 0.0302338 0.0122863 -0.0054048 0.032205 0.012375 0.00829966 0.0114003 0.00780034 0.0076 0.0112 0.0077 0.00363728 0.0134628 0.00790818 -0.0082 0.0112 0.0077 -0.00838801 0.0114148 0.0079 -0.00965863 0.0117976 0.00704137 0.0130258 0.0194184 0.0117938 0.00337381 0.0240189 0.01175 0.0105735 0.0118934 0.01165 0.011 0.0109777 0.01185 0.0124612 0.0117753 0.0122375 -0.011 0.0109777 0.01185 -0.0080125 0.0111777 0.01165 -0.0130255 0.0131997 0.0133813 -0.0128 0.0130641 0.011775 -0.00594704 0.0241711 0.01165 -0.0107427 0.0134386 0.00973651 0.0112124 0.0137252 0.00913494 0.0111167 0.0134856 0.0115875 -0.0103568 0.0224693 0.0114 -0.0108 0.0236349 0.0059 -0.00879898 0.0247017 0.00790001 -0.0108 0.0138 0.0059 0.00797746 0.0248223 0.00789999 0.0087431 0.0245054 0.00735643 0.0102 0.0236363 0.0059 0.0102 0.0138 0.0059 0.00902409 0.0118763 0.00597864 -0.0095819 -0.0316224 0.0135998 -0.0132708 -0.0301533 0.0135999 -0.0114889 -0.0294448 0.0112 -0.0108 -0.0281518 0.0112 -0.0098 -0.0281518 0.0122 -0.0098 -0.0138 0.0122 -0.0107983 -0.0126951 0.0111924 -0.0082 -0.0122 0.0122 -0.0082 -0.0112 0.0112 0.0076 -0.0122 0.0122 0.00853819 -0.0112017 0.0111958 0.0092 -0.0138 0.0122 0.0102 -0.0138001 0.0112 0.0102 -0.0284984 0.0112 0.00943034 -0.0293084 0.0122 0.0101872 -0.012599 0.00789384 0.0102 -0.0121118 0.00315 0.0083898 -0.0111936 0.00315032 -0.00899965 -0.0111974 0.00315073 -0.0108 -0.0125661 0.00333111 -0.0082 0.0112 0.00365 -0.00834674 0.010707 0.00315 -0.0108 0.012863 0.00341367 -0.0102436 0.0122542 0.00388672 -0.00867444 0.0112476 0.005675 0.0076 0.0107 0.00315 0.0076 0.0112 0.00365 0.00931663 0.0113868 0.00315 0.0102 0.0138 0.00365 0.0102 0.0121118 0.00315 0.00727728 0.0252001 0.0122999 0.00952577 0.0256903 0.00881829 0.0101942 0.0277346 0.0122992 -0.000301077 0.0252 0.0084 -0.0103667 0.0260733 0.00887816 -0.00922984 0.0256643 0.0084 -0.0110425 0.0101853 0.00314999 0.00483776 0.0205878 0.0079 0.00396384 0.0213167 0.00848125 -0.0035 0.021625 0.008 -0.0108417 0.016851 0.01165 -0.0124114 0.0237946 0.0136 -0.0129363 0.0199055 0.0136 -0.011 0.0109777 0.0136 0.011 0.0109777 0.0136 0.0128054 0.0164123 0.0133813 0.0134406 0.0222508 0.0136 0.0113504 0.0243155 0.0136 -0.00277269 0.0242923 0.0135975 -0.00965671 0.0252002 0.0123 -0.0107908 0.0281126 0.0123 -0.0117975 0.0296245 0.0123152 0.0102561 0.0288793 0.0123 0.0172708 0.00994356 0.0024 0.0185 0.0082 0.0026 0.0187 0.0082 0.0024 -0.0221554 0.00824497 0.00314966 -0.0232125 0.00594326 0.0024 -0.0208385 0.00989149 0.002875 -0.0218469 0.0124625 0.00243132 0.0185 -0.0082 0.0026 -0.0221765 -0.00814677 0.00314984 0.0173656 -0.0106485 0.0024 0.0168838 -0.010059 0.00265 -0.0209797 -0.00992802 0.0026375 -0.0231566 -0.00632423 0.0024 -0.0202746 0.0241112 0.0112 -0.0217716 0.0234764 0.0112 -0.0230055 0.0143793 0.0112 -0.0223564 0.0202524 0.0136 -0.0224844 -0.0180217 0.0136 -0.0225538 -0.0124848 0.0112018 -0.0207267 -0.0243457 0.0112 -0.0218151 -0.0234932 0.0136 -0.0202964 -0.0101858 0.00314997 -0.027684 0.0124641 0.0135721 -0.0256693 -0.0125857 0.013225 -0.0292506 -0.0114763 0.0136 0.0274256 -0.00900493 0.00355 0.0279999 0.00865266 0.0049 0.0162512 -0.00903692 0.003 0.0123535 -0.00734086 0.003 0.01247 -0.00625 0.0042 0.0120332 0 0.003 0.0171068 0 0.003 0.01667 0 0.0042 0.0123903 0.00649549 0.0039 0.01247 0.00625 0.0049 0.01667 -0.00625 0.0049 0.01667 0.00625 0.0049 0.01247 -0.00625 0.0049 0.0146371 -0.00752782 0.00433438 0.0177972 0.00904763 0.0029 0.0185 -0.0082 0.003 0.0198652 -0.000881033 0.00291445 -0.018026 -0.0271889 0.0136 -0.0199266 0.0256306 0.0136 0.0292784 0.00538337 0.006 0.0301238 0.00129284 0.0049 0.0285222 -0.00497676 0.0049 0.0290897 -0.00600745 0.006 0.0254304 -0.0159209 0.006 0.0207398 -0.000135363 0.0049 0.0215354 0.00378623 0.00441875 -0.0217104 -0.0106295 0.0136 -0.020999 -0.00818215 0.0099 -0.0213807 0.00834483 0.00818528 -0.0237128 0.0131356 0.0136 0.0236498 -0.0178052 0.0136 0.0232938 -0.0165812 0.006 0.0208462 -0.0126643 0.0136 0.0229948 -0.0227739 0.0136 0.0224203 0.0239267 0.0136 0.0238432 0.0215511 0.0049125 0.0242449 0.0183184 0.0136037 0.0238397 0.0175987 0.00599998 0.0188171 0.00960288 0.006 0.0191711 0.0267312 0.0136 0.0150217 0.0130541 0.0112 0.0122735 0.0156864 0.0109882 0.0124455 0.0203813 0.0109305 0.0163175 0.0226544 0.0112 0.0128065 -0.0207719 0.0110303 0.0120465 -0.0163879 0.011096 0.0142064 -0.0134343 0.0112 -0.0154327 0.0187928 0.0112 -0.0148438 0.0188523 0.0136 -0.0146012 0.0174085 0.0136 -0.0130127 0.0152952 0.011169 0.0224312 0.019648 0.0112 0.0224803 0.0160425 0.0112 0.0195161 0.0130852 0.0112 0.020446 0.0178271 0.0112 0.0175056 0.0148575 0.0112 0.0148146 0.0167028 0.0112 0.0168404 0.0200392 0.0112 0.0184577 0.0198479 0.0136 0.0168731 0.0150923 0.0136 0.0198337 -0.0130541 0.0112 0.0223012 -0.0155217 0.0112 0.0221253 -0.0210787 0.0112136 0.0182349 -0.0152296 0.0112 0.0197281 -0.0193603 0.0112 0.0153571 -0.0178418 0.0112 0.0202148 -0.0189714 0.0136 0.0165254 -0.0202837 0.0136 -0.0166435 -0.0124962 0.0112004 -0.014859 -0.0132606 0.0106732 -0.0128344 -0.0161819 0.0112 -0.0129875 -0.0196938 0.0112 -0.0147346 -0.0219012 0.0112 -0.0155644 -0.0167788 0.0112 -0.020101 -0.0186891 0.0112 -0.0163924 -0.020434 0.0112 -0.0184033 -0.0229693 0.0112 -0.0155159 -0.0189198 0.0136 -0.0188129 -0.0203085 0.0136 -0.00948509 0.0314653 0.0136 0.00356631 0.0326443 0.0135976 0.0130211 0.0303224 0.0136 -0.0194464 0.0197332 0.0112 -0.0199342 0.015836 0.0112 -0.0164937 0.0224478 0.0112 -0.0130443 0.0197208 0.0112 -0.0169046 0.0126237 0.0112 0.0124039 -0.0306609 0.0135999 0.00281146 -0.0326387 0.0135998 0.0196694 -0.0264136 0.0136 0.0147763 0.00787953 0.0040125 -0.0161796 0.0232687 0.0024 -0.0145957 0.0135183 0.002925 -0.0122802 0.0182767 0.0024 -0.0153339 0.0290645 0.0136 0.0140388 0.0103138 0.0136 0.0177893 -0.0153205 0.0136 0.014673 -0.0173885 0.0136 -0.0203835 -0.0168294 0.0136 -0.0169727 -0.0148851 0.0136 -0.0305784 0 0.0136 -0.0226175 0.0089099 0.0136 0.014648 0.0174126 0.0136 -0.0140388 0.0103138 0.0136 -0.0175489 0.0152156 0.0136 -0.020437 0.0168257 0.0136 -0.018519 0.0201342 0.0136 -0.0175102 0.0228113 0.00334762 -0.0140704 0.021285 0.0031 -0.0126249 0.0173425 0.0031 -0.0227811 0.00788302 0.0099 -0.0210221 0.00746573 0.0136 -0.0223902 -0.00738129 0.00647056 -0.0224986 -0.00877114 0.01155 -0.0219436 -0.00681251 0.0136 0.010719 -0.0296672 0.0031 0.0106165 -0.0295554 0.0112 -0.0119773 0.0234733 0.0116875 -0.0126979 0.020686 0.0118375 -0.0110535 0.0215459 0.00851052 0.00156739 0.0220187 0.0116104 0.00479503 0.0210395 0.0102759 0.00473179 0.0177338 0.00834388 0.00398129 0.0186995 0.0115615 0.000347748 0.0205661 0.00957112 -0.00218723 0.0144017 0.0114434 -0.00418051 0.017123 0.0115232 -0.00444301 0.0198808 0.0115432 0.00094607 0.0134219 0.0116483 0.00393565 0.0204659 0.00776026 0.00565167 0.0145024 0.0116425 -0.00439207 0.0217506 0.0108296 -0.00516367 0.0181979 0.00946057 -0.00497518 0.0137142 0.0109123 0.00480281 0.0134125 0.0113065 0.0042347 0.0142855 0.00845639 -0.00396507 0.0142731 0.00769746 -0.000510331 0.0130979 0.0105647 -0.00399902 0.0205631 0.00773675 0.00146702 0.0211736 0.00748326 0.0180415 0.0147721 0.0207 0.0206907 0.0181079 0.0212007 0.0184941 0.0204698 0.0207 0.0161751 0.0193285 0.00970187 0.0168546 0.0161174 0.0102423 0.0159669 0.015251 0.00683479 0.0192546 0.0211761 0.00711257 0.0206652 0.0146644 0.00720672 0.0214002 0.0183468 0.00709252 0.0162973 0.0221981 0.0112 0.0212453 0.0207339 0.0112 0.0218711 0.0153697 0.0112 0.0180494 0.012808 0.0112 0.0143109 0.0145313 0.0112 0.0130922 0.0194277 0.0112 0.0173237 0.0149155 0.0115551 0.0185752 0.0204116 0.0115591 0.0160729 0.0202705 0.0112094 0.0149039 0.0187565 0.0115747 0.0147973 0.0172135 0.0115683 0.01893 0.0151923 0.00801143 0.0199131 0.0158256 0.018425 0.0204261 0.0166896 0.0115413 0.0156943 0.0196929 0.0207 0.0147233 0.0174664 0.0207 0.0156598 0.0154217 0.0212237 0.0171584 0.0131257 0.00734771 0.0141451 0.0148963 0.00734771 0.0135472 0.0179631 0.00710917 0.0152691 0.020482 0.00706524 0.0205927 0.017903 0.00961345 0.0168612 -0.0148855 0.0207 0.0149007 -0.0170736 0.0207 0.015547 -0.0195996 0.0213132 0.0186883 -0.0171802 0.0107326 0.0187289 -0.0202572 0.00932854 0.0203522 -0.0166525 0.0082092 0.0156479 -0.0190282 0.00689468 0.016443 -0.0140409 0.00710043 0.013766 -0.0195067 0.00729137 0.0137358 -0.0153293 0.00734771 0.0180051 -0.0220377 0.0072965 0.0133165 -0.0153454 0.0112 0.0189409 -0.0222748 0.0112 0.0139693 -0.0204326 0.0112 0.0161036 -0.0130654 0.0112 0.0197463 -0.0133612 0.0112 0.0223503 -0.0175804 0.0112 0.0194352 -0.0200168 0.0115825 0.0205523 -0.0180646 0.0116 0.0201203 -0.0191573 0.00681513 0.0178273 -0.0142501 0.0114731 0.0149243 -0.0166604 0.011304 0.0150789 -0.0190571 0.0115712 0.016911 -0.0204217 0.0115817 0.017731 -0.0205681 0.0207 0.0201381 -0.0191954 0.0207 0.020075 -0.0163413 0.0207 0.0198177 -0.0137913 0.00734771 0.0218323 -0.0184129 0.00729229 0.015554 -0.0190424 0.00967108 0.0174613 -0.015347 0.00973945 -0.017913 -0.0148078 0.0207 -0.0203645 -0.0166835 0.0207 -0.0204528 -0.0187127 0.0207 -0.0182303 -0.0203767 0.0209664 -0.0153984 -0.0164093 0.00940901 -0.016098 -0.019999 0.00965965 -0.0175285 -0.0202433 0.00681014 -0.0199349 -0.021995 0.0110297 -0.0205298 -0.0193062 0.00804012 -0.0213813 -0.0153781 0.00734771 -0.016782 -0.0225415 0.0112 -0.0223465 -0.0187738 0.0112 -0.0206116 -0.0140943 0.0112 -0.0150168 -0.0137099 0.0112 -0.0133465 -0.0189383 0.0112 -0.0153515 -0.0161096 0.0115683 -0.0148866 -0.0186663 0.0115747 -0.0173103 -0.0203354 0.0115795 -0.020356 -0.0161993 0.00682847 -0.0184102 -0.0150357 0.00829505 -0.0184489 -0.0149874 0.0113786 -0.0205775 -0.017875 0.0115461 -0.0197229 -0.0198498 0.0115383 -0.0152173 -0.0191954 0.0207 -0.0151834 -0.0163157 0.0207 -0.0168147 -0.0135025 0.00731606 -0.0141976 -0.0155779 0.00708914 -0.0137663 -0.0180708 0.00708769 -0.0159447 -0.0215129 0.00719256 -0.0193161 -0.0176701 0.0104236 -0.017256 0.0204227 0.0207 -0.0197079 0.0198577 0.0207 -0.0204774 0.017547 0.0207 -0.0197293 0.0155805 0.0213239 -0.0169026 0.0161154 0.0212 -0.0145658 0.0176924 0.00955168 -0.0158719 0.0196003 0.00826121 -0.0177615 0.0149254 0.0095512 -0.0201298 0.0161483 0.00682488 -0.0190316 0.0177202 0.0105571 -0.0168858 0.0142191 0.00707666 -0.0217396 0.0194983 0.00734771 -0.0186681 0.0221236 0.00734771 -0.0192429 0.0204719 0.00810966 -0.0211165 0.0149432 0.00731371 -0.0193577 0.0130883 0.0112 -0.0220769 0.015851 0.0112 -0.0218304 0.0202901 0.0112 -0.0197517 0.0221458 0.0112 -0.0154478 0.0217576 0.0112 -0.0152248 0.0135775 0.0112 -0.0128854 0.0175049 0.0112 -0.0148971 0.0172278 0.0115625 -0.0161534 0.0200354 0.0115562 -0.02046 0.01858 0.011587 -0.0203657 0.0165436 0.0115846 -0.0188104 0.0149655 0.0112201 -0.0173481 0.0146619 0.011673 -0.0154326 0.0160647 0.0207 -0.0149327 0.0186755 0.0207 -0.0187134 0.0204453 0.0115649 -0.0146384 0.0206943 0.00717451 -0.0139179 0.0157912 0.00723016 0.0182051 -0.01904 0.089775 0.0185818 -0.0166934 0.089775 0.0160391 -0.0169388 0.089775 0.0183741 -0.0125335 0.0828456 0.0209615 -0.0141488 0.0854826 0.0221552 -0.0179297 0.0838063 0.011144 -0.0136757 0.0910077 0.0138684 -0.0122741 0.0898 0.0204522 -0.0106383 0.0910077 0.0227705 -0.0127722 0.0898 0.0241818 -0.0151636 0.0909736 0.0230554 -0.012965 0.0923 0.0183333 -0.0102762 0.0923 0.0158206 -0.0104269 0.0908712 0.0118914 -0.0138543 0.0923 0.0145459 -0.0217658 0.0829648 0.015195 -0.0130194 0.0828679 0.0138025 -0.015195 0.0878234 0.0209384 -0.01545 0.0896031 0.0162291 -0.0146781 0.0898 0.0139791 -0.0223332 0.0898 0.0142156 -0.0229311 0.0923 0.0242973 -0.0196115 0.0923 0.0164898 -0.0187729 0.0922952 0.0175006 -0.0135444 0.088267 0.0215672 -0.0157508 0.0878356 0.0194887 -0.0215381 0.0897281 0.0104507 -0.0192607 0.0910077 0.0126978 -0.0231535 0.0910077 0.0173047 -0.0248253 0.0908712 0.0224457 -0.0226902 0.0910077 0.0247723 -0.0184535 0.0898577 0.0216261 -0.0186843 0.088033 0.020807 -0.0210516 0.0828064 0.0123433 -0.0179675 0.0880564 -0.0164452 0.0167835 0.0887625 -0.0179675 0.0168342 0.09205 -0.0189723 0.0177741 0.089775 -0.0171846 0.0190307 0.089775 -0.0134863 0.0205364 0.0877639 -0.0131748 0.0193774 0.0838063 -0.0131121 0.0155995 0.0854826 -0.0141221 0.0241593 0.0910077 -0.0179045 0.0238688 0.0898 -0.0101304 0.0166317 0.0910077 -0.0104428 0.0162779 0.0923 -0.0102671 0.0197338 0.0899325 -0.0133784 0.0230665 0.0923 -0.0191923 0.0245244 0.0910077 -0.0234634 0.0218656 0.0910077 -0.0222785 0.0219804 0.0923 -0.0166376 0.0225227 0.0828713 -0.0248569 0.0182792 0.0898432 -0.0171204 0.0137395 0.0897963 -0.0209819 0.0115793 0.0898 -0.0131637 0.0124197 0.0898 -0.0235573 0.0141542 0.09225 -0.0153199 0.0109169 0.0923 -0.0176201 0.0210115 0.0897842 -0.0232361 0.013347 0.0905981 -0.0189184 0.0101967 0.0915539 -0.0128864 0.0120794 0.0909395 -0.019391 0.0129243 0.0828765 -0.0221718 0.0157153 0.0879522 -0.0219356 0.0199829 0.0833186 -0.0148782 0.0130463 0.0828269 0.0186005 0.0165391 0.089775 0.01675 0.018366 0.0887625 0.0162822 0.0172032 0.0918 0.0138973 0.0201031 0.0835547 0.0206845 0.021026 0.0828253 0.0132697 0.0200712 0.0898 0.0158374 0.0244404 0.0909395 0.02079 0.02421 0.0915539 0.0213077 0.0233544 0.0898 0.0247658 0.0181466 0.0898577 0.0240282 0.0140208 0.0910077 0.0249074 0.0178353 0.0915539 0.0233695 0.0213871 0.0923 0.0234335 0.0216505 0.0905299 0.0168506 0.0245864 0.0923 0.0109918 0.0201194 0.09225 0.0206403 0.0137976 0.0828851 0.0154849 0.01387 0.0828 0.0165872 0.0221099 0.0854826 0.0218883 0.016796 0.0865441 0.0137022 0.0192404 0.0878208 0.010902 0.019602 0.0902962 0.0206981 0.0118562 0.0898 0.0194536 0.0174885 0.0897987 0.0218086 0.0127629 0.0923 0.0189556 0.0183415 0.0923101 0.0124458 0.0120976 0.092182 0.020014 0.0208637 0.0879277 0.0138161 0.0111193 0.0898577 0.0187785 0.0107488 0.091076 0.0137857 0.0151499 0.0878088 0.0156385 0.0129812 0.0882421 0.0174583 0.0127058 0.0854826 0.0132674 0.0157125 0.0838063</float_array>
                    <technique_common>
                        <accessor count="5192" source="#shape0-lib-positions-array" stride="3">
                            <param name="X" type="float"/>
                            <param name="Y" type="float"/>
                            <param name="Z" type="float"/>
                        </accessor>
                    </technique_common>
                </source>
                <source id="shape0-lib-normals" name="normal">
                    <float_array id="shape0-lib-normals-array" count="30000">-0.921182 -0.38911 -0.00401867 -0.783978 0.611697 0.105858 0.0153242 -0.0399003 0.999086 0 0 1 0.00297401 -0.0052617 0.999982 -0.0233714 0 0.999727 0.00543398 -0.0163075 0.999852 0 -1 0 -0.0561867 -0.00649566 0.998399 0 1 0 0.0054346 0.00618422 -0.999966 -0.846655 0.532142 0 -0.939039 -0.343811 0 -0.391839 0.0820827 0.916365 -0.948287 0.317414 0 -0.887618 -0.460581 0 -0.0938411 -0.176275 0.979858 -0.966789 -0.119488 0.225922 0.419981 0.860626 -0.287992 -0.616129 0.285582 -0.734049 -0.0583406 0.596272 0.80066 0.0559951 0.409781 -0.910464 0.101779 -0.628851 0.770836 -0.0701677 -0.222713 -0.972356 -0.568781 -0.798513 -0.197145 0.548545 0.0813046 -0.832159 0.125913 -0.183614 0.974901 0.0230175 0.0408545 -0.9989 -0.657689 -0.748208 0.0873497 -0.958412 0.227046 -0.172909 -0.834051 0.537173 0.125717 0.395899 0.915065 -0.0769442 0.291842 0.941668 -0.167599 0.997569 -0.0423934 -0.055312 0.775691 -0.506794 -0.376116 0.39946 -0.880354 -0.255752 0.0455657 -0.931901 -0.359838 0 0 -1 0 0 -1 -0.0539578 -0.674552 0.736253 0.0303727 -0.224479 0.974006 0.219869 -0.174524 -0.959791 0.513415 -0.0708517 0.855211 0.589109 0.0921825 -0.802778 -0.180685 0.0274216 -0.983159 -0.149008 -0.01644 0.988699 -0.13767 -0.256801 -0.956609 -0.000319284 -0.284104 0.958794 0.0473137 0.383165 -0.922467 -0.156252 0.47213 0.867571 -0.234641 0.181839 -0.954923 -0.230459 0.00955728 0.973035 -0.435744 -0.0556282 0.89835 0.126764 -0.00506297 -0.99192 0.281177 -0.0450762 -0.958597 0.140892 0.208245 0.967876 0.0355537 0.233493 -0.971708 -0.00236241 9.52076e-05 -0.999997 0 0 -1 -0.00101955 -0.00115987 -0.999999 -0.00144958 0.000645601 -0.999999 0 0 -1 -0.00114161 0.000735256 -0.999999 0 0 -1 -1.8697e-06 4.27637e-06 -1 0 0 -1 3.53113e-06 -2.6933e-06 -1 0 0 -1 0 0 -1 -0.00164672 -0.0002112 -0.999999 0 0 -1 0 0 -1 0 0 -1 0 0 -1 0 0 -1 0 0 -1 2.35499e-06 3.37249e-06 -1 1.17176e-06 -1.49148e-05 -1 3.10886e-06 1.19904e-05 -1 0 0 -1 0 0 -1 0 0 -1 2.01338e-06 -8.34962e-08 -1 2.0832e-06 -1.31364e-05 -1 -0.0357669 0.0318244 -0.998853 0.0396164 0.140926 -0.989227 -0.000329116 0.000779738 -1 -0.00013308 0.000443328 -1 0.0349544 -0.050225 -0.998126 -0.0739973 0.0357543 -0.996617 0.714766 -0.209722 0.667178 -0.558542 -0.13559 0.818319 -0.280494 0.955979 0.0861816 -0.807218 0.0604582 0.587149 -0.733757 0.0520473 -0.677416 0.0166425 -0.999701 0.0179344 0.999109 0.0146196 0.0395871 0.981636 0.0551953 0.182607 -0.000364781 -0.716689 0.697392 -0.000568051 -0.714237 0.699904 0.700497 -0.55246 0.451766 0.0556767 -0.708558 0.703452 0 0.707107 0.707107 0 0.707107 0.707107 -0.411869 0.687896 0.597631 -0.51725 0.724071 0.456262 -0.699155 0.131856 0.702707 -0.644544 0.282126 0.710611 -0.49156 0.614632 0.616924 -0.706924 0.000365013 0.707289 -0.707183 0.00032087 0.707031 -0.707341 0.000237951 0.706872 -0.705078 0.00177345 0.709127 0.204848 -0.695795 0.688409 0.473109 0.498954 0.726094 0.61951 0.340167 0.707456 0.697123 0.0139504 0.716816 0.692139 0.184568 0.697767 0.707418 0.000365268 0.706795 0.707107 5.04128e-07 0.707107 0.707107 0 0.707107 0.707107 0 0.707107 0.455813 -0.0967038 0.884807 0.707591 -0.00215822 0.706619 0.71382 -0.00095616 0.700329 -0.759834 0.512873 0.399516 -0.612307 -0.0411726 0.789547 -0.701051 -0.00370771 0.713101 -0.686339 0.0041057 0.72727 -0.604234 -0.54662 0.579748 -0.976588 -0.0778434 0.20054 -0.997556 -0.0670775 -0.0195766 -0.98742 -0.114091 0.109473 0.59489 -0.732194 0.331659 0.968949 0.00762166 0.247141 0.999657 0.0200045 -0.0168846 0.977225 0.172018 0.124259 0.877394 0.477223 0.0493796 0.0962406 0.980742 0.169951 -0.888335 0.444162 0.116534 -0.459765 0.886712 0.0485692 -0.581244 0.813653 0.0111568 -0.916055 0.400971 0.00805397 -0.993185 0.0785741 0.0860799 0 0 1 0 0 1 0 0 1 0 0 1 0.658286 0.751524 0.0432527 0 0 1 0 0 1 0 0 1 0.756522 -0.652567 0.0427919 0 1 0 0.01547 0.999809 -0.011934 -0.420535 0.907276 0 -0.473597 0.880692 -0.00933365 -0.861325 0.50803 0.00501169 -0.879056 0.476719 0 -0.997966 -0.0632412 -0.00797226 -0.997094 -0.0761841 0 -0.626732 -0.77902 0.0182983 -0.18336 -0.979293 -0.0858147 0.0127218 -0.999908 -0.004778 0.250707 -0.96295 -0.099366 0.99991 0.0123505 0.00528244 0.999998 0.00203343 -0.000656383 0.582487 0.812656 0.0173049 -0.106763 0.0677436 0.991974 -0.0788464 0.168908 0.982473 -0.300063 0.406693 -0.86288 -0.470655 0.882231 -0.01234 -0.454102 0.890876 -0.0114863 -0.114675 0.337463 -0.934328 -0.0312523 0.142895 -0.989244 0.014076 0.0758947 0.997016 0.120779 0.912621 -0.390558 0.0480695 0.171521 0.984007 0.0666884 0.112255 0.991439 0.0982281 0.136806 0.985716 0.0739724 0.485261 0.871235 0.70823 0.452388 0.541992 -0.0480752 -0.14689 0.987984 0.0624172 -0.0256214 0.997721 0.526479 -0.0262687 -0.849782 0.991143 -0.13278 0.00215362 0.998383 0.0561384 0.00890505 0.955358 0.219858 -0.197368 -0.0296797 -0.0277724 0.999174 0.863141 -0.447739 0.233488 0.239889 -0.963644 0.117655 0.295388 -0.953612 -0.0580499 0.028567 -0.112738 -0.993214 -0.118998 -0.991489 -0.052803 -0.000452253 -0.107869 0.994165 -0.154511 -0.338174 0.928313 -0.339176 -0.940331 -0.0271435 -0.505314 -0.862935 -0.000666447 -0.588852 -0.80049 0.111663 -0.111975 0.972167 0.205799 0.354318 0.658517 0.663938 -0.606838 -0.184547 0.773104 0.387885 -0.905717 0.170941 -0.716649 0.694234 0.0667276 0.819524 -0.544169 0.179613 0.972136 0.232478 0.0300878 0.285065 0.108663 0.952329 0.311524 0.122738 0.942278 0.474316 0.236511 0.84799 0.45736 0.26969 0.847402 0.406084 0.249436 0.879135 0.0681252 0.105772 0.992054 0.0490482 0.123591 0.99112 0.0724154 0.124737 0.989544 0.0396772 0.111545 0.992967 0.0550405 0.238789 0.96951 0.0314504 0.266699 0.963267 0.000749836 0.205058 0.97875 -0.00873514 0.138074 0.990383 -0.0231544 0.195863 0.980358 -0.0650451 0.3015 0.951245 -0.126712 0.37641 0.917747 -0.117126 0.265624 0.956936 -0.104942 0.228004 0.967988 0.0184788 -0.0494192 0.998607 -0.0622406 -0.00357054 0.998055 -0.232817 0.0140484 0.972419 -0.232178 0.0116866 0.972603 -0.971713 0.234591 0.0272025 -0.95368 0.299866 0.0239727 -0.487207 0.0207761 0.873039 -0.367943 -0.00540829 0.929833 -0.364257 -0.00389304 0.93129 -0.370811 -0.0209925 0.928471 -0.339035 -0.0245478 0.940454 -0.343204 -0.0277098 0.938852 -0.342833 -0.0355731 0.938723 -0.742069 -0.656745 0.134237 -0.182666 -0.362164 0.914041 -0.170484 -0.309098 0.935625 0.711476 0.689054 0.137863 -0.453226 -0.89125 0.0160866 -0.0338164 -0.122129 0.991938 -0.0345045 -0.133546 0.990442 -0.0162567 -0.497266 0.867446 0.039277 -0.26044 0.964691 0.236873 -0.959643 0.151582 -0.500757 0.770793 0.393853 0.149427 -0.370832 0.9166 0.148757 -0.266134 0.952389 0.106003 -0.160863 0.981268 0.13553 -0.191992 0.971993 0.202178 -0.228037 0.95243 0.199113 -0.184538 0.962445 0.117609 -0.0824877 0.989628 0.10535 -0.0474975 0.9933 0.113953 -0.0823811 0.990065 0.0961672 -0.0513267 0.994041 0.0527036 0.00807174 0.998578 -0.881035 -0.0503934 -0.470359 0.0831707 -0.0114729 0.996469 0.7631 -0.0738592 0.642046 0.459115 0.0240471 0.888052 0.866035 0.0339271 -0.49883 0.911722 0.000858637 -0.410807 0.475041 -0.0105684 -0.8799 0.401695 0.013043 -0.915681 0.0100338 -0.0140009 -0.999852 -0.13995 0.0280276 -0.989762 -0.611301 -0.0176265 -0.791202 -0.998113 -0.006024 -0.0611145 -0.979521 -0.060047 0.19218 0.00164993 -0.999998 0.00132029 -0.00189915 -0.999998 0.000248806 -0.000473678 -1 0.000191589 0.000651611 -1 -0.000265028 0.00365327 -0.999988 -0.00337813 -0.00152041 -0.999979 0.00632787 -1.97949e-06 -1 3.66654e-06 -0.770392 -0.159974 -0.617175 0 0 1 0 0 1 0.0207076 0.069155 0.997391 0 0 1 0 0 1 0 0 1 -0.0719997 -0.401527 -0.913013 0.988433 -0.0758932 0.131304 -0.0598663 0.39222 -0.917921 0.0320538 0.505069 -0.862484 0.0439759 0.999026 0.00375404 -0.000162503 1 -1.38722e-05 0 1 -0.000296661 -0.507675 0.855355 0.10312 0.992351 0.0672911 0.103497 0.891091 0.452975 -0.0277536 0.51603 0.856522 -0.00911239 0.490409 0.871326 -0.017 -0.807749 0.589241 -0.0183634 -0.896418 0.442564 0.0239099 1 0.000362438 0.000557449 1 -0.000771277 0.000634509 -0.999982 0.0025152 -0.00536892 -1 -0.000140727 0.000200547 -0.999915 0.00748638 -0.0106687 0 0 1 0 0 1 0 0 1 0.000121216 -0.000547679 1 0 0 1 -0.00992713 0.0221023 0.999706 0.0179137 -0.0071803 0.999814 0.000932616 -0.000362372 1 0.726123 0.474133 0.49794 0 0 1 -0.000299918 -0.000133026 1 0 0 1 0.000325741 -0.000427736 1 -3.77953e-05 -0.000201857 1 0.615703 -0.785495 0.0625097 0.992105 -0.0632722 0.108274 0.935264 -0.336409 -0.110044 0.387625 -0.92172 -0.0133723 -0.000795314 -0.999984 0.00557007 -0.000178564 -0.999993 0.00366798 -0.767448 -0.637958 -0.0635122 -0.454285 -0.888527 0.0643784 -1 -6.88989e-05 -5.07905e-05 0.316493 0.0580178 0.946819 0.612731 -0.0226953 0.789965 0.902858 0.115163 -0.414229 -0.463298 0.886066 -0.0155517 -0.881503 -0.00353634 0.472166 -0.621488 -0.77276 0.128818 0.00414189 0.897377 0.441245 0.93577 0.117473 0.332469 -0.294992 0.649768 0.700558 -0.166656 -0.844545 -0.508891 -0.210471 -0.0769408 0.974568 0.995331 0.00848936 0.0961456 0.994512 0.00269413 0.104592 -0.227543 0.409384 0.883532 -0.869877 -0.0175804 0.492956 -0.64826 0.0402288 0.760356 0.0822157 -0.666712 -0.740767 0.203996 -0.667276 -0.71633 0.223013 -0.623875 -0.749029 0.337192 -0.661777 -0.669591 0.373642 -0.547126 -0.749029 0.419932 -0.557252 -0.71633 0.491247 -0.458108 -0.74082 0.477769 -0.408098 -0.777941 0.571579 -0.400212 -0.71633 0.606533 -0.291946 -0.739517 0.562172 -0.232895 -0.793551 0.712811 -0.138533 -0.687539 0.632801 -0.0634512 -0.77171 0.74505 0.0468574 -0.665361 0.718388 0.113782 -0.686274 0.703597 0.0974648 -0.703884 0.662402 0.254272 -0.704676 0.630295 0.217038 -0.745401 0.630468 0.32124 -0.706622 0.566893 0.368145 -0.736955 0.580337 0.406344 -0.705758 0.501713 0.501713 -0.704676 0.50784 0.523743 -0.683953 0.327606 0.561213 -0.760075 0.329252 0.630683 -0.702732 0.191363 0.653148 -0.732651 0.194891 0.637491 -0.745401 0.110692 0.69888 -0.706622 0.0353758 0.675016 -0.736954 0.0123744 0.708345 -0.705758 -0.1274 0.698968 -0.703713 -0.0771058 0.627902 -0.774463 -0.178991 0.668006 -0.722309 -0.264084 0.617258 -0.741115 -0.267047 0.559954 -0.784307 -0.422679 0.567161 -0.706875 -0.427191 0.469903 -0.772463 -0.477964 0.477964 -0.736954 -0.549902 0.445302 -0.706622 -0.569947 0.351597 -0.742657 -0.584275 0.351281 -0.73159 -0.60886 0.194616 -0.769034 -0.673483 0.185939 -0.715435 -0.726175 0.105193 -0.679415 -0.675016 0.0353758 -0.736955 -0.741712 -0.0388716 -0.669591 -0.635476 -0.131901 -0.760771 -0.685353 -0.18364 -0.704676 -0.613431 -0.294831 -0.732651 -0.632195 -0.32212 -0.704676 -0.551408 -0.446521 -0.704676 -0.565132 -0.481794 -0.669702 -0.378585 -0.515871 -0.768473 -0.386439 -0.595061 -0.704676 -0.225357 -0.636497 -0.737622 -0.227787 -0.557771 -0.798126 -0.187856 -0.646605 -0.739333 -0.0754782 -0.696348 -0.713724 -0.0789101 -0.700743 -0.709037 0.0913891 -0.679099 -0.728336 -0.181947 0.0136635 0.983213 -0.181074 -0.0406299 0.98263 -0.153667 -0.0187745 0.987944 -0.179586 0.020764 0.983523 0 0 1 0.000200832 2.21601e-05 1 0 0 1 0.00146075 0.0006685 0.999999 -0.00155209 0.000573379 0.999999 0 0 1 0.0398548 0.00394335 0.999198 0 0 1 -0.00579455 -0.000638428 0.999983 -5.36443e-08 -3.3354e-08 1 0.341006 0.344159 0.874797 0.534813 -0.651196 0.538441 0.00378545 -0.0014622 0.999992 0.595145 -0.753253 0.280022 -0.203699 0.937035 0.283676 -0.610035 0.784864 -0.10884 -0.885302 0.0908236 0.456062 -0.999524 0.0308537 0 -0.997113 -0.0759348 0 -0.973775 -0.100975 -0.203878 -0.507926 -0.861148 -0.0208553 -0.269047 -0.915142 -0.300215 0.577888 -0.269233 0.770428 0.00872644 0.130848 0.991364 0.013412 0.0683744 0.99757 -0.118792 0.183466 0.975822 -0.0739608 -0.0637874 -0.995219 -0.976648 -0.0444588 0.210193 -0.607386 0.785116 -0.121143 0.0785553 -0.995108 0.0599174 -0.67381 -0.439234 0.594184 -0.690314 -0.540889 0.480527 -0.974933 0.178434 0.132914 -0.223728 0.626161 0.746906 -0.052624 0.951631 0.302702 0.00186347 0.999998 0 0.00162496 0.999926 -0.0120723 0.287991 0.953171 0.092336 0.877804 0.436577 -0.197131 0.99931 -0.0366911 -0.00579138 0.666333 -0.480644 0.570071 0.536273 -0.782408 0.31662 0.31599 -0.915835 0.247784 0.00114132 -0.999999 0 0.00531131 -0.978087 -0.208128 -0.0220573 -0.826162 0.563001 0 0 1 -0.00272177 0.0182218 0.99983 0.0118211 0.00613389 0.999911 0.00274301 0.00970364 0.999949 0 0 1 -0.00073623 0.00838484 0.999965 -0.0579359 -0.0675919 0.99603 0 0 1 -0.00106698 -0.0121518 0.999926 -0.00272302 -0.00765403 0.999967 -0.0612841 -0.00161692 0.998119 -0.0962047 -0.0050399 0.995349 -0.0901359 -0.00571789 0.995913 0.227375 -0.149319 0.962291 -0.738591 0.485039 0.46821 0.719902 0.294967 0.62828 0.391544 -0.800228 0.454234 0.161996 0.986404 -0.0276325 -0.290367 0.658319 0.69448 0.204161 -0.976967 -0.0620775 0.426072 0.901875 0.0713009 0.690751 0.328897 0.643964 0.0282498 -0.712447 0.701157 0.322201 -0.946646 -0.00697236 0.936993 -0.349012 -0.0153013 0.795548 -0.601442 0.0732871 0.784847 0.618454 0.0391025 0.849232 0.52802 0.000527019 -0.00847624 -0.0117775 0.999895 0.0207961 0.0130359 0.999699 -0.0219203 -0.00176739 0.999758 -0.876705 0.113975 0.467332 -0.117372 0.0151022 0.992973 0.217777 -0.974595 0.0523224 0.111903 -0.866244 -0.486929 0.111636 -0.892929 -0.436137 0.277354 -0.669488 -0.689101 0.983306 -0.131429 0.125838 0.89163 0.251677 0.376371 0.145441 0.974623 0.170166 -0.19726 0.978014 0.0676549 -0.484792 0.874448 0.017818 -0.684018 0.72717 -0.0578223 -0.748455 0.64333 0.161067 -0.934555 0.353303 0.0422452 -0.942207 0.318138 -0.105045 -0.973826 -0.0145665 -0.226829 -0.960812 -0.270756 -0.0594225 -0.943269 -0.288339 0.164636 -0.60811 -0.377373 -0.698421 -0.743017 -0.605667 -0.28477 -0.686449 -0.57598 -0.443886 -0.404585 -0.504075 -0.763033 -0.51246 -0.825729 0.235704 -0.288441 -0.620523 -0.729214 -0.220937 -0.90793 -0.356159 -0.0973985 -0.549969 -0.829486 0.9441 -0.218476 0.246865 -0.937375 0.0446056 0.345455 -0.762922 0.00696911 0.646453 0.541766 -0.672196 -0.504621 0.946891 0.115948 0.299922 0.78654 -0.0205366 0.617198 -0.428747 0.0858963 0.899332 0.138822 -0.0225726 0.99006 -0.735401 -0.0478332 -0.675942 -0.649623 -0.0226556 -0.759919 0.823838 0.0393299 -0.565459 0.708785 -0.0360432 -0.704503 0.755612 -0.00886676 0.65496 -0.657504 0.747979 0.0906427 -0.698647 0.714671 0.0337369 -0.998559 0.0237457 0.0481264 -0.70903 -0.603356 0.365018 -0.645411 -0.746588 0.161407 0.740336 -0.669817 -0.0569938 0.703493 -0.697809 -0.134759 0.5857 0.810362 -0.0163645 0.477277 0.855425 -0.201134 -0.363054 0.892245 -0.268496 -0.801511 0.565699 0.193816 -0.992165 0.0991802 -0.0759777 -0.525266 -0.768121 0.366176 -0.486346 -0.829558 0.274411 0.721297 -0.692591 0.00699647 0.825445 -0.362131 0.433015 0.718202 0.65716 -0.228753 0.326029 0.922586 0.206255 -0.471451 0.878434 0.0780272 -0.60076 0.70984 0.367714 -0.998756 0.043356 -0.0246293 -0.883977 -0.466232 0.0348309 -0.629506 -0.746715 -0.214801 0.156429 -0.939742 0.304 0.506383 -0.842217 -0.185057 0.849928 0.417364 0.321604 0.80333 0.592911 0.0558296 -0.87841 0.435008 -0.197901 -0.612942 0.692399 0.380639 -0.867209 -0.496715 -0.0349546 -0.455405 -0.792014 0.406595 0.0755056 -0.990719 -0.113022 0.857561 -0.427711 0.28575 0.896937 -0.386235 0.215236 0.513169 0.849688 -0.12119 0.414506 0.908718 0.049159 0.12402 -0.991977 0.0245027 0.0284099 -0.0454869 -0.998561 -0.579867 -0.807408 -0.108844 -0.625266 -0.779022 0.0465545 -0.751649 -0.650482 -0.109073 -0.764513 -0.641481 -0.0634195 -0.885098 -0.464474 0.0294273 -0.853357 0.437364 -0.283715 -0.269211 0.955338 -0.121883 -0.496955 0.862103 0.0990666 0.595349 0.797326 -0.0991511 0.648816 0.760735 0.017896 0.781007 0.604107 -0.158374 0.837104 0.544528 0.0524097 0.906771 0.37501 -0.192704 0.825543 -0.526252 -0.20381 0.786601 -0.616777 -0.0290771 0.620719 -0.744972 -0.244388 0.607657 -0.784701 -0.122463 0.368463 -0.917545 -0.149486 -0.998477 0.0349613 -0.0426896 -0.953945 -0.280204 -0.10712 -0.541737 -0.602452 0.586151 -0.413723 -0.890043 0.191459 -0.141439 -0.989947 -0.000406427 -0.171554 -0.968696 0.179436 0.15604 -0.98397 -0.0863365 0.419292 -0.90276 0.0960172 0.93427 -0.314098 -0.168766 0.9161 -0.400634 0.0158825 0.991304 -0.0472624 -0.122809 0.973253 0.190212 0.128831 0.971359 0.232248 -0.0502301 0.291374 0.941645 -0.168541 0.357951 0.928153 -0.101996 0.476263 0.853496 0.211466 0.00710046 0.988758 -0.149358 -0.00894611 -0.0242663 -0.999665 -0.0921442 -0.0353708 -0.995117 -0.143104 -0.0226655 -0.989448 -0.0838378 0.0267683 -0.99612 0 0 -1 -0.0295551 -0.00857016 -0.999526 -0.127271 0.0527255 -0.990466 -0.109215 0.129206 -0.985585 0 0 -1 0 0 -1 -0.0508918 0.0478699 -0.997556 -0.0515102 0.144099 -0.988222 -0.0238937 0.118464 -0.992671 -0.020048 0.148973 -0.988638 0.0141017 0.125227 -0.992028 0.0164721 0.110382 -0.993753 0.0615183 0.173752 -0.982866 0.0568457 0.12776 -0.990175 0.249709 0.261666 -0.932296 0.0715725 0.0975267 -0.992656 0.114803 0.0929658 -0.989029 0.094061 0.0611858 -0.993684 0.130717 0.0628261 -0.989427 0.102633 0.0289697 -0.994297 0.1425 0.0295776 -0.989353 0.137131 -0.018329 -0.990383 0.0918096 -0.0048115 -0.995765 0.154347 -0.0493355 -0.986784 0.113623 -0.0496902 -0.992281 0.14077 -0.0868401 -0.986226 0.100507 -0.0788077 -0.99181 0.112448 -0.123691 -0.985929 0.115879 -0.126087 -0.985228 0.0839116 -0.281919 -0.955762 0 0 -1 0 0 -1 0 0 -1 0 0 -1 0 0 -1 0 0 -1 0 0 -1 0 0 -1 0 0 -1 0 0 -1 0 0 -1 -0.72242 -0.00325166 0.691447 -0.842559 -0.0566943 -0.535612 -0.906715 0.0470754 0.419108 -0.567488 0.000203668 -0.823382 0.605469 -0.0308465 -0.795271 0.908283 0.417452 0.0274883 0.991495 -0.119515 -0.0515241 0.423733 -0.5777 -0.697648 0.60938 0.787813 -0.0894792 0.780301 0.625381 -0.00532573 0.515099 0.854166 0.0712282 0.721887 0.689164 0.062705 0.827138 -0.556868 0.0757727 0.0326113 -0.979646 0.198066 0.41867 -0.908036 0.0136347 0.988766 -0.13942 0.0538918 0.9969 0.0599295 0.0509879 0.753709 0.656667 0.026665 0.00462424 0.996416 0.084458 0.155053 0.982726 -0.10104 0.152845 0.988038 -0.020477 0.42646 0.904488 0.00585365 0.0399209 -0.996585 0.0722789 0.0518135 -0.998163 0.0314145 0.157142 -0.982372 0.10125 0.10309 -0.994565 0.0146245 0.999988 -0.00482967 0.00121834 0.999995 0.00302416 -0.00117197 6.75827e-18 1.80682e-16 -1 -0.000228922 0.000555046 -1 5.56818e-17 1.65534e-16 -1 0.156734 -0.16147 -0.974352 -4.47906e-17 5.63264e-17 -1 -0.000875732 0.000493374 -1 -0.00043115 0.000490478 -1 0.00459414 0.0166357 -0.999851 -0.0103794 0.0102956 -0.999893 -0.00175481 0.0311814 -0.999512 -0.0559274 0.00223052 0.998432 -0.0684796 0.0265132 0.9973 -0.00795202 -0.00100732 0.999968 -0.155146 0.0851646 0.984214 0.0492515 0.177873 0.98282 -0.0451975 0.299698 0.952963 -0.0138126 0.0100778 0.999854 0 0 1 -0.0558031 -0.0877909 0.994575 0.0303089 0.00344937 0.999535 0 0 1 0 0 1 0.00354555 0.00514708 0.999981 0.00673012 0.00526031 0.999964 0.0453363 -0.104726 0.993467 0.0104049 -0.0643876 0.997871 0.0108456 -0.171434 0.985136 -0.0045935 -0.0164065 0.999855 -0.00567583 -0.0161938 0.999853 0.987584 -0.0232029 0.155372 0.00952218 -0.00608885 0.999936 -0.0189837 0.0102721 0.999767 7.29604e-07 2.45673e-06 1 5.33608e-06 1.0269e-05 1 -0.000151008 0.000291238 1 0.000351222 0.000146266 1 -6.93472e-07 -2.88795e-07 1 -0.167932 -0.00411622 0.98579 0 0 1 0.0015384 -0.000962564 0.999998 0.00422688 -0.00331854 0.999986 0.000376129 -9.20244e-05 1 0.00071992 -0.000319012 1 0.000110605 5.58406e-05 1 0 0 1 -0.000986879 0.000537944 0.999999 -0.000169267 0.00073192 1 -9.73545e-06 -4.17369e-06 1 0.000304993 0.000778685 1 0.000350615 0.000580537 1 0.000278384 -0.000412474 1 0 0 1 -0.0554723 0.08911 0.994476 0 0 1 5.00366e-06 9.39909e-06 1 2.56452e-05 -0.000141429 1 -0.0126925 0.0166099 0.999781 0.000711861 -0.000931569 0.999999 -0.00029025 0.000226554 1 -0.000218799 0.000247162 1 0 0 1 0.000798632 4.55605e-05 1 0 0 1 0 0 1 -0.0122935 -0.909868 0.414716 0 0 1 0 0 1 -3.09425e-08 5.69811e-06 1 1.83573e-06 -2.60878e-06 1 0 0 1 0.185497 0.136213 0.973158 0 0 1 0 0 1 0.0963601 0.0279406 0.994954 0.000571946 3.12511e-05 1 -0.0468512 0.0539772 0.997442 0 0 1 0 0 1 0 0 1 0 0 1 0 0 1 0 0 1 0 0 1 0 0 1 0 0 1 0 0 1 -0.000264348 0.000124588 1 0 0 1 -0.000582726 -0.000205571 1 -0.406742 0.167561 0.898045 0 0 1 0 0 1 0 0 1 0 0 1 0 0 1 -0.00289936 -0.00494543 0.999984 -0.0124893 -0.000797251 0.999922 0 0 1 0 0 1 0.00154281 -0.00728037 0.999972 -0.00855415 -0.0191318 0.99978 0 0 1 0 0 1 0 0 1 0.00501796 -0.0186397 0.999814 0 0 1 0.000996234 -0.00165694 0.999998 0 0 1 0 0 1 0 0 1 0 0 1 0 0 1 0.00754337 -0.0182113 0.999806 0 0 1 0 0 1 0 0 1 0 0 1 8.19585e-05 -0.00168193 0.999999 -7.37551e-05 -0.000629715 1 0 0 1 -0.00024581 0.000327041 1 0.00193227 -0.00259498 0.999995 -0.0583173 -0.020993 0.998077 0.011549 -0.0142014 0.999833 0.284422 0.957706 0.0436255 -0.97106 0.237581 0.0244518 -0.655191 0.755463 -0.000859814 -0.715914 0.698183 0.00266094 -0.688707 0.725016 -0.00584755 -0.786524 0.617503 -0.00832491 -0.773853 0.633365 0.000264057 -0.847734 0.530421 3.37409e-07 -0.847697 0.53048 2.25509e-05 -0.91426 0.405128 6.82992e-05 -0.918681 0.394965 -0.00520877 -0.9569 0.290416 -0.00111283 -0.971111 0.23734 0.0247482 -0.552122 0.833754 0.0039009 -0.593665 0.80463 -0.01152 -0.437776 0.899073 -0.00444323 -0.321671 0.946606 0.0215458 -0.270185 0.9628 0.00404208 -0.295689 0.954782 0.030983 -0.118631 0.986735 -0.110821 -0.16336 0.973531 0.159846 0.0654746 0.995982 0.0610912 0.264674 0.964329 0.0040572 0.381999 0.924089 -0.0116318 0.382684 0.923812 -0.0111274 0.461092 0.887352 -0.000642519 0.510709 0.859662 -0.0125687 0.553028 0.833161 0.00179325 0.15466 0.928874 0.336562 0.634264 0.773111 -0.0028249 0.650254 0.759637 -0.0109915 0.740549 0.660709 -0.122684 0.28185 0.171369 0.94403 0.221964 0.177532 0.958757 0.975325 0.220439 -0.0121497 0.964639 0.263533 0.00465834 0.999636 0.0244338 -0.0114556 0.981442 0.191721 -0.00375194 0.996069 -0.079078 0.039905 0.981915 -0.189231 -0.0058295 0.790647 -0.429422 0.436433 0.621286 -0.641664 0.449745 0.776869 -0.62966 -0.00169089 0.602535 -0.797903 -0.0173856 0.442286 -0.896738 0.0156083 0.32868 -0.944286 -0.0171428 0.0921764 -0.995741 0.00166331 0.00329555 -0.993519 0.113616 -0.351649 -0.935565 -0.0325646 -0.449892 -0.893007 0.0116246 -0.751955 -0.658883 0.0209069 -0.954698 -0.297574 -0.000969124 -0.960433 -0.278488 0.0035394 -0.997884 0.0570033 -0.0312911 -0.656589 -0.734535 0.171318 -0.923269 -0.384151 0.00161289 -0.921312 -0.388824 0 -0.857022 -0.515279 0 -0.857022 -0.515279 0 -0.787888 -0.615819 0 -0.707102 0.707102 -0.00385937 -0.708805 0.705389 -0.00456129 -0.723859 0.689844 0.0119419 -0.726709 0.68674 0.0167849 -0.798021 0.602612 0.00464383 -0.784244 0.618293 0.0517207 -0.781338 0.624106 -0.0019685 -0.777137 0.629313 -0.00472745 -0.732149 0.681137 0.00324198 -0.829484 0.558522 0.00321649 -0.88466 0.466011 0.0145368 -0.859498 0.511097 -0.00658775 -0.99271 0.120145 -0.00960344 -0.995945 0.0899593 -0.000680819 -0.957136 0.289633 -0.00170307 -0.998588 -0.0523339 -0.00916455 -0.999052 -0.0432915 -0.00452015 -0.965848 -0.258798 -0.0127102 -0.977609 -0.210116 0.011471 -0.923631 -0.383249 0.00515425 -0.890878 -0.453925 -0.0169888 -0.85507 -0.518482 0.00558058 -0.761156 -0.64756 -0.0361604 -0.762629 -0.645925 -0.0343086 -0.830945 -0.556353 0.00151456 -0.790653 -0.611982 0.0185724 -0.70813 -0.705302 0.0331692 -0.722103 -0.691767 -0.0051054 0.953716 -0.299454 0.0274485 0.980413 -0.196147 -0.0178114 0.980559 0.194999 -0.0219028 0.141431 -0.989813 -0.016333 0.041456 -0.998772 0.0271113 -0.0744547 -0.992533 0.0966169 -0.124229 -0.992243 0.00459767 -0.0595884 -0.995281 0.0765881 0.0879037 -0.962196 0.257783 -0.123213 -0.992342 -0.00873828 -0.129966 -0.991517 -0.00157815 -0.134183 -0.990957 0 -0.250156 -0.968206 0 -0.259805 -0.965659 -0.00192277 -0.394004 -0.919102 -0.00337312 -0.482962 -0.875641 0.00038848 -0.543403 -0.839299 -0.0170523 -0.68091 -0.73232 0.0082662 -0.590572 -0.806977 0.0036838 -0.68695 0.726704 0 -0.631717 0.775199 0 -0.60032 0.799687 -0.0107992 -0.524244 0.851462 0.0134571 -0.418099 0.908388 0.00502482 -0.389688 0.920925 -0.0063598 -0.319036 0.947724 0.00594396 -0.258817 0.96592 -0.00345199 -0.210886 0.977508 0.00236928 -0.121882 0.992535 -0.00430985 -0.117399 0.993081 -0.00283471 0.00365667 0.999993 0.000824342 0.0174667 0.99984 -0.00386547 0.117113 0.993116 0.00223306 0.156433 0.987682 -0.00347967 0.224606 0.974436 0.00509685 0.292351 0.956287 -0.00677636 0.335134 0.942163 0.00365079 0.456873 0.889472 -0.0103275 0.485783 0.874045 0.00775688 0.700408 0.713663 -0.0106644 0.701312 0.712785 -0.00989031 0.808338 0.58871 -0.00322533 0.819133 0.573546 -0.00818437 0.861392 0.507935 0.00230146 0.891005 0.45399 -0.0017497 0.894915 0.446237 0 0.930392 0.366567 0 0.945478 0.325569 -0.0086824 0.961573 0.27454 0.00212885 0.903324 -0.428936 0.00445025 0.900192 -0.435443 0.00666643 0.819153 -0.57356 -0.00409223 0.810403 -0.585873 0.000944669 0.733438 -0.679749 -0.00309052 0.731338 -0.682003 -0.00411557 0.663406 -0.748256 0.00232452 0.601807 -0.798601 -0.00803957 0.576699 -0.816956 0.000374364 0.487907 -0.872891 -0.00300576 0.453934 -0.890896 -0.015716 0.373748 -0.927528 0.00220764 0.230838 -0.972897 0.0136056 0.292353 -0.956292 -0.00592394 -4.07387e-17 1.71469e-16 -1 -4.08039e-17 1.47323e-16 -1 -4.01363e-17 1.4805e-16 -1 0.0206263 -0.0729362 -0.997123 1.02662e-16 6.03246e-17 -1 1.15073e-16 2.98975e-17 -1 -0.0119876 -0.00278886 -0.999924 -0.007945 -0.0224825 -0.999716 1.03607e-17 1.59131e-16 -1 1.35994e-16 1.4393e-16 -1 1.68121e-17 1.5351e-16 -1 4.48089e-17 1.61243e-16 -1 -0.00432479 0.006154 -0.999972 2.51444e-16 1.41438e-16 -1 -5.71883e-17 2.66465e-16 -1 -3.63473e-17 9.05765e-17 -1 -0.00583211 0.00588903 -0.999966 -0.401269 0.0458838 -0.91481 2.2699e-17 1.21087e-16 -1 3.19558e-17 8.0095e-17 -1 1.13778e-17 5.54836e-17 -1 -4.3708e-17 3.23623e-17 -1 -0.00506112 -0.0110954 -0.999926 -0.00509442 -0.0110877 -0.999926 3.96267e-17 9.52989e-17 -1 4.23083e-17 8.92786e-17 -1 -0.0106471 -0.00061759 -0.999943 -0.0429182 0.0235985 -0.9988 -0.00549507 0.000775483 -0.999985 -0.00541568 0.00268196 -0.999982 -6.74401e-18 6.33521e-17 -1 -1.44363e-17 9.06953e-17 -1 -0.00504781 0.00308116 -0.999983 -0.0791314 -0.0136077 -0.996771 -0.892206 -0.450444 0.032695 -0.294691 -0.908964 -0.294858 0.327877 0.943178 0.0539677 0.776365 0.0722898 0.626124 0.695567 0.219901 0.683981 -0.464041 0.885469 0.0247223 -0.0109764 0.0163391 0.999806 -8.43355e-06 -1.25063e-06 1 -0.00102031 -0.000649102 0.999999 0.248513 -0.885155 -0.393372 0.801098 -0.446383 -0.398729 0.549111 -0.610161 0.571122 0.0794412 -0.928472 0.362806 -0.0633462 -0.977973 0.198885 -0.112477 -0.987823 0.107489 -0.126519 -0.990965 0.0445237 -0.126561 -0.99169 -0.0231152 -0.111848 -0.990384 -0.0814255 -0.0731971 -0.985706 -0.151742 0.0213403 -0.966674 -0.255119 -0.179102 0.958073 0.22365 -0.561102 0.800603 0.210238 -0.246703 0.566302 -0.786409 0.0814452 0.900126 -0.427949 0.160872 0.971566 -0.173721 0.15697 0.986371 -0.0493253 0.137113 0.990236 0.0251678 0.105319 0.990789 0.0851213 0.0461987 0.988083 0.146826 -0.047416 0.980289 0.191797 -0.303485 -0.000651106 0.952836 -0.239994 0.000458875 0.970774 0.213895 -0.000766865 0.976856 0.300142 0.00182659 0.953893 0.693079 -0.000992738 0.720861 0.777737 0.00157197 0.628588 0.947326 -0.000908842 0.320271 0.983567 0.00118768 0.180539 0.995026 -0.000975827 -0.0996128 0.954007 0.00118043 -0.299782 0.895239 -0.000699118 -0.445586 0.67945 0.00215762 -0.733719 0.534096 -0.00204962 -0.845421 0.186959 0.000905627 -0.982367 0.0833575 -0.00117359 -0.996519 -0.299324 0.00113788 -0.954151 -0.434471 -0.00126481 -0.900685 -0.678615 0.000617578 -0.734494 -0.808454 -0.00237657 -0.588555 -0.976526 0.00165298 -0.215395 -0.983727 0.000791626 -0.179669 -0.943294 0.00115648 0.331958 -0.936424 0.00160236 0.350867 -0.722955 -0.00181245 0.690893 -0.625083 0.000611564 0.780558 0.737258 -0.550995 0.390967 -0.492692 -0.838158 0.233978 -0.0292389 -0.998058 0.0550121 -0.923571 -0.378926 0.0585765 -0.907955 -0.139954 -0.395007 0.156995 -0.254097 -0.954352 0.254331 -0.175127 -0.951129 0.921763 -0.190028 -0.337998 0.210599 -0.226286 -0.951022 -0.0248034 0.371101 -0.928261 0 1 0 0 1 0 0 1 0 0 1 0 0 1 0 0 1 0 -0.25186 0.956905 0.144569 0.00207598 0.997914 -0.0645297 0 1 0 -0.375359 0.926878 0.00161553 -0.556835 0.828657 -0.057119 -0.582947 0.788234 -0.197127 0.0160336 0.999795 -0.012386 0.00775436 0.999882 -0.0132751 0 1 0 0.973367 0.0395416 -0.225815 0.787966 -0.092656 -0.608708 0.436803 0.0544057 -0.89791 0.132438 0.00405423 -0.991183 -0.857211 0.43118 -0.281556 -0.252036 -0.136313 -0.958069 -0.975556 0.0236405 -0.218478 -0.99637 -0.0850144 0.00428835 -0.737107 0.0923901 0.66943 -0.854024 0.174164 0.490214 0.144159 0.0935377 0.985124 0.352931 -0.049748 0.934326 0.855642 0.0340663 0.516446 0.946763 -0.0638689 0.315533 -0.120072 -0.961964 0.245373 0.111279 -0.840803 0.529781 0.0997035 -0.830781 0.547596 0.479004 -0.76167 -0.436365 0.710338 -0.300903 0.6363 -0.95789 -0.188434 0.216656 -0.113307 -0.121718 0.986076 -0.161659 -0.090319 0.982705 0.796328 0.00857205 0.604805 0.474705 -0.287209 0.831965 0.889058 -0.0921579 -0.448423 0.908047 -0.0563766 -0.415056 -0.214427 -0.318205 -0.923454 0.0979447 -0.140525 -0.985221 -0.748467 -0.0515354 -0.661167 -0.887431 -0.251886 -0.38603 -0.930752 -0.23458 0.280487 0.938272 -0.152881 0.310278 0.947131 -0.14664 -0.285378 0.93826 -0.119171 -0.324756 0.690509 -0.17705 -0.701321 0.216141 0.0247914 -0.976047 -0.204386 -0.106789 -0.973048 -0.364744 -0.0569954 -0.929362 -0.896417 -0.166964 -0.41056 -0.973654 -0.153649 -0.168492 -0.899788 0.0908225 0.426769 -0.695761 -0.14122 0.704254 0.245851 -0.042546 0.968374 0.368828 0.0421152 0.928543 -0.910645 -0.148564 -0.385557 -0.661353 -0.735637 0.146463 0 -1 0 -0.935374 -0.312535 0.16552 0 -1 0 0.707095 -0.463617 0.533926 -0.167883 -0.365031 0.915733 -0.0889383 -0.437874 0.894626 -0.0162999 0.169371 0.985418 -0.387361 0.0976613 -0.916741 -0.764034 0.344339 -0.545603 0.967604 0.0393197 0.249394 0.934034 -0.115419 0.338022 0.23336 -0.44579 0.864184 -0.266765 0.201986 0.942358 0.9106 -0.373868 -0.176153 0.940655 -0.101943 -0.323692 -0.201132 -0.401611 -0.893451 -0.547881 -0.836556 0 -0.996195 -0.0871567 0 -0.996195 -0.0871567 0 -0.996195 0.0871567 0 -0.996195 0.0871567 0 -0.694542 0.719453 0 -0.266725 0.179253 -0.946956 -0.0784526 0.604374 0.792828 0.0541117 0.314409 -0.947744 0.290447 0.135249 0.947285 0.787701 0.616058 0 0.996195 0.0871535 0 0.996195 0.0871535 0 0.996195 -0.0871535 0 0.996195 -0.0871535 0 0.503824 -0.863806 0 0.362768 -0.6931 0.622905 -0.0593639 0.126957 -0.99013 -0.0868249 0.0401563 0.995414 -0.969668 -0.193293 0.149606 0.0903251 0.512414 0.853975 0.0124263 0.24876 -0.968486 -0.130799 0.87857 0.459355 0.114937 0.0382973 -0.992634 0.0134433 0.177691 -0.983994 0.237535 0.348359 0.906765 0.1436 0.0119791 -0.989563 0.0393181 0.0936656 -0.994827 0.418085 -0.0837795 -0.904536 0.988907 -0.148537 0 0.992202 0.124644 0 0.394286 0.0767899 0.915774 0.0343289 -0.149098 -0.988226 0.121596 -0.155574 0.980312 0.300388 0.0451061 0.95275 0.146288 -0.0690543 -0.986829 0.0334054 -0.0750698 0.996619 -0.0672914 -0.664188 -0.74453 0.111082 -0.0198456 0.993613 -0.0401631 -0.172051 -0.984269 0.0229846 -0.163999 0.986193 -0.350883 0.0197627 -0.936211 -0.0509159 -0.0670258 0.996451 0.0244228 -0.0652139 0.997572 -0.064015 -0.216568 -0.974167 -0.066872 -0.0582319 0.996061 -0.375482 0.023719 -0.926526 -0.0352158 0.0133357 0.999291 -0.565488 0.12136 0.815779 -0.551078 0.0281474 -0.833979 -0.425482 -0.0243288 0.90464 -0.539719 -0.131701 -0.831479 -0.0341718 -0.0701057 0.996954 0.0653049 0.458437 0.886324 -0.0769788 0.0602085 -0.995213 -0.370673 -0.0322289 -0.928204 -0.0570673 0.0643243 0.996296 -0.327211 0.871957 0.364176 -0.00485333 0.00315991 0.999983 0 0 1 0 0 1 0 0 1 0 0 1 0 0 1 0 0 1 0 0 1 0 0 1 0 0 1 0 0 1 0 0 1 0 0 1 0 0 1 0 0 1 0 0 1 0 0 1 0 0 1 0 0 1 0.00458697 -0.00712835 0.999964 0 0 1 0 0 1 0 0 1 0 0 1 0 0 1 0 0 1 0.00666122 0.00950196 0.999933 -0.00396164 0.051551 0.998663 -0.00192068 -0.010896 0.999939 0.00792972 0.00813942 0.999935 0 0 1 0 0 1 0.00101981 -0.00685005 0.999976 4.0592e-05 -8.05596e-05 -1 -0.0107226 0.0212803 -0.999716 7.27956e-05 1.77633e-05 -1 -0.00738144 -0.109709 -0.993936 2.04719e-05 0.000304271 -1 9.66017e-05 8.41205e-05 -1 2.1387e-05 9.16177e-05 -1 0.000189979 -1.07002e-05 -1 0.022634 -0.0346916 -0.999142 0 0 -1 -0.000113857 8.53552e-05 -1 -8.76645e-05 -6.85622e-05 -1 0 0 -1 0 0 -1 0 0 -1 0 0 -1 -8.84968e-05 -6.27469e-05 -1 -4.60721e-05 0.000200102 -1 -0.000107721 9.424e-06 -1 -0.000102602 -8.97612e-06 -1 0 0 -1 0 0 -1 0 0 -1 -0.000250665 0.000478917 -1 -0.000145392 0.000165789 -1 -3.46385e-05 -9.52231e-05 -1 0.0257244 0.0707177 -0.997165 0.014177 -0.00921476 -0.999857 -0.000812591 0.000358873 -1 -5.33573e-05 -7.82516e-05 -1 -0.00300851 0.0174202 -0.999844 -3.01178e-05 -0.000602922 -1 0.000258531 -0.000552901 -1 0.00110642 0.000220554 -0.999999 0.000622156 0.000500258 -1 0.000644059 -0.000725961 -1 7.14513e-05 -3.64952e-06 -1 -6.38652e-05 0.00014352 -1 -0.0235309 0.0218336 -0.999485 -0.224803 -0.015852 -0.974275 0 0 -1 0.0198256 0.0388356 -0.999049 0 0 -1 0.44906 0.0943627 -0.888505 0.338841 -0.0214919 -0.940598 0 0 -1 0 0 -1 0 0 -1 0.0437921 0.927106 -0.372232 -0.0613064 0.851288 0.521104 0.284614 -0.948978 0.135777 0.332885 -0.106133 0.936976 -0.997527 -0.0702174 -0.00318988 -0.996565 -0.0765526 0.0315949 -0.0344491 -0.998874 0.0326247 -0.0130644 -0.980728 0.194939 -0.981463 0.116559 0.152133 -0.946462 0.0882474 0.310518 0.821388 0.470675 0.32216 0.777131 0.171979 0.605384 0.0175349 0.0257821 0.999514 -1.30198e-05 -0.00097738 1 0.125928 -0.00732565 0.992012 0.0382346 -0.092354 0.994992 0 0 1 0.000312871 0.000572124 1 -0.0331505 0.996923 -0.0710391 -0.866804 0.383722 0.318448 -0.323957 -0.570953 -0.754364 -0.912552 0.358762 -0.196314 0.0360264 0.121508 0.991936 0.33572 -0.617114 0.711661 -0.74074 0.335963 0.581749 -0.0864614 0.37906 0.921324 0.100905 -0.00677846 0.994873 -0.000129527 8.70127e-06 1 9.17626e-05 0.000418127 1 -0.0609568 -0.277757 0.958715 0.0324446 -0.170798 0.984772 -4.67867e-05 0.000246299 1 -0.000130621 -0.000440553 1 -0.448952 0.0557698 -0.891814 0 0 -1 0.0505981 -0.179903 -0.982382 0.171246 0.19731 -0.965269 0 0 -1 0.74074 -0.335963 -0.581749 0.0848499 -0.393296 -0.915488 0.331329 0.168191 -0.928403 -0.0551134 -0.184661 -0.981256 0 0 -1 -0.000281684 -0.00107612 -0.999999 -6.78699e-05 0.000242704 -1 -0.0728444 -0.997343 0 -0.866804 0.383722 0.318448 0.0677072 -0.997705 0 0.912552 -0.358762 0.196314 0.995608 -0.0239027 0.0905201 0.333346 0.136431 -0.932881 0.0194058 0.984403 -0.174855 -0.977225 -0.154581 -0.145385 0.0695643 0.838743 0.540065 0.912552 -0.358762 0.196314 0.381985 0.315268 0.868731 0.323957 0.570953 0.754364 0.866804 -0.383722 -0.318448 -0.642638 -0.646673 -0.410889 0.0196324 -0.173569 -0.984626 0.0172942 0.492729 -0.870011 -0.0532431 -0.255253 -0.965407 -0.0230679 -0.296345 -0.954803 -0.00632727 -0.433479 -0.901141 0.0642239 -0.238012 -0.969136 -0.215171 0.58305 -0.783424 0.96428 -0.0355534 0.262489 0.858661 0.320567 -0.399923 0.198089 0.828063 -0.524474 0.0356605 -0.930647 0.364177 -0.0265643 -0.999645 -0.00197485 -0.0740006 -0.976346 0.203154 -0.0901411 -0.989501 0.112969 0.0753431 -0.97561 0.206176 0.0109478 -0.0772839 0.996949 -0.00197597 0.0827121 0.996572 0.196298 -0.0294633 0.980101 0.205914 -0.0161215 0.978437 -0.0341329 0.0278297 0.99903 0.142274 -0.177756 0.973736 0.00921265 -0.0691194 -0.997566 -0.138667 0.753124 0.643098 -0.731553 0.101258 0.674224 -0.207389 -0.290351 0.934177 -0.198567 0.612462 -0.765154 -0.940277 -0.0505575 -0.336634 -0.0127443 0.994272 0.106113 -0.045189 0.991175 0.124621 0.0237114 -0.998969 -0.0387237 0.117866 -0.990874 0.0653906 -0.294368 -0.955616 -0.0120949 -0.0871561 0.996195 0 -0.144394 0.986222 -0.0807262 -0.286048 0.958012 0.0197663 -0.552879 0.755347 -0.351817 -0.837461 0.365642 0.406159 -0.996195 0.0871561 0 -0.962518 -0.271218 0 -0.910179 -0.0796307 0.406488 -0.749109 -0.533714 -0.39241 -0.306136 -0.951988 0 -0.0871561 -0.996195 0 -0.0871561 -0.996195 0 0.393956 -0.0735667 -0.91618 0 0 -1 -1.34132e-17 -0.219055 -0.975712 -0.560856 0.0490684 -0.826458 -0.170747 -0.0301074 -0.984855 0 0 -1 0 0 -1 0 0 -1 0 0 -1 -0.255936 0.0451285 -0.96564 0.802938 0.557423 0.211117 -0.459729 -0.0402209 -0.887148 0.135288 0.162343 -0.977416 0.562243 -0.0491897 -0.825508 0.147565 0.0260197 -0.98871 0 0 -1 0 0 -1 0 0 -1 0 0 -1 0.362258 -0.0638759 -0.929887 -0.0871555 0.996195 0 -0.0871555 0.996195 0 -0.441367 0.897327 0 -0.546713 0.53412 0.644841 -0.996195 0.0871555 0 -0.966545 -0.256499 0 -0.979429 -0.0856886 0.182692 -0.890618 -0.452359 0.0465871 -0.446132 -0.894967 0 -0.0871555 -0.996195 0 -0.0871555 -0.996195 0 0.813108 -0.524756 0.251966 0.888701 -0.0777516 -0.451846 0.878893 -0.405138 0.251814 0 0 1 0.763598 0.529688 0.369255 0.48479 -0.0854815 0.870443 0 0 1 0 0 1 0 0 1 0 0 1 -0.277264 -0.0488891 0.959549 -0.889138 0.0777898 -0.45098 2.62114e-17 0.428052 0.903754 0 0 1 0.910332 0.341763 0.233439 -0.629838 0.111057 0.768746 0 0 1 0 0 1 0 0 1 0 0 1 0.115285 0.0203279 0.993124 -0.0871561 0.996195 0 -0.0871561 0.996195 0 -0.386993 0.922082 0 -0.320195 0.939938 0.11829 -0.736891 0.674896 -0.0388128 -0.703831 0.708338 0.0536572 -0.953675 0.295321 -0.0573615 -0.859463 0.485998 0.158524 -0.996195 0.0871561 2.57598e-07 -0.997239 -0.0514641 0.053527 -0.995752 -0.0871174 -0.0298093 -0.630666 -0.762526 0.144272 -0.533777 -0.829163 0.166044 -0.306136 -0.951988 0 -0.0871561 -0.996195 0 -0.0871561 -0.996195 0 0 0 1 0 0 1 -0.847144 -0.346645 0.402721 0.313887 0.931234 0.185145 0.71332 -0.125778 0.68946 0 0 1 0 0 1 0 0 1 0 0 1 0 0 1 0 0 1 0 0 1 0 0 1 0 0 1 0 0 1 0 0 1 -0.629975 -0.257781 0.732585 -0.552971 -0.348459 0.756835 -0.705665 -0.563146 0.430004 0 0 1 0 0 1 0 0 1 0 0 1 0 0 1 -0.0882213 -0.0155558 0.995979 0.25707 -0.402572 0.87855 0.552212 -0.212194 0.806248 0 0 1 -0.0871558 0.996195 0 -0.0871558 0.996195 0 -0.573919 0.818912 0 -0.452699 0.764714 0.458558 -0.844948 0.500197 -0.189385 -0.453078 -0.0162628 0.891322 -0.344178 0.0301116 0.938422 -0.460596 -0.0402969 0.886695 -0.821101 -0.517424 0.240968 -0.389966 -0.463439 0.795708 -0.329266 -0.944237 0 -0.0871558 -0.996195 0 -0.0871558 -0.996195 0 -0.390974 0.0689392 -0.917816 0.157817 0.588981 -0.792588 0.291428 0.624969 -0.724213 0.413447 0.590463 -0.69312 0.64209 0.22087 -0.734123 0.112414 0.112414 -0.987282 0.160168 0.112151 -0.980698 0.203066 0.0946913 -0.974576 0.222098 0.059511 -0.973206 0.208678 0.0182569 -0.977814 0.151515 -0.0364345 -0.987783 0.120451 -0.0105381 -0.992663 0.143016 -0.0383209 -0.988978 0.15857 -0.0739424 -0.984575 0.158058 -0.110674 -0.981208 0.136843 -0.136843 -0.981095 0.101162 -0.144474 -0.984324 0.0632738 -0.135691 -0.988729 -0.0517896 -0.0715188 -0.996094 0 0 -1 0 0 -1 0 0 -1 0 0 -1 0 0 -1 0 0 -1 0 0 -1 0 0 -1 0 0 -1 0 0 -1 0 0 -1 0 0 -1 0 0 -1 0 0 -1 0 0 -1 0 0 -1 0 0 -1 0 0 -1 0 0 -1 0 0 -1 0 0 -1 0 0 -1 0 0 -1 0 0 -1 0 0 -1 0 0 -1 0 0 -1 0 0 -1 -0.477363 0.875671 0.0729682 -0.441338 0.855992 0.269256 -0.496224 0.725306 0.477173 -0.629941 0.528205 0.569363 -0.0970978 0.290826 0.951836 -0.217673 0.133619 0.966832 -0.250771 0.124518 0.960005 -0.666706 0.514134 0.539601 -0.413147 0.617086 0.669712 -0.604418 0.587602 0.537962 -0.741188 0.575489 0.345621 -0.791462 0.600132 0.115882 -0.187281 0.463904 0.865863 -0.592609 0.578002 0.561006 -0.791435 0.6003 0.115195 -0.989451 0 0.14487 -0.989451 0 0.14487 -0.929324 0 0.369265 -0.906308 0.000567557 0.422617 -0.784454 -0.000189827 0.620187 -0.746979 0.000189811 0.664848 -0.573577 -0.000567541 0.819151 -0.525034 0 0.851082 -0.314483 0 0.949263 -0.278255 0.000370609 0.960507 -0.0594937 -0.000359922 0.998229 0 0.996546 0.0830405 0 0.292207 0.956355 0.000194151 0.31426 0.949337 -0.000142856 0.47226 0.881459 0.000165535 0.511015 0.859572 -0.000110745 0.680113 0.733107 8.95486e-05 0.704066 0.710135 -0.000383404 0.835418 0.549615 0 0.855711 0.517454 0 0.95392 0.30006 0 0.95392 0.30006 0 0.996546 0.0830405 -0.000300334 0.0557418 0.998445 0 0.0830325 0.996547 0 0.0830325 0.996547 -0.0594075 -0.0538058 0.996783 -0.17053 -0.309656 0.935432 -0.252961 -0.494395 0.831615 -0.484317 -0.615982 0.621291 -0.222234 -0.930066 0.292556 -0.192039 -0.977998 0.0814949 -0.570196 -0.821136 0.0247427 -0.71322 -0.696357 0.0800247 -0.957627 -0.282609 0.0555139 -0.823702 -0.566493 0.0244884 -0.466123 -0.614478 0.636511 -0.447037 -0.765446 0.462871 -0.477777 -0.742573 0.469376 -0.222239 -0.225549 0.948545 -0.30832 -0.19701 0.930659 -0.625273 -0.357959 0.693469 -0.510777 -0.454962 0.729463 -0.724761 -0.382621 0.572994 -0.849401 -0.405718 0.337508 -0.859373 -0.495627 0.125825 0.484317 0.615982 0.621291 0.252961 0.494395 0.831615 0.17053 0.309656 0.935432 0.0868541 0.0827187 0.992781 0.222239 0.225549 0.948545 0.30832 0.19701 0.930659 0.625273 0.357959 0.693469 0.510777 0.454962 0.729463 0.724761 0.382621 0.572994 0.849401 0.405718 0.337508 0.859373 0.495627 0.125825 0.466123 0.614478 0.636511 0.447037 0.765446 0.462871 0.477777 0.742573 0.469376 0.222234 0.930066 0.292556 0.192039 0.977998 0.0814949 0.570195 0.821137 0.0247425 0.71322 0.696357 0.0800247 0.957627 0.282609 0.0555139 0.823702 0.566493 0.0244884 0 -0.996546 0.0830405 0 -0.0830325 0.996547 0 -0.0830325 0.996547 0 -0.0830325 0.996547 0 -0.292207 0.956355 -0.000194151 -0.31426 0.949337 0.000142856 -0.47226 0.881459 -0.000165535 -0.511015 0.859572 0.000110745 -0.680113 0.733107 -8.95486e-05 -0.704066 0.710135 0.000383404 -0.835418 0.549615 0 -0.855711 0.517454 0 -0.95392 0.30006 0 -0.95392 0.30006 0 -0.996546 0.0830405 0.989451 0 0.14487 0.0871528 0 0.996195 0.0871528 0 0.996195 0.989451 0 0.14487 0.929324 0 0.369265 0.906308 -0.000567557 0.422617 0.784454 0.000189827 0.620187 0.746979 -0.000189811 0.664848 0.573577 0.000567541 0.819151 0.525034 0 0.851082 0.314483 0 0.949263 0.314483 0 0.949263 0.0871528 0 0.996195 0.0871528 0 0.996195 0.629941 -0.528205 0.569363 0.496224 -0.725306 0.477173 0.441338 -0.855992 0.269256 0.477363 -0.875671 0.0729682 0.791435 -0.6003 0.115195 0.187281 -0.463904 0.865863 0.592609 -0.578002 0.561006 0.0970978 -0.290826 0.951836 0.0868541 -0.0827187 0.992781 0.181505 -0.182537 0.9663 0.309546 -0.176503 0.93436 0.666706 -0.514134 0.539601 0.413147 -0.617086 0.669712 0.604418 -0.587602 0.537962 0.741188 -0.575489 0.345621 0.791462 -0.600132 0.115882 0.504125 -0.785139 0.359742 0.982337 -0.105364 -0.154634 0.51616 0.10849 -0.849593 0.0433496 -0.998617 0.0297478 0.540267 -0.841428 -0.0104831 0.773759 -0.633295 0.015327 0.993927 -0.106607 -0.0272651 0.995126 0.0985781 -0.00252962 0.78523 0.618636 -0.026508 0.409595 0.911892 0.0261707 0.120259 0.992741 -0.00194315 0.0143708 -0.331052 0.943503 0.494799 -0.404976 0.768874 -0.28173 -0.959494 0 -0.479691 -0.86276 0.159815 -0.714794 -0.699335 0 -0.934704 -0.211802 0.285427 -0.885922 -0.463835 0 0.91171 0.175998 0.371228 0.846154 0.432801 0.310976 0.791268 0.52875 0.307111 0.170871 0.927229 0.33324 0.419419 0.865099 0.275121 0.302803 0.932705 0.195886 0.30376 0.925807 0.224968 0.317882 0.912446 0.257667 0.314737 0.913252 0.258674 0.243337 0.92448 0.293469 0.97855 0.133698 0.156734 0.937583 0.224528 0.265565 0.943258 0.240268 0.229208 0.30246 0.932681 0.196532 0.748322 0.632601 0.199575 0.744758 0.634888 0.205555 0.942859 0.256575 0.212572 0.949483 0.242319 0.19941 0.163029 0.981656 0.0988598 0.180361 0.974248 0.135314 0.811019 0.573226 0.116882 0.74129 0.643126 0.192036 0.469163 0.872597 0.135871 0.217867 0.962013 0.164514 0.2481 0.968258 0.0303802 0.195984 0.978274 0.06761 0.958672 0.232533 0.163943 0.959859 0.246775 0.133316 0.954885 0.280977 0.0961637 0.969757 0.199952 0.139965 0.976214 0.206047 0.0674677 0.223754 0.973905 0.0379918 0.457479 0.886643 0.0676629 0.621171 0.782732 -0.038426 0.809728 0.579926 0.0895944 0.923981 0.382303 0.0101943 0.976176 0.203335 0.0757268 0.99643 0.078421 0.0312641 0.610205 0.792178 0.0101957 0.885757 0.464147 -0.00118566 -0.343712 0.927551 0.146668 -0.18019 0.977711 0.107766 0.548037 0.836313 -0.0153518 0.435351 0.878649 0.196076 0.709969 0.670275 0.216047 0.251568 0.908898 0.332593 0.0237964 0.964398 0.263381 0.911313 0.410767 -0.027924 0.875312 0.473836 0.096479 0.86738 0.478373 0.137154 0.875103 0.374526 0.306472 0.970913 0.101903 0.216665 0.950906 0.16833 0.259697 0.92299 0.220395 0.315462 0.583471 0.697818 0.415466 0.162485 0.933683 0.319116 0.0871583 -0.996194 0 0.144868 -0.989451 -0.00042492 0.314483 -0.949263 0.000212465 0.509996 -0.860176 -0.00134867 0.692975 -0.72096 0.00133925 0.797054 -0.603908 -0.000623074 0.948639 -0.316355 0.00201741 0.992043 -0.125896 -0.000458793 0.992043 0.125896 0.000458793 0.986848 0.161651 0 0.906308 0.422617 0 0.906308 0.422617 0 0.734115 0.679025 0 0.734115 0.679025 0 0.510502 0.859877 0 0.310732 0.950494 -0.00276916 0.125896 0.992043 -0.000211596 0.223486 0.974518 0.0191861 0 0 -1 0 0 -1 0 0 -1 0 0 -1 0 0 -1 0 0 -1 0 0 -1 0 0 -1 0.903807 0.37311 0.209576 0.554983 0.830582 0.0461226 -0.0616716 0.474168 -0.878272 -0.0948437 0.344666 -0.933922 0.998778 0.045173 0.0200303 0.924267 0.381556 -0.0120562 0.722347 0.691495 0.00705185 0.555561 0.831446 -0.00705187 0.049088 0.998588 0.0202866 -0.128975 0.991633 -0.00552126 -0.746554 0.665285 0.00722565 -0.782866 0.622186 -0.00208187 0.555707 0.0251336 0.830998 0.386146 0.369653 0.845132 0.0280289 0.570187 0.821036 -0.427422 0.380893 0.819897 0.913011 -0.403906 -0.0571956 0.842435 -0.534248 0.0698689 0.569958 -0.81798 -0.0778219 0.0831958 -0.950921 0.298039 0.383666 -0.923472 0 0 -1 0 0 -1 0 0 -1 0 0 -1 0 0 0.999508 0.0313607 0 0.999508 0.0313607 0 0.99762 0.0689471 -1.18927e-06 0.997613 0.0690552 -3.33334e-06 0.994967 0.1002 0 0.994975 0.100123 0 0.990492 0.13757 0 0.990492 0.13757 0 0.985691 0.168563 -2.76561e-06 0.985677 0.168646 -1.02903e-05 0.97865 0.205536 0 0.978715 0.205224 0 0.971723 0.236125 -5.39096e-05 0.97114 0.23851 5.18944e-06 0.962149 0.272523 0 0.962115 0.272644 0 0.953129 0.302563 0 0.953129 0.302563 0 0.941069 0.338214 2.94527e-05 0.941251 0.337709 -4.8736e-05 0.946258 0.323414 0 0.946789 0.321854 0 0.964671 0.263456 0 0.964671 0.263456 0 0.975994 0.217799 0 0.975994 0.217799 0 0.987728 0.156184 0 0.987728 0.156184 0 0.99398 0.109559 0 0.99398 0.109559 0 0.998892 0.0470536 8.37219e-07 0.998894 0.0470296 -0.430982 0.854528 0.289889 -0.595848 0.719827 0.35611 -0.909348 0.22676 0.348808 -0.908068 0.2625 0.326353 -0.845505 0.447451 0.291393 -0.758312 0.582966 0.291743 -0.9471 0.251867 0.19891 -0.955437 0.182313 0.232168 -0.953519 0.133635 0.270079 -0.941404 0.156374 0.298841 -0.10324 0.9448 0.310956 -0.0725728 0.950616 0.301766 -0.96339 0.126787 0.236231 -0.904508 0.355669 0.235297 -0.706356 0.668099 0.233893 -0.467424 0.85273 0.233168 -0.021928 0.974764 0.22216 -0.98575 0.135799 0.0992721 -0.975956 0.170692 0.135551 -0.491446 0.831468 0.259116 -0.50562 0.854231 0.120988 -0.696376 0.709396 0.108709 -0.769592 0.624386 0.133683 -0.883284 0.450868 0.12856 -0.887222 0.442146 0.131695 -0.976283 0.169395 0.134822 -0.977501 0.128644 0.167163 -0.981438 0.189291 0.0307937 -0.985729 0.153943 0.0681252 -0.039137 0.989733 0.137465 -0.056877 0.990028 0.128881 -0.439273 0.89263 0.101248 -0.99012 0.130303 0.0518032 -0.944458 0.324515 0.051852 -0.324756 0.945797 -0.0011252 -0.0271666 0.999546 0.0130031 -0.078421 0.99643 0.0312641 -0.137905 0.98935 0.0465803 -0.891571 0.452819 0.00747301 -0.52039 0.853739 0.0179984 -0.749176 -0.651691 0.118463 -0.913132 -0.395044 0.100648 -0.852831 0.520466 0.0423632 -0.878649 0.435351 0.196076 -0.609913 0.753625 0.245062 -0.907114 0.284689 0.309995 -0.94382 0.20679 0.257762 -0.409248 0.911906 -0.0307198 -0.473836 0.875312 0.096479 -0.478373 0.86738 0.137154 -0.354311 0.872833 0.3356 0.239836 0.947508 0.211442 0.118533 0.957871 0.261599 -0.912641 0.264178 0.311924 0.955111 0.296248 0.000458782 0.943786 0.330556 0 0.734115 0.679025 0 0.734115 0.679025 0 0.510502 0.859877 0 0.510502 0.859877 0 0.258819 0.965926 0 0.125896 0.992043 -0.000988826 -0.0482833 0.998834 0.000599132 -0.282291 0.959328 -0.00111792 -0.528386 0.849002 0.00202356 -0.677115 0.735877 -0.000655879 -0.825424 0.564512 0.00119098 -0.906308 0.422617 0 -0.979327 0.202283 0 -0.996147 0.0876892 -0.00126466 -0.138055 0.990425 0 -0.498851 0.866335 0.0247435 -0.497343 0.867198 0.0248372 -0.906417 0.422102 0.0154337 0 0 -1 0 0 -1 -0.0279526 0.00512337 -0.999596 -0.0182911 0.0440262 -0.998863 -0.0557999 0.0345903 -0.997843 0 0 -1 0 0 -1 -0.00880595 0.0529925 -0.998556 -0.0559143 0.0354593 -0.997806 0 0 -1 -0.429999 -0.543811 0.720673 -0.0526378 -0.539306 -0.840463 -0.887217 -0.461108 0.014979 -0.619937 -0.784021 -0.0314464 -0.279562 -0.96005 0.0122096 0.287729 -0.957569 -0.0165665 0.653125 -0.756276 0.0383833 0.947721 -0.319011 -0.00751633 -0.509314 -0.264703 0.81886 -0.156246 -0.536569 0.829265 0.382443 -0.442843 0.810942 -0.999533 0.00242956 0.0304601 -1 0 0 -1 0 0 -1 0 0 -0.946885 0.319293 -0.0382371 -0.840457 0.532994 0.0977226 -0.652238 0.752007 -0.0952423 -0.140396 0.958908 0.246547 -0.383666 0.923472 0 0.376458 -0.838259 0.394463 0.489427 -0.803584 0.338695 0.484491 -0.806119 0.339766 0.802192 -0.483099 0.350861 0.861738 -0.314373 0.398216 0.832673 -0.465941 0.299257 0.948292 -0.152124 0.278569 0.944891 -0.23337 0.229605 0.943258 -0.19719 0.267173 0.931301 -0.212788 0.295634 0.133698 -0.97855 0.156734 0.224528 -0.937583 0.265565 0.240268 -0.943258 0.229208 0.891234 -0.391129 0.229608 0.409334 -0.891888 0.192305 0.273157 -0.941918 0.195389 0.277807 -0.940127 0.197445 0.980397 -0.170509 0.098733 0.98889 -0.0568586 0.137348 0.532712 -0.836922 0.125617 0.821911 -0.559844 0.105056 0.883614 -0.443577 0.149882 0.976117 -0.201656 0.080817 0.976214 -0.206047 0.0674677 0.23327 -0.958498 0.163913 0.218538 -0.96655 0.134245 0.217172 -0.960002 0.176726 0.974622 -0.204118 0.0919132 0.9574 -0.285498 0.0433228 0.860878 -0.506971 0.0432513 0.396767 -0.915834 0.0618373 0.373821 -0.92692 0.0328367 0.0361679 -0.999214 0.0162108 0.078421 -0.99643 0.0312641 0.137905 -0.98935 0.0465803 0.891571 -0.45282 0.00747303 0.52039 -0.853739 0.0179984 0.749185 0.651681 0.118464 0.913138 0.395031 0.100648 0.852831 -0.520466 0.0423632 0.878649 -0.435351 0.196076 0.875145 -0.446246 0.187047 0.853231 -0.466582 0.233021 0.409248 -0.911906 -0.0307198 0.473836 -0.875312 0.096479 0.478373 -0.86738 0.137154 0.434151 -0.87511 0.213766 0.415291 -0.88785 0.198129 0.435777 -0.868257 0.237125 0.44591 -0.846974 0.289481 0.833101 -0.4742 0.284739 0.941072 0 0.338206 0.941069 4.53849e-07 0.338214 0.952663 1.68712e-05 0.304028 0.953129 0 0.302563 0.962149 0 0.272523 0.962149 0 0.272523 0.971723 0 0.236125 0.971723 0 0.236125 0.97865 0 0.205536 0.978811 -2.59553e-05 0.204764 0.985691 7.91566e-06 0.168563 0.985733 0 0.168315 0.990492 0 0.13757 0.990492 0 0.13757 0.994967 0 0.1002 0.994967 0 0.1002 0.99762 0 0.0689471 0.99762 0 0.0689471 0.999508 0 0.0313607 0.99951 -2.75495e-06 0.0313105 0.998893 -5.21428e-07 0.0470307 0.998893 0 0.0470456 0.99398 0 0.109559 0.99398 0 0.109559 0.987728 0 0.156184 0.987728 0 0.156184 0.975994 0 0.217799 0.975994 0 0.217799 0.964671 0 0.263456 0.964671 0 0.263456 0.946258 0 0.323414 0.946258 0 0.323414 -0.996194 -0.0871583 0 -0.989451 -0.144868 -0.00042492 -0.949263 -0.314483 0.000212465 -0.860176 -0.509996 -0.00134867 -0.72096 -0.692975 0.00133925 -0.603908 -0.797054 -0.000623074 -0.352883 -0.935666 0.00170971 -0.202283 -0.979327 0 0.0291513 -0.999575 0 0.0871563 -0.996194 -0.000635231 0.314481 -0.949264 0.000212459 0.457189 -0.889369 -0.000914246 0.636606 -0.771189 0.00103381 0.771189 -0.636606 -0.00103381 0.889369 -0.457189 0.000914246 0.983379 -0.181563 -0.00120785 0.996195 -0.0871563 8.72786e-09 1 0 -3.31286e-07 1 4.60576e-08 -6.60639e-07 0.138055 -0.990425 0 0.498851 -0.866335 0.0247435 0.497343 -0.867198 0.0248372 0.906417 -0.422102 0.0154337 0 0 -1 0 0 -1 0 0 -1 0.0400767 -0.00734558 -0.99917 0.0352292 -0.0847955 -0.995775 0 0 -1 0 0 -1 0 0 -1 0.048353 -0.0724581 -0.996199 -0.663931 0.624964 0.410629 -0.439074 0.0549535 -0.896769 0.319115 -0.94409 -0.0828219 -0.358303 0.933188 0.0279064 -0.727755 0.685042 -0.0330116 -0.991566 0.129194 0.0103217 -0.967508 -0.251188 -0.0288474 -0.73982 -0.671593 0.0403657 0.082672 -0.996441 -0.0164493 -0.169964 0.442666 0.880431 -0.226104 0.0294597 0.973658 -0.163169 -0.148121 0.975416 0.00242956 0.999533 0.0304601 0 1 0 0 1 0 0 1 0 0.403906 0.913011 -0.0571956 0.534248 0.842435 0.0698689 0.81798 0.569958 -0.0778219 0.950921 0.0831958 0.298039 0.923472 0.383666 0 0.999533 -0.00242956 0.0304601 1 0 0 1 0 0 1 0 0 0 0 -1 0 0 -1 0 0 -1 0 0 -1 0 0 -1 0 0 -1 0 0 -1 0 0 -1 0 0 -1 0 0 -1 0 0 -1 0 0 -1 0 0 -1 0 0 -1 0 0 -1 0 0 -1 0 0 -1 0 0 -1 0 0 -1 0 0 -1 0 0 -1 0 0 -1 0 0 -1 0 0 -1 0 0 -1 0 0 -1 0 0 -1 0 0 -1 0 0 -1 0 0 -1 0 0 -1 0 0 -1 0 0 -1 0 0 -1 0 0 -1 0 0 -1 0 0 -1 0 0 -1 0 0 -1 0 0 -1 0 0 -1 0 0 -1 0 0 -1 0 0 -1 0 0 -1 0 0 -1 0 0 -1 0 0 -1 0 0 -1 0 0 -1 0 0 -1 0 0 -1 0 0 -1 0 0 -1 0 0 -1 0 0 -1 0 0 -1 0 0 -1 0 0 -1 0 0 -1 0 0 -1 0 0 -1 0 0 -1 0 0 -1 0 0 -1 0 0 -1 0 0 -1 0 0 -1 0 0 -1 0 0 -1 0 0 -1 0 0 -1 0 0 -1 0 0 -1 0 0 -1 0 0 -1 0 0 -1 0 0 -1 0 0 -1 0 0 -1 0 0 -1 0 0 -1 0 0 -1 0 0 -1 0 0 -1 0 0 -1 0 0 -1 0 0 -1 0 0 -1 0 0 -1 0 0 -1 0 0 -1 0 0 -1 0 0 -1 0 0 -1 0 0 -1 0 0 -1 0 0 -1 0 0 -1 0 0 -1 0 0 -1 0 0 -1 0 0 -1 0 0 -1 0 0 -1 0 0 -1 0 0 -1 0 0 -1 0 0 -1 0 0 -1 0 0 -1 0 0 -1 0 0 -1 0 0 -1 0 0 -1 0 0 -1 0 0 -1 0 0 -1 0 0 -1 0 0 -1 0 0 -1 0 0 -1 0 0 -1 0 0 -1 0 0 -1 0 0 -1 0 0 -1 0 0 -1 -0.999508 0 0.0313607 -0.999508 0 0.0313607 -0.99762 0 0.0689471 -0.99762 0 0.0689471 -0.994967 0 0.1002 -0.994967 0 0.1002 -0.990492 0 0.13757 -0.990492 0 0.13757 -0.985691 0 0.168563 -0.985691 0 0.168563 -0.97865 0 0.205536 -0.97865 0 0.205536 -0.971723 0 0.236125 -0.971723 0 0.236125 -0.962149 0 0.272523 -0.962149 0 0.272523 -0.953129 0 0.302563 -0.952663 -1.68712e-05 0.304028 -0.941069 -4.53849e-07 0.338214 -0.941072 0 0.338206 -0.946258 0 0.323414 -0.946258 0 0.323414 -0.964671 0 0.263456 -0.964671 0 0.263456 -0.975994 0 0.217799 -0.975994 0 0.217799 -0.987728 0 0.156184 -0.987728 0 0.156184 -0.99398 0 0.109559 -0.99398 0 0.109559 -0.998893 0 0.0470448 -0.998893 4.95439e-07 0.0470307 -0.91171 -0.175998 0.371228 -0.846154 -0.432801 0.310976 -0.791268 -0.52875 0.307111 -0.170871 -0.927229 0.33324 -0.450053 -0.840787 0.30088 -0.245519 -0.948695 0.199245 -0.226819 -0.946397 0.229971 -0.223319 -0.931791 0.286173 -0.314737 -0.913252 0.258674 -0.243337 -0.92448 0.293469 -0.97855 -0.133698 0.156734 -0.937583 -0.224528 0.265565 -0.943258 -0.240268 0.229208 -0.20489 -0.951779 0.228336 -0.423482 -0.887186 0.183202 -0.539402 -0.802605 0.254699 -0.766622 -0.595305 0.240629 -0.797145 -0.566044 0.210128 -0.942859 -0.256575 0.212572 -0.949483 -0.242319 0.19941 -0.186081 -0.97759 0.0984503 -0.14819 -0.979556 0.136051 -0.834661 -0.537462 0.120311 -0.796647 -0.589526 0.133461 -0.662526 -0.742364 0.0997778 -0.456881 -0.880453 0.126736 -0.141285 -0.975803 0.166872 -0.0984833 -0.992771 0.0686119 -0.958672 -0.232533 0.163943 -0.959859 -0.246775 0.133316 -0.954885 -0.280977 0.0961637 -0.189707 -0.977038 0.0969982 -0.314761 -0.945041 0.0884502 -0.969757 -0.199952 0.139965 -0.976214 -0.206047 0.0674677 -0.927383 -0.373872 0.0134181 -0.976176 -0.203335 0.0757268 -0.99643 -0.078421 0.0312641 -0.610205 -0.792178 0.0101957 -0.885757 -0.464147 -0.00118566 0.343726 -0.927546 0.146668 0.180199 -0.977709 0.107765 -0.548036 -0.836314 -0.0153508 -0.435351 -0.878649 0.196076 -0.709969 -0.670275 0.216047 -0.251568 -0.908898 0.332593 -0.0237964 -0.964398 0.263381 -0.911313 -0.410767 -0.027924 -0.875312 -0.473836 0.096479 -0.86738 -0.478373 0.137154 -0.875103 -0.374526 0.306472 -0.970913 -0.101903 0.216665 -0.950906 -0.16833 0.259697 -0.92299 -0.220395 0.315462 -0.583471 -0.697818 0.415466 -0.162485 -0.933683 0.319116 0 -0.941072 0.338206 4.53849e-07 -0.941069 0.338214 1.68712e-05 -0.952663 0.304028 0 -0.953129 0.302563 0 -0.962149 0.272523 0 -0.962149 0.272523 0 -0.971723 0.236125 0 -0.971723 0.236125 0 -0.97865 0.205536 0 -0.97865 0.205536 0 -0.985691 0.168563 0 -0.985691 0.168563 0 -0.990492 0.13757 0 -0.990492 0.13757 0 -0.994974 0.100131 3.00199e-06 -0.994967 0.1002 3.33895e-06 -0.997599 0.0692505 0 -0.99762 0.0689471 0 -0.999508 0.0313607 -3.63866e-06 -0.99951 0.0312944 -8.33929e-07 -0.998894 0.0470296 0 -0.998892 0.0470535 0 -0.99398 0.109559 0 -0.99398 0.109559 0 -0.987728 0.156184 0 -0.987728 0.156184 0 -0.975994 0.217799 0 -0.975994 0.217799 0 -0.964671 0.263456 0 -0.964671 0.263456 0 -0.946258 0.323414 0 -0.946258 0.323414 -0.185622 0.982621 0 -0.220997 0.975274 -0.000458779 -0.601401 0.798947 0.00106367 -0.637494 0.770455 0 -0.929543 0.368714 0 -0.929543 0.368714 0 -0.999575 -0.0291513 0 -0.989123 -0.147085 -0.00129267 -0.887962 -0.459909 0.00268627 -0.757884 -0.65239 0.000157292 -0.593375 -0.804925 0.00156854 -0.457603 -0.889157 -0.000458769 -0.165723 -0.986172 0.000661681 -0.125436 -0.992102 0 -0.223486 -0.974518 0.0191859 -1 0 -3.31288e-07 -1 -4.60573e-08 -6.60639e-07 -2.73692e-07 -4.37907e-06 -1 -0.000115083 0.000274608 1 0.0651126 0.187764 0.980054 1.62948e-06 3.27607e-08 1 -0.00343405 0.00283476 0.99999 -0.000113475 0.000271436 1 0 0 1 0 0 1 0 0 1 0 0 1 -1.10993e-05 -0.000215509 1 0 0 1 0 0 1 0 0 1 0 0 1 0 0 1 0 0 1 0 0 1 0 0 1 0 0 1 0 0 1 0 0 1 0 0 1 0 0 1 0 0 1 0 0 1 0 0 1 -0.00333895 -0.00111348 0.999994 -0.00331023 0.000611172 0.999994 0 0 1 0 0 1 0 0 1 0 0 1 0 0 1 0 0 1 0 0 1 0 0 1 0 0 1 0 0 1 0 0 1 0 0 1 0 0 1 0 0 1 0 0 1 0 0 1 0 0 1 0 0 1 0 0 1 0 0 1 0 0 1 0 0 1 0 0 1 0 0 1 0 0 1 0 0 1 0 0 1 0 0 1 0 0 1 0 0 1 0 0 1 0 0 1 0 0 1 0 0 1 0 0 1 0 0 1 0 0 1 0 0 1 0 0 1 0 0 1 0 0 1 0.000766782 -0.00122141 0.999999 -5.91356e-05 -7.23369e-05 1 0 0 1 0 0 1 0 0 1 0 0 1 -1.80337e-05 0.000244844 1 -0.000122915 0.000232394 1 6.63328e-05 -7.95158e-05 1 8.08178e-05 -0.000186398 1 0 0 1 0 0 1 -0.000242882 0.000297103 1 -0.0021934 0.00565583 0.999982 0 0 1 0 0 1 0 0 1 -0.000537139 0.00010934 1 0 0 1 0 0 1 0 0 1 0.000298063 -0.00301113 0.999995 0 0 1 0 0 1 0 0 1 0 0 1 -0.128061 0.0359278 0.991115 0 0 1 0 0 1 0 0 1 0 0 1 0.111106 -0.365678 0.924086 0 0 1 0 0 1 0 0 1 -0.111351 -0.350259 0.930011 0 0 1 0 0 1 0.276949 0.0828443 0.957307 3.72721e-07 -3.64344e-06 1 -4.96132e-07 2.93161e-07 1 0 0 1 0 0 1 0.0655614 -0.0203373 0.997641 0 0 1 -0.023122 -0.0163604 0.999599 0 0 1 0 0 1 0 0 1 -0.00356339 -0.00368614 0.999987 -0.00325306 0.00114706 0.999994 0.00456931 0.0539101 0.998535 0.00209427 -0.00473006 0.999987 0.054608 0.206953 0.976826 0 0 1 0 0 1 -0.281911 -0.0841962 0.955739 0 0 1 1.28426e-05 6.1394e-06 1 0 0 1 0 0 1 1.63836e-06 -7.20293e-07 1 -5.28239e-06 1.89764e-07 1 0 0 1 0 0 1 0 0 1 0 0 1 0 0 1 0 0 1 0 0 1 0 0 1 0 0 1 0 0 1 -6.70376e-07 1.97994e-07 1 0 0 1 -5.48276e-05 0.00503448 0.999987 -0.00187975 -8.73917e-05 0.999998 -0.000155714 1.6383e-05 1 0 0 -1 0 0 -1 -0.00366512 -0.0199965 -0.999793 -0.0384557 -0.0159768 -0.999133 -2.08883e-08 -8.59353e-06 -1 -0.0381816 -0.0152134 -0.999155 -0.0239888 -0.037827 -0.998996 -0.0256268 -0.0383262 -0.998937 0 0 -1 -0.0871558 0.996195 0 -0.0871558 0.996195 0 -0.258819 0.965926 0 -0.258819 0.965926 0 -0.422618 0.906308 0 -0.422618 0.906308 0 -0.573577 0.819152 0 -0.573577 0.819152 0 -0.707107 0.707107 0 -0.707107 0.707107 0 -0.819152 0.573577 0 -0.819152 0.573577 0 -0.906308 0.422618 0 -0.906308 0.422618 0 -0.965926 0.258819 0 -0.965926 0.258819 0 -0.996195 0.0871558 0 -0.996195 0.0871558 1.05605e-17 -0.996195 -0.0871558 -1.05605e-17 -0.996195 -0.0871558 0 -0.965926 -0.258819 0 -0.965926 -0.258819 0 -0.906308 -0.422618 0 -0.906308 -0.422618 0 -0.819152 -0.573577 0 -0.819152 -0.573577 0 -0.707107 -0.707107 0 -0.707107 -0.707107 0 -0.573577 -0.819152 0 -0.573577 -0.819152 0 -0.422618 -0.906308 0 -0.422618 -0.906308 0 -0.258819 -0.965926 0 -0.258819 -0.965926 0 -0.0871558 -0.996195 0 -0.0871558 -0.996195 0 0 -1 -6.07071e-06 -3.3279e-06 -1 3.78657e-06 -1.61103e-06 -1 -3.96198e-05 -2.42969e-07 -1 -1.15764e-05 -2.65518e-07 -1 -1.18024e-05 -2.77595e-07 -1 0 5.85156e-08 -1 1.43907e-06 6.8695e-06 1 0 -7.46804e-06 1 -3.71934e-05 0 1 -3.48315e-05 -9.56469e-07 1 -4.46351e-05 -2.65062e-06 1 -1.11621e-05 1.51764e-06 1 4.92359e-05 0.0871558 -0.996195 0 0.0871558 -0.996195 0 0.258819 -0.965926 0 0.258819 -0.965926 0 0.422618 -0.906308 0 0.422618 -0.906308 0 0.573577 -0.819152 0 0.573577 -0.819152 0 0.707107 -0.707107 0 0.707107 -0.707107 0 0.819152 -0.573577 0 0.819152 -0.573577 0 0.906308 -0.422618 0 0.906308 -0.422618 0 0.965926 -0.258819 0 0.965926 -0.258819 0 0.996195 -0.0871558 0 0.996195 -0.0871558 -1.05605e-17 0.996195 0.0871558 1.05605e-17 0.996195 0.0871558 0 0.965926 0.258819 0 0.965926 0.258819 0 0.906308 0.422618 0 0.906308 0.422618 0 0.819152 0.573577 0 0.819152 0.573577 0 0.707107 0.707107 0 0.707107 0.707107 0 0.573577 0.819152 0 0.573577 0.819152 0 0.422618 0.906308 0 0.422618 0.906308 0 0.258819 0.965926 0 0.258819 0.965926 0 0.0871558 0.996195 0 0.0871558 0.996195 0 0.202283 -0.979327 0 0.352883 -0.935666 -0.00170971 0.603908 -0.797054 0.000623074 0.72096 -0.692975 -0.00133926 0.860176 -0.509996 0.00134867 0.980401 -0.197012 -0.00109464 0.997723 0.0674253 0.00153392 0.975846 0.21846 -0.000655854 0.852114 0.523353 0.00201743 0.734115 0.679025 -0.000458744 0.49302 0.870018 0.000661706 0.457188 0.88937 0 0.144868 0.989451 0 0.144868 0.989451 0 0.0516645 -0.332272 0.941768 0.989429 -0.144607 0.0108943 0.995701 0.0881022 -0.0286005 0.50064 0.865569 0.0122442 0.297855 0.954324 -0.0234281 0.0933273 -0.992116 -0.0836414 0.766802 0.0678487 -0.638288 0.233345 0.179601 -0.955664 0.297906 0.954487 -0.0143841 0.979327 0.202283 -0.000524704 0.948639 0.316354 -0.00201741 0.797054 0.603908 0.000623074 0.695034 0.718976 -0.00130361 0.509996 0.860176 0.00158125 0.137046 0.990564 -0.00105252 -0.0674253 0.997723 0.0013392 -0.222392 0.974957 -0.000623088 -0.523353 0.852114 0.00201743 -0.679025 0.734115 -0.000458744 -0.870018 0.49302 0.000661706 -0.88937 0.457188 0 -0.989451 0.144868 0 -0.989451 0.144868 0 0.545569 -0.0401778 0.837102 0.43262 0.325653 0.840708 0.153375 0.520591 0.839917 -0.224247 0.507715 0.831828 -0.498684 0.225937 0.83682 0.997147 -0.0734336 0.0174803 0.863422 0.50447 -0.00348464 0.798917 0.601382 0.00839959 0.573132 0.819456 -0.00326699 0.282576 0.95913 0.0148435 0.0105166 0.999921 -0.00695465 -0.403991 0.914674 0.0127261 -0.487853 0.872924 0.00165399 -0.910808 0.412657 0.0119783 -0.995939 0.0832804 -0.0341898 0.861246 0.507937 -0.0159724 0.44546 0.636912 0.629212 0.00925737 0.880193 0.474526 -0.301592 0.658278 -0.689719 -0.939906 0.0977272 0.327148 -0.986172 -0.165723 0.000574618 -0.949075 -0.315048 -0.00136275 -0.840623 -0.54162 0.000914239 -0.63387 -0.773438 -0.0013487 -0.44047 -0.897767 0.00133919 -0.294882 -0.955534 -0.000623106 -0.0115821 -0.999931 0.00170971 0.144868 -0.989451 0 0.369265 -0.929324 0 0.369265 -0.929324 0 0.652066 -0.758162 0 0.679025 -0.734115 -0.000458744 0.870018 -0.49302 0.000661706 0.88937 -0.457188 0 0.998811 -0.0487464 0 0.999967 -0.00804185 -0.000661671 -0.563967 -0.10379 0.819249 -0.345917 -0.402687 0.847458 -0.116298 -0.51212 0.851004 0.115061 -0.519614 0.846618 0.440622 -0.33955 0.830998 -0.983163 -0.180936 0.0255641 -0.928142 -0.37217 -0.00653253 -0.651612 -0.758549 0.00219461 -0.5929 -0.805267 -0.00374108 -0.22145 -0.975163 0.00401461 -0.125898 -0.99204 -0.00238149 0.216196 -0.976341 0.00408958 0.355503 -0.934627 -0.00946033 0.791951 -0.61029 0.0189555 0.926466 -0.376201 -0.0115769 -0.776401 -0.147759 0.612674 -0.531006 -0.721203 0.444858 -0.0936144 -0.737654 -0.668658 0.075814 -0.401083 -0.912899 0.499489 -0.146854 -0.853782 -0.161651 0.986848 -0.000978724 -0.0981295 0.995174 0 -0.603908 0.797054 0 -0.541233 0.840871 0.00157784 -0.796466 0.604683 1.67448e-05 -0.860176 0.509996 0.00134867 -0.980401 0.197012 -0.00109464 -0.997723 -0.0674253 0.00153392 -0.975846 -0.21846 -0.000655854 -0.852114 -0.523353 0.00201743 -0.734115 -0.679025 -0.000458744 -0.49302 -0.870018 0.000661706 -0.457188 -0.88937 0 -0.144868 -0.989451 0 -0.144868 -0.989451 0 -0.214472 0.473782 0.854127 -0.265314 0.0769306 0.961088 -0.194727 -0.138096 0.971088 -0.412333 0.910869 0.0173193 -0.511741 0.859139 0.00105972 -0.975945 0.217962 0.00485804 -0.960425 0.278486 -0.00548507 -0.815699 -0.578476 -0.001152 -0.912473 -0.407512 0.0364371 -0.136045 -0.990691 0.00489601 -0.247568 0.415631 -0.875192 -0.276593 0.809199 -0.518357 -0.614338 0.137203 0.777022 -0.909587 -0.374754 -0.179475 0.012654 -0.632877 -0.774149 0.0871558 -0.996195 0 0.0871558 -0.996195 0 0.545695 -0.837984 0 0.354596 -0.0852691 0.931123 0.612065 -0.0535487 0.788993 0.951637 0.0832575 0.295728 0.285948 0.958245 0 0.0871558 0.996195 0 0.0871558 0.996195 0 0.0871561 -0.996195 0 0.0871561 -0.996195 0 0.538197 -0.842819 0 0.48801 -0.860647 0.145373 0.887988 -0.456938 -0.0518211 0.831218 -0.52752 0.175499 0.996195 -0.0871561 2.57598e-07 0.941054 0.303691 0.148961 0.926248 0.0810365 0.3681 0.882088 0.416658 0.219812 0.802335 0.56182 0.201536 0.321169 0.947022 0 0.0871561 0.996195 0 0.0871561 0.996195 0 0.0871555 -0.996195 0 0.0871555 -0.996195 0 0.551915 -0.8339 0 0.2682 -0.438952 0.857549 0.989608 -0.0865792 0.114808 0.996195 0.0871555 4.21305e-07 0.811561 0.50754 0.289435 0.417069 0.908875 0 0.0871555 0.996195 0 0.0871555 0.996195 0 0.0871561 -0.996195 0 0.0871561 -0.996195 0 0.478905 -0.877867 0 0.538253 -0.813308 -0.220939 0.562303 -0.243961 0.790126 0.921259 -0.0806001 0.380507 0.991044 0.0867055 0.101561 0.858788 0.476874 -0.18728 0.321169 0.947022 0 0.0871561 0.996195 0 0.0871561 0.996195 0 -8.58744e-05 0.725128 0.688614 0.000231596 0.645966 0.763366 -0.000175635 0.208728 0.977974 -0.552644 0.805457 -0.214063 -0.00639603 0.000159576 0.99998 -0.740686 0.25434 0.621849 -0.619887 0.281274 0.732547 -0.885613 0.454238 -0.0967354 -0.432737 0.888062 0.155189 -0.00579634 0.100952 0.994874 -0.00370558 -0.976771 -0.214255 -0.0803061 0.722786 0.68639 0.928127 0.308003 -0.209082 0.00031833 0.0138344 0.999904 0.132936 0.640233 0.756591 0.800513 0.570404 0.183896 0.977776 0.0758641 0.195447 0.695726 0.476842 0.537202 -0.791507 -0.00031824 0.61116 -0.645966 0.000207811 0.763366 -0.276695 -0.000310651 0.960958 0.791507 0.00031824 0.61116 0.645966 -0.000207811 0.763366 0.276695 0.000310651 0.960958 -0.945042 -0.283595 -0.162693 -0.000318326 -0.013836 0.999904 -0.132949 -0.640232 0.756589 -0.814399 -0.580291 0.0039834 -0.977776 -0.0758641 0.195447 -0.695726 -0.476842 0.537202 0.506076 -0.861535 -0.0405582 0.00639603 -0.000159576 0.99998 0.740686 -0.25434 0.621849 0.619887 -0.281274 0.732547 0.886282 -0.453813 -0.0925113 0.432737 -0.888062 0.155189 0.00579634 -0.100952 0.994874 0.00213168 0.912348 -0.40941 0.0761768 -0.668573 0.739734 0.000121057 -0.670522 0.74189 0 -0.645966 0.763366 0 -0.14005 0.990144 -0.125309 -0.991865 0.0224036 -0.0166367 -0.0353549 -0.999236 -0.0094286 -0.0171501 -0.999808 -0.0209307 -0.0329816 -0.999237 -0.0316143 -0.0229692 -0.999236 -0.0316076 -0.0229636 -0.999237 -0.0741005 -0.0240759 -0.99696 -0.0777569 -0.00489119 -0.99696 -0.0378406 0.00971583 -0.999237 -0.0378369 0.00971511 -0.999237 -0.0316092 0.0229655 -0.999236 -0.009542 0.00896053 -0.999914 -0.0059925 0.00638146 -0.999962 -0.00834294 0.0100849 -0.999914 -0.0209322 0.0329839 -0.999237 -0.00732094 0.0383776 -0.999237 -0.00732081 0.0383771 -0.999237 0 0 1 0 0 1 0 0 1 0 0 1 0 0 1 0 0 1 0 0 1 0 0 1 0 0 1 0 0 1 0 0 1 0 0 1 0 0 1 0 0 1 0 0 1 0 0 1 0 0 1 0 0 1 8.36497e-08 7.19897e-08 1 0 0 1 0 0 1 0 0 1 0 0 1 -2.99184e-07 4.28832e-07 1 0.0627521 0.997421 0.034831 0.198072 0.979489 0.0369972 0.308804 0.950422 0.0365813 0.300105 0.953271 0.0348092 0.425521 0.904278 0.0348307 0.446988 0.893666 0.0395371 0.535502 0.843816 0.0348148 0.581344 0.812514 0.0431294 0.637057 0.770061 0.034113 0.728289 0.683951 0.0424956 0.711207 0.702064 0.0359243 0.80845 0.587374 0.0374342 0.814851 0.578308 0.0397221 0.87582 0.481486 0.0333322 0.880911 0.471997 0.034851 0.929214 0.367898 0.0348313 0.93124 0.362631 0.0359424 0.96789 0.248481 0.0380154 0.964153 0.263058 0.0347903 0.991515 0.12524 0.0348342 0.993416 0.107993 0.0382465 0.99937 0 0.0354844 0.999114 -0.0171624 0.0384255 0.991564 -0.125264 0.0333029 0.982097 -0.183611 0.0421077 0.968018 -0.248558 0.0340681 0.941296 -0.335097 0.040887 0.929204 -0.367889 0.0351893 0.875629 -0.481381 0.0393348 0.870001 -0.491262 0.0419443 0.80854 -0.587453 0.0340903 0.786308 -0.616617 0.038767 0.728592 -0.684205 0.0319126 0.701082 -0.71214 0.036611 0.637068 -0.770083 0.0333966 0.619271 -0.784303 0.0370433 0.535527 -0.843856 0.0334259 0.517038 -0.855165 0.0369337 0.425535 -0.904323 0.0334588 0.417833 -0.907855 0.0348455 0.349061 -0.93645 0.0348908 0.308849 -0.950567 0.0321625 0.0627514 -0.997421 0.0348307 0.136434 -0.989754 0.0421062 0.187276 -0.981735 0.0335372 0.27875 -0.959675 0.0363728 -0.0781012 -0.0304341 -0.996481 -0.107155 -0.0642004 -0.992167 -0.309987 -0.121686 -0.942922 -0.107593 -0.166607 -0.980136 -0.179514 -0.0850806 -0.98007 -0.0864683 -0.0857365 -0.992559 -0.0730192 -0.0723683 -0.994702 -0.0468238 -0.206152 -0.977399 -0.0538861 -0.425248 -0.903471 -0.151499 -0.244377 -0.957773 -0.300834 -0.141268 -0.943156 0.0147679 -0.518933 -0.854687 -0.00356029 -0.537568 -0.843213 -0.0105119 -0.686667 -0.726896 -0.0220489 -0.712501 -0.701325 -0.0500726 -0.511523 -0.857809 -0.0506432 -0.667977 -0.742457 -0.0664634 -0.564767 -0.822569 -0.0675048 -0.449252 -0.890851 -0.50214 -0.124793 -0.855735 -0.464985 -0.15699 -0.871288 -0.0958236 -0.539254 -0.836674 -0.0879525 -0.529483 -0.843749 -0.490011 -0.0920497 -0.866843 -0.431852 -0.161233 -0.887416 -0.246254 -0.290964 -0.924499 -0.244508 -0.368638 -0.89684 -0.0796459 -0.390849 -0.917002 -0.157155 -0.378852 -0.912016 -0.308018 -0.116724 -0.944193 -0.193151 -0.205521 -0.959403 -0.183585 -0.222114 -0.957581 -0.549576 -0.0353703 -0.834695 -0.527107 -0.038237 -0.848938 -0.313613 -0.127902 -0.940897 -0.416449 -0.0817564 -0.905475 -0.911757 -0.0237315 -0.410044 -0.767769 -0.088972 -0.634519 -0.74862 -0.0709977 -0.659187 -0.963553 -0.00522546 -0.267465 -0.986739 -0.00457658 -0.162252 -0.729411 -0.0378638 -0.683028 -0.660697 -0.054794 -0.74865 -0.603761 -0.0541512 -0.795324 -0.841792 -0.00500208 -0.539778 -0.804909 -0.0341935 -0.592412 -0.416905 -0.103311 -0.90306 -0.397438 -0.103895 -0.911729 -0.904332 -0.0199139 -0.426364 -0.797139 -0.0309578 -0.603002 -3.27178e-05 -0.997361 -0.0726052 -0.000777227 -0.995103 -0.0988355 -0.0116981 -0.994962 -0.0995677 -0.992916 -0.00793525 -0.118555 -0.93963 -0.226769 -0.256264 -0.0203666 -0.984739 -0.172841 -0.252334 -0.912949 -0.320705 -0.68985 -0.660931 -0.295427 -0.688887 -0.668063 -0.281293 -0.111686 -0.952192 -0.284353 -0.909154 -0.245272 -0.336572 -0.855556 -0.0873612 -0.510287 -0.00146947 -0.887413 -0.460974 -0.00776097 -0.924509 -0.381081 -0.0116083 -0.944887 -0.327192 -0.0187084 -0.869174 -0.494152 -0.0176922 -0.86468 -0.502012 -0.359201 -0.692033 -0.626151 -0.063621 -0.717767 -0.693371 -0.0246216 -0.804867 -0.592945 -0.0688306 -0.730109 -0.679856 -0.0673693 -0.730153 -0.679955 -0.458112 -0.324541 -0.82753 -0.000359571 -0.984045 -0.177919 -0.00583037 -0.9737 -0.22776 -0.395581 -0.66518 -0.633287 -0.911401 -0.00287559 -0.41151 -0.918133 -0.00568134 -0.396233 -0.961489 -0.00401767 -0.274814 -0.670931 -0.0690761 -0.738296 -0.476464 -0.297253 -0.82742 -0.0178505 -0.77569 -0.630862 -0.99538 -0.00359256 -0.0959418 -0.228914 -0.943049 0.241366 -0.251579 -0.9655 0.0672125 -0.365749 -0.905781 -0.213985 -0.0829427 0.0147153 -0.996446 -0.487398 0.0370566 -0.872393 -0.101557 0.0852979 -0.991166 -0.296888 0.136043 -0.945172 -0.20534 0.167476 -0.964255 -0.114824 0.0553554 -0.991842 -0.159205 0.213155 -0.96396 -0.0405857 0.0514544 -0.99785 -0.119663 0.1917 -0.974131 -0.0638395 0.204176 -0.97685 -0.0638013 0.204119 -0.976865 -0.0610016 0.4715 -0.879753 -0.0350065 0.457331 -0.888607 0.0123182 0.489302 -0.872028 -0.320708 0.05085 -0.945812 -0.117606 0.179545 -0.976695 -0.959323 0.0248767 -0.281212 -0.498656 0.0447286 -0.865645 -0.405553 0.0927035 -0.909358 -0.0487225 0.45743 -0.88791 -0.0282472 0.622763 -0.781901 -0.00842791 0.58078 -0.814017 -0.0393335 0.624031 -0.780409 -0.0706765 0.513571 -0.855132 -0.0657003 0.459766 -0.885607 -0.131277 0.374239 -0.917993 -0.202411 0.469801 -0.859254 -0.123851 0.417391 -0.900248 -0.0990336 0.451605 -0.886705 -0.0805222 0.514895 -0.853463 -0.0746756 0.655422 -0.751562 -0.115045 0.320674 -0.940177 -0.57915 0.0718172 -0.812051 -0.706792 0.0178054 -0.707197 -0.694403 0.0355779 -0.718706 -0.380329 0.137458 -0.914579 -0.578331 -0.00391867 -0.815793 -0.296262 0.137408 -0.945171 -0.583437 0.0642955 -0.80961 -0.704682 0.0166266 -0.709329 -0.497506 0.0417656 -0.866454 -0.99266 0.0640215 -0.102606 -0.963753 0.0133275 -0.266463 -0.567623 0.499807 -0.654215 -0.864034 0.0405359 -0.501798 -0.521267 0.235777 -0.820177 -0.438869 0.24289 -0.8651 -0.473186 0.248632 -0.845149 -0.908994 0.0120731 -0.416635 -0.736185 0.0479658 -0.675079 -0.735734 0.0484125 -0.675538 -0.948848 0.0105089 -0.315557 -0.967914 0.000972048 -0.251282 -0.99174 0.00139824 -0.128255 -0.989137 0.000460927 -0.146993 -0.824461 0.00633052 -0.565883 -0.598755 0.075521 -0.797364 -0.418194 0.103523 -0.902439 -0.414242 0.103154 -0.904302 -0.296282 0.137408 -0.945165 -0.00396244 0.941795 -0.336164 -0.00186862 0.93598 -0.352048 -0.0018194 0.980253 -0.197737 -0.0020667 0.997137 -0.0755902 -0.779664 0.579721 -0.236744 -0.873419 0.0345629 -0.485742 -0.875472 0.0234555 -0.482699 -0.00162593 0.98012 -0.198399 -0.0138138 0.957037 -0.289638 -0.503445 0.818714 -0.276134 -0.143293 0.983266 -0.112497 -0.0116086 0.932708 -0.360445 -0.0352473 0.832705 -0.552593 -0.573587 0.243059 -0.782254 -0.0880152 0.403714 -0.910642 -0.152772 0.289991 -0.944757 -0.0119046 0.863751 -0.503779 -0.147639 0.728859 -0.668556 -0.0324954 0.81801 -0.574286 -0.202982 0.490641 -0.84739 -0.128732 0.644228 -0.753922 -0.0778373 0.660354 -0.746909 -0.128522 0.384496 -0.914136 -0.0595844 0.671114 -0.738956 -0.0453502 0.833034 -0.55136 -0.00556921 0.951138 -0.308717 -0.500111 0.714362 -0.489464 -0.844521 0.0232437 -0.535018 -0.767887 0.0609676 -0.637678 -0.702455 0.462531 -0.540946 -0.998771 0.000727934 -0.049568 -0.330094 0.286101 -0.899547 -0.365584 0.303348 -0.879959 -0.968773 0.000383709 0.24795 -0.999981 -0.000198558 0.00608331 -0.0992649 0.977414 0.186572 -0.945924 0.215905 0.242102 -0.903206 0.133109 -0.408046 -0.998189 0.000360577 -0.0601515 -0.998414 -0.00371498 -0.056178 -0.16669 0.960745 -0.221775 -0.170167 0.962017 -0.213462 0.482444 -0.0187936 -0.875725 0.115962 -0.0538079 -0.991795 0.482859 -0.050354 -0.874249 0.111682 -0.0460596 -0.992676 0.185547 -0.176928 -0.966576 0.0926814 -0.0576638 -0.994025 0.168994 -0.221419 -0.960424 -0.00898087 -0.456291 -0.889785 0.364386 -0.0884972 -0.927033 0.144189 -0.229988 -0.962453 0.0166377 -0.904281 -0.426613 0.928524 -0.0136547 -0.371021 0.0404107 -0.522819 -0.851485 0.078714 -0.474687 -0.876628 0.110826 -0.367726 -0.923307 0.176141 -0.503738 -0.845708 0.113545 -0.45765 -0.881853 0.0887613 -0.498217 -0.862497 0.0587607 -0.653519 -0.754625 0.177969 -0.234096 -0.955786 0.632878 -0.0801548 -0.770092 0.611987 -0.0536631 -0.789045 0.588538 -0.0154966 -0.808321 0.46778 -0.0434928 -0.882774 0.63293 -0.0293092 -0.773654 0.25277 -0.153443 -0.955281 0.262131 -0.142355 -0.954475 0.38821 -0.097702 -0.916377 0.373954 -0.109962 -0.920905 0.473482 -0.0788779 -0.877264 0.485766 -0.081521 -0.870279 0.644884 -0.0593129 -0.761976 0.746724 -0.0123497 -0.66502 0.991655 -0.0659276 -0.110788 0.969371 -0.0226559 -0.244555 0.444281 -0.579474 -0.683246 0.662101 -0.213337 -0.718407 0.401512 -0.255357 -0.879535 0.470596 -0.282444 -0.835922 0.92631 -0.0178178 -0.37634 0.899882 -0.0086047 -0.436048 0.752756 -0.0434351 -0.656865 0.646319 -0.0819065 -0.758658 0.46503 -0.110771 -0.878338 0.964436 -0.0018866 -0.264312 0.98639 -0.00362299 -0.164385 0.981983 -0.00184585 -0.18896 0.776489 -0.0177613 -0.62988 0.780653 -0.0212106 -0.624604 0.749099 -0.0389373 -0.661313 0.46621 -0.112089 -0.877544 0.000491984 -0.949044 -0.315143 0.000759844 -0.949502 -0.31376 0.000735779 -0.98219 -0.187891 0.0020667 -0.997137 -0.0755902 0.783658 -0.579666 -0.223311 0.859496 -0.0397616 -0.509594 0.00167118 -0.982502 -0.186244 0.00987197 -0.965084 -0.261755 0.00885256 -0.941391 -0.3372 0.373411 -0.880278 -0.292702 0.157519 -0.971329 -0.178069 0.0242674 -0.88597 -0.463106 0.681953 -0.17824 -0.709345 0.650494 -0.219015 -0.727249 0.405034 -0.183747 -0.895647 0.250903 -0.164281 -0.95397 0.0090652 -0.94189 -0.335799 0.0585103 -0.692825 -0.718728 0.0229428 -0.812591 -0.582382 0.0207234 -0.800367 -0.599152 0.0425619 -0.65365 -0.755599 0.124812 -0.352112 -0.927599 0.00750068 -0.877469 -0.479574 0.315658 -0.681269 -0.660479 0.105859 -0.818449 -0.564744 0.0290758 -0.829641 -0.55754 0.0248097 -0.886959 -0.461181 0.17768 -0.52987 -0.829257 0.0647709 -0.682779 -0.727748 0.0585977 -0.676468 -0.734137 0.0568495 -0.761688 -0.645446 0.299072 -0.549616 -0.78005 0.0980659 -0.833704 -0.543434 0.171164 -0.261 -0.950043 0.119062 -0.350833 -0.928838 0.0251763 -0.813081 -0.581605 0.486495 -0.729669 -0.480527 0.848102 -0.022941 -0.529336 0.840452 -0.0341292 -0.54081 0.758478 -0.516858 -0.396951 0.99774 -0.00096106 -0.0671925 0.215138 -0.945418 -0.244748 0.350248 -0.290272 -0.890544 6.16383e-06 -0.968773 0.24795 0 -0.968374 0.249503 0.0862252 -0.964767 0.248574 0.945924 -0.215905 0.242102 0.16669 -0.960745 -0.221775 0.170167 -0.962017 -0.213462 -0.0116279 -0.994378 -0.105249 0 -0.999711 -0.0240445 -3.65134e-05 -0.999676 -0.0254385 0.00239792 -0.997585 -0.0694088 0.0798169 0.0366458 -0.996136 0.425332 0.0762853 -0.901817 0.0825705 0.0321745 -0.996066 0.0682179 -0.0240863 -0.99738 0.173339 0.122162 -0.977256 0.12158 0.167418 -0.978361 0.158998 0.0740967 -0.984494 0.196153 0.169541 -0.965805 0.0419223 0.0416561 -0.998252 0.144345 0.231833 -0.961986 0.0369096 0.0933618 -0.994948 0.0611846 0.250485 -0.966185 0.371065 0.0200161 -0.928391 0.406836 0.0682632 -0.910947 0.104139 0.349972 -0.930954 0.991325 0.0016329 -0.131421 0.698237 0.0333312 -0.715091 0.0884387 0.44904 -0.889124 0.0141919 0.493074 -0.869872 0.0334238 0.73436 -0.677937 -0.0165361 0.585201 -0.81072 0.0238276 0.657269 -0.753279 0.0500334 0.491446 -0.86947 0.148431 0.305742 -0.940473 0.433576 0.140339 -0.890122 0.101049 0.62647 -0.772867 0.441973 0.141525 -0.885794 0.298097 0.17612 -0.938147 0.241421 0.323728 -0.914831 0.0937426 0.452479 -0.886834 0.439961 0.10096 -0.892324 0.12632 0.365312 -0.922275 0.276819 0.168779 -0.945984 0.223446 0.181556 -0.957658 0.126702 0.28414 -0.950374 0.490184 0.0611762 -0.869469 0.681314 0.0367765 -0.731067 0.576133 0.00398335 -0.817346 0.530198 0.0132565 -0.84777 0.816148 0.353752 -0.456905 0.902282 0.0246969 -0.430439 0.931537 0.0146694 -0.363351 0.630131 0.359331 -0.688343 0.769654 0.101443 -0.630351 0.886493 0.0234642 -0.462147 0.753992 0.0546053 -0.65461 0.788563 0.0404553 -0.613621 0.954741 0.0115606 -0.297213 0.971561 0.00353508 -0.236764 0.988646 0.00127049 -0.150258 0.997849 -7.34122e-05 -0.0655526 0.633043 0.0713881 -0.770818 0.883998 0.0110944 -0.467359 0.831314 0.0168671 -0.555547 0.790905 0.0319563 -0.611104 0.613474 0.0579881 -0.787583 0.511871 0.0736937 -0.855896 0.41119 0.0987633 -0.906183 0.295203 0.140972 -0.944977 3.27178e-05 0.997361 -0.0726052 0.000777227 0.995103 -0.0988355 0.0116981 0.994962 -0.0995677 0.996341 0.0144472 -0.0842331 0.966259 0.123885 -0.225822 0.0203666 0.984739 -0.172841 0.276678 0.913287 -0.298926 0.99128 0.127698 -0.0325023 0.660818 0.695215 -0.282836 0.788812 0.52832 -0.314091 0.658876 0.699725 -0.276166 0.0141353 0.911044 -0.412066 0.132379 0.94175 -0.309165 0.862153 0.276175 -0.424758 0.871719 0.0750874 -0.484218 0.0156972 0.920867 -0.38956 0.0066616 0.956081 -0.293026 0.00844069 0.836753 -0.547516 0.0522068 0.792624 -0.607471 0.048306 0.794328 -0.605565 0.0195442 0.864967 -0.501447 0.0621904 0.80701 -0.587254 0.404364 0.700425 -0.588128 0.51608 0.43181 -0.739731 0.413594 0.377125 -0.828684 0.000359571 0.984045 -0.177919 0.00583037 0.9737 -0.22776 0.0519828 0.883431 -0.465668 0.469472 0.640323 -0.607933 0.904274 0.00349119 -0.426938 0.935763 0.00545976 -0.352588 0.962061 0.00038872 -0.272833 0.299112 0.405684 -0.863685 0.07145 0.590106 -0.804157 0.0415452 0.736493 -0.675168 0.0194722 0.76443 -0.644413 -0.00407107 0.0714618 -0.997435 -0.00868348 0.0629937 -0.997976 -0.0193404 0.0665849 -0.997593 -0.0197042 0.0641993 -0.997743 -0.0225172 0.0604084 -0.99792 -0.0258733 0.0567206 -0.998055 -0.0349166 0.057467 -0.997737 -0.0415664 0.0616489 -0.997232 -0.0442866 0.0448744 -0.998011 -0.0538951 0.0424943 -0.997642 -0.0642549 0.0361405 -0.997279 -0.0647223 0.0231123 -0.997636 -0.0864062 0.016094 -0.99613 -0.12821 0.00220234 -0.991745 -0.0299404 -0.0164723 -0.999416 -0.0879169 -0.00955735 -0.996082 -0.0753299 -0.0204223 -0.99695 -0.102473 -0.0723949 -0.992098 -0.114908 -0.0617566 -0.991455 -0.0719779 -0.100384 -0.992342 -0.0314025 -0.063127 -0.997511 -0.0234796 -0.0745821 -0.996938 -0.0212288 -0.088261 -0.995871 -0.0161432 -0.0798323 -0.996678 -0.00436231 -0.0693299 -0.997584 0.968773 -0.000383709 0.24795 0.996017 0 0.0891598 0.000216397 0.968773 0.24795 0 0.982265 0.187498 0.98515 0.147318 0.088187 0.228897 0.943053 0.241367 0.991425 0.0206536 -0.129037 0.903206 -0.133109 -0.408046 0.998058 -0.0011649 -0.0622857 0.999848 0 -0.0174503 0.999198 0.000544563 -0.0400298 0.251563 0.965505 0.0672011 0.365738 0.905782 -0.213996 0.937872 0.34219 -0.0574661 0.0116279 0.994378 -0.105249 0 0.999711 -0.0240445 3.65134e-05 0.999676 -0.0254385 -0.00239792 0.997585 -0.0694088 0.00452072 -0.0718544 -0.997405 0.0221794 -0.0968818 -0.995049 0.0179566 -0.0983086 -0.994994 0.0249937 -0.0823409 -0.996291 0.021305 -0.0997717 -0.994782 0.0323384 -0.0729934 -0.996808 0.0433673 -0.0735647 -0.996347 0.0345564 -0.0459258 -0.998347 0.0334696 -0.0685081 -0.997089 0.0380698 -0.0411802 -0.998426 0.0550737 -0.0434185 -0.997538 0.122774 -0.0691859 -0.99002 0.131591 -0.0469165 -0.990193 0.0751324 -0.0154947 -0.997053 0.0746152 -0.00696865 -0.997188 0.0685047 0.000264321 -0.997651 0.0769879 -0.00246302 -0.997029 0.0580613 0.00631179 -0.998293 0.0583683 0.0157943 -0.99817 0.0444377 0.0420364 -0.998127 0.0363485 0.0430408 -0.998412 0.0330261 0.0484571 -0.998279 0.0470478 0.0944053 -0.994422 0.0351771 0.111739 -0.993115 0.0352345 0.111447 -0.993146 0.0161432 0.0798323 -0.996678 0.00139876 0.0666853 -0.997773 -0.0209468 -0.998854 0.0430284 -0.198072 -0.979489 0.0369972 -0.308804 -0.950422 0.0365813 -0.300105 -0.953271 0.0348092 -0.425521 -0.904278 0.0348307 -0.446988 -0.893666 0.0395371 -0.535502 -0.843816 0.0348148 -0.560257 -0.827387 0.0392803 -0.63707 -0.770082 0.0333964 -0.64525 -0.763177 0.0348506 -0.728531 -0.684126 0.0348321 -0.71153 -0.702016 0.0299593 -0.754081 -0.655854 0.0348884 -0.808526 -0.587429 0.0348292 -0.79953 -0.599783 0.0318152 -0.875798 -0.48147 0.0341133 -0.877426 -0.478446 0.0348367 -0.929214 -0.367898 0.0348313 -0.93124 -0.362631 0.0359424 -0.967888 -0.248489 0.0380153 -0.964153 -0.263058 0.0347925 -0.991513 -0.125254 0.0348314 -0.993416 -0.107993 0.0382465 -0.99937 1.60627e-05 0.035484 -0.999386 -0.00385607 0.0348195 -0.995061 0.0929333 0.0348815 -0.991613 0.125275 0.0317754 -0.978425 0.202739 0.0397701 -0.968021 0.248546 0.0340697 -0.941296 0.335097 0.0408947 -0.929194 0.367913 0.0351867 -0.875642 0.481356 0.0393283 -0.870001 0.491262 0.0419443 -0.808546 0.587444 0.0340911 -0.786308 0.616617 0.0387733 -0.728597 0.684198 0.0319116 -0.677624 0.734296 0.0404346 -0.637053 0.770065 0.0341137 -0.601909 0.797674 0.0377136 -0.535552 0.843895 0.0320209 -0.505333 0.862152 0.0364998 -0.425537 0.904322 0.0334589 -0.406801 0.912775 0.0368182 -0.308844 0.950523 0.0334961 -0.0627528 0.997421 0.0348305 -0.0627513 0.997421 0.0348308 -0.179574 0.983127 0.0348468 -0.187276 0.981735 0.0335372 -0.290258 0.956244 0.0367119 0.125309 0.991865 0.0224036 0.0166367 0.0353549 -0.999236 0.0094286 0.0171501 -0.999808 0.0209307 0.0329816 -0.999237 0.0316143 0.0229692 -0.999236 0.0316076 0.0229636 -0.999237 0.0740893 0.0240715 -0.996961 0.0390854 0 -0.999236 0.0129888 -0.00164087 -0.999914 0.0260792 -0.0016414 -0.999659 0.0342386 -0.0188228 -0.999236 0.0342332 -0.0188203 -0.999237 0.024905 -0.030105 -0.999236 0.0070138 -0.011052 -0.999914 0.0153583 -0.0211393 -0.999659 0.00732129 -0.0383794 -0.999236 0.00732085 -0.0383777 -0.999236 0 0 -1 0 0 -1 0 0 -1 0 0 -1 0 0 -1 0 0 -1 0 0 -1 0 0 -1 0 0 -1 0 0 -1 0 0 -1 0 0 -1 0 0 -1 0 0 -1 0 0 -1 0 0 -1 0 0 -1 0 0 -1 0 0 -1 0 0 -1 0 0 -1 0 0 -1 0 0 -1 0 0 -1 0 0 -1 0 0 -1 0 0 -1 0 0 -1 0 0 -1 -7.8097e-07 1 2.73284e-06 -4.20242e-07 1 8.37936e-07 0.989436 0.144864 0.00557685 0.960143 0.279463 -0.00503926 0.869948 0.49298 0.012695 0.771145 0.636572 -0.0105576 0.604669 0.796447 0.00700222 0.45717 0.889327 -0.00960927 0.279465 0.960143 0.00503914 0.144864 0.989436 -0.00557696 1 -1.5847e-07 -8.27857e-07 1 1.5847e-07 8.27857e-07 0.431034 -0.901842 -0.0298497 0.665708 -0.746058 0.0151704 0.79313 -0.608909 -0.0132133 0.937108 -0.348912 0.00939603 0.97524 -0.220987 -0.00850799 0 0 -1 0 0 -1 0 0 -1 0 0 -1 0 0 -1 0 0 -1 0 0 -1 0 0 -1 0 0 -1 0 0 -1 0.0011118 0.000330601 -0.999999 0 0 -1 0.000110991 0.000487263 -1 -9.25619e-05 -0.000142132 -1 0 0 -1 0 0 -1 0 0 -1 0 0 -1 0 0 -1 0.000330601 -0.0011118 -0.999999 0 0 -1 0 0 -1 -0.000119976 -0.000185404 -1 -2.75696e-05 -0.000126032 -1 0 0 -1 0 0 -1 0 0 -1 0 0 -1 0 0 -1 0 0 -1 0 0 -1 0 0 -1 0 0 -1 0 0 -1 0 0 -1 0 0 -1 0 0 -1 0 0 -1 0 0 -1 0 0 -1 0 0 -1 0 0 -1 0 0 -1 0 0 -1 0 0 -1 0 0 -1 0 0 -1 0 0 -1 -0.000185404 0.000119976 -1 -0.000126032 2.75696e-05 -1 0 0 -1 0 0 -1 0 0 -1 0 0 -1 4.16877e-06 -1 2.05289e-05 4.20242e-07 -1 8.37936e-07 -0.923625 -0.381465 -0.0374477 -0.74611 -0.665753 0.00963349 -0.637414 -0.770357 -0.0159378 -0.348912 -0.937108 0.00939603 -0.220987 -0.97524 -0.00850799 -1 -4.16877e-06 2.17779e-05 -1 -1.5847e-07 8.27857e-07 -0.477094 0.878844 -0.00387501 -0.568476 0.822413 0.0217468 -0.830267 0.557205 -0.0133823 -0.915545 0.401935 0.0149973 -0.989436 0.144864 -0.00557696 -0.0553961 0.998464 0 -0.176795 0.975214 0.13305 0.118406 0.991139 0.0601982 0 0 -1 0 0 -1 0 0 -1 0 0 -1 0 0 -1 0 0 -1 0 0 -1 -5.51146e-07 3.75746e-07 -1 -2.97328e-07 -2.65306e-07 -1 0 0 -1 0 0 -1 -4.27243e-08 -4.35594e-08 -1 -5.77562e-07 -2.40772e-12 -1 0 0 -1 0 0 -1 0 0 -1 0 0 -1 0 0 -1 0 0 -1 0 0 -1 0 0 -1 0 0 -1 0 0 -1 0 0 -1 0 0 -1 -0.51541 -0.834853 -0.19332 -0.414123 -0.735938 -0.535627 -0.705756 -0.0617486 -0.705759 -0.705757 -0.0617473 -0.705757 -0.705757 0.0617487 -0.705757 -0.705757 0.0617472 -0.705759 -0.474517 0.660398 -0.581986 -0.62954 -0.692019 -0.353255 -0.504718 -0.616669 -0.604135 -0.705757 -0.0617437 -0.705758 -0.705754 -0.061747 -0.705761 -0.705754 0.0617434 -0.705761 -0.705757 0.0617472 -0.705759 -0.496276 0.629347 -0.598023 -0.86652 0.466643 0.177166 -0.495686 -0.867272 -0.0462062 -0.129837 -0.120422 0.984196 -0.905587 -0.117776 -0.407482 -0.572765 0.529348 0.625883 0.00364091 0.106139 0.994345 0.802552 -0.566095 0.188273 -0.0961165 -0.0494625 0.99414 0.0442425 0.942688 0.33073 -0.921649 0.231146 0.311665 -0.901848 -0.428801 -0.0529139 -0.962505 -0.27092 0.0136673 -0.706247 0.705622 0.0575603 0.15422 0.979503 -0.129579 -0.0444433 -0.706408 -0.706408 -0.0444434 -0.706406 -0.70641 -0.150136 -0.692379 -0.705741 -0.590073 -0.467551 -0.658187 -0.161894 0.690313 -0.705165 -0.0444432 0.706406 -0.70641 -0.0444435 0.706408 -0.706408 -0.0427328 -0.706454 -0.706467 -0.0427327 -0.706458 -0.706464 -0.127576 -0.696156 -0.706464 -0.0780764 -0.227226 -0.970707 -0.40749 -0.907644 -0.100668 -0.421426 -0.902637 -0.0874413 -0.48755 -0.867303 -0.100399 -0.118349 -0.140243 -0.983019 -0.142455 -0.0861169 -0.986048 -0.133759 -0.0798669 -0.98779 -0.235917 -0.0949544 -0.967123 -0.160069 -0.036047 -0.986447 -0.67543 -0.235304 -0.698875 -0.706458 -0.042733 -0.706464 -0.706454 -0.0427325 -0.706468 -0.706454 0.0427328 -0.706467 -0.706458 0.0427327 -0.706464 -0.691577 0.15574 -0.705313 -0.107201 0.0534801 -0.992798 -0.11263 0.0506904 -0.992343 -0.14878 0.0600014 -0.987048 -0.234135 0.16868 -0.957459 -0.213675 0.159262 -0.963835 -0.326322 0.353712 -0.876585 -0.309787 0.51245 -0.800892 -0.0842098 0.283529 -0.955259 -0.0457815 0.95748 -0.284845 -0.338789 0.922306 -0.185938 -0.233015 0.675963 -0.699127 -0.042733 0.706458 -0.706464 -0.0427325 0.706454 -0.706468 -0.0444433 -0.706408 -0.706408 -0.0444433 -0.706409 -0.706407 -0.200888 -0.682725 -0.702518 -0.200888 -0.682727 -0.702515 -0.364625 -0.611517 -0.702208 -0.120368 -0.167391 -0.978515 -0.518002 -0.486436 -0.703601 -0.154583 -0.0884063 -0.984017 -0.197796 -0.0463614 -0.979146 -0.121693 0.264575 -0.956656 -0.632078 -0.00476623 -0.77489 -0.0827787 0.0450474 -0.995549 -0.156376 0.107058 -0.981878 -0.314435 0.47061 -0.824413 -0.378837 0.515635 -0.768508 -0.0672511 0.113914 -0.991212 -0.172217 0.616751 -0.768088 -0.0464951 0.442477 -0.895574 -0.0952692 0.703891 -0.703891 -0.250048 -0.968234 0 -0.996194 -0.0871599 0 -0.996194 -0.0871599 -8.21729e-18 -0.996194 0.0871599 8.21729e-18 -0.996194 0.0871599 0 -0.634165 0.773198 0 0.447494 0.0391524 -0.89343 0.623394 0.41502 -0.662675 0.418021 -0.0365739 -0.907701 -0.481186 -0.876619 0 -0.996195 -0.0871528 0 -0.996195 -0.0871528 -8.21663e-18 -0.996195 0.0871528 8.21663e-18 -0.996195 0.0871528 0 -0.67591 0.736984 0 -0.382468 -0.0334606 -0.923362 -0.0790075 -0.838388 -0.539317 -0.0367131 0.887497 -0.459348 -0.382468 0.0334605 -0.923362 -0.634149 -0.770273 -0.0673384 -0.888655 -0.457311 0.0340435 -0.993918 -0.109576 -0.011004 -0.873898 0.481758 0.0649016 -0.27153 0.962126 0.0242092 -0.284086 -0.958764 -0.00816414 -0.853545 0.520991 -0.00541909 -0.405543 0.911912 0.0628644 -0.467209 -0.881459 0.0688848 -0.92718 -0.36659 -0.0771256 -0.347399 0.932755 -0.096341 -0.316101 -0.942126 -0.111709 -0.991633 -0.128967 -0.0055415 -0.998715 -0.032173 -0.0391575 -0.733944 0.67831 0.0349554 -0.296141 0.949584 -0.102906 6.11864e-06 0.000273851 1 0.000208015 0.000147882 1 5.55419e-05 7.74913e-05 1 0 0 1 0 0 1 -0.000220417 -0.000318112 1 0.000162533 6.32005e-05 1 -2.82091e-05 -5.07165e-05 1 -1.97257e-05 9.91698e-05 1 0 0 1 0 0 1 0 0 1 0 0 1 0 0 1 -8.85381e-05 -3.17613e-05 1 -3.50362e-05 -3.1764e-05 1 7.82681e-05 -3.16496e-05 1 0 0 1 0 0 1 0.000101977 -6.39458e-05 1 -0.000101219 -0.00024231 1 -1.96858e-05 1.6422e-05 1 3.23153e-06 -2.11806e-07 1 4.44508e-06 -1.3657e-06 1 -0.000120755 0.000336328 1 0 0 1 0 0 1 8.46042e-05 0.000202536 1 8.14769e-05 -9.8523e-05 1 0 0 1 0 0 1 -0.000558804 -0.000454967 1 -0.000164419 0.000127973 1 0.000456022 0.000144025 1 0 0 1 0 0 1 0 0 1 0 0 1 0 0 1 0 0 1 -0.000153921 0.000104481 1 4.09006e-05 -8.94212e-05 1 0.000125471 -4.51953e-05 1 4.92571e-05 8.8558e-05 1 4.6731e-05 0.000184537 1 2.27563e-05 -0.000421857 1 0 0 1 0 0 1 0 0 1 9.79347e-05 8.87883e-05 1 -0.000316555 0.00011473 1 8.46697e-05 -6.32913e-05 1 0 0 1 0 0 1 0 0 1 0 0 1 0 0 1 -6.06473e-05 -5.63764e-05 1 -1.30548e-05 -8.55652e-07 1 -1.54045e-05 -3.06415e-06 1 2.53792e-05 5.04312e-05 1 -3.71881e-05 -1.26237e-05 1 -4.56455e-05 -2.50403e-05 1 -4.53218e-05 -1.82771e-05 1 0 0 1 0 0 1 0 0 1 -7.62866e-06 1.43953e-05 1 8.5204e-05 0.000464076 1 0.000125819 -0.000192581 1 4.9862e-06 5.49186e-21 1 3.05467e-07 -4.40971e-05 1 0 0 1 0 0 1 -0.0015403 0.00143238 0.999998 0.00152401 0.000755035 0.999999 -3.19112e-06 1.14846e-05 1 -5.49366e-07 8.38171e-06 1 0 0 1 0 0 1 0 0 1 -0.000910458 -0.00270279 0.999996 0.000168203 -0.000130917 1 -0.000353321 -0.000150515 1 0 0 1 0 0 1 0 0 1 0 0 1 9.11211e-05 7.3949e-05 1 -0.0825794 0.996584 0 -0.0825794 0.996584 0 -0.298461 0.954422 0 -0.298461 0.954422 0 -0.500048 0.865997 0 -0.546295 0.836166 -0.0488732 -0.743213 0.668471 0.0279616 -0.788904 0.614029 -0.0244585 -0.894532 0.442243 0.0650597 -0.944687 0.324311 -0.048873 -0.993792 0.110049 0.016358 -0.994593 0.103124 0.0122292 -0.99907 -0.0413214 0.0122843 -0.993393 -0.110005 0.0327029 -0.986361 -0.164595 0 -0.926515 -0.376257 0 -0.926515 -0.376257 0 -0.821746 -0.569854 0 -0.735973 -0.667238 -0.114614 -0.635746 -0.771855 -0.00817975 -0.451115 -0.89155 -0.040421 -0.486081 -0.873914 0 -0.245485 -0.9694 0 -0.245485 -0.9694 0 -0.0825794 -0.996584 0 -0.0825794 -0.996584 0 0 0 1 0 0 1 0 0 1 0 0 1 0 0 1 0 0 1 0 0 1 0 0 1 0 0 1 0 0 1 0 0 1 0 0 1 0 0 1 0 0 1 0 0 1 0 0 1 0 0 1 0 0 1 0 0 1 0 0 1 0 0 1 0 0 1 0 0 1 0 0 1 0 0 1 -2.16788e-12 -8.02732e-07 1 0 0 1 0 0 1 4.81175e-08 4.30957e-08 1 0 0 1 0 0 1 0 0 1 0 0 1 -1.70457e-06 -2.39311e-06 1 0 0 1 0.312966 -0.0319855 -0.949225 0.587819 -0.246816 -0.770423 0.431487 -0.323255 -0.842214 0.158105 -0.329446 -0.930843 0.039457 -0.0636174 -0.997194 0.0201194 -0.0645654 -0.997711 0.017846 -0.0606503 -0.998 0.00661269 -0.105106 -0.994439 0.014065 8.13299e-17 -0.999901 0 0 -1 0 0 -1 0 0 -1 0 0 -1 -0.115656 -0.430021 -0.89538 -0.311772 -0.344762 -0.885402 -0.0701802 -0.0776062 -0.994511 -0.158511 -0.250041 -0.955172 -0.567101 -0.303017 -0.765884 0 0 -1 0 0 -1 0 0 -1 0 0 -1 0 0 -1 0 0 -1 0 0 -1 0 0 -1 0 0 -1 0 0 -1 0 0 -1 0 0 -1 0 0 -1 0.298508 0.104 -0.948724 0.413891 0.0250357 -0.909982 0.357882 -0.0216478 -0.933516 -0.0627903 -0.998027 0 -0.0627903 -0.998027 0 -0.187382 -0.982287 0 -0.225334 -0.962236 -0.152729 -0.390693 -0.920482 -0.00853864 -0.567844 -0.823092 -0.00853802 -0.728907 -0.653421 -0.204294 -0.824422 -0.512132 -0.240933 -0.531293 -0.0996825 -0.841303 -0.940134 -0.330896 -0.0815781 -0.861847 -0.125211 -0.491469 -0.998644 0.0416025 0.0312871 -0.833244 0.149719 -0.532249 -0.904665 0.364843 -0.220161 -0.714148 0.34514 -0.608992 -0.496816 0.335666 -0.800314 -0.579597 0.592212 -0.559779 -0.381533 0.739046 -0.555196 -0.168593 0.930602 -0.324895 -0.244112 0.969747 0 -0.0627903 0.998027 0 -0.0627903 0.998027 0 -0.507235 0.539328 -0.672189 -0.281383 0.72102 -0.633209 -0.121254 0.113153 -0.986151 -0.0201575 0.075715 -0.996926 -0.0163211 -0.00206184 -0.999865 0 0 -1 0 0 -1 0 0 -1 0 0 -1 -0.15974 0.0201799 -0.986953 0.137166 0.619489 -0.772929 0.233964 0.590924 -0.772055 0.304642 0.676199 -0.670781 0.362527 0.4486 -0.816904 0.450618 0.45524 -0.767919 0.558196 0.306871 -0.770875 0.56162 0.307789 -0.768016 0.616241 0.172074 -0.76853 0.838018 0.152828 -0.523803 0.769868 0.0808973 -0.633055 0.901722 -0.154448 -0.403786 0.949356 -0.0997578 0.297945 0.0721304 -0.0421778 -0.996503 0.396332 -0.364179 -0.84279 0.271984 -0.328772 -0.904397 0.15504 -0.0820467 -0.984495 0.0418652 -0.095843 -0.994516 0.0666655 -0.185431 -0.980393 0.0242826 -0.127294 -0.991568 0.00973578 -0.154746 -0.987906 0.0268499 1.86308e-16 -0.99964 0 0 -1 0 0 -1 0 0 -1 -0.0377732 -0.0907613 -0.995156 -0.0482729 -0.0955892 -0.99425 -0.274513 -0.453474 -0.847941 -0.17248 -0.391925 -0.903684 -0.0412338 -0.0412415 -0.998298 -0.0981109 -0.0777393 -0.992135 -0.0616045 -0.0247599 -0.997793 -0.0627903 -0.998027 0 -0.0627903 -0.998027 0 -0.228327 -0.973585 0 -0.276481 -0.939632 -0.201617 -0.447109 -0.885357 0.127424 -0.507959 -0.851904 -0.127425 -0.672098 -0.672224 0.310481 -0.720559 -0.67665 0.151458 -0.884456 -0.466503 -0.0106534 -0.884211 -0.466915 -0.0127104 -0.862211 -0.228065 -0.452304 -0.974606 -0.122447 -0.187483 -0.951644 0.154416 -0.265573 -0.752927 0.366 -0.546941 -0.93849 0.311844 -0.148293 -0.799785 0.536826 -0.268631 -0.783476 0.536381 -0.313786 -0.592983 0.709512 -0.380742 -0.44909 0.876757 0.172092 -0.268592 0.961898 0.0510976 -0.256271 0.962597 0.087933 -0.0620546 0.986333 -0.152634 -0.104504 0.994524 0 -0.00445946 0.0179543 -0.999829 3.27495e-07 1.16247e-07 -1 0.021809 -0.0234209 -0.999488 -0.00467249 0.00251685 -0.999986 0.00158299 0.0135012 -0.999908 -0.00154254 -0.0941911 -0.995553 3.93735e-05 4.07071e-05 -1 -0.0159716 -0.00247753 -0.999869 -1.27621e-05 -2.75138e-05 -1 0 0 -1 -1.47179e-05 -4.90524e-05 -1 0 0 -1 0 0 -1 0 0 -1 -0.00338447 0.00631218 -0.999974 0 0 -1 0.0325779 0.0184914 -0.999298 0 0 -1 -0.0383418 0.0031323 -0.99926 0 0 -1 0.0406863 -0.0119776 -0.9991 0.0193165 0.0100169 -0.999763 -8.26069e-08 -1.26901e-06 -1 0 0 -1 0 0 -1 -1.98822e-07 6.08407e-07 -1 0 0 -1 0 0 -1 0 0 -1 0 0 -1 -0.0793051 0.00693758 -0.996826 -0.100577 0.0563014 -0.993335 -0.0672064 -0.029784 -0.997294 0 0 -1 0.00148795 -0.00301279 -0.999994 0.0265094 0.0368654 -0.998969 0.0441978 -0.00573416 -0.999006 0.0508174 -0.00969848 -0.998661 -0.0356585 -0.0107118 -0.999307 0 0 -1 0 0 -1 0 0 -1 -0.0551465 -0.00308776 -0.998474 0 0 -1 0 0 -1 0 0 -1 -8.44225e-05 -0.000174754 -1 0 0 -1 -1.10579e-05 -2.68602e-05 -1 0.000264395 7.48067e-05 -1 0 0 -1 0 0 -1 0.00127049 -0.000409298 0.999999 0 0 -1 -0.000183897 6.12248e-05 -1 0 0 -1 0.000711338 -0.000618768 -1 0 0 -1 3.6902e-05 -4.41528e-05 -1 -0.000553266 0.000315048 1 -1 -8.65412e-07 -5.89986e-05 -1 -3.65897e-06 1.22801e-05 -0.166629 0.961734 -0.217491 -0.270369 0.957576 -0.0997436 -0.788491 0.612841 -0.0520396 -0.84245 0.506658 -0.183235 2.70062e-06 1 0 0 1 6.13577e-05 0.894928 0.445998 0.0137834 0.764602 0.625748 -0.15435 0.580051 0.814354 0.0191908 0.313582 0.942315 -0.117081 1 -1.42216e-06 -4.42666e-06 1 -2.85773e-06 -4.0969e-05 0.674272 -0.731477 0.101488 0.762707 -0.639569 -0.0960678 -8.12496e-07 -1 -3.84709e-05 1.32608e-06 -1 1.66457e-05 -0.766956 -0.629974 0.122115 -0.666362 -0.738083 -0.105805 -0.0654031 -0.997859 0 -0.0654031 -0.997859 0 -0.19509 -0.980785 0 -0.19509 -0.980785 0 -0.321439 -0.94693 0 -0.321439 -0.94693 0 -0.507968 -0.861376 0 -0.529146 -0.844218 0.0854438 -0.678499 -0.729616 -0.0854442 -0.724865 -0.673818 0.143319 -0.854226 -0.51839 -0.0396238 -0.876052 -0.480587 0.0396243 -0.9291 -0.361278 -0.0790623 -0.94693 -0.321439 0 -0.980785 -0.19509 0 -0.980785 -0.19509 0 -0.997859 -0.0654031 0 -0.997859 -0.0654031 0 -0.997859 0.0654031 0 -0.997859 0.0654031 0 -0.980785 0.19509 0 -0.968308 0.236915 0.079062 -0.931286 0.362128 -0.0396245 -0.871018 0.461372 0.16871 -0.808746 0.574955 -0.123919 -0.727739 0.676753 0.11136 -0.551541 0.769503 -0.321973 -0.466541 0.880363 0.0854441 -0.292616 0.952405 -0.0854439 -0.267719 0.963497 0 -0.0654031 0.997859 0 -0.0654031 0.997859 0 -0.0603788 -0.998176 0 -0.0603788 -0.998176 0 -0.180255 -0.98362 0 -0.180255 -0.98362 0 -0.29609 -0.95516 0 -0.617516 -0.785042 0.0488123 -0.703208 -0.709444 -0.0467623 -0.787067 -0.616627 0.0172234 -0.755555 -0.651359 0.0697743 -0.855781 -0.517338 2.71246e-07 -0.910739 -0.409891 0.0504352 -0.927678 -0.373381 0 -0.975569 -0.219694 0 -0.975569 -0.219694 0 -0.998176 -0.0603788 0 -0.998176 -0.0603788 0 -0.998176 0.0603788 0 -0.998176 0.0603788 0 -0.975569 0.219694 0 -0.975569 0.219694 0 -0.9119 0.410413 0 -0.9119 0.410413 0 -0.811365 0.58454 0 -0.811365 0.58454 0 -0.707107 0.707107 0 -0.677692 0.734573 -0.0337016 -0.584457 0.81125 0.0168582 -0.516679 0.854692 -0.0504346 -0.422054 0.905711 0.0394724 -0.194291 0.980944 0 -0.0603788 0.998176 0 -0.0603788 0.998176 0 0.0603788 0.998176 0 0.0603788 0.998176 0 0.180255 0.98362 0 0.180255 0.98362 0 0.297503 0.954721 0 0.297503 0.954721 0 0.446779 0.894644 0 0.446779 0.894644 0 0.58454 0.811365 0 0.58454 0.811365 0 0.707107 0.707107 0 0.734573 0.677692 -0.0337016 0.81125 0.584457 0.0168582 0.83415 0.551281 -0.0168577 0.910739 0.409891 0.0504352 0.927678 0.373381 0 0.975569 0.219694 0 0.975569 0.219694 0 0.998176 0.0603788 0 0.998176 0.0603788 0 0.998176 -0.0603788 0 0.998176 -0.0603788 0 0.98362 -0.180255 0 0.98362 -0.180255 0 0.95516 -0.29609 0 0.785042 -0.617516 0.0488123 0.709444 -0.703208 -0.0467623 0.616627 -0.787067 0.0172234 0.604592 -0.796536 0 0.410413 -0.9119 0 0.435247 -0.899105 0.0465797 0.297208 -0.953774 -0.0445179 0.219692 -0.975557 0.00483789 0.212028 -0.977264 0 0.0603788 -0.998176 0 0.0603788 -0.998176 0 0.0654031 0.997859 0 0.0654031 0.997859 0 0.237659 0.971349 0 0.290081 0.944151 0.156307 0.465816 0.879407 -0.0982786 0.56303 0.785533 0.256779 0.705322 0.660746 -0.256779 0.811083 0.576616 0.0982786 0.898211 0.410835 -0.156307 0.932018 0.362412 0 0.980785 0.19509 0 0.980785 0.19509 0 0.997859 0.0654031 0 0.997859 0.0654031 0 0.997859 -0.0654031 0 0.997859 -0.0654031 0 0.971349 -0.237659 0 0.944151 -0.290081 0.156307 0.879407 -0.465816 -0.0982786 0.843112 -0.528681 0.0982786 0.723293 -0.672619 -0.156307 0.625213 -0.756017 0.19377 0.518797 -0.854897 2.06959e-07 0.352677 -0.906983 0.23022 0.415948 -0.909388 0 0.19509 -0.980785 0 0.19509 -0.980785 0 0.0654031 -0.997859 0 0.0654031 -0.997859 0 0.0627903 0.998027 0 0.0627903 0.998027 0 0.211976 0.977275 0 0.495584 0.784499 -0.372772 0.732207 0.611036 -0.300846 0.975547 -0.198403 -0.0945709 0.913639 -0.406043 -0.0198327 0.801042 -0.468405 0.37273 0.783779 -0.614788 -0.0878987 0.629596 -0.76105 0.156242 0.629197 -0.762488 0.150744 0.400387 -0.916186 -0.0171361 0.400235 -0.916268 -0.0162952 0.185185 -0.970778 -0.152635 0.0552931 -0.87886 -0.473865 0.159816 -0.987147 0 0.0627903 0.998027 0 0.0627903 0.998027 0 0.187382 0.982287 0 0.225334 0.962236 -0.152729 0.376263 0.926255 -0.0218509 0.39837 0.900286 -0.175464 0.571068 0.799082 0.188013 0.562572 0.669288 -0.485353 0.527767 0.535313 -0.659471 0.852411 0.492387 -0.175929 0.836657 0.464938 -0.289547 0.822431 0.148036 -0.549266 0.939655 -0.334047 -0.0738946 0.609356 -0.511789 -0.605605 0.529572 -0.777838 0.33841 0.326094 -0.878466 -0.349228 0.281216 -0.955723 0.0866694 0.0614454 -0.97665 -0.205863 0.105725 -0.994395 0 0.0825794 -0.996584 0 0.0825794 -0.996584 0 0.245485 -0.9694 0 0.298302 -0.953911 -0.032703 0.401695 -0.915773 0 0.546295 -0.836166 -0.0488732 0.546295 -0.836166 -0.0488732 0.677281 -0.735724 -7.64832e-08 0.788198 -0.613479 -0.0488732 0.788197 -0.613479 -0.0488731 0.904212 -0.42677 0.0163581 0.926391 -0.376207 -0.0163582 0.989954 -0.12826 0.0594946 0.990835 -0.12356 0.0545864 0.994487 0.104774 0.00423962 0.961129 0.251187 0.114614 0.926515 0.376257 0 0.821746 0.569854 0 0.735973 0.667238 -0.114614 0.676472 0.734845 -0.0488731 0.499983 0.865885 -0.016135 0.485891 0.873572 -0.0279616 0.298302 0.953911 0.032703 0.245485 0.9694 0 0.0825794 0.996584 0 0.0825794 0.996584 0 0.835879 0.544919 -0.0661081 0.784082 -0.618363 -0.0533097 0.442379 -0.895723 0.0445003 0.830657 0.556768 0.00427257 0.920317 -0.390966 0.0127392 0.0524878 -0.994498 -0.0906616 0.224229 0.974076 -0.0299552 0.99442 -0.105454 0.00283117 0.751559 -0.65846 0.0398793 0.730401 -0.681098 0.0511764 -0.115732 -0.991197 -0.0643046 0.344946 0.938583 0.00854365 0.989112 -0.147126 0.00332973 0.470947 -0.882074 0.0124418 0.382468 0.0334606 -0.923362 0.0367154 0.887495 -0.459352 0.0841619 -0.831722 -0.548777 0.382468 -0.0334605 -0.923362 0.676029 0.736875 0 0.996195 0.0871528 0 0.996195 0.0871528 8.21663e-18 0.996195 -0.0871528 -8.21663e-18 0.996195 -0.0871528 0 0.558232 -0.829685 0 -0.279073 -0.0244149 -0.959959 -0.46931 0.649271 -0.598494 0.0195918 -0.909621 -0.414977 -0.292761 0.0256124 -0.955842 0.751496 0.659737 0 0.996195 0.0871528 0 0.996195 0.0871528 8.21663e-18 0.996195 -0.0871528 -8.21663e-18 0.996195 -0.0871528 0 0.713993 -0.700153 0 0.0444433 0.706408 -0.706408 0.0444433 0.706409 -0.706407 0.260832 0.668784 -0.6962 0.254224 0.782953 -0.567763 0.343847 0.868457 -0.357145 0.455918 0.749253 -0.480374 0.548537 0.371382 -0.749121 0.782846 0.430373 -0.449367 0.821002 0.22925 -0.522877 0.513946 0.0540051 -0.856121 0.697899 0.112011 -0.707383 0.931985 -0.0979325 -0.349016 0.903736 -0.116262 -0.412002 0.185371 -0.0484328 -0.981474 0.0841812 -0.125143 -0.988561 0.197121 -0.451062 -0.870452 0.0263067 -0.162491 -0.986359 0.172982 -0.696447 -0.696447 0.0427328 0.706454 -0.706467 0.0427327 0.706458 -0.706464 0.127576 0.696156 -0.706464 0.0780764 0.227226 -0.970707 0.0553099 0.177496 -0.982566 0.235794 0.472162 -0.84939 0.195152 0.27088 -0.942624 0.100274 0.113942 -0.988414 0.172886 0.159498 -0.971942 0.154757 0.102277 -0.982644 0.113734 0.0656974 -0.991337 0.21648 0.0871313 -0.972391 0.186193 0.0419299 -0.981618 0.675427 0.235319 -0.698873 0.706458 0.042733 -0.706464 0.706454 0.0427325 -0.706468 0.706454 -0.0427328 -0.706467 0.706458 -0.0427327 -0.706464 0.696156 -0.127576 -0.706464 0.168874 -0.0709074 -0.983084 0.868962 -0.468628 -0.159035 0.881666 -0.411655 -0.230662 0.910169 -0.331909 -0.247847 0.123984 -0.102124 -0.987015 0.0980021 -0.158011 -0.982562 0.0125587 -0.207619 -0.978129 0.0794325 -0.704866 -0.704879 0.0444433 0.706408 -0.706408 0.0444434 0.706406 -0.70641 0.150136 0.692379 -0.705741 0.511679 -0.0484757 -0.857808 0.645429 -0.179761 -0.742366 0.0686863 -0.705437 -0.705437 0.261188 0.882718 0.390626 0.339589 0.940561 -0.00492119 0.83269 0.553002 -0.0285671 0.956768 0.285746 0.0542636 0.147487 -0.0424206 0.988154 0.958236 -0.199862 0.204546 0.719472 0.555478 0.416897 0.324234 0.893924 0.309471 -0.27301 -0.905672 0.324383 0.226126 0.973191 0.0420164 0.987083 0.124208 0.101186 0.550151 0.822561 0.143973 0.0527623 0.038465 0.997866 0.822392 -0.562228 0.0870125 0.496342 0.629251 -0.598071 0.705757 0.0617437 -0.705758 0.705758 0.0617428 -0.705758 0.705758 -0.0617437 -0.705758 0.705757 -0.0617428 -0.705758 0.696127 -0.124125 -0.707107 0.425293 -0.900343 0.0922457 0.538823 0.561369 -0.628119 0.705757 0.0617437 -0.705758 0.705758 0.0617428 -0.705758 0.705758 -0.0617437 -0.705758 0.705757 -0.0617428 -0.705758 0.511612 -0.606034 -0.609078 0.201683 0.979373 0.0123373 0.216191 0.97634 -0.00468296 0.743649 0.666025 0.058288 -0.430446 0.289837 -0.854816 0.977063 0.18651 -0.102777 0.979253 0.162067 -0.12165 0.999575 -0.0291521 0 0.807618 -0.589706 0 0.849915 -0.478851 -0.219878 0.32844 -0.931229 0.157923 -0.343463 -0.939042 -0.0153067 -0.11155 -0.953546 -0.279834 -0.081861 -0.99658 -0.0113 -0.999274 0.0251366 0.0286326 -0.278849 -0.843315 0.459417 -0.973079 -0.205988 0.103376 -0.0683889 -0.997396 -0.0228901 -0.906965 -0.290497 -0.305 -0.666698 -0.610076 -0.42816 0.446945 -0.894561 0 0.813592 0.581437 0 0.807903 0.0635835 -0.585876 0.806492 0.333691 -0.488079 0.625003 0.443201 -0.642607 0.618251 0.779052 -0.104134 0.373005 0.887347 -0.271077 0.223916 0.974609 0 -0.987807 0.0722204 -0.137921 -0.88653 0.385935 0.255184 -0.566918 0.78865 -0.237981 -0.427799 0.903868 -0.00309399 0.348449 0.919219 -0.183358 0.329472 0.934045 -0.137872 0.971426 0.0561729 0.230597 0.990822 0.131021 0.0332574 0 1 0 0 1 0 0 1 0 0 1 0 0 -1 0 0 -1 0 0 -1 0 0 -1 0 -0.00195711 -0.999998 0 0.836693 -0.545759 0.0457465 0.966605 0.109943 -0.23149 0.76612 -0.303101 -0.566736 0.956968 -0.0489866 -0.286028 0.892644 -0.429143 -0.137925 0.508911 -0.671005 -0.539224 0.491965 -0.767587 -0.410829 0.0275234 -0.997341 -0.0674819 0.461509 -0.87975 0.114229 0.576969 -0.805735 0.133782 0.552917 -0.825514 0.113175 0.829419 0.534349 -0.162896 -0.581437 0.813592 0 -0.0635835 0.807903 -0.585876 -0.291811 0.811256 -0.506666 -0.351187 0.717156 -0.601959 -0.682816 0.687778 -0.246422 -0.893864 0.32503 -0.308809 -0.896996 0.350036 -0.269948 -0.991451 0.130478 0 0.973815 -0.20386 0.100626 0.680381 -0.438595 0.587125 -0.184517 -0.95667 -0.225245 -0.355015 -0.934754 0.0141364 -0.527216 -0.805906 -0.269367 -0.914558 -0.191867 0.356049 0.471037 0.87979 0.0639794 -0.932242 0.318202 0.172254 -0.831284 0.555425 -0.0216957 -0.228516 0.952879 -0.199505 -0.740434 -0.0419514 -0.670818 -0.347879 0.901155 -0.258651 -0.322542 0.893999 -0.31102 -0.317137 0.921783 -0.223026 -1 -1.44699e-06 -2.82337e-05 -0.998744 0.00256432 0.0500348 1 0 0 1 0 0 1 0 0 1 -5.43927e-06 0.000108785 0.477652 -0.878549 0 0.489407 -0.871562 0.0293224 0.338482 -0.93833 -0.0704808 0.504675 -0.767099 -0.396058 0.863858 -0.474444 0.169269 0.928437 -0.32601 -0.178106 -0.232649 -0.961097 0.148889 -0.538163 0.0986587 0.837046 -0.806345 -0.590186 0.0385815 -0.999578 -0.0121665 -0.0263678 -0.990226 0.1252 0.0614679 -0.921802 0.386874 -0.024693 -0.888886 0.457462 0.0246947 -0.732411 0.678082 -0.0614673 -0.517137 0.848348 0.113466 -0.263664 0.963844 -0.0385503 0 0 -1 0.50975 0.174497 -0.842441 -0.188936 0.347511 -0.918444 0 0 -1 -0.222385 0.338022 -0.914487 -0.464989 0.163275 -0.87013 -0.0603136 -0.254515 -0.965186 0 0 -1 -0.0878225 0.0237958 -0.995852 1.31139e-05 -1.41338e-06 -1 -2.00197e-06 -5.27117e-06 -1 0 0 -1 -0.00962247 -0.0392046 -0.999185 -0.0111117 0.00085538 -0.999938 0.00338955 0.0487372 -0.998806 -0.210198 -0.500043 -0.840103 0.295029 -0.0663722 -0.95318 0 0 -1 0 0 -1 0 0 -1 0 0 -1 0.0315336 -0.157061 -0.987085 -0.380895 0.0451003 -0.923518 0 0 -1 0 0 -1 0 0 -1 -0.00292131 -0.0471499 -0.998884 0 0 -1 1.3201e-06 4.90624e-06 -1 0 0 -1 -0.292709 -0.0814923 -0.952723 -0.0551124 0.775281 -0.629207 -0.0133505 -0.998698 -0.0492335 -3.77723e-07 -2.14021e-06 -1 0 0 -1 0 0 -1 3.77006e-06 9.18579e-07 -1 -3.8725e-06 9.64675e-07 -1 -0.969368 0.241478 -0.0448818 0 0 -1 0 0 -1 0 0 -1 0 0 -1 -0.22487 -0.956529 -0.185704 0 0 -1 0 0 -1 0 0 -1 0 0 -1 0 0 -1 0 0 -1 0 0 -1 0.408218 -0.129472 -0.903657 0 0 -1 0 0 -1 0 0 -1 0 0 -1 0 0 -1 0 0 -1 0.0406796 -0.1177 -0.992216 0 0 -1 0 0 -1 0 0 -1 0 0 -1 0 0 -1 0 0 -1 0.00393202 0.00287796 -0.999988 0 0 -1 0 0 -1 0 0 -1 0 0 -1 0 0 -1 0 0 -1 0 0 -1 0 0 -1 0.022637 0.988598 -0.148869 0.00296004 -0.000216811 -0.999996 0 0 -1 0 0 -1 0 0 -1 0.987602 -0.0236069 -0.155194 0 0 -1 0 0 -1 0 0 -1 0 0 -1 0 0 -1 0 0 -1 -0.000246015 0.00348268 -0.999994 0.550068 0.149368 -0.821653 0 0 -1 0.0318656 -0.0165387 0.999355 0 0 1 0 0 1 0 0 1 0 0 1 0.0441933 -0.0651657 0.996895 0.0598904 -0.0387517 0.997453 0.024619 -0.0324841 0.999169 0 0 1 0.989785 0.0214322 0.140946 0 0 1 0 0 1 0 0 1 0 0 1 0 0 1 0 0 1 0 0 1 0 0 1 0 0 1 0 0 1 0.100047 -0.984559 0.143644 0 0 1 0 0 1 0.521983 -0.205854 0.827743 0 0 1 0 0 1 0 0 1 0 0 1 0 0 1 -0.607958 0.0498607 0.792402 0.0885809 -0.369276 0.925088 -0.443702 -0.397387 0.803251 0 0 1 0.426958 -0.496151 0.756003 -0.454036 -0.281214 0.845441 0 0 1 0 0 1 -0.262461 -0.866759 0.424079 0 0 1 0 0 1 0 0 1 0 0 1 -0.795322 -0.172565 0.581106 0.41095 -0.911394 -0.0219314 0 0 1 0 0 1 0 0 1 0 0 1 0 0 1 0 0 1 0 0 1 0 0 1 -0.00904203 -0.999946 0.00520691 -0.0818473 0.475891 0.875688 0 0 1 -0.195607 0.348347 0.916729 0.590222 0.141526 0.794738 0 0 1 -0.0907938 0.251696 0.963538 -0.458444 0.251784 0.852311 0 0 1 0 0 1 0 0 1 0 0 1 0 0 1 -0.956591 0.0384133 -0.288892 -0.635397 0.246979 0.731623 -0.0803965 -0.348397 0.933893 0 0 1 0 0 1 0 0 1 0 0 1 0 0 1 -0.473009 0.775543 0.418085 0 0 1 5.36413e-07 6.082e-06 1 -2.06453e-06 7.54704e-06 1 0.0349938 0.00570924 0.999371 0 0 1 0 0 1 0 0 1 0 0 1 0 0 1 0 0 1 0.0161646 0.0250346 0.999556 0 0 1 0 0 1 0 0 1 0 0 1 0 0 1 0 0 1 0.021894 0.0281745 0.999363 0.0144984 0.0258467 0.999561 0 0 1 0 0 1 0 0 1 0 0 1 0 0 1 0 0 1 0 0 1 0.70125 0.141823 0.698666 0 0 1 0 0 1 0 0 1 -1 0 0 -1 0 0 -1 0 0 -1 0 0 1 0 0 1 0 0 0.984591 -0.156789 -0.0774441 0.0783773 0.99686 -0.0112419 0.132187 0.98985 0.0521797 0.105077 0.994395 -0.0116845 0.999273 -0.025929 0.027967 0.0960356 0.964563 -0.245756 0.911454 0.386391 -0.141261 0.937447 0.30329 0.170902 0.847092 0.455864 0.273173 0.163339 0.828145 -0.536186 -0.0474495 0.998278 0.0344817 -0.150553 0.988217 0.0275916 -0.186117 0.982407 0.0153965 0.880733 0.472453 -0.0331277 0.970134 0.186545 0.155055 -0.268627 0.389017 0.881196 0 0.999503 0.0315245 -0.00137619 0.999958 0.00905034 0 -1 0 0 -1 0 0 -1 0 -7.15152e-06 -1 0.00014303 -0.813592 -0.581437 0 -0.807903 -0.0635835 -0.585876 -0.806403 -0.33435 -0.487775 -0.667132 -0.396246 -0.630812 -0.620664 -0.699744 -0.353743 -0.366205 -0.823857 -0.432612 -0.315209 -0.911732 -0.263417 -0.189822 0.981691 0.0158394 0.40462 0.52069 -0.751774 0.80489 0.478069 -0.351572 0.754805 -0.0400014 -0.654728 0.799339 -0.600296 0.0265023 0.679045 -0.733451 -0.030778 0.535265 -0.840663 0.0823305 0.299923 -0.950404 -0.0823286 -0.178519 -0.959857 0.216346 -0.774061 0.575655 -0.263535 0.380622 0.819778 0.427892 0.69271 0.694225 0.195462 0.926321 0.310786 -0.212937 0.978672 -0.0753383 0.191116 0.601378 -0.793503 -0.0932618 0.63775 -0.737011 -0.223806 -0.231418 -0.795709 -0.559726 -0.621975 -0.781174 0.0539932 -0.862554 -0.505952 -0.00355275 -0.893865 -0.440707 0.0823647 -0.222608 -0.486489 -0.844851 -0.782649 -0.55499 -0.281864 -0.712679 0.141316 -0.687109 -0.764401 0.642432 0.05452 -0.411201 0.907594 -0.0847714 -0.389138 0.919824 -0.0499487 0.580994 0.813893 -0.00491393 0.0800804 0.00529571 0.996774 0.0525366 0.0241797 0.998326 0.0717195 -0.0217733 0.997187 -0.150683 -0.557004 0.816726 -0.277378 -0.894552 0.350481 -0.600247 -0.728799 0.329478 -0.937944 -0.184218 -0.293809 -0.709129 0.299276 -0.638412 -0.448334 0.766298 0.4602 -0.334884 -0.0266341 -0.941883 -0.924906 0.365688 -0.104026 -0.814035 0.580647 -0.0140138 -0.507042 0.857631 -0.0858952 -0.261112 -0.961475 -0.0859436 -0.614118 -0.786335 0.0673545 -0.929137 -0.359643 -0.0858029 -0.992497 0.121504 0.013686 -0.405206 0.914151 -0.0116348 -0.291725 0.95093 -0.1031 -0.847715 0.306622 -0.432853 -0.987645 0.0315419 -0.1535 -0.0800462 -0.173996 -0.981488 -0.226665 -0.247562 -0.941985 -0.192429 -0.0263815 -0.980956 -0.611887 0.650552 -0.449862 -0.648279 0.581142 -0.491944 -0.000826328 0.185156 -0.982709 -0.675243 -0.737495 0.0121305 -0.737837 -0.666834 0.104545 -0.99167 0.0929801 -0.0891369 -0.979858 0.197604 -0.0288313 -0.565764 0.814358 -0.129355 -0.421814 0.9044 -0.0642975 -0.977469 -0.00290488 0.21106 -0.476605 -0.862949 -0.167832 0.573534 -0.796267 0.192397 0.398712 -0.772972 -0.493502 0.97509 0.0349353 0.219042 0.973932 -0.0416972 -0.222976 0.431917 0.901858 0.0100363 0.464383 0.85001 -0.24866 -0.0131964 -0.0101108 -0.999862 0 0 -1 0 0 -1 0 0 -1 -0.279446 0.848332 -0.449715 0 0 -1 0.00827111 -0.0116458 -0.999898 0 0 -1 0 0 1 0 0 1 0 0 1 0 0 1 0 0 1 -0.108551 0.0555665 0.992537 0 0 1 0.102706 0.0557002 0.993151 0.0801362 -0.0954598 0.992202 0.0336531 -0.060114 0.997624 -0.013447 -0.0495148 0.998683 -0.0694752 -0.0976808 0.99279 0.267694 0.925532 -0.267826 0.649188 0.75676 -0.0766079 0.841002 0.537146 0.0647307 0.969469 0.240842 -0.0461001 0.974307 -0.206705 0.0894376 0.657888 -0.746575 -0.0990444 -0.0852251 -0.996279 -0.0128588 0.45213 0.706051 -0.545042 0.332415 0.783456 -0.525069 0.144 0.21229 -0.966539 0.276922 0.0687949 -0.958427 0.18997 -0.0114097 -0.981724 0.85344 -0.503807 -0.133484 0.254761 -0.816778 -0.517659 0.226595 -0.830746 -0.508444 0.147703 0.986973 -0.063777 0.41755 0.907626 0.0432109 0.735695 0.671538 -0.0882625 0.94274 0.333073 -0.0174477 0.983592 0.0691409 -0.16663 0.655974 -0.742542 -0.135385 0.941761 -0.308143 0.134663 0.487681 -0.871136 -0.0573594 0.120676 -0.992123 0.0335988 0.0543855 0.363413 -0.930039 0.047586 0.392904 -0.918348 0.635686 0.580251 0.509128 0.991563 0.0697012 0.10929 0.735391 -0.0815642 -0.672716 -0.0871811 0.0172438 0.996043 0.486967 -0.293621 0.822587 -0.055745 -0.05842 0.996734 -0.0553969 0.0301745 0.998008 -0.82777 0.384205 0.408881 0.0332252 -0.0887407 0.995501 0.0254764 0.176403 0.983988 0.478614 -0.292709 0.827798 0.646506 0.58724 0.48701 0.362341 0.731189 0.577989 0.464905 0.202896 -0.861798 0.888341 -0.123362 -0.442304 -0.967294 -0.251702 0.031436 -0.746494 -0.297145 0.595358 -0.854851 0.360775 -0.372923 -0.552697 0.56075 0.616511 -0.0637612 0.632665 -0.771796 0.274461 0.78706 0.552456 0.0416176 -0.404479 0.9136 -0.364927 -0.150292 0.918826 -0.109282 -0.990229 -0.086623 -0.42545 -0.9019 0.0746306 -0.74773 -0.660772 -0.0654212 -0.920455 0.383568 -0.0750862 -0.317089 0.947136 0.0488705 -0.137518 0.989417 -0.0462966 -0.989346 0.016659 0.144625 0.0265528 -0.022663 -0.99939 -0.135978 -0.237579 -0.961804 -0.960982 -0.12571 -0.246395 -0.835816 0.134063 -0.532389 -0.838386 0.202062 -0.506241 -0.477965 0.516475 -0.710495 -0.446408 0.69822 -0.55965 0.126682 0.26855 -0.954899 -0.675135 -0.736126 -0.0480725 -0.454138 -0.847627 -0.274385 -0.883388 -0.453485 -0.118229 -0.414795 0.906619 -0.0773755 0.488533 -0.735586 0.469306 0.459137 -0.888366 0 0.955618 -0.0233071 -0.293684 -0.120222 -0.183578 -0.975626 -0.00124034 0.0123072 -0.999924 0.0549412 -0.106303 -0.992815 0.0465188 -0.0443287 -0.997933 -0.0166912 0.0406585 -0.999034 -0.230345 -0.0916899 -0.96878 -0.153027 -0.326342 -0.932783 -0.00415392 0.00175309 -0.99999 -0.00915897 0.0155008 -0.999838 -0.00718515 -0.0144993 0.999869 -0.0226391 0.000552155 0.999744 0.232135 -0.0928207 0.968245 -0.0750891 -0.0267625 0.996818 -0.0750407 0.112989 0.990758 0.00774993 0.0171395 0.999823 0.0515241 0.049681 0.997435 0.0125999 -0.00127364 0.99992 0 0 1 -0.0402316 -0.11537 0.992508 0 0 1 0.37737 0.925089 -0.0424622 0.143849 0.977537 0.154044 0.847028 0.531445 0.0104676 0.984848 -0.0138749 -0.172865 0.754283 -0.656549 0.00121069 0.702973 -0.709067 -0.0552507 0.212375 -0.977106 -0.0126894 0.182147 -0.983172 0.0140007 0.0989672 0.242609 -0.965063 0.747796 -0.055586 -0.661598 0.785963 0.260076 -0.560912 0.181895 -0.0293637 -0.982879 0.199344 -0.0862659 -0.976125 -0.031552 -0.262792 -0.964336 0.647501 -0.761512 -0.0290233 0.982933 -0.161817 -0.0875159 0.362388 0.792089 -0.491192 0.764145 0.629884 0.13903 0.992429 -0.114821 -0.043608 0.674347 -0.736491 -0.0532697 0.669186 -0.742945 -0.0149122 0.84053 0.54176 -0.00250831 0.939616 -0.308818 0.147489 0.502824 -0.405536 -0.763353 0.700396 -0.7132 -0.0281254 -0.412007 -0.911181 0 -0.423502 -0.903151 -0.070457 -0.0280674 0.00158132 0.999605 -0.353033 0.771843 0.528797 -0.239771 -0.282204 0.928908 -0.764408 0.536105 0.35815 0.00582504 0.0440644 0.999012 0.0386068 0.0368566 0.998575 0.381165 -0.509911 0.77117 0.485365 0.1689 0.857843 -0.0171602 -0.102668 0.994568 0.634555 0.675508 -0.375538 0.663985 0.230572 0.711309 0.945294 -0.109921 -0.307142 0.374638 -0.484975 0.790219 -0.274837 -0.651577 0.707044 -0.564068 -0.823987 -0.0535974 0.467869 0.823186 0.321657 0.041374 -0.997524 0.0568653 -0.620285 -0.575119 0.533371 -0.945517 0.0824818 0.314951 -0.731683 0.624667 -0.272822 -0.518171 0.85372 0.0515837 -0.0558139 0.870803 -0.488454 -0.966249 0.23707 -0.100804 -0.947081 0.32098 0.00315555 -0.856891 -0.489459 -0.161763 -0.783361 -0.615614 -0.0858274 -0.109716 -0.807924 -0.578983 -0.0696623 -0.183086 -0.980626 -0.26184 -0.143217 -0.954426 -0.19267 -0.0599551 -0.97943 -0.72365 0.522372 -0.451064 -0.747525 0.486701 -0.452027 -0.754619 0.394903 -0.524024 -0.688162 0.524854 -0.500961 -0.0685827 0.199921 -0.977409 -0.355458 -0.934211 -0.0299823 -0.717951 -0.69302 0.0653474 -0.872715 -0.477345 -0.102519 -0.997574 -0.00604915 0.0693571 -0.541267 0.839062 -0.0548217 0.0455757 0.998535 0.0291705 -0.541124 0.814772 0.208161 -0.221351 0.622803 -0.750413 -0.997743 0.0243345 0.0625845 -0.974954 0.0732247 -0.210005 0.286535 -0.903359 -0.319125 -0.000266336 0.000749376 -1 0.000492006 -0.00155115 -0.999999 -0.000887398 6.66487e-05 -1 0.00106125 -0.000123405 -0.999999 -0.000727153 -0.00106222 -0.999999 0.000603432 0.000642376 -1 0 0 1 0 0 1 0 0 1 0.000967577 0.00125049 0.999999 -0.00577192 -0.00200433 0.999981 -0.00221487 0.00286718 0.999994 0 0 1 0.271216 -0.167914 0.947759 -0.045734 -0.0804662 0.995708 0.162028 0.985065 -0.0582634 0.563665 0.822099 -0.080221 0.733189 0.672837 0.0986084 0.982521 -0.00469202 -0.186091 0.681874 -0.728672 -0.0639144 0.485876 -0.862784 -0.139748 -0.110827 -0.984509 0.135867 0.311814 0.326476 -0.892293 0.96434 -0.0379162 -0.261937 0.832491 -0.23783 -0.500395 -0.0313691 -0.127078 -0.991397 -0.0151905 -0.124827 -0.992062 0.323389 -0.863927 -0.38607 0.206763 0.976081 -0.06719 0.4335 0.900609 0.0313164 0.796404 0.600833 -0.0688575 0.954422 0.296997 0.0295118 0.983959 -0.129807 -0.122374 0.83769 -0.545406 -0.0284153 0.73648 -0.672236 -0.0754701 0.117017 -0.988591 0.0948367 -0.119817 0.232028 -0.965301 0.198749 0.938247 0.283182 0.631251 0.476236 0.612146 0.743071 0.216203 -0.633326 0.709937 -0.0936571 0.69801 0.70812 -0.680257 0.189254 -0.0604637 -0.0552943 0.996638 -0.0644365 0.510297 0.857581 -0.302661 0.17397 0.937086 -0.622295 -0.166562 0.764857 0.668854 -0.130832 0.731791 -0.313081 0.562208 0.765442 0.373195 -0.50569 0.777819 0.253824 0.532206 0.80767 0.0469793 -0.039275 0.998124 0.000519843 -0.069897 0.997554 0.639001 -0.149988 -0.754441 0.539387 -0.773845 0.332003 0.430786 -0.891472 -0.140361 -0.926343 0.113293 -0.359239 0.366853 0.807644 0.461661 -0.628076 -0.699128 -0.341674 -0.948331 -0.25812 0.184504 -0.879145 0.422063 0.221283 -0.751412 0.48101 -0.451673 -0.324932 0.623589 0.711025 0.0176386 0.873152 0.487129 -0.337913 -0.940197 0.0429392 -0.945462 0.298347 -0.130731 -0.848631 0.528961 0.00513617 -0.460721 0.884185 -0.0771526 0.0201866 0.999285 0.0319556 -0.382587 0.905301 -0.184545 -0.926878 -0.370696 -0.059006 -0.899776 -0.435875 0.0203844 0.0715011 -0.897951 -0.434249 -0.236005 -0.430237 -0.871319 -0.461739 -0.123981 -0.878309 -0.183866 0.0689949 -0.980527 -0.0471872 0.100801 -0.993787 -0.159312 -0.0124403 -0.98715 -0.415355 -0.895336 -0.16079 -0.476592 -0.87235 -0.108934 -0.903651 -0.428013 -0.014832 -0.956759 -0.256898 -0.13644 -0.892068 0.430942 0.13603 -0.696477 0.705326 -0.132042 -0.764205 0.63716 -0.100088 -0.462384 0.479265 0.745993 -0.355035 0.825496 -0.438756 0.757192 0.167544 0.631339 0.520621 0.603909 -0.603529 3.2455e-05 -7.61793e-06 -1 1.99699e-05 2.31646e-05 -1 -1.18929e-05 2.76523e-05 -1 -0.0451889 -0.0399863 -0.998178 -0.0373835 -0.0960209 -0.994677 -0.1834 -0.0159277 -0.982909 1.52119e-05 -3.14796e-05 -1 -0.0588083 0.00698583 0.998245 -0.050067 -0.110225 0.992645 0 0 1 0 0 1 0.14828 -0.0478415 0.987788 -0.233646 -0.102796 0.966873 0 0 1 -0.129593 -0.104033 0.986095 -0.178595 -0.219369 0.959157 0 0 1 0 0 1 -0.335574 0.932734 0.1319 -0.101636 0.994716 -0.014519 0.3675 0.929813 0.0197845 0.74124 0.671206 -0.00679755 0.962476 0.271086 -0.0123573 0.950252 -0.311382 0.00792188 0.677231 -0.735682 -0.0114068 0.674564 -0.738167 -0.00854319 0.0496924 -0.998761 -0.00279213 -0.10563 -0.986702 -0.123535 -0.044501 0.435533 -0.899072 0.665008 0.664924 -0.34006 0.513139 0.804286 -0.299687 0.265569 0.0998207 -0.95891 0.889848 -0.0874043 -0.447807 0.882564 0.0867007 -0.462129 0.179427 -0.151456 -0.972043 0.203424 -0.220982 -0.953827 0.0332749 -0.224234 -0.973967 0.356198 -0.900957 -0.24779 0.702486 0.704711 -0.0994806 0.973756 0.189372 -0.126244 0.595409 -0.802706 -0.0339454 0.267612 0.328805 -0.905688 0.796576 0.581617 -0.164888 0.999402 0.0141219 0.0315608 0.65244 -0.531823 -0.539895 -0.1823 -0.704508 0.685882 -0.0453456 -0.063882 0.996927 -0.063628 -0.0445735 0.996978 -0.0582674 0.0383896 0.997563 -0.0327103 0.0524538 0.998088 -0.0314569 0.0211505 -0.999281 0.0314569 -0.0211505 0.999281 -0.202161 -0.979348 -0.00277041 -0.475447 -0.761193 -0.441061 -0.907124 0.222109 -0.357481 -0.0430579 -0.583638 -0.810871 -0.475879 -0.579136 -0.661922 -0.741538 0.0137191 -0.670771 -0.218928 -0.492759 -0.842175 -0.780203 -0.452727 -0.43165 -0.783256 -0.230858 -0.577248 -0.554816 0.247696 -0.794245 -0.15928 0.128026 -0.978897 -0.570057 0.611009 -0.549275 -0.589115 0.75707 -0.282468 -0.527121 0.751672 -0.396401 0.247712 -0.286856 -0.925393 0.10795 -0.413101 -0.904264 -0.561864 -0.241931 -0.791062 -0.378523 -0.0206399 -0.925362 0.313996 0.447395 -0.837403 -0.473117 0.182399 -0.861911 0.0743247 0.993134 0.0903409 0.0901589 -0.0111952 -0.995865 0.921248 0.375206 -0.102582 0.919077 0.117758 -0.376074 0.955949 0.0611371 0.287095 0.421201 -0.0507095 -0.905549 0.626942 -0.241535 -0.740679 0.727296 -0.594126 0.34359 0.135861 0.916967 -0.375117 0.396879 0.912868 0.0957002 0.732047 -0.505152 -0.457087 0.575044 0.687122 -0.444059 0.727438 0.629794 0.272385 0.907115 0.378642 -0.183773 0.876379 -0.260712 0.404957 0.724524 -0.359654 -0.587974 0.72369 -0.674042 -0.148122 0.355725 -0.693095 0.62696 0.601969 0.795701 -0.0670334 0.893845 -0.118572 -0.432415 0.495556 -0.819633 0.287447 0.687587 0.434042 -0.582093 0.0781744 -0.888982 -0.45122 0.834931 0.14494 -0.530925 0.839518 0.152142 -0.521596 0.0127125 -0.126047 -0.991943 0.15207 -0.228013 -0.961709 0.00848564 0.055944 -0.998398 0.0618306 0.113844 -0.991573 -0.238779 -0.165496 -0.956868 -0.0535027 -0.0776703 -0.995542 -0.454547 0.0314715 -0.890167 -0.10254 0.0409578 -0.993885 -0.502781 0.436395 -0.74617 -0.495556 0.819633 -0.287447 -0.173115 0.0821892 -0.981466 -0.939576 -0.156949 -0.304245 0.0174437 0.0383246 -0.999113 -0.120637 0.0423534 -0.991793 -0.296745 -0.52666 0.7966 -0.616315 0.0768581 -0.78374 -0.650099 0.236113 0.722234 -0.396506 0.357231 0.845676 -0.133599 0.80896 -0.572481 -0.541131 -0.46227 0.702484 -0.74272 -0.0259766 0.669098 -0.615188 -0.693785 0.37444 -0.894042 -0.447893 0.0090126 -0.863153 0.50005 -0.0701145 -0.396155 -0.380405 0.835675 -0.292266 -0.097647 0.951339 -0.272446 -0.0143253 0.962065 -0.529435 0.839654 -0.121159 -0.241463 0.769678 0.591009 -0.79683 0.251099 0.549555 -0.196645 0.259851 0.945414 0.0335269 0.0914249 0.995247 -0.375201 -0.034721 0.926293 0.719348 -0.217945 0.659575 0.839064 -0.379971 0.389351 0.562105 -0.319166 0.763002 0.204415 0.612454 0.763619 0.694547 0.251897 0.673908 0.565089 0.657358 0.498554 0.746241 -0.640043 0.182945 0.520374 -0.571265 0.634718 0.529435 -0.839654 0.121159 0.37657 -0.857931 -0.3495 0.0231721 -0.423465 0.905616 0.606287 0.526684 0.595836 0.995347 0.0947644 0.0174487 0.408758 0.91264 0.00225005 0.583025 -0.431892 0.68815 0.761874 0.148847 0.630391 0.962888 -0.0990293 0.251078 0.71983 -0.25092 0.647212 0.936073 -0.103108 0.336356 0.36755 -0.209879 0.906012 0.160892 -0.19803 0.966901 0.00210805 0.104196 0.994555 0.617571 0.494465 0.611646 -0.143697 -0.0324241 0.98909 0.155525 -0.0232501 0.987558 -0.502283 -0.428244 0.751211 -0.116757 -0.282691 0.952078 -0.197762 -0.365577 0.909529 -0.479772 0.162832 0.862151 -0.0527984 -0.411789 0.909748 -0.141963 -0.724485 0.674514 -0.726454 -0.158362 0.66872 -0.289086 0.0418446 0.956388 -0.540504 0.16072 0.825848 -0.798047 -0.499182 0.337549 -0.842163 -0.0487793 0.537012 -0.85037 0.445999 0.279206 -0.6612 0.477728 0.578438 -0.156422 0.371394 0.915204 -0.10795 0.413101 0.904264 0.0136024 -0.0127311 0.999826 -0.0494358 0.0519993 -0.997423 0.0219746 0.02518 -0.999441 0.0116687 -0.0683559 0.997593 -0.0303976 0.0212533 0.999312 0.0303976 -0.0212533 -0.999312 0.00299444 -0.0250655 0.999681 -0.00299444 0.0250655 -0.999681 -0.00612256 0.00823748 -0.999947 -0.0149923 -0.00863133 -0.99985 0.0164277 0.0230828 -0.999599 -0.0768472 0.0675612 0.994751 -0.00190501 0.0145278 0.999893 0.00498573 -0.0380217 0.999264 0.0727941 0.0595722 0.995566 -0.0495498 0.0582534 0.997071 -0.334962 -0.062575 0.940152 0.0507365 0.12013 -0.991461 -0.0112972 -0.0643372 -0.997864 0.208145 -0.216231 -0.953897 0.102868 -0.0015372 -0.994694 -0.063052 -0.134931 0.988847 0.0922081 -0.0912878 0.991546 0.310403 0.0258381 0.950254 -0.235389 0.158039 -0.958966 0.127089 -0.131916 0.98308 -0.131569 -0.373127 0.918404 0.63183 -0.436923 0.640225 -0.0874645 -0.637259 -0.76567 -0.17796 -0.189036 0.96571 -0.0665635 -0.0147937 -0.997673 -0.845943 -0.02674 0.532603 -0.71728 -0.367159 -0.592203 -0.69081 -0.641066 0.334389 -0.175192 -0.927546 -0.330101 -0.0129711 0.0379077 -0.999197 0.101099 0.477466 -0.872814 0.17796 0.189036 -0.96571 0.0665636 0.0147937 0.997672 0.0129711 -0.0379077 0.999197 -0.150983 0.0453921 0.987494 0.0975156 0.296702 -0.949978 -0.576605 0.791318 -0.203329 -0.517696 0.854493 -0.0428065 0.52072 -0.152563 -0.839985 0.71728 0.367159 0.592203 0.69081 0.641066 -0.334389 0.175193 0.927546 0.330101 0.60974 0.358101 -0.707093 0.410338 0.20885 0.887696 0.499096 0.357752 -0.789251 -0.0882389 -0.294119 -0.951687 0.901197 -0.37102 0.224025 -0.0803983 0.0251127 0.996446 -0.164424 -0.210077 -0.963759 0.86351 -0.504261 -0.008451 0.143556 -0.846932 -0.511955 0.810386 0.0624699 -0.582557 -0.609732 0.358096 -0.707103 -0.609731 0.358096 -0.707103 -0.986497 0.160607 0.0320885 -0.732546 0.0860843 -0.675253 -0.0653427 0.696381 -0.714692 -0.37359 0.178526 -0.910252 -0.00887701 -0.11422 -0.993416 -0.0158211 0.998861 0.0450197 -0.0455477 0.0213844 0.998733 -0.984115 -0.162333 0.0718669 -0.00960868 -0.0608107 0.998103 0.0625373 -0.997777 0.0230264 -0.460782 -0.654445 -0.599484 -0.858575 -0.512476 0.014741 -0.84376 0.519885 -0.133371 0.667322 0.403809 -0.625795 0.59448 0.367837 -0.715045 0.489144 -0.741422 -0.459382 -0.513651 -0.379925 -0.769298 0.513651 0.379925 0.769298 0.0396082 -0.00244352 0.999212 -0.247606 -0.00249065 -0.968858 0.0531911 -0.00251113 0.998581 0.304664 0 0.95246 0.403829 0.0981376 0.909556 -0.163507 0.0100871 0.986491 0.139383 -0.0873518 0.986378 0.0160796 0.00352812 -0.999865 -0.0630071 0.0394869 0.997232 -0.088526 -0.0481129 0.994911 -0.00582476 0.00392504 0.999975 0.102437 -0.290657 -0.951328 0.182854 0.0993793 0.978104 0.130495 0.0925558 -0.987119 -0.0809411 0.097721 0.991917 0.0233403 -0.0443184 0.998745 -0.0451379 0.0142475 0.998879 0.793867 0.371642 0.481309 0.559929 0.810909 -0.170019 0.0211345 0.978951 0.202997 -0.707113 0 -0.707101 -0.707113 0 -0.707101 -0.707113 0 -0.707101 0.707113 0 -0.707101 0.707113 0 -0.707101 0.707113 0 -0.707101 0 0 -1 0 0 -1 1 0 0.000199303 1 1.20062e-06 0 -1 0 0 -1 0 0 0.946659 -0.139459 -0.290495 -0.926567 0.364545 -0.0926316 -0.939705 0.341986 0 -0.707499 -0.424288 -0.565177 -0.939705 -0.341986 0 0 0 -1 0 0 -1 0 0 -1 0 0 -1 -0.0028927 0 -0.999996 -0.000394078 -0.000570718 -1 0.000478991 -0.000171991 -1 0 0 -1 0 0 -1 0 0 -1 -0.439307 -0.0267782 -0.897938 -0.446797 -0.00932082 -0.894587 -0.786131 -0.44978 -0.423905 -0.568739 -0.609737 -0.552047 -0.129662 -0.374047 -0.918301 0 0 -1 4.47272e-05 0.000652948 -1 -0.00331615 0.00130469 0.999994 0 0 1 0 0 1 -0.00304285 -0.00144357 0.999994 0.184069 -0.0107236 0.982855 -0.113968 -0.17708 0.977576 0.166875 -0.455923 0.874235 -0.468794 0.043134 0.882254 -0.477308 0.14762 0.866248 -0.0511968 0.0618105 0.996774 0.00343505 0.159112 0.987255 0.0654012 0.030617 0.997389 -0.890132 -0.439899 -0.118972 -0.788082 -0.4401 -0.430394 -0.355004 -0.603345 0.714106 0.095328 -0.462914 -0.881263 0.0631009 -0.741471 -0.668011 0.446459 -0.821238 0.355308 0.951779 -0.300873 -0.0599377 -0.505993 -0.859957 -0.066671 -0.339085 -0.93839 0.0666782 0.199157 -0.967111 -0.15822 0.867699 -0.488952 -0.0895831 0.856112 -0.509788 -0.0847853 1.44649e-06 -3.30912e-06 -1 1.62541e-06 -3.34378e-06 -1 0 0 -1 0 0 -1 0 0 -1 9.64106e-05 -3.48292e-06 -1 5.67719e-05 1.02925e-05 -1 0 0 -1 0 0 -1 0 0 -1 0.999997 -0.000664455 -0.00218553 0.995573 -0.0757483 0.0556459 0.495745 -0.867926 0.0306794 0.358251 -0.932951 -0.0354787 0.267909 -0.963342 -0.0140393 0.40036 -0.915903 0.0288731 0.633477 -0.773667 -0.0120622 0.712726 -0.701431 0.00403271 0.815848 -0.57821 -0.008065 0.936915 -0.348184 0.0309713 0.974393 -0.224635 -0.00990125 0.894743 -0.439811 -0.0774696 0.776014 -0.630646 -0.00938356 0.295437 -0.955362 -0.000911834 0.171224 -0.985077 -0.0174847 0.0165176 -0.999863 -0.000755534 -0.0871597 -0.996181 -0.00524566 -0.41338 -0.909602 -0.0417241 -0.490771 -0.871073 -0.019395 -0.929864 -0.367811 0.0082811 -0.954262 -0.298505 -0.0166861 -0.862193 0.50658 -0.000484776 -0.862299 0.506399 0.000166511 -0.180591 0.982154 0.05254 0.314632 0.94465 -0.0929684 0.601691 0.798241 0.0279089 0.992323 0.0991379 0.07394 -0.962286 -0.111995 0.247919 -0.401892 -0.655775 -0.639095 0.663056 -0.249754 -0.705676 0.57965 -0.801715 -0.145809 0.695378 -0.686004 0.214123 0.70094 -0.686438 0.193612 0.901814 0.428059 0.0591388 -0.168934 0.838063 0.518761 -0.516746 0.600061 0.610656 -0.752444 0.604247 0.262133 0.889273 0.0958712 0.447216 -0.1418 -0.984664 -0.101639 -0.935915 -0.30289 0.179779 0.389732 -0.92083 -0.0134768 -0.226536 -0.959986 0.164646 -0.392016 -0.915501 -0.0904548 -0.140463 -0.984709 -0.103043 -0.124438 0.847029 0.516775 -0.810483 0.388837 0.43809 -0.401867 0.00411686 0.915689 0.0256926 0.502414 0.864246 -0.150979 0.885255 0.439919 -0.0145691 0.265597 0.963974 -0.143422 0.775622 0.614687 -0.754295 0.272895 0.597133 0.863024 0.0151397 0.504935 -0.793519 0.0145113 0.608373 -0.546134 0.00247054 0.837694 -0.350832 0.784751 0.510963 -0.109366 0.085274 0.990337 -0.193734 0.689136 0.698254 -0.196636 0.0940582 0.975955 -0.77759 0.36333 0.513171 -0.550682 0.32946 0.766946 -0.569484 -0.00971978 0.821945 -0.881366 0.193181 0.431133 -0.0222224 0.744145 0.667649 -0.00473129 0.904255 0.426966 -0.0073806 0.327316 0.944886 -0.0133103 0.703444 0.710627 -0.321481 0.0416662 0.945999 -0.00929147 -0.321743 -0.946782 -0.577775 0.576511 -0.577764 -0.865925 0.420683 -0.270552 -0.684683 0.722316 -0.0973102 -0.50417 0.831399 -0.233642 -0.372822 0.656133 -0.65612 -0.950252 0.261564 -0.169131 -0.988453 0.136997 0.0647422 -0.973389 0.0702204 -0.218134 0.616306 0.787427 0.0112167 0.828423 0.554431 -0.0795151 0.942047 0.335145 -0.0150097 0.993619 -0.103586 -0.0446262 0.862189 -0.506587 -6.71439e-06 0.338581 -0.468292 -0.816128 0.958183 -0.286156 0 0.999113 -0.0421186 0 0.999113 -0.0421186 0 0.947629 0.319372 0 0.627404 0.46987 0.620955 0.178033 0.401729 -0.898286 -0.256206 0.963919 0.0722341 -0.561933 0.805077 -0.189953 -0.622353 0.782737 0 -0.862286 0.506422 0 -0.862286 0.506422 0 0.86229 -0.506415 0 0.862286 -0.506422 -0.000243747 0.646974 -0.762512 0 0.544963 -0.775765 0.318126 -0.005444 -0.944354 -0.328887 0.0455263 -0.87263 -0.486256 -0.346371 -0.706975 -0.616615 -0.633765 -0.730708 0.253785 -0.903734 -0.375467 -0.205644 -0.947577 -0.319526 0 -0.999113 0.0421186 0 -0.999113 0.0421186 0 -0.950133 0.311845 0 -0.949415 0.313813 0.0114799 -0.921027 0.0782856 -0.38155 0.480015 0.00568661 -0.877242 0.540247 0.39862 0.741104 0.0731738 0.997229 0.0134114 -0.747535 0.639634 0.179053 -0.353986 0.0901362 -0.930897 -0.997598 -0.0336452 -0.0605496 -0.10492 0.984277 0.142093 -0.953098 0.302035 0.0194554 -0.14965 0.977288 -0.150046 -0.235298 0.971871 0.0100965 -0.376122 0.910421 -0.17224 -0.677416 0.725688 0.120348 -0.823777 0.563006 -0.0664428 -0.955247 0.15154 0.254045 -0.949611 0.160634 0.269138 0.00673666 0.999631 0.0263287 -0.00626333 -0.0107878 0.999922 0.0023976 0.00233065 0.999994 -0.0362524 -0.00145197 0.999342 -0.030897 0.00659924 0.999501 0.0115569 -0.0106055 0.999877 -0.013797 0.00498426 0.999892 -0.0108236 0.0115948 0.999874 0.0169408 0.0118783 0.999786 -0.00975686 -0.00684118 0.999929 0.466678 0.868334 -0.167953 0.00231058 0.999243 0.038832 -0.584793 0.811082 -0.012805 0.655309 0.754204 0.0417961 0.101355 0.994092 0.0388429 0.987379 0.15784 0.0130222 0.875595 0.478917 -0.0630314 -0.586124 0.806873 -0.073589 -0.820268 0.571871 0.0111054 -0.94271 -0.262617 -0.205745 0.711692 0.00847093 -0.70244 0.0653232 0.878857 -0.472591 0.300815 0.00358046 -0.953676 -0.00018392 -0.000572548 -1 5.02672e-06 3.71161e-06 -1 3.34864e-06 5.58355e-07 -1 0 0 -1 -0.00062349 0.000265277 -1 0 0 -1 -0.000304572 0.000141362 -1 0.00014487 7.87098e-06 -1 0.999995 -0.000581949 -0.0030881 0.299711 0.953548 -0.0303354 0.559161 0.825968 0.0715223 0.996795 0.0633992 0.0487913 0.700129 0.698077 0.150027 -0.95302 -0.301799 0.0258995 -0.862313 -0.506376 -0.000156605 -0.862286 -0.506422 0 0.992906 -0.0945966 0.0720339 0.676921 -0.733667 0.0592522 0.241393 -0.966729 -0.0846423 -0.0593955 -0.998219 -0.00554682 -0.49668 -0.867931 -0.00215572 -0.584493 -0.811108 -0.0217136 -0.815009 -0.579448 0 -0.908507 -0.325244 -0.262358 -0.998533 -0.0423021 -0.0338049 -0.998533 -0.0225853 -0.0492121 -0.961227 -0.270577 0.0531992 0.526436 0.326396 -0.785068 0.182907 0.136092 0.973665 0.37195 0.924436 -0.0840951 -0.844983 0.534792 0.00127631 0.811076 0.348175 -0.470032 0.864761 0.326076 0.38192 -0.795943 -0.180359 0.577881 -0.17921 -0.160615 0.970612 -0.675631 -0.733375 0.0753884 -0.00287025 -0.159775 0.987149 -0.558403 -0.00237703 0.829567 0.999112 -0.00911738 0.0411334 -0.126719 0.989239 -0.0731295 -0.455488 0.843298 -0.28527 0 0 -1 0 0 -1 -0.314283 -0.324483 -0.892153 0.0455376 0.36722 -0.929019 0 0 -1 0 0 -1 0 0 -1 0 0 -1 0 0 -1 0 0 -1 0 0 -1 0 0 -1 0 0 -1 0.000794351 -0.000419875 -1 0 0 -1 0 0 -1 -0.00148265 -0.000219946 -0.999999 0 0 -1 -2.24356e-05 -1.50153e-05 -1 -0.000142315 -5.80992e-05 -1 0.89517 -0.443786 -0.0415226 0.00144775 0.00212324 -0.999997 -0.000873721 4.32725e-05 -1 -0.00205968 0.000396618 -0.999998 -0.543502 -0.79709 -0.26316 -0.522982 0.549574 -0.651505 -0.204336 0.978677 -0.0209198 -0.376631 0.923058 -0.0781839 -0.00143836 0.00125152 0.999998 -0.99212 -0.000214975 0.125293 -0.978957 -0.00219006 0.204053 -0.906401 0.000191503 0.422417 -0.900685 0 0.434472 -0.778268 0 0.627933 0.00741067 -0.0361273 0.99932 -0.00434532 -0.00209598 0.999988 -0.0868415 0 0.996222 -0.303173 0.000723163 0.952935 -0.061443 -0.000314823 0.998111 -0.0321738 -0.72008 0.693145 0.962718 -0.00638129 -0.270432 -0.774053 -0.449668 0.445691 -0.791713 -0.0161027 0.61068 -0.982228 -0.135628 0.129744 -0.47378 -0.714524 0.51477 -0.485933 -0.00402647 0.873987 -0.546235 -0.00347705 0.837625 -0.0576432 -0.40602 0.912044 -0.704072 -0.133841 0.697402 -0.782718 -0.613386 0.105405 -0.249725 -0.00764177 0.968287 -0.624214 -0.74177 0.245224 -0.136233 -0.580993 0.802426 -0.00411492 -0.432348 0.901697 -0.777711 -0.442938 0.446063 -0.00324052 -0.959073 0.28314 -0.690236 -0.2929 0.661652 -0.702392 -0.135502 0.698774 -0.229062 -0.0231941 0.973136 -0.833251 -0.151702 0.531676 -0.00159798 -0.815931 0.578147 -0.707113 0 -0.7071 -0.707113 0 -0.7071 -0.707113 0 -0.7071 -0.493018 -0.7155 -0.494968 -0.676719 -0.290033 -0.676707 0.958442 0.285289 0 0.967592 0.252445 -0.00617179 0.95232 -0.304013 0.0257393 0.862286 0.506422 0 0.862286 0.506422 0 0.291348 0.955878 -0.0375892 0.693635 0.720326 0.00105492 0.695727 0.718307 0 0.0968424 -0.164894 -0.981545 0.00849886 0.175741 -0.9844 0.00213763 -0.00125543 -0.999997 5.04227e-05 8.58549e-05 -1 0 0 -1 0 0 -1 0 0 -1 0.209256 0.42711 -0.879653 0.250431 0.0209062 -0.967909 0 0 -1 0 0 -1 0 0 -1 0.0278916 0.202714 -0.978841 0.373348 -0.122537 -0.919563 0.34236 -0.1267 -0.930987 0.312593 -0.0321288 -0.949344 0 0 -1 0 0 -1 0 0 -1 0 0 -1 -0.09693 0.165043 -0.981512 0 0 -1 0 0 -1 0.887968 0.459905 0 0.88655 0.19174 -0.42103 0.999113 0.0421186 0 0.999113 0.0421186 0 0.268624 -0.819821 -0.505702 0.664311 -0.364306 -0.652665 0.964474 -0.264178 0 -0.530827 -0.84748 0 0.0120476 0.215534 -0.976422 -0.862286 -0.506422 0 -0.862286 -0.506422 0 -0.961524 0.27472 0 -0.95404 -0.29968 0 0.995819 -0.091351 0 0.290049 0.124219 -0.948916 0.381314 0.0727394 -0.921579 0.392901 0.244509 -0.886479 0.862286 0.506422 0 0.862286 0.506422 0 0.0210499 0.376586 -0.926143 0.613652 0.789577 0 -0.850341 0.526233 0 -0.851255 0.45359 -0.263859 -0.126459 0.696503 -0.706323 -0.115985 0.321507 -0.939777 -0.999051 -0.0435659 0 -0.999051 -0.0435659 0 -0.695228 -0.316845 -0.645188 -0.956403 -0.29205 0 -0.874283 0.0898601 -0.477026 0.627734 0.231007 -0.743361 0.883612 0.463999 -0.0627294 -0.865835 0.489007 -0.10584 -0.24133 0.969222 -0.0486622 -0.906145 -0.422966 0 -0.967074 -0.219137 -0.129409 -0.765668 -0.641348 -0.0492469 -0.339322 -0.940473 -0.0192895 -0.0958792 -0.991732 0.085293 -0.45327 -0.88643 0.0937474 -0.514079 -0.857466 0.0217753 -0.947898 -0.315856 0.0415332 -0.14104 -0.982803 0.119193 -0.982308 -0.171073 0.0761918 -0.88955 -0.269012 0.369233 -0.77479 -0.615801 0.143138 -0.287898 -0.868832 0.402797 -0.324147 0.7402 0.589095 -0.885866 -0.41384 0.20971 -0.0456895 0.0135285 0.998864 0.584244 -0.701071 0.408851 0.00151377 -0.000448221 0.999999 0 0 1 0.000226714 -0.000558128 1 -0.00158094 -1.9675e-05 0.999999 0.0021008 0.0114194 0.999933 -0.00956216 -0.0402732 0.999143 -0.0189478 -0.038306 0.999086 0.394218 0.796974 0.457629 -0.000598996 -0.000557251 1 -0.0014928 6.68708e-05 0.999999 0.785278 0.618432 0.0296726 0.0800574 0.995772 -0.045033 -0.903708 0.424314 -0.0571798 -0.997323 0.0503372 0.0530383 -1 0.000565699 0 -1 -9.33695e-05 0.000879946 -1 0 1.07236e-05 0.190338 0.981637 0.0126674 -0.00258687 0.999265 -0.0382398 -0.956856 0.288456 -0.0349238 0.4303 -0.0739356 -0.899653 -0.281673 0.264957 -0.922203 0.0734761 0.71722 -0.692963 -1.63735e-05 -4.68734e-06 -1 -2.04708e-05 -1.51151e-05 -1 -1.40591e-05 -4.00479e-06 -1 -7.04295e-07 -1.45376e-06 -1 -1.28985e-05 -2.58097e-05 -1 -0.000372913 0.000160926 -1 -9.77676e-07 -1.45005e-06 -1 0 0 -1 -0.999975 0.00468797 -0.00522657 -1 0.000813045 0 -0.285319 -0.95837 -0.0109405 -0.631376 -0.774762 0.0332932 -0.832522 -0.552285 -0.0434531 -0.985225 -0.171267 0 -0.163058 -0.986293 -0.0252457 -0.443764 -0.887962 -0.120819 -0.87809 -0.477856 0.0247297 0.952314 0.301575 0.0463828 0.862388 0.506248 -0.000758684 0.862286 0.506422 -0.000134685 -0.59072 0.804969 0.0554469 0.0589237 0.990289 -0.125917 -0.103339 0.993669 -0.0440825 0.496246 0.867172 0.0418628 0.814949 0.579405 0.0121575 0.176055 0.0656785 -0.982187 0.353304 0.0462839 -0.934363 0.998231 0.0555621 -0.0211843 -0.531391 -0.406546 -0.743198 -0.422858 -0.905117 0.0442117 -0.0257762 0.894099 -0.447127 0.46463 -0.878842 -0.108427 -0.0948917 -0.990525 -0.0992734 0.75467 0.582943 0.301084 0.555523 -0.734807 -0.38917 -0.207254 -0.971973 -0.110974 -0.347353 -0.936308 -0.0516987 0.15264 -0.988223 0.010796 0.425668 -0.890821 -0.158888 0.374024 -0.905765 -0.199236 0.45627 0.00613776 0.88982 0.735356 0.541692 0.407211 -0.378758 0.00711665 -0.925468 0.0898554 0.613737 0.784381 0.631354 0.00617222 0.77547 0.482776 0.597373 0.64037 0.57587 0.0155636 -0.817393 0.481519 0.00421327 0.876425 0.38064 0.00470737 0.924711 0.423127 0.00514702 0.906056 0.167313 0.753591 0.635695 0.0889236 0.478126 0.873778 0.412499 0.0925425 0.906245 0.838501 0.201877 0.506124 0.64446 0.686892 0.335933 0.532082 0.333141 0.7784 0.536149 0.434252 -0.723857 0.00961572 0.00598886 0.999936 0.416626 0.0623915 0.906934 0.840284 0.131549 0.525945 0.427329 0.0592579 0.902152 0.0108712 0.214674 0.976625 0.00756721 0.904238 0.426961 0.890385 0.237362 0.388424 0.0107551 0.637999 0.769962 0.598984 0.563596 0.568839 0.00610558 0.913234 0.40739 0.00264247 0.00539985 0.999982 0.000669151 0.979795 0.200005 -1.18221e-06 0.541424 0.84075 1.30378e-07 0.737687 0.675143 -0.00420855 0.0107196 0.999934 0 0.0868414 0.996222 0 0.335489 0.942044 0 0.0868414 0.996222 0.001396 0.00842378 0.999964 0.132399 0.700888 -0.700875 0.134473 0.266419 -0.954431 0.668962 0.738462 -0.0846335 0.841428 0.485769 -0.2367 0.660996 0.355225 -0.660984 0 0.707113 -0.7071 0 0.707113 -0.7071 0.97023 0.183762 -0.157754 0.998833 0.0469088 0.011501 0.990636 0.129776 -0.0424207 0.942276 0.333958 0.0242598 0.859478 0.506823 -0.0665447 -0.994445 -0.04044 0.0971748 -0.750739 0.660591 0.00320462 -0.722172 0.690506 -0.0408597 -0.862419 -0.506126 -0.00842026 0.668555 -0.152957 -0.727763 -0.901014 -0.43379 0 -0.908064 -0.285618 -0.306338 -0.999113 -0.0421186 0 -0.999113 -0.0421186 0 0.00878223 0.682477 -0.730854 -0.456723 0.88905 -0.0315375 -0.378958 -0.126778 -0.916689 -0.333231 0.337263 -0.880461 -0.964474 0.264178 0 0.622353 0.782737 0 0.359938 -0.0300148 -0.932493 0.0407297 0.728654 -0.68367 0.862286 0.506422 0 0.862286 0.506422 0 -0.862286 -0.506422 0 -0.862286 -0.506422 0 -0.191719 -0.70308 -0.684779 -0.613652 -0.789577 0 0.850341 -0.526233 0 0.851255 -0.45359 -0.263859 0.35219 -0.685568 -0.637149 0.322299 -0.893403 -0.312976 0.999051 0.0435659 0 0.999051 0.0435659 0 0.91465 0.319443 -0.247732 0.956403 0.29205 0 0.999233 -0.0247857 0.030319 -0.893295 -0.290527 -0.342955 0.037145 -0.986171 -0.161516 0.0867571 -0.986742 -0.137164 0.942823 0.333286 -0.00218511 0.62868 0.777648 0.00499213 0.185385 0.981389 0.050084 0.067606 0.992586 0.101005 0.154455 0.971387 0.180419 0.822846 0.436993 0.363264 0.0930614 0.995658 0.00218549 0.973201 0.191431 0.127415 0.907474 0.386295 -0.165128 0.598646 0.731583 0.326204 0.945997 0.234474 0.223855 0.0329052 -0.00287881 0.999454 0.00141664 -0.00128732 0.999998 0 0 1 0 0 1 -0.000363646 0.00876395 0.999962 0.00527825 0.00115896 0.999985 0.0203277 0.0125531 0.999715 -0.00172347 -0.00336816 0.999993 0.0124825 0.0248456 0.999613 0.0068869 0.0323549 0.999453 0.048624 0.0375595 0.998111 -0.804282 -0.587901 0.0866188 -0.212526 -0.964988 -0.153723 0.898411 -0.420289 -0.127339 0.000198936 0.999911 -0.0133458 0 1 -3.10507e-05 -5.36167e-05 1 0.000257514 1.54271e-05 1 0 6.81803e-06 1 3.46586e-05 1.80053e-05 1 8.87001e-05 0 1 -0.000216066 0.985139 -0.168779 -0.0318626 -0.423799 0.287602 -0.858883 -0.0225291 -0.012049 -0.999674 0.475351 0.254227 -0.842265 8.04984e-06 5.564e-07 -1 0 0 -1 -2.59631e-06 -5.74971e-06 -1 0 0 -1 0 0 -1 0 0 -1 0 0 -1 0 0 -1 0 0 -1 0 0 -1 0 0 -1 0 0 -1 -0.999946 -0.00800254 -0.00658972 -0.999906 -0.00243047 -0.0135192 -0.980497 0.196513 0.00296892 -0.92782 0.372901 -0.00972567 -0.79843 0.601672 0.0223873 -0.567201 0.823221 -0.024301 -0.356377 0.934329 0.00492164 -0.133963 0.990984 -0.00212397 -0.196267 0.980525 -0.00701703 -0.260193 0.964978 0.0334185 -0.902552 0.428502 -0.0422643 -0.92602 0.377469 0.00192548 -0.923301 0.384073 0.00191693 -0.887821 0.45901 0.0329169 -0.29511 0.954306 -0.0470154 -0.339954 0.939762 -0.0357603 -0.0165176 0.999863 -0.000755534 0.0871597 0.996181 -0.00524566 0.41338 0.909602 -0.0417241 0.490771 0.871073 -0.019395 0.929864 0.367811 0.0082811 0.954262 0.298505 -0.0166861 0.862286 -0.506422 0.000171176 0.850621 -0.524607 -0.0350809 0.120735 -0.991967 -0.0377514 0.0754922 -0.996943 -0.0201185 -0.611742 -0.791011 -0.00855667 -0.748673 -0.660888 -0.0521093 -0.942735 -0.333541 0.000395153 0.174169 -0.010932 -0.984655 0.986839 -0.159118 -0.0288054 0.968812 -0.220803 0.112474 0.896526 0.441279 0.0389033 0.994732 0.0505647 0.0891757 -0.472756 0.375593 -0.79714 0.0191937 0.911603 0.410623 -0.424847 0.590712 -0.685977 0.00339537 -0.997858 0.0653336 -0.82217 -0.547163 -0.157003 -0.955726 -0.215123 0.200773 0.016149 -0.944138 0.329154 0.105342 0.835072 0.539962 0.60691 -0.654823 0.450408 -0.99891 -0.0191152 0.042592 0.339069 0.924462 0.174364 0.438494 0.894219 -0.0899782 0 0 -1 0.00356746 0.000473981 -0.999994 0 0 -1 0 0 -1 -2.82532e-05 -0.00023318 -1 0.000578283 -0.000212019 -1 0 0 -1 0 0 -1 -0.00011121 4.55742e-05 -1 0 0 -1 -0.000948338 -0.000446907 -0.999999 9.88958e-06 -3.33217e-05 -1 5.40292e-05 -5.57828e-05 -1 0 0 -1 0.00415557 -0.000669668 -0.999991 0 0 -1 0 0 -1 -0.000135338 -0.000189833 -1 0 0 -1 0.00228873 6.70082e-05 -0.999997 0.370273 -0.16259 -0.914583 0.000211907 -0.000129407 -1 0.61028 0.568915 -0.551266 0.412682 0.909212 -0.0550252 0.119463 0.985959 -0.116674 0.000427647 0.00394948 0.999992 0.00223334 -0.00203934 0.999995 0.259696 0 0.96569 0.0868414 0 0.996222 0.00593989 -0.00100038 0.999982 0.597309 -1.30934e-05 0.802011 0.71748 0.00016318 0.696579 0.828843 0.00015936 0.559481 0.913764 -5.13599e-05 0.406245 0.906581 -0.000214119 0.422031 0.977718 2.59206e-05 0.209922 0.99984 -0.000357326 0.0178664 0.109857 -0.690123 0.715305 -0.947045 -0.0202812 0.32046 0.226843 -0.0231407 0.973656 -0.000538896 -0.00459752 -0.999989 0.271873 -0.861587 0.428664 0.959015 -0.0272095 0.282044 0.942343 -0.0258313 -0.333649 0.70848 -0.529091 0.467032 0.675689 -0.612907 0.409621 0.548391 -0.00605904 0.8362 0.967936 -0.0135334 -0.250832 0.422391 -0.0141907 0.906303 0.742868 -0.307068 0.594858 0.255001 -0.654174 0.712061 0.00409928 -0.0727796 0.99734 0.250893 -0.674989 0.693861 0.712932 -0.257373 0.652294 0.0425347 -0.0205542 0.998884 0.0130341 -0.174497 0.984571 0.0327205 -0.792192 0.609394 0.00482761 -0.914561 0.40442 0.44073 -0.0545644 0.89598 0.00813364 -0.575174 0.817991 0.982222 0.135826 0.129584 0.704053 -0.339718 0.623619 0.961073 -0.156735 0.227537 0.0249381 0.132059 -0.990928 0 -0.0432145 0.999066 0.0169416 0.0663353 0.997654 -0.00660075 -0.0379037 0.99926 -0.00213917 -0.109711 0.993961 -0.00124177 -0.276445 0.961029 -1.16544e-06 -0.538054 0.842911 1.80907e-07 -0.737682 0.675148 -0.000391416 -0.883682 0.468088 -0.00137247 -0.971405 0.237425 0.707113 0 -0.7071 0.707113 0 -0.7071 0.418995 -0.0027167 -0.907985 0.908428 -0.412344 -0.0687796 0.871708 -0.480738 -0.0949528 0.371836 -0.922951 -0.0994923 0.256799 -0.6834 -0.683388 0.00424004 -0.704984 -0.709211 0.996285 -0.0783921 -0.0356552 0.919307 -0.393071 -0.0192124 0.984004 -0.173023 -0.0424213 -0.976757 0.172351 0.127438 -0.683213 0.728573 -0.0489979 -0.738718 -0.669901 0.0743511 -0.979729 -0.194192 -0.049191 -0.863727 0.503888 -0.00854474 -0.865348 0.500822 -0.0187042 -0.593475 0.804812 -0.00809234 -0.693475 0.715983 0.0803796 -0.382136 0.923398 -0.0361591 -0.282441 0.95165 -0.120785 0.847044 0.531085 -0.0215753 0.890157 0.454983 0.0247206 0 0 -1 0 0 -1 0.0783457 0.1334 -0.987961 0.216209 -0.25482 -0.942508 -0.00269512 -0.467514 -0.883981 0 0 -1 0 0 -1 0 0 -1 0 0 -1 0 0 -1 0 0 -1 0 0 -1 0 0 -1 0 0 -1 0 0 -1 0 0 -1 0 0 -1 0.09693 -0.165043 -0.981512 0 0 -1 0 0 -1 0 0 -1 0 0 -1 -0.947404 0.316868 0.0449416 -0.945515 0.325577 0 -0.999113 0.0421186 0 -0.999113 0.0421186 0 -0.852469 -0.522777 0 -0.534566 -0.0976918 -0.839462 -0.518438 -0.729171 -0.44669 -0.00529975 -0.459562 -0.88813 0.594989 -0.803734 0 0.862286 -0.506422 0 0.862286 -0.506422 0 0.973898 -0.226987 0 0.777854 -0.397622 -0.486662 0.850453 0.147383 -0.504983 0.938903 0.344182 0 -0.999915 -0.0130394 0 -0.530719 -0.22729 -0.816503 -0.708282 -0.135112 -0.69288 -0.761738 0.20034 -0.616132 -0.963622 0.0164165 -0.266764 -0.862286 0.506422 0 -0.860292 0.50183 0.0898005 -0.646974 0.762512 0 -0.544963 0.775765 0.318126 0.005444 0.944354 -0.328887 0.207633 0.881804 0.423451 0.502856 0.707255 -0.496916 0.848282 0.496559 0.183976 0.844977 0.534803 0 0.999113 -0.0421186 0 0.999113 -0.0421186 0 0.950133 -0.311845 0 0.949415 -0.313813 0.0114799 0.921027 -0.0782856 -0.38155 -0.80027 0.0251684 -0.599112 -0.975029 0.149755 0.163986 -0.901809 -0.0868264 0.423322 -0.113784 -0.142397 0.983248 0.334715 -0.806066 0.488081 0.0359437 -0.41084 -0.910998 0.918207 -0.380388 -0.110456 -0.878824 -0.477143 -0.00191801 -0.704308 -0.707898 0.0532012 -0.0535812 -0.998289 -0.0233938 0.795579 -0.605124 0.0296619 0.257591 -0.966222 0.00791195 0.738837 -0.671158 0.0605525 0.984872 -0.0989315 0.142269 0.98474 0.0438016 0.16843 0.938633 -0.337642 0.0704758 0.270853 -0.896929 0.349509 0.0804731 -0.996719 0.00865356 0.376488 -0.895517 -0.237291 0.645175 -0.726258 0.237274 0.940207 -0.340327 0.0136933 0.962769 -0.203568 0.177867 0.897243 -0.289627 0.333275 0.577243 -0.804169 -0.141786 0.0105029 -0.023706 0.999664 0.365493 -0.43046 0.825299 -0.613211 -0.0592626 0.787693 0.232894 0.553427 0.799674 0.362867 -0.150152 0.919664 -0.00344847 -0.035967 0.999347 0.000382855 -0.000303513 1 0 0 1 0 0 1 0.000172668 -2.5053e-05 1 0.000341243 9.83273e-05 1 0.427858 -0.895438 -0.122996 0.89048 -0.444719 0.0962886 0.99932 -0.0205337 0.0306204 0.998967 0.0260771 0.037225 1 2.15015e-06 -0.000107508 1 4.72434e-06 5.26308e-05 1 0 0 0.0205117 -0.999071 0.0379021 -0.0157309 -0.999719 0.0177152 -1.53469e-05 -1 -5.75821e-05 0 -1 0 2.58691e-07 -1 1.04874e-06 0 -1 2.27932e-06 -1.06688e-06 -1 6.37526e-06 0 -1 0 0 -1 0 -0.0167928 -0.0211204 -0.999636 -0.0663712 0.0527303 -0.996401 -0.0442003 0.0356178 -0.998388 -0.0849658 -0.019496 -0.996193 -0.0272753 0.0121881 -0.999554 0 0 -1 0 0 -1 -0.0633282 0.0499343 -0.996743 -0.443412 -0.404012 -0.8001 -0.0484073 -0.00838894 -0.998792 -0.032459 0.00756524 -0.999444 -0.04794 0.00199373 -0.998848 -0.0553771 0.0409882 -0.997624 -0.0866335 -0.0565289 -0.994635 -0.0144675 -0.00849678 -0.999859 -0.027196 -0.0136339 -0.999537 -0.255108 0.135687 -0.957345 -0.0873962 0.0386966 0.995422 -0.0102662 -0.00476019 -0.999936 -0.0417667 -0.0193662 -0.99894 0.72519 -0.114597 -0.678946 0.310544 0.000309385 -0.950559 -0.0751903 -0.137585 -0.987632 0.171837 -0.118675 -0.977951 0.00590414 -0.411046 -0.911595 0.00867496 0.029551 -0.999526 0.0500677 0.030704 -0.998274 -0.0900687 -0.0313494 -0.995442 -0.00263544 -0.204803 -0.9788 0.0786693 0.0511786 -0.995586 -0.00192419 -0.00539405 -0.999984 -0.00488013 -0.0122886 -0.999913 0.0402002 -0.00183294 -0.99919 0.103865 0.00437853 -0.994582 0.0748448 0.0145843 -0.997089 0.0357491 -0.00773803 -0.999331 0 0 -1 0.340515 0.0404524 -0.939368 0.0666246 -0.0222832 -0.997529 0.0809578 -0.0234833 -0.996441 0.0729993 -0.011212 -0.997269 0 0 -1 0.00100244 0.0154657 -0.99988 -0.00629795 0.022646 -0.999724 0 0 -1 -0.0626852 -0.0437706 -0.997073 0.051497 -0.0906301 -0.994552 0.0585436 -0.03979 -0.997492 0 0 -1 4.79678e-05 0.0207444 -0.999785 -0.0105295 0.0184346 -0.999775 0 0 -1 0 0 -1 0 0 -1 0.000348776 -0.00308838 -0.999995 0 0 -1 0 0 -1 0 0 -1 0 0 -1 0 0 -1 0 0 -1 0 0 -1 0 0 -1 0 0 -1 5.21433e-05 -7.08609e-06 -1 8.28959e-08 -5.2279e-06 -1 0 0 -1 -0.0174082 0.00508156 -0.999836 -0.0165764 0.0117481 -0.999794 -0.0140035 0.0171025 -0.999756 -7.70599e-05 4.52574e-05 -1 -9.54755e-06 2.53724e-07 -1 -7.4128e-06 1.05523e-05 -1 0.97546 -0.179603 -0.127357 -0.958834 0.130302 -0.252306 0 0 -1 0 0 -1 0 0 -1 0.232534 0.0138117 -0.97249 0 0 -1 0 0 -1 0 0 -1 0 0 -1 0 0 -1 0 0 -1 0.0608012 -0.0143777 -0.998046 0 0 -1 0.00648231 -0.0279302 -0.999589 0 0 -1 -0.0514414 -0.00338316 -0.99867 0 0 -1 0 0 -1 0 0 -1 0.0247982 -0.00674132 -0.99967 0.0849901 0.506714 -0.857914 0.0102656 0.0491519 -0.998739 0 0 -1 -0.00577521 -0.0219875 -0.999742 -0.0310872 -0.0113113 -0.999453 0.130693 -0.0142158 -0.991321 0.0539829 -0.218209 -0.974408 0 0 -1 0 0 -1 0 0 -1 0 0 -1 0 0 -1 0 0 -1 -6.27497e-05 -0.000738256 -1 -0.00519999 0.0242754 -0.999692 0 0 -1 0 0 -1 0 0 -1 -0.020825 -0.0207639 -0.999568 0 0 -1 0 0 -1 0 0 -1 -0.0112829 -0.0126967 -0.999856 -0.0206261 -0.00683313 -0.999764 -0.623693 -0.780529 -0.0421979 -0.185029 -0.979909 0.0744424 0.0871441 -0.996066 -0.0160622 -0.984113 -0.171042 -0.0475976 -0.816454 -0.576453 0.0332508 0.552952 -0.833159 0.00952285 0.595377 -0.803446 -0.00121536 0.944319 -0.328897 0.00943059 0.0292714 0.155021 -0.987477 -0.117834 0.487438 -0.86517 -0.304538 0.146632 -0.941146 -0.90695 0.387491 0.165205 -0.985 0.172556 0 -0.943408 0.32989 -0.0339621 -0.973371 0.104863 -0.203845 -0.99667 0.0736921 -0.0349173 -0.923652 0.361242 -0.127949 -0.996569 0.049609 -0.0662537 -0.91058 -0.329725 -0.249251 0.569128 -0.822249 0 -0.927026 -0.365725 -0.0828778 -0.891364 -0.4346 -0.128815 -0.919621 -0.0696303 -0.386587 -0.949228 -0.294553 0.110473 0 0.707113 -0.7071 0 0.707113 -0.7071 0 -0.707113 -0.7071 0 -0.707113 -0.7071 0 0 -1 0.0632146 -0.0118443 -0.99793 0 0 -1 0.0626852 0.0437706 -0.997073 0 0 -1 0 0 -1 0.00730615 0.0666304 -0.997751 -0.0365415 -0.00551403 -0.999317 -0.044267 -0.0066798 -0.998997 -8.70544e-05 9.89354e-06 -1 0 0 -1 0 0 -1 0 0 -1 0 0 -1 0 0 -1 0 0 -1 -0.0461952 -0.00991609 -0.998883 0 0 -1 0 0 -1 0.000142592 -8.31776e-05 -1 1.05904e-05 4.77712e-06 -1 7.4128e-06 -1.05523e-05 -1 -8.28959e-08 5.2279e-06 -1 0 0 -1 0 0 -1 0.0289712 -0.0132269 -0.999493 0.0329463 -0.0239253 -0.999171 0.0866088 0.216917 -0.972341 0 0 -1 0 0 -1 0 0 -1 0 0 -1 0 0 -1 0.00586901 -0.0323582 -0.999459 0 0 -1 0 0 -1 0 0 -1 0 0 -1 -0.0441886 -0.00724716 -0.998997 0 0 -1 0 0 -1 0 0 -1 5.71596e-05 -9.71325e-06 -1 -5.7668e-05 0 -1 -2.64613e-07 7.10325e-06 -1 -0.00791825 0.0149058 -0.999858 -0.386098 0.00036418 -0.922458 0 0 -1 0 0 -1 0.0565961 -0.0350801 -0.997781 0 0 -1 0 0 -1 0.00721065 0.0247273 -0.999668 0.0095732 0.0221377 -0.999709 0 0 -1 0.0209562 0.0257154 -0.99945 -0.0517192 -0.0378048 -0.997946 -0.0380048 -0.0752954 -0.996437 0 0 -1 0 0 -1 2.67216e-05 0.00315145 -0.999995 -0.0849901 -0.506714 -0.857914 0 0 -1 0 0 -1 0 0 -1 0 0 -1 -0.130693 0.0142158 -0.991321 -0.0539829 0.218209 -0.974408 0 0 -1 0 0 -1 0 0 -1 0 0 -1 0 0 -1 0 0 -1 0 0 -1 0 0 -1 4.67838e-05 6.58415e-06 -1 0.01916 0.0215608 -0.999584 0.0359394 0.0094873 -0.999309 0.00277429 0.00459388 0.999986 0.034023 -0.0212904 0.999194 -0.016229 -0.00515548 0.999855 -0.00135398 0.00127672 0.999998 0.00389873 0.000343447 0.999992 -0.000198122 -0.000125178 1 -0.000235478 -1.32184e-05 1 0.00313753 0.000176123 0.999995 1.68617e-05 -1.38835e-05 1 -7.10856e-06 -1.55973e-06 1 -0.000218769 0.000143547 1 -1.27322e-05 0.000329829 1 0 0 1 0 0 1 0 -0.00440825 0.99999 -0.00178336 0.00263786 0.999995 0.000233208 -2.32806e-05 1 -0.000225442 -0.000126448 1 -0.000199672 -0.000577419 1 0.000147192 4.67587e-05 1 5.86753e-05 0.000338997 1 0.0649854 0.218978 0.973563 -0.0646241 -0.0148269 0.9978 -0.00181096 -0.00584755 0.999981 1.58087e-05 1.70249e-05 1 -1.14088e-05 4.33837e-06 1 2.24147e-05 1.65791e-05 1 0 0 1 -3.84961e-05 6.95616e-05 1 -0.00125431 -0.00296846 0.999995 3.4457e-05 -3.43976e-06 1 -0.000132517 -0.00019578 1 0 0 1 -1.2346e-06 9.99598e-06 1 8.1734e-06 -4.56881e-05 1 4.32829e-05 0.000193178 1 -1.7393e-05 -0.000125293 1 -0.000121082 7.57693e-05 1 -0.000262921 0.000211278 1 -0.00752378 0.00296388 0.999967 -1.50524e-05 -1.40657e-06 1 0 0 1 3.84636e-05 -1.1253e-05 1 0 0 1 -2.12636e-05 -1.39927e-05 1 0.0029512 -0.00061062 0.999995 0 0 1 3.25267e-07 1.89344e-06 1 0.000911191 0.00272717 0.999996 0.0358886 -0.118048 0.992359 0 0 1 -0.0488034 0.172603 0.983782 -0.00682497 0.000641463 0.999977 3.26796e-06 -3.07148e-07 1 -7.01786e-06 1.524e-05 1 1.04925e-05 -1.12761e-05 1 -9.37725e-07 -2.27884e-07 1 -9.17948e-07 -2.51429e-07 1 2.42193e-06 6.63377e-07 1 8.30716e-07 5.98416e-06 1 8.82846e-06 -5.76771e-07 1 6.04974e-06 -2.30051e-06 1 5.82683e-05 0.000334596 1 2.82849e-06 3.63469e-06 1 -0.00435521 0.000529893 0.99999 0.00418988 -0.00175255 0.99999 0.014967 0.0775941 0.996873 0.285222 -0.119652 0.950964 0.000920766 0 1 -0.000290465 -0.000200103 1 0 0 1 0.000140262 -0.000153921 1 0.0309359 -0.293298 0.95552 -0.0368999 0.211288 0.976727 -6.23002e-05 -8.07214e-05 1 3.11471e-07 -1.2572e-06 1 -0.00270718 0.00105548 0.999996 2.76068e-05 -1.10349e-05 1 -6.61637e-06 -4.89383e-06 1 0.00984733 0.00736021 0.999924 -3.34261e-06 -2.49838e-06 1 0 0 1 -0.620889 0.783627 0.0206063 0.970159 0.235495 0.0577347 0.633831 0.772983 -0.0274889 0.449833 0.892883 0.0202569 -0.131548 0.986041 -0.102069 0.0665155 -0.196078 -0.97833 -0.176654 0.138423 -0.974491 0.0677271 -0.091605 -0.99349 -0.00601744 0.0104257 -0.999928 0.0498908 0.0266405 -0.998399 0.0175917 0.0103316 -0.999792 -0.0197698 0.0230117 -0.99954 0.0599002 -0.039005 -0.997442 0.0816158 -0.0417764 -0.995788 0.0589204 0.236152 -0.969928 0.0226672 -0.00318731 -0.999738 0.120204 -0.000712384 -0.992749 0.0157815 -0.0092685 -0.999833 0.027625 -0.0148049 -0.999509 -0.00321927 -0.0202205 -0.99979 0.0667115 0.0440854 -0.996798 0.00508436 -0.0195077 -0.999797 0.45076 0.326899 -0.830634 -0.0696344 -0.0234683 -0.997297 -0.0172341 -0.0357531 -0.999212 0.182912 0.539739 -0.821721 0.193412 0.490746 -0.849565 -0.0020079 -0.0175625 -0.999844 0.0161627 -0.0231562 -0.999601 -0.152075 -0.209454 -0.96592 -0.0231138 -0.201464 -0.979223 -0.0252721 0.00276518 -0.999677 0.093205 0.0238256 -0.995362 -0.0615089 0.0337313 -0.997536 -0.150338 0.134514 -0.979441 -0.0519969 -0.00146113 -0.998646 -0.103088 -0.00289679 -0.994668 -0.530687 0.052907 -0.845915 -0.0754495 -0.00735587 -0.997123 0 0 -1 -0.0410048 0.00635579 -0.999139 -0.0178341 0.000751816 -0.999841 -0.138478 -0.0222081 -0.990117 -0.110998 -0.177675 -0.977809 0.329048 -0.119747 -0.93669 0.56791 -0.821937 0.0435688 0.525666 -0.850312 0.0253963 0.932046 -0.355211 -0.07152 0.847598 -0.509791 -0.147282 0.979652 0.196395 0.0413565 0.977569 0.0247975 -0.209149 0.862131 0.503762 -0.0543634 0.649907 0.759437 0.0296 -0.959293 0.282296 0.00813146 -0.968371 -0.167677 -0.184776 -0.84466 -0.535266 -0.00630835 -0.427548 -0.900061 -0.0842227 -0.00132284 -0.999065 -0.0432199 0.237922 -0.971282 0.00219306 0.664396 -0.747375 -0.00283295 0.668559 -0.743657 -0.00153705 0.945739 -0.324926 0.0011617 0.919983 0.388007 0.0555165 0.902676 0.425866 0.0617654 0.984584 0.0871285 -0.151666 0.0857301 0.995351 -0.0438865 -0.648782 0.760553 0.0253045 -0.90436 0.399559 -0.149953 0.99922 -0.0225178 0.0324286 0.828105 0.560448 -0.0118142 0.754328 0.654914 0.0455856 0.0384017 0.99886 0.0283424 -0.761676 0.646998 0.0352645 -0.981366 0.189634 -0.0309853 -0.597772 0.801562 -0.0129135 -0.24131 0.0396169 -0.969639 -0.903297 -0.11111 -0.414377 0.985459 -0.0267246 -0.1678 0.266445 0.0794349 -0.960571 0.628576 0.777654 -0.0120997 0.266377 0.962556 0.0502838 -0.400922 0.912918 -0.0764374 -0.502621 0.85537 -0.125355 -0.767234 -0.631287 -0.113264 -0.92075 -0.387727 -0.0434421 -0.970166 -0.203299 -0.132091 -0.585048 -0.810574 -0.0262309 -0.0320692 0.992339 -0.119313 0.747733 0.663718 -0.0193232 0.968096 0.22739 -0.105286 0.8945 -0.207194 -0.396157 -0.809387 0.0768411 0.582227 0.980966 -0.115349 0.156204 -0.93419 0.353721 0.0465912 0.104197 0.11336 0.988075 0.0873281 -0.00514524 -0.996166 0.873267 -0.485808 -0.0373597 0.391546 0.920158 -0.00102638 -0.291039 0.956391 -0.024759 -0.357566 0.931682 -0.064144 0.838308 0.543144 0.0472783 0.536366 0.842774 -0.0452058 -0.93461 0.355673 0.000724262 -0.944109 0.329525 -0.00845687 0.643428 0.728858 0.234024 -0.234386 0.969907 -0.0659105 -0.77975 0.612926 0.127717 -0.984033 0.0860913 -0.15578 0.510275 0.83549 -0.203902 -0.189378 0.493447 0.848909 -0.33317 0.244528 -0.910606 0.997243 -0.0700575 -0.0244595 0.581881 0.796382 0.164895 0.890066 -0.450423 0.0700064 -0.809858 -0.580261 0.0861816 -0.897113 -0.439959 0.0403107 0.998952 -0.0455474 0.00456872 0.867399 -0.497602 0.00323685 0.991605 -0.107859 0.0713205 0.746487 -0.663608 -0.0487937 0.686177 -0.722861 -0.0814468 0.322758 -0.946465 -0.00557007 -0.961125 -0.275147 -0.0230897 -0.947573 -0.317211 -0.0385163 -0.804311 -0.593883 0.0196447 -0.664023 -0.747228 -0.0269062 -0.435736 -0.899419 0.0343471 -0.279936 -0.959976 -0.00905638 -0.635564 -0.750288 -0.182006 0.333699 -0.941557 0.045999 0.408721 -0.912535 0.0150739 0.934473 -0.354435 0.033721 -0.796089 -0.585101 -0.154593 -0.108418 -0.993653 0.0299738 0.38439 -0.915694 -0.117252 -0.249229 -0.127903 -0.959961 -0.550831 -0.834613 -0.0025434 0.234556 -0.966453 0.104648 0.286188 -0.321931 -0.902473 0.258823 -0.264234 -0.929081 -0.236481 -0.958447 -0.159549 -0.434175 0.848148 -0.30354 -0.890504 0.448261 -0.0778788 0.968949 -0.245316 0.0309628 0.627631 -0.77825 0.0201552 0.0200216 -0.163963 0.986263 -0.939556 -0.341864 0.0190841 -0.522248 0.852002 0.0367401 -0.00428324 0.0949947 0.995469 0.710474 0.703075 0.0301993 0.962821 -0.260268 0.0723623 -0.99437 0.0947574 0.0474186 -0.817504 0.575874 0.00753355 -0.99402 0.108122 0.0152921 -0.923824 0.378463 -0.0575782 -0.662669 0.748744 0.0158932 -0.070997 0.995877 -0.0564713 -0.0885529 0.993866 -0.0662457 0.975414 0.22019 0.00918718 0.948539 0.314238 -0.039087 0.804311 0.593883 0.0196447 0.664023 0.747228 -0.0269062 0.435736 0.899419 0.0343471 0.254009 0.967069 -0.0160361 -0.99657 -0.0670091 -0.048561 0.993105 -0.117222 -0.00141134 -0.461419 -0.870753 0.169947 0.740856 -0.646419 0.182413 0.958348 -0.213523 -0.189676 -0.274312 -0.95651 -0.099203 0.732048 -0.250379 0.633574 0.0286903 -0.985482 -0.167341 -0.61837 -0.782166 -0.0763838 -0.190568 -0.979384 -0.0670137 -0.667151 -0.0888339 -0.739606 -0.525029 0.850071 -0.0415062 0.71626 -0.69241 0.0868374 0.565977 -0.806829 0.169402 -0.755804 -0.651749 0.0631236 -0.098583 -0.031282 0.994637 -0.961962 0.271126 -0.0334699 0.81163 0.583917 -0.0172551 0.774531 0.631362 0.0385328 -0.0529085 0.994391 0.0915862 -0.38676 0.915498 -0.110814 -0.79204 0.606491 0.0695803 -0.992958 -0.0375883 -0.112349 -0.245912 0.379068 -0.892096 -0.836865 0.428857 0.340203 -0.171919 0.949083 -0.263981 -0.776266 0.416591 0.473143 0.339106 -0.918263 -0.204452 0.35865 -0.903938 -0.23295 0.218985 -0.0239266 0.975435 0.230798 0.772039 -0.592189 -0.0462632 -0.0101509 -0.998878 0.301552 -0.161707 0.939637 0.952446 -0.304682 0.00406589 -0.198586 -0.980067 0.00566072 0.0633432 -0.0704584 0.995502 -0.467785 0.862838 0.191543 0.85613 -0.382501 0.347468 -0.698906 -0.107377 0.707107 -0.698907 -0.107377 0.707107 -0.949707 -0.117106 0.290418 -0.698905 -0.107377 -0.707108 -0.698906 -0.107376 -0.707107 -0.698906 -0.107376 -0.707107 -0.698905 -0.107377 -0.707108 -0.698909 -0.107378 -0.707104 -0.988403 -0.151854 0 -0.988403 -0.151854 0 0.698906 0.107377 0.707107 0.698907 0.107377 0.707107 0.976057 0.115452 0.184348 0.988403 0.151854 0 0.988403 0.151854 0 0.698905 0.107376 -0.707109 0.698907 0.107376 -0.707107 0.698906 0.107376 -0.707108 0.69891 0.107378 -0.707103 0.0410636 -0.451042 0.891558 -0.17168 -0.219798 0.96032 -0.345351 -0.268664 0.899195 -0.173364 -0.0552853 0.983305 -0.155013 0.0437353 0.986944 -0.362793 0.601345 0.711875 -0.0787468 0.0676197 -0.994599 -0.157646 0.987483 0.00506994 -0.332087 0.94321 -0.00859927 -0.625693 0.780034 0.00744028 -0.758662 0.651462 -0.0053581 -0.91775 0.397136 0.00425809 -0.962416 0.271536 -0.00480739 -0.992672 -0.120516 0.00879826 -0.952703 -0.303815 -0.00727738 -0.72378 -0.689902 0.0133566 -0.615549 -0.788075 -0.00608856 -0.189722 -0.981827 0.00467762 -0.00514074 -0.999934 -0.0103214 -0.0978827 -0.506552 0.856635 -0.0898573 -0.518592 0.850287 -0.300916 -0.427698 0.852364 -0.477632 -0.455276 0.751393 -0.448435 -0.214856 0.867607 -0.555035 -0.0673844 0.829093 -0.50596 -0.00676545 0.862531 -0.584208 0.252803 0.771228 -0.335794 0.477051 0.812197 -0.345978 0.431321 0.833224 -0.0862258 0.540112 0.837164 -0.188122 0.443898 0.876108 -0.715256 -0.698538 0.0212853 -0.915191 -0.00162674 -0.403016 -0.776604 0.496889 0.387281 -0.851175 0.524882 -0.000771438 -0.885239 0.464721 -0.0196834 -0.760573 0.649253 0 -0.996541 0.0773774 -0.0303107 -0.99061 0.136668 0.0037164 -0.935535 -0.352842 -0.0166601 -0.687161 -0.726482 0.00582061 -0.597832 -0.801613 -0.00363307 -0.73319 -0.680006 0.00505342 -0.654297 -0.756114 -0.0136449 -0.5306 -0.847622 0 -0.935685 -0.352835 0.000565333 -0.932356 -0.361542 -3.80847e-06 -0.814337 -0.580392 2.74449e-06 -0.801155 -0.598455 -0.00135939 -0.993108 -0.117195 -0.00141952 -0.995037 -0.0995054 -0.000131547 -0.95219 0.305493 0.00269432 -0.975397 0.220421 -0.00393134 -0.5306 -0.847622 0 -0.400264 -0.9164 0 -0.381385 -0.924416 0.000674153 -0.1761 -0.984372 0.000332691 -0.149075 -0.988825 0.00104074 0.0114522 -0.999934 -0.000347476 0.0918983 -0.995768 0.00104075 -0.883802 0.467856 -0.00236074 -0.799222 0.601033 0.00182519 -0.760573 0.649253 0 -0.671651 0.740867 0 -0.671651 0.740867 0 -0.509923 0.86022 0 -0.509923 0.86022 0 -0.36529 0.930894 0 -0.36529 0.930894 0 -0.211255 0.977431 0 -0.171748 0.985141 -0.000694954 -0.0426398 0.197285 0.979418 -0.0619013 0.142695 0.987829 -0.0501587 0.127823 0.990528 -0.118339 0.199633 0.972699 -0.376447 0.415241 0.828168 -0.551517 -0.20797 0.807823 -0.664592 -0.222757 0.71323 -0.264209 -0.6404 0.721167 -0.0499709 -0.331461 0.942145 0.0172409 -0.186815 0.982244 -0.0934088 0.0858676 0.991918 0.0185595 0.425495 0.904771 0.105616 -0.638753 0.762129 0.00694667 0.0775414 0.996965 -0.390201 0.92073 6.25195e-05 -0.373273 0.927722 -0.000623897 -0.720119 0.693851 -0.000533678 -0.991841 0.127415 -0.00397808 -0.979825 -0.199853 0.00103748 -0.901825 -0.432086 -0.00359623 -0.809628 -0.586942 0.00117724 -0.575421 -0.817856 -0.00141516 -0.481447 -0.876472 0.00228198 -0.170728 -0.985317 -0.00175353 0.0212908 -0.999767 0.003505 0.000916169 -0.0430211 0.999074 -0.0265903 -0.0484076 0.998474 -0.063351 -0.0459265 0.996934 -0.132248 -0.0269745 0.990849 -0.900201 0.43533 0.0112519 0.295438 -0.364522 -0.883086 0.0442799 0.0615218 -0.997123 0.0195203 0.0545793 -0.998319 0.218548 -0.0458105 -0.97475 -0.0837654 -0.152047 -0.984817 -0.351443 -0.833605 -0.426135 -0.48379 -0.531648 -0.695196 -0.427335 -0.541167 -0.72424 -0.283474 0.575664 -0.766977 -0.623701 0.531167 -0.573461 -0.896594 -0.439655 -0.0531226 -0.980586 -0.0105612 0.195807 -0.852819 0.521646 -0.0241828 -0.178685 0.983861 -0.00945233 -0.498106 0.799486 0.335726 -0.401931 -0.842773 0.358029 -0.368143 -0.873217 0.319315 -0.27214 -0.812108 -0.516159 -0.245626 -0.860355 -0.446606 -0.544917 0.81496 -0.197246 0.199221 -0.484823 -0.85162 -0.0688199 -0.131876 -0.988874 0.162305 -0.116648 -0.979822 0.0537699 0.121789 -0.991098 -0.0441294 0.118094 -0.992021 -0.180585 0.107554 -0.977661 -0.00242738 0.211944 -0.977279 0.0421962 0.149591 -0.987847 -0.0283167 -0.0327231 -0.999063 -0.0321671 -0.0384056 -0.998744 -0.939345 -0.342092 -0.0245586 0.119847 0.0199491 -0.992592 0.176103 -0.108595 -0.978364 0.133325 -0.147064 -0.9801 0.0881501 -0.148706 -0.984945 0.0529701 -0.134988 -0.98943 0.0193312 -0.110883 -0.993645 0.00104997 -0.0916784 -0.995788 0.0334559 -0.13785 -0.989888 -0.109992 -0.729586 -0.674986 -0.159226 -0.168299 -0.972791 -0.162741 -0.168129 -0.972239 -0.161969 -0.0613541 -0.984887 0.904387 -0.151047 -0.399084 0.81022 0.347744 -0.471823 -0.131977 0.0158882 -0.991125 -0.14573 0.160748 -0.976178 -0.129538 0.218526 -0.967195 -0.0964559 0.245806 -0.964508 -0.0420044 0.240936 -0.969632 0.442837 0.337731 -0.830562 0.381356 -0.13827 -0.914029 0.0476116 0.985757 0.161296 0.483084 -0.323151 -0.813759 0.317277 0.889443 -0.328979 0.949994 0.169657 -0.262161 0.648798 -0.660236 -0.378351 0.170692 -0.977446 0.124351 0.511344 -0.51574 0.687415 0.560764 -0.517839 0.646054 0.933843 -0.0660807 0.351526 0.634861 0.284276 0.718428 0.162633 0.986632 -0.010421 0.338521 0.93571 0.0992524 0.817608 0.575759 0.00428188 0.847091 0.529477 -0.0457335 0.995739 -0.00177132 -0.092199 0.996576 -0.0705198 -0.0431596 0.732718 -0.67663 -0.0727778 0.569442 -0.798417 -0.195615 0.270763 -0.961211 -0.052551 0.142016 0.197314 -0.969999 0.012434 0.412529 0.910859 0.0700878 0.108331 0.991641 0.0622802 0.0299797 0.997608 0.0456807 -0.00705544 0.998931 0.033187 -0.0224353 0.999197 0.0190843 -0.034154 0.999234 0.257415 -0.966301 -0.000917093 0.487785 -0.872961 0.00220681 0.565352 -0.82485 -0.000485276 0.828454 -0.560056 0.000541271 0.836643 -0.547749 7.43041e-05 0.989162 -0.14683 0.000190673 0.988282 -0.152641 -6.98611e-05 0.901041 0.433733 -0.000636709 0.876871 0.480713 -0.00364153 0.543202 0.8396 0.00173278 0.484092 0.875017 -0.000644025 0.0301272 0.999546 0.000650592 0.0180537 0.999837 0.00017784 -0.0130201 -0.281458 0.959485 0.160416 -0.462758 0.87185 0.28579 -0.482116 0.828184 0.351916 -0.388182 0.851745 0.328837 -0.227974 0.916457 0.3503 -0.261994 0.899249 0.402625 0.208852 0.89122 0.218892 0.154706 0.963407 0.244044 0.260075 0.93424 0.193376 0.343994 0.918844 0.150095 0.363807 0.919302 0.0987314 0.356101 0.929217 0.0348492 0.317342 0.947671 -0.0133183 0.257015 0.966316 0.886264 -0.462736 -0.020293 0.885239 -0.464721 -0.0196834 0.760573 -0.649253 0 0.978128 -0.20599 -0.0288596 0.941271 0.337615 0.00504134 0.728395 0.68515 0.00318409 0.684272 0.729222 -0.00262897 0.728555 0.684951 -0.00698202 0.69538 0.718403 -0.0185222 0.5306 0.847622 0 0.887679 0.460461 0.0015232 0.898484 0.438988 0.00407411 0.993108 0.117195 -0.00141952 0.995037 0.0995054 -0.000131547 0.953433 -0.301597 0.00238721 0.975397 -0.220421 -0.00393134 0.540315 0.841462 -0.000506428 0.49003 0.871705 4.06306e-09 0.41564 0.909529 -0.000719928 0.381385 0.924416 -3.7775e-05 0.262529 0.964924 8.32545e-05 0.267178 0.963647 0 0.149075 0.988826 0 0.10916 0.994024 0.000694957 -0.0114522 0.999934 -0.000347476 -0.0517499 0.99866 0.000347482 0.883484 -0.46846 -0.001218 0.821817 -0.569744 0.00296185 0.760573 -0.649253 0 0.671651 -0.740867 0 0.671651 -0.740867 0 0.509923 -0.86022 0 0.509923 -0.86022 0 0.327531 -0.944841 0 0.365289 -0.930893 0.00138485 0.171748 -0.985141 -0.000347472 0.587807 0.261006 -0.765741 0.0088652 0.490966 0.871134 0.164323 0.527062 0.833789 0.232 0.41935 0.87768 0.366243 0.368448 0.854466 0.379716 0.208166 0.901378 0.533697 0.138891 0.834192 0.490239 -0.0727707 0.868545 0.546956 -0.172582 0.819179 0.410308 -0.268628 0.871485 0.342983 -0.427587 0.83638 0.289449 -0.422307 0.858997 0.13019 -0.488715 0.862675 0.130168 -0.488706 0.862684 0.257378 -0.966304 0.00363941 0.557565 -0.830125 -0.00369762 0.625704 -0.780048 0.00443141 0.903452 -0.428663 -0.0047186 0.953619 -0.300896 0.00850881 0.99758 0.0692228 -0.00646722 0.967727 0.251843 0.00895273 0.851776 0.523888 -0.00440585 0.704966 0.70921 0.00666123 0.57145 0.820633 -0.00267351 0.297636 0.954661 0.0058941 0.164855 0.986305 -0.00504201 0.0183589 0.426997 0.904067 0.1059 0.152079 0.982679 0.178833 0.07185 0.981252 0.258092 0.15874 0.95299 0.154472 0.0107189 0.987939 0.165823 -0.179973 0.969594 0.0953649 -0.0452479 -0.994413 -0.628043 -0.0059553 -0.778156 -0.516466 0.388953 -0.762875 -0.356546 0.544728 -0.759043 -0.278779 0.55784 -0.781727 0.558555 -0.136951 -0.818084 0.639154 0.0767703 -0.765238 0.0747453 -0.398785 0.913993 -0.118104 -0.223121 0.96761 0.0525599 -0.394325 0.917467 -0.257045 -0.505083 0.823905 -0.959762 0.279894 -0.0227051 -0.176599 -0.0852005 0.980589 -0.227546 0.736701 -0.636785 -0.370178 -0.119762 0.921209 -0.27613 0.0615318 0.959149 -0.731732 0.409246 0.545056 -0.413799 -0.624735 -0.662176 -0.341118 0.0358896 0.939335 0.474836 0.634894 0.60946 0.949692 0.286151 0.127293 -0.104281 0.26283 0.95919 -0.0269672 0.314671 0.948818 0.189712 0.171431 0.966758 0.558659 -0.298391 0.773862 -0.223636 -0.971175 -0.0824939 -0.377722 -0.362087 0.852185 0.0159269 0.0545662 0.998383 -0.187094 0.0900444 0.978207 0.689951 -0.551664 0.468651 0.406655 0.888836 0.211192 0.612983 0.164249 0.772835 -0.12488 0.107311 0.986352 -0.891609 -0.423048 -0.161445 0.142873 0.300691 0.942959 0.0986403 0.372004 0.922975 0.727307 0.451601 -0.516799 -0.19667 0.327823 0.924042 -0.030944 0.324321 0.945441 0.377253 0.353626 0.855937 0.42218 0.187564 0.886896 0.470946 0.173567 0.864919 0.409039 -0.0996273 0.907062 0.873097 0.061676 0.483629 0.592343 -0.271735 0.758478 0.0460545 0.171378 0.984128 -0.170044 0.215353 0.961617 -0.138975 0.123562 0.982557 -0.0687796 0.135246 0.988422 0.00361898 0.281192 0.959645 0.131664 0.149185 0.980004 0.13304 0.152912 0.979244 0.180894 0.0712101 0.980921 0.189223 -0.0225849 0.981674 0.215821 -0.0106223 0.976375 -0.858748 0.454982 0.235676 -0.764944 0.356002 0.536771 -0.809543 0.115889 0.575508 -0.69167 0.0672625 0.719075 -0.959264 -0.177288 0.219959 -0.483848 -0.189363 0.854419 -0.812383 -0.510235 0.282301 -0.524546 -0.844762 0.105965 -0.371489 -0.439837 0.817643 -0.0686336 -0.74902 0.658983 -0.0985947 -0.496349 0.862506 0.252175 -0.964358 -0.0801349 -0.0503512 -0.406769 0.912142 0.558759 -0.78467 0.26848 0.322531 -0.615238 0.719344 0.789928 -0.564765 0.23886 0.523192 -0.486307 0.69984 0.267046 0.128457 -0.955084 0.174351 0.19861 -0.964446 0.308716 0.229901 -0.922952 0.2693 -0.0960478 -0.958255 0.30124 -0.0791869 -0.950255 0.348789 0.107179 -0.931053 0.273529 0.02204 -0.961611 -0.0135694 0.517091 0.855823 -0.707147 0.628855 -0.323241 -0.288539 0.461429 0.838945 -0.243674 0.594348 0.766403 -0.544061 0.416286 0.728494 0.475342 0.37252 0.797044 0.616697 0.226732 0.753842 0.609942 0.123683 0.782735 -0.55519 0.3372 0.760303 -0.364198 -0.533517 -0.763361 0.244694 0.598007 0.763225 0.151908 0.635886 0.756686 -0.469911 -0.505153 0.723882 -0.510733 -0.412279 0.754439 -0.870576 -0.429807 0.239508 -0.685377 0.0197169 0.727921 -0.618065 0.204345 0.759104 -0.956697 0.172614 0.234383 -0.672278 0.592223 -0.444201 0.0800757 0.868394 -0.489366 -0.4457 -0.894756 -0.0276345 -0.305267 -0.697397 -0.64842 -0.656975 -0.707131 0.261439 -0.434648 -0.492923 -0.75373 -0.553001 -0.53451 -0.639132 -0.709082 -0.692256 0.13411 -0.655794 -0.224106 -0.72091 -0.5757 -0.309071 -0.756997 -0.661884 -0.293782 0.689639 -0.772066 -0.294353 0.563267 -0.617955 -0.0434643 -0.785011 -0.813384 0.0769053 0.576621 -0.932073 -0.131606 0.33752 -0.62882 0.384644 -0.675747 -0.634392 0.373844 -0.6766 -0.621566 0.51609 0.589328 -0.526647 0.651283 -0.546327 -0.22427 0.615065 0.755909 -0.262219 0.883775 0.387535 -0.0782396 0.600005 0.796161 -0.0592391 0.656886 -0.751659 0.056008 0.884943 -0.462319 -0.0446184 0.998712 0.0241774 0.0714317 0.669329 0.739524 0.0870821 0.875394 -0.475502 0.176847 0.678452 -0.713041 0.193872 0.631979 0.750344 -0.305593 -0.522629 -0.79591 -0.552674 -0.299087 -0.777881 -0.121049 0.664353 -0.737551 -0.895141 -0.44571 -0.00805537 -0.993255 -0.0962064 -0.0647177 -0.518416 0.240523 -0.820606 -0.912307 0.407687 0.0385645 -0.362546 0.927791 -0.088117 -0.432093 0.900907 -0.0407617 -0.969373 0.21946 -0.110241 0.165353 0.973461 -0.158214 0.0424231 0.997488 -0.0567225 -0.707369 -0.694332 -0.132409 -0.491458 -0.870641 -0.0213047 -0.954535 -0.264509 -0.137468 -0.777445 0.612305 -0.143746 -0.200874 0.901524 -0.383281 0.160123 0.933196 -0.321725 -0.723771 -0.650091 -0.23138 -0.919536 -0.27866 -0.277132 -0.703134 0.231748 -0.672232 0.240184 0.827477 -0.507536 -0.239831 -0.421266 -0.874652 -0.780258 -0.103847 -0.616776 -0.765641 0.188025 -0.615175 -0.142181 -0.129963 -0.981272 0.183935 0.62659 -0.757332 0.00521439 0.382464 -0.923956 -0.00627484 0.0117537 -0.999911 -0.0333155 0.0388917 -0.998688 -0.0543035 0.0277954 -0.998138 -0.0394839 0.0323059 -0.998698 -0.0445204 -0.0236683 -0.998728 -0.971093 0.238009 -0.0181758 -0.985575 0.0757986 -0.151314 -0.725768 -0.687236 0.0310994 -0.0108763 -0.966153 -0.257739 0.813056 -0.579629 0.0544958 -0.00234643 0.0306428 -0.999528 0.0462903 0.0171065 -0.998782 0.108397 -0.702671 0.703209 -0.246126 -0.409326 0.878564 -0.148687 0.000123361 0.988884 0.177078 -0.375232 -0.909859 -0.278137 -0.139454 -0.950364 -0.874585 0.0691791 -0.479913 -0.0414108 -0.0837048 -0.99563 -0.00585736 0.00780768 -0.999952 0.0882218 0.0223333 -0.99585 -0.0931804 -0.0840047 -0.992099 -0.00626921 0.108517 -0.994075 -0.838225 -0.290498 0.461509 -0.367382 -0.672812 0.642148 -0.0219452 -0.999165 0.0344549 0.51387 -0.729092 -0.452064 -0.064093 0.521568 0.850799 -0.415021 0.146606 0.897922 -0.424017 0.222591 0.877874 -0.0764231 0.519387 0.851115 -0.320917 0.344789 0.882118 0.00926567 0.484198 0.87491 0.0647713 0.494932 0.866514 0.349329 0.345893 0.87082 0.394534 0.294931 0.870264 0.473744 0.00884374 0.880618 0.476146 -0.0177585 0.879187 -0.485078 0.0234068 -0.874158 -0.286491 -0.577969 -0.764117 -0.288467 -0.460162 0.839665 -0.0728204 -0.638801 0.765918 -0.491314 -0.0628549 0.868712 -0.525739 0.0412125 0.849647 -0.507671 0.128328 0.85194 -0.694012 -0.690344 0.204383 -0.449034 -0.328123 0.831086 -0.255814 -0.395197 0.882258 0.428388 -0.455541 0.780363 -0.526931 -0.225911 0.819334 -0.526959 -0.226606 0.819124 -0.921451 -0.385718 -0.0463641 -0.0860381 -0.546381 0.833106 -0.234454 -0.473596 0.848963 0.485092 -0.425481 -0.763971 0.537009 -0.278554 -0.79626 0.276993 -0.675229 -0.683623 0.304543 -0.68127 -0.665677 0.122357 -0.723902 -0.678966 0.499785 -0.478245 0.722147 -0.00328316 -0.6178 -0.786328 0.470347 -0.484294 0.737722 0.411379 -0.580995 0.702291 -0.119159 -0.680513 -0.722982 -0.327892 -0.600421 -0.729371 -0.584329 -0.568799 -0.578815 -0.658575 -0.292926 -0.693162 -0.572392 -0.161836 -0.803851 0.328357 -0.802803 0.497684 -0.645402 -0.0498658 0.762214 -0.711482 -0.0209065 -0.702393 -0.532455 0.177369 0.827666 -0.641791 0.151869 -0.751692 0.389342 -0.47826 -0.787198 0.49634 -0.232948 -0.836291 -0.160165 -0.131506 -0.978291 0.692142 -0.390672 -0.60689 0.048253 -0.67703 -0.734372 0.12821 -0.443413 -0.8871 0.00112511 -0.559119 -0.829087 -0.201368 -0.441609 -0.874318 -0.202273 -0.470891 -0.858689 -0.474842 -0.266486 -0.838755 -0.700587 -0.208211 -0.682514 -0.531838 0.0797052 -0.843087 -0.599525 0.165942 -0.782964 -0.521069 0.719513 0.459116 -0.480401 0.54998 0.683181 0.226191 0.799063 0.557078 0.079824 0.975343 0.205752 0.637944 0.579591 0.507051 0.892044 0.0716742 0.446228 0.930787 0.0471885 0.362504 0.922698 -0.376809 -0.0815011 0.31413 -0.342869 0.885304 0.198081 -0.415854 0.887598 -0.452488 -0.115487 0.884261 -0.315144 -0.344333 0.884375 -0.235688 -0.397861 0.886655 -0.263712 -0.16563 -0.950275 -0.224889 -0.175467 -0.958455 -0.165223 -0.266085 -0.949684 -0.143467 -0.263973 -0.953801 -0.296839 0.0424936 -0.953982 -0.284186 -0.0463298 -0.957649 -0.289785 -0.0535572 -0.955592 -0.210033 0.230198 -0.950208 -0.221427 0.170403 -0.960173 -0.263227 0.139463 -0.9546 -0.259372 0.0921852 -0.961368 -0.0304237 0.289698 -0.956634 -0.117902 0.274178 -0.954424 -0.131541 0.256209 -0.957629 0.119553 0.261234 -0.957843 0.080439 0.304703 -0.949045 -0.00738055 0.275554 -0.961257 0.524251 0.358037 0.772639 0.607798 0.256451 -0.751542 0.58062 0.707019 -0.403738 0.85513 0.244509 0.45713 0.834504 0.266372 0.482336 0.977502 0.210162 -0.0179478 0.763222 0.183579 -0.619509 0.664648 -0.118556 0.737691 0.983055 -0.18311 0.00861783 0.372961 0.570075 0.732062 0.487105 0.605978 0.628903 0.420778 0.61834 -0.663778 0.334087 0.526222 -0.78197 0.608172 0.477595 0.634058 0.810535 0.459967 0.362579 0.807143 0.531926 -0.256075 0.594295 0.375866 -0.711012 0.692448 0.0780829 -0.71723 0.6627 0.0459822 0.747472 0.746861 -0.12806 -0.652534 0.624682 -0.164618 0.763331 0.973616 -0.206128 -0.0978964 0.624095 -0.193231 -0.757078 -0.0233936 -0.630269 -0.776025 -0.213106 -0.593006 -0.776486 0.504656 -0.438356 -0.743752 0.793153 -0.603963 -0.0783373 0.567986 -0.820989 -0.0580402 0.682404 -0.51071 -0.522973 -0.120398 -0.728634 -0.674238 0.249609 0.194196 -0.948675 0.648902 0.751335 -0.120088 0.889268 0.365152 -0.275437 0.850391 0.498394 -0.168638 0.929604 0.301356 -0.212181 0.998245 -0.0230668 -0.0545489 0.968894 -0.24375 -0.0427779 0.920185 -0.374661 -0.11353 0.572455 0.0154102 -0.819791 0.596957 -0.171508 -0.783726 0.176154 0.0806372 -0.981054 0.00685528 -0.040726 -0.999147 -0.0520979 -0.0455604 -0.997602 0.0467226 -0.0681938 -0.996578 0.0418272 -0.0102516 -0.999072 0.0562548 0.011062 -0.998355 0.00696378 0.00659406 -0.999954 -0.588397 0.182941 -0.787605 0.788048 -0.611726 -0.0690735 0.0597256 -0.997577 -0.0356677 -0.257401 -0.958349 -0.123741 0.555012 -0.709393 -0.434423 0.295164 -0.91402 -0.278291 0.323667 -0.905231 -0.275313 -0.189423 -0.541251 -0.819248 0.365665 -0.254005 -0.895417 0.0439576 -0.48022 -0.876046 0.0513745 -0.0754363 -0.995826 0.906067 0.181676 -0.382147 0.530588 0.547476 -0.647107 0.622127 0.438028 -0.648914 0.30689 0.607995 -0.73223 0.535374 0.840236 0.0858973 0.660676 0.00548399 -0.750651 0.505667 -0.436786 -0.743988 0.239632 -0.598224 0.764659 0.518498 -0.853382 0.0538429 0.126151 -0.690104 0.71263 0.231918 -0.867529 -0.440009 0.0545622 -0.661595 0.747874 0.0740406 -0.682537 0.727091 -0.265448 -0.576332 0.772903 0.591413 -0.354577 0.724227 0.903637 -0.42655 0.038679 0.525543 -0.430259 -0.73395 0.614113 -0.378515 -0.692526 0.428041 -0.552178 0.715458 0.491794 -0.610287 -0.621038 0.292809 -0.572526 -0.765818 0.418907 -0.523757 -0.741751 0.34558 -0.938244 -0.0165027 0.189744 -0.712345 -0.675694 -0.0412774 -0.99267 0.113593 -0.143351 -0.988237 -0.0532769 -0.16095 -0.826287 -0.539763 -0.00852854 -0.649838 -0.760025 -0.211194 -0.640232 0.73858 -0.302236 -0.905088 0.299113 -0.333929 -0.696861 -0.634726 0.45043 -0.0952723 0.887714 0.264964 0.379108 0.886606 0.353275 0.301977 0.885442 -0.168812 0.430279 0.886771 0.170457 0.418909 0.891886 -0.236562 0.393335 0.88844 0.462641 0.0586689 0.884602 0.454275 -0.0591819 0.888893 0.464881 0.0146985 0.885251 -0.306348 -0.534334 0.787806 -0.607791 0.0364068 0.793262 0.444722 -0.429231 0.786119 0.220951 -0.97418 0.0464225 -0.284492 -0.95486 -0.0854727 -0.654928 -0.75569 0.00139885 -0.502787 0.351534 -0.789702 -0.393782 0.423228 -0.815974 -0.254931 0.407917 -0.876706 -0.168634 0.532121 -0.829704 0.0180701 0.516561 -0.85606 0.0333739 0.46116 -0.886689 0.284387 0.342667 -0.895379 0.447306 0.415198 -0.792167 0.600038 0.19931 -0.774745 0.524978 -0.0253345 -0.850738 0.542372 -0.0446426 -0.838952 0.521944 -0.122463 0.844143 0.522314 0.200637 0.828814 0.293416 0.433224 0.852188 -0.0103614 0.572361 0.819936 0.181216 0.508357 0.841863 0.99437 -0.0819452 0.0671818 0.491967 -0.308403 0.81416 0.504929 0.299324 0.8096 0.4805 0.31431 0.818736 0.510779 0.210054 0.833656 -0.434297 0.317495 0.842961 -0.0680534 0.800442 -0.595535 -0.410103 0.350262 0.8421 -0.399686 0.380701 0.833857 -0.109658 0.601506 0.791306 0.0605521 0.549491 0.833302 -0.19331 0.654696 -0.730756 -0.39581 0.325455 0.858728 -0.441771 0.763141 -0.47165 0.0946588 0.658198 -0.74687 -0.468884 0.803717 -0.366315 0.243665 0.718005 -0.651994 -0.0446149 0.620857 0.782654 0.446244 0.535704 -0.71686 0.454992 0.453795 -0.766194 0.204373 0.620098 0.757436 0.634803 0.77015 0.0623955 0.809104 0.128403 -0.573466 0.78474 -0.00155936 -0.619823 0.686681 -0.0649547 -0.724051 0.721003 -0.336232 0.60589 0.658242 -0.250508 -0.709903 0.470495 -0.293239 0.832253 0.260394 -0.420043 0.869344 0.284486 -0.362969 0.887311 0.120351 -0.486289 0.86547 0.0541879 -0.499056 0.864874 -0.161005 -0.433446 0.886681 -0.203747 -0.406998 0.890415 -0.467351 -0.0152981 0.88394 -0.446448 0.126198 0.885866 0.878475 -0.36527 -0.307992 0.804501 0.239999 0.543303 0.393951 0.917104 0.0610153 0.0146179 0.999879 0.00541023 -0.510747 0.68081 0.52501 -0.73459 0.58727 0.33984 -0.230019 0.377152 -0.897133 0.322476 -0.14732 -0.935043 0.230181 -0.00220579 -0.973145 -0.0376275 0.193742 -0.980331 0.138798 -0.0128887 0.990237 0.140614 -0.0156326 0.989941 -0.184838 0.570072 0.800533 0.335328 0.835428 0.435448 -0.117268 0.0185744 0.992927 0.492047 0.38143 0.782561 0.710618 -0.700796 -0.0625034 -0.541898 -0.813788 0.209991 -0.0723963 0.00507843 -0.997363 0.871817 0.463483 -0.158487 0.957745 0.287122 0.016909 -0.159262 0.987186 -0.00998736 -0.165991 0.986121 -0.00365168 0.494868 -0.429526 0.755389 -0.592715 0.229785 0.771938 0.107215 -0.526368 0.84347 -0.683867 0.194251 -0.703272 -0.605594 -0.08833 0.790856 0.240948 -0.172267 -0.955127 0.0700585 -0.267915 -0.960892 0.0653527 -0.27919 -0.958009 0.183597 -0.257827 -0.948587 0.219535 -0.180178 -0.958822 -0.0670486 -0.337539 -0.938921 0.627056 -0.178999 0.75813 0.708004 -0.186113 0.681243 0.876216 0.0706023 0.476719 0.112195 0.112635 0.987282 0.0845469 0.0406695 0.995589 0.17632 0.0117751 0.984262 0.475364 0.541508 0.693396 0.473598 0.540182 0.695635 0.249709 0.945896 0.207187 0.16067 0.777738 0.607708 -0.144995 0.504705 0.851028 -0.0967546 0.921308 0.376602 -0.311802 0.725088 0.614025 -0.503443 0.562814 0.65558 -0.482997 0.52937 0.697483 -0.229754 0.0697387 0.970747 0.134943 -0.154022 0.978809 -0.290749 -0.0861647 0.952912 0.19468 -0.120337 0.973457 0.149878 -0.0615518 0.986787 0.137082 -0.155105 0.978341 0.0552613 -0.197386 0.978767 0.0564227 -0.185522 0.981019 -0.0366431 -0.175704 0.983761 -0.0322137 -0.194382 0.980397 -0.105913 -0.14837 0.983244 -0.226232 0.0662902 0.971815 -0.13205 0.0813978 0.987895 0.198358 0.0709894 0.977555 -0.294093 -0.16418 0.94157 0.11813 -0.394142 0.911426 -0.850172 0.354792 -0.389011 -0.059026 -0.459435 0.886248 -0.793076 -0.507693 0.336568 0.526789 -0.0930968 0.844882 0.335353 -0.314395 0.888085 0.313118 -0.425813 0.848906 0.072586 -0.518983 0.851697 -0.0745721 -0.440776 0.894514 -0.132267 -0.284202 0.949597 -0.595797 -0.417183 0.686283 -0.290306 -0.0863803 0.953027 -0.719801 0.0123158 0.694071 -0.575823 -0.100462 0.811379 -0.352423 0.235843 0.905635 -0.347858 0.221258 0.911065 0.426151 0.764948 -0.48296 0.502186 -0.687235 0.524897 0.204474 0.147306 0.967725 0.248194 -0.284753 0.925913 0.32377 -0.140824 0.935597 -0.3541 -0.934366 -0.0396666 0.386462 0.395293 0.833301 0.0892235 -0.241785 0.966219 -0.39315 0.556067 0.732272 0.508803 0.175779 0.842746 -0.206135 0.192731 -0.959356 -0.0418647 0.940914 0.336048 0.942484 -0.183262 0.279533 0.929019 -0.214711 0.301369 0.185387 -0.110696 0.976411 -0.88262 0.352413 0.311107 -0.239618 0.872474 0.425877 0.0944301 0.280105 0.955314 -0.56206 0.578231 0.591386 -0.330392 -0.353105 0.875304 -0.0951449 0.150896 0.98396 -0.193495 0.918879 0.343832 -0.350084 -0.695198 0.627807 -0.80407 -0.28232 0.523227 -0.875729 0.144807 0.460575 0.483966 -0.874206 -0.039244 0.288084 -0.915168 0.281915 0.696183 -0.0433758 -0.716552 0.509858 -0.366253 -0.778398 -0.456926 -0.470605 0.754817 -0.390019 0.602024 0.696744 0.844291 0.330455 0.421868 0.321703 -0.4948 -0.807267 -0.551324 -0.553255 0.62446 -0.0450539 0.817061 0.574789 0.276762 -0.22761 0.933594 0.758956 -0.249059 0.601627 -0.496575 0.336918 0.799937 0.0780505 -0.622348 0.77884 0.138977 0.604851 0.784118 0.67637 0.356296 0.644652 -0.780697 0.246736 0.574137 -0.399667 -0.528278 0.749125 -0.0451024 -0.0889419 -0.995015 -0.00950126 -0.113547 -0.993487 -0.0146787 0.116646 -0.993065 -0.067009 0.0434707 -0.996805 0.153323 0.14564 -0.977385 -0.0188017 -0.0226435 0.999567 -0.0124683 0.0427777 0.999007 -0.0232746 0.0178027 0.999571 -0.0406628 -0.0415606 0.998308 -0.291365 -0.202513 -0.93493 -0.171042 0.0165532 -0.985125 -0.0657628 0.0920528 -0.99358 0.0202433 0.109334 -0.993799 0.182056 0.98328 0.00409067 -0.126546 0.990197 0.0591268 -0.581234 0.813593 -0.0153118 -0.925523 0.375816 0.0465809 -0.995182 0.0963123 -0.0183741 -0.92348 -0.38362 0.00453901 -0.549761 -0.83521 0.013675 -0.821002 -0.570638 -0.0181197 -0.245969 -0.969106 -0.0182706 -0.304717 -0.586502 0.750442 0.705544 -0.261784 0.658541 0.537404 0.542617 0.645573 0.199737 0.0795588 -0.976614 0.130512 -0.990452 0.044406 0.765906 -0.641922 -0.0363777 0.859676 -0.510835 0.00206755 0.928298 0.369758 0.0392744 0.777505 0.624576 -0.073426 0.00801668 -0.0605956 0.99813 -0.183559 -0.982728 -0.02348 -0.981071 -0.165997 0.0997264 0.609369 0.760044 0.225836 -0.901347 0.433078 0.00408225 0.0235407 -0.989343 0.143687 -0.352027 0.62276 -0.698747 -0.576524 0.665543 -0.473997 -0.979189 -0.147643 0.139251 -0.672152 -0.707891 -0.21703 -0.160856 -0.606476 0.77866 0.195724 -0.81745 -0.541726 -0.153703 0.00583949 0.9881 -0.16242 0.0758993 0.983798 -0.0210513 0.00580919 0.999762 0.0239244 -0.0157766 0.999589 0.0246706 0.000794169 0.999695 0.0407671 0.0979809 0.994353 -0.01875 -0.0706931 0.997322 -0.0285066 0.010756 0.999536 0 0 1 -0.829621 -0.0956035 -0.550082 0.256114 -0.933152 -0.252256 -0.731737 -0.524164 0.435675 -0.887047 0.432212 0.162299 -0.563329 -0.719954 -0.405372 -0.897727 0.376708 0.228424 0.279032 -0.553679 -0.784589 0.264221 -0.615821 -0.742261 0.431599 -0.095251 -0.897022 0.87245 0.17463 -0.456438 -0.175713 0.211863 -0.961374 0.486533 0.626976 -0.60843 -0.104345 0.187464 -0.976714 -0.148168 -0.15189 -0.977229 -0.463988 -0.322154 -0.825186 -0.133622 0.0267796 -0.990671 -0.128721 0.0284079 -0.991274 -0.439518 -0.473378 -0.763372 -0.429815 0.868431 0.247155 -0.497392 0.417386 0.760519 -0.965999 0.213189 0.146272 -0.790803 -0.267778 0.550387 -0.168221 -0.668316 0.724607 0.0251837 0.0715693 0.997118 0.0394286 -0.0330865 0.998675 -0.118962 0.0602648 0.991068 0.00543014 -0.139741 0.990173 -0.10709 -0.0265797 0.993894 0.105987 -0.0293797 0.993933 -0.0812546 -0.160396 0.983703 -0.616164 0.739223 -0.271829 0.0554498 0.868078 -0.493321 -0.643223 -0.0788864 -0.761605 -0.203908 -0.529193 -0.823636 -0.770145 0.637265 -0.0277498 -0.999432 0.0255577 -0.02195 -0.989099 -0.121306 -0.0834729 -0.423026 -0.905391 -0.0362938 -0.359056 -0.93184 -0.0524658 0.209941 -0.97675 0.0434185 -0.627869 0.771334 0.104038 -0.132217 0.197151 -0.971417 -0.0263308 0.122504 -0.992119 -0.0276531 0.0542419 -0.998145 -0.231488 0.069801 -0.97033 -0.0882334 0.00801761 -0.996068 -0.0250482 0.0570354 -0.998058 -0.228728 -0.0260324 -0.973142 -0.0880459 -0.0659161 -0.993933 -0.239414 -0.425435 -0.872746 -0.950747 0.0863928 -0.297684 -0.364737 -0.920636 0.139273 -0.589719 -0.806007 -0.050846 -0.945925 -0.319381 0.0567555 -0.805533 0.586275 0.0860186 -0.452908 0.888385 -0.0751423 -0.5442 0.700913 -0.461049 -0.938977 -0.208198 0.273816 -0.394207 -0.839754 -0.373381 0.275445 0.36193 -0.890582 0.245078 0.34438 -0.906278 0.255024 0.212372 -0.943324 0.626411 0.0376532 -0.778583 0.275707 -0.281911 -0.918973 -0.484702 0.809507 -0.331304 0.0165653 -0.0459677 -0.998806 -0.331086 0.0345019 -0.942969 0.438082 0.762687 0.475807 -0.0751828 0.111123 -0.990959 0.05703 0.135109 -0.989188 0.70009 -0.393943 -0.595552 0.937356 0.283631 0.202282 0.927166 0.341396 0.154312 0.570234 0.821207 0.021273 -0.155011 0.987852 0.0109763 -0.069469 0.997426 -0.0177851 0.627386 0.771394 0.106479 0.933012 -0.353842 0.0654472 0.697312 -0.674765 0.241758 0.336114 -0.93963 -0.0642017 0.110367 0.254029 -0.960879 0.65277 0.455823 -0.605075 0.784254 0.176651 -0.594761 0.89964 0.0990669 -0.425246 0.942727 -0.14009 -0.302721 0.113156 -0.316336 -0.941874 0.229147 -0.444677 -0.865884 0.691232 -0.713232 -0.116186 0.964727 -0.259613 0.0436286 0.904597 0.418006 -0.0835161 0.699816 0.713488 0.0345412 -0.157336 0.976408 -0.147896 -0.550234 -0.527968 -0.64691 0.650283 -0.67098 -0.356257 0.819017 0.37846 -0.431253 -0.41943 0.667046 -0.615734 -0.558639 0.685849 -0.466405 0.601216 -0.770525 -0.21173 0.382683 -0.918118 0.103025 0.472039 -0.239129 0.848526 0.770836 -0.170118 0.613899 0.76497 0.497742 0.408746 0.197794 0.390445 0.899128 0.0814688 0.783927 0.615485 0.114675 0.138741 -0.983667 -0.165516 0.985054 -0.0476841 0.291322 0.917295 0.27148 0.614611 -0.788723 0.0130149 0.924731 0.160344 -0.345199 0.948459 0.115323 -0.295173 0.487826 -0.734223 -0.472168 0.433175 -0.15685 0.887557 0.997228 0.0537396 -0.0514641 0.547717 0.789325 0.277438 0.218266 0.524588 0.822901 0.0120473 0.778827 0.627123 -0.226904 0.856785 0.46307 -0.758418 0.19092 0.623179 -0.114943 -0.642429 0.757676 0.70904 0.677441 0.195799 0.823624 -0.407465 0.394483 -0.200526 0.387431 0.899826 0.755406 -0.0581221 0.652674 0.710077 0.446848 0.544167 0.890012 0.10019 -0.444792 0.819143 0.0644383 -0.569958 0.0168969 -0.832603 -0.553613 -0.06606 -0.992495 -0.102903 0.288423 -0.273101 0.91773 -0.616042 -0.488107 0.618259 -0.431782 0.554597 0.711327 -0.923158 -0.214478 0.319029 -0.2131 0.0885779 -0.973007 -0.416507 0.902033 0.113393 0.0808476 0.720669 0.688549 -0.149007 0.0460887 -0.987761 -0.0191928 0.00866014 0.999778 0.00641689 0.022567 0.999725 -0.0347627 -0.0195957 0.999204 0.00384756 0.112172 -0.993681 0.0342375 0.998163 -0.0499759 0.0693568 0.995652 -0.062179 -0.794982 0.606333 0.0190901 -0.973905 0.211549 -0.0821971 -0.886527 -0.460835 0.0412567 -0.423123 -0.904865 -0.0467613 0.508131 -0.34613 0.788668 0.397235 0.588392 0.704272 0.0729527 0.0218494 -0.997096 0.0897145 -0.0984512 -0.99109 0.0667799 -0.995737 0.0636216 0.673377 -0.738953 -0.022631 0.87769 -0.476861 0.0475753 0.957602 0.286802 -0.0272673 0.863046 0.504641 0.0221178 0.0274551 0.0225782 0.999368 0.451061 0.323848 0.831665 0.281155 -0.369338 0.885743 -0.481759 -0.216055 0.849252 -0.756445 0.572547 0.316199 0.544906 0.742453 0.389667 0.866787 0.338751 -0.365962 0.278973 -0.904915 0.321407 -0.33228 -0.722276 0.606554 -0.689612 -0.205448 -0.694426 -0.558823 0.061011 0.82704 -0.391962 0.905072 0.164953 0.362838 -0.366309 0.856835 -0.404986 0.279927 0.870418 -0.241569 -0.0931399 0.965903 0.139556 -0.0385776 -0.989462 -0.234705 0.012216 -0.97199 0.141148 -0.0650911 -0.987846 -0.158897 0.0615494 -0.985375 -0.0143078 0.0358641 0.999254 -0.058973 0.0363494 0.997598 -0.125401 0.321583 -0.938541 -0.0377098 0.998678 0.0349204 -0.363254 0.931539 -0.016778 -0.900188 0.433924 0.0370293 -0.947777 0.318895 0.00493815 -0.648816 -0.755588 -0.0901389 -0.915024 -0.402314 0.0295792 0.250201 -0.283205 0.925848 -0.493532 -0.558026 0.667108 0.0959085 0.146786 -0.984508 0.144024 -0.0124426 -0.989496 0.0826378 -0.2353 -0.968403 0.198869 -0.979907 0.0152925 0.331321 -0.943394 -0.0152823 0.993792 -0.0858564 0.0707548 0.923756 -0.380308 -0.0451683 0.702077 0.712069 0.0067565 0.546555 0.836492 -0.0394805 0.0174609 0.0211798 0.999623 0.0622913 -0.0329473 0.997514 -0.156402 0.368488 0.916381 -0.31705 -0.0402642 0.947554 0.528211 -0.792884 0.303856 0.293153 -0.861586 -0.414405 -0.0527183 0.230055 0.971749 0.42072 0.712367 0.561719 0.964092 0.0830289 0.252254 0.964301 -0.107809 -0.241871 0.200064 -0.611574 0.765475 -0.49771 -0.32815 -0.802871 -0.91835 -0.239005 0.315452 -0.688988 -0.724657 -0.0129589 -0.467388 0.836188 -0.286947 -0.253094 0.764354 -0.593048 0.235559 -0.601257 0.763545 -0.363936 0.392444 0.844712 -0.0642627 -0.360983 0.930356 0.80458 -0.491681 -0.333017 -0.00878911 0.0264991 -0.99961 -0.021846 -0.0143941 -0.999658 -0.0248497 -0.00871308 0.999653 -0.0164794 0.0178049 0.999706 0.0264038 0.055228 0.998125 -0.215379 0.0224968 -0.976271 0.649549 0.759655 -0.0317935 0.399261 0.915828 0.0430081 -0.518561 0.854524 -0.0297329 -0.697197 0.71625 0.0300369 -0.99455 0.103883 -0.00892891 -0.966544 -0.248416 0.0638903 0.743161 0.451601 0.493729 -0.585562 -0.233125 0.776383 0.187583 -0.057629 -0.980557 0.00699279 -0.100236 -0.994939 -0.086465 -0.0737477 -0.993522 -0.760805 -0.648906 -0.00984489 -0.141427 -0.989392 0.0331827 0.0695776 -0.997334 -0.0219761 0.753657 -0.657018 0.0181338 0.953439 -0.292914 -0.0717964 0.987951 0.153919 0.0162005 -0.00910274 -0.0565657 0.998357 -0.213565 0.973212 -0.085144 -0.215144 0.943307 -0.252756 -0.223139 0.883451 -0.411974 -0.237201 0.795774 -0.557208 -0.256716 0.683407 -0.683411 -0.280825 0.550515 -0.786175 -0.308488 0.402015 -0.862101 -0.338531 0.243485 -0.908907 -0.369695 0.0810175 -0.925614 -0.400859 -0.0798831 -0.91265 -0.430892 -0.233508 -0.871669 -0.458954 -0.375488 -0.805214 -0.4843 -0.501843 -0.716664 -0.506423 -0.609724 -0.609731 -0.524989 -0.697187 -0.488177 -0.539781 -0.762931 -0.35577 -0.550688 -0.806269 -0.216041 -0.557653 -0.826916 -0.0723415 -0.520038 0.850893 -0.0744386 -0.519736 0.825216 -0.221118 -0.516246 0.776195 -0.361955 -0.509604 0.704806 -0.493511 -0.499888 0.612415 -0.612422 -0.48723 0.500909 -0.71533 -0.47182 0.372628 -0.799083 -0.453932 0.230567 -0.860689 -0.433973 0.0785565 -0.897494 -0.412394 -0.0794351 -0.907536 -0.389839 -0.238291 -0.889518 -0.366965 -0.393143 -0.843075 -0.344575 -0.538469 -0.768973 -0.323487 -0.669086 -0.669089 -0.304503 -0.780251 -0.546339 -0.288386 -0.867797 -0.404674 -0.27579 -0.928466 -0.24878 -0.267242 -0.959963 -0.083985 0.213565 -0.973212 -0.085144 0.215144 -0.943307 -0.252756 0.223139 -0.883451 -0.411974 0.237201 -0.795774 -0.557208 0.256716 -0.683407 -0.683411 0.280825 -0.550515 -0.786175 0.308488 -0.402015 -0.862101 0.338531 -0.243485 -0.908907 0.369695 -0.0810175 -0.925614 0.400859 0.0798831 -0.91265 0.430892 0.233508 -0.871669 0.458954 0.375488 -0.805214 0.4843 0.501843 -0.716664 0.506423 0.609724 -0.609731 0.524989 0.697187 -0.488177 0.539781 0.762931 -0.35577 0.550688 0.806269 -0.216041 0.557653 0.826916 -0.0723415 0.520038 -0.850893 -0.0744386 0.519736 -0.825216 -0.221118 0.516246 -0.776195 -0.361955 0.509604 -0.704806 -0.493511 0.499888 -0.612415 -0.612422 0.48723 -0.500909 -0.71533 0.47182 -0.372628 -0.799083 0.453932 -0.230567 -0.860689 0.433973 -0.0785565 -0.897494 0.412394 0.0794351 -0.907536 0.389839 0.238291 -0.889518 0.366965 0.393143 -0.843075 0.344575 0.538469 -0.768973 0.323487 0.669086 -0.669089 0.304503 0.780251 -0.546339 0.288386 0.867797 -0.404674 0.27579 0.928466 -0.24878 0.267242 0.959963 -0.083985 0.560657 0.824897 0.0721697 0.559694 0.800462 0.214485 0.554765 0.754051 0.351629 0.545883 0.686336 0.480578 0.533085 0.59828 0.598232 0.516436 0.49115 0.701474 0.496112 0.36695 0.786906 0.472369 0.228127 0.851367 0.445631 0.0780003 0.891812 0.416519 -0.079212 0.90567 0.385807 -0.238787 0.891142 0.354498 -0.395181 0.847445 0.323729 -0.542667 0.775056 0.294684 -0.675737 0.675678 0.268611 -0.789047 0.552497 0.246612 -0.87831 0.409577 0.22965 -0.94011 0.2519 0.218472 -0.972129 0.0850549 0.263099 0.961097 0.0840898 0.263534 0.931781 0.249668 0.268529 0.873015 0.407108 0.277873 0.786891 0.550988 0.291176 0.676497 0.676438 0.307899 0.545689 0.779373 0.327336 0.399344 0.856373 0.348737 0.242576 0.905284 0.37128 0.0809017 0.92499 0.39414 -0.0800768 0.915555 0.416575 -0.235297 0.878123 0.437885 -0.379955 0.814795 0.45749 -0.510014 0.728415 0.474934 -0.622294 0.622244 0.489839 -0.714147 0.500052 0.501955 -0.783856 0.365527 0.511099 -0.830234 0.222463 0.517149 -0.852639 0.0745963 -0.560657 -0.824897 0.0721697 -0.559694 -0.800462 0.214485 -0.554765 -0.754051 0.351629 -0.545883 -0.686336 0.480578 -0.533085 -0.59828 0.598232 -0.516436 -0.49115 0.701474 -0.496112 -0.36695 0.786906 -0.472369 -0.228127 0.851367 -0.445631 -0.0780003 0.891812 -0.416519 0.079212 0.90567 -0.385807 0.238787 0.891142 -0.354498 0.395181 0.847445 -0.323729 0.542667 0.775056 -0.294684 0.675737 0.675678 -0.268611 0.789047 0.552497 -0.246612 0.87831 0.409577 -0.22965 0.94011 0.2519 -0.218472 0.972129 0.0850549 -0.263099 -0.961097 0.0840898 -0.263534 -0.931781 0.249668 -0.268529 -0.873015 0.407108 -0.277873 -0.786891 0.550988 -0.291176 -0.676497 0.676438 -0.307899 -0.545689 0.779373 -0.327336 -0.399344 0.856373 -0.348737 -0.242576 0.905284 -0.37128 -0.0809017 0.92499 -0.39414 0.0800768 0.915555 -0.416575 0.235297 0.878123 -0.437885 0.379955 0.814795 -0.45749 0.510014 0.728415 -0.474934 0.622294 0.622244 -0.489839 0.714147 0.500052 -0.501955 0.783856 0.365527 -0.511099 0.830234 0.222463 -0.517149 0.852639 0.0745963 0.988258 -0.00382221 0.152745 0.995787 -0.00374333 0.0916236 0.845714 0 0.533637 0.524529 0 0.851392 -0.869284 0.00236747 0.494307 -0.991797 0.00716824 -0.12762 -0.196628 0.00190653 -0.980476 0.188977 -9.28568e-05 0.981982 0.309791 -0.00533856 -0.95079 0.666534 -0.0051001 -0.745457 -0.527448 -0.311755 -0.790321 0.753144 -0.601973 0.265335 0.0234636 -0.169162 -0.985309 -0.0398567 -0.0389767 -0.998445 -0.539979 -0.322942 0.777259 0.141944 -0.006736 -0.989852 0.23901 -0.293395 -0.925631 0.544019 0.329212 -0.771792 -0.967783 -0.00660033 0.251698 -0.858391 0.512991 -0.00204011 0.280715 0.160651 0.946251 0.738305 0.430213 0.519445 0.857271 0.494809 0.142304 -0.600873 -0.344404 -0.721344 -0.251809 -0.113664 -0.961079 0.830545 0.485622 -0.272701 0.865892 0.273863 -0.418605 -0.259664 0.168938 -0.950807 0.0147434 -0.00744493 0.999864 0.522842 -0.304431 0.796215 0.742971 -0.427673 0.514869 0.288943 0.426661 -0.857014 -0.849543 0.513223 0.121979 -0.841987 0.520282 -0.142706 0.714931 0.208823 -0.667283 0.179055 0.0127568 -0.983756 0.306219 0.372504 -0.876054 -0.150325 0.258784 -0.954166 0.309753 0.016422 -0.950675 0.343195 0.0168445 -0.939113 -0.276859 0.164569 -0.946713 -0.33822 -0.00291746 -0.941062 -0.955825 -0.00885326 -0.293804 -0.887709 -0.00159998 -0.460402 0.998792 -0.000170463 -0.0491435 -0.775453 -0.0046061 0.631388 0.806406 -0.000557497 -0.591362 0.861513 -0.505294 -0.0497318 0.64175 -0.369677 -0.671934 0.40033 -0.233766 -0.886053 0.0364977 -0.019876 -0.999136 -0.161214 0.0921406 -0.982609 -0.5385 0.313723 -0.782046 -0.8639 0.483013 -0.14274 -0.866409 0.4933 0.0773987 -0.779318 -0.0951335 -0.619366 -0.307228 -0.177253 -0.934983 0.368472 -0.286799 -0.884293 0.620867 -0.339637 -0.70652 0.675861 0.388351 -0.626415 0.129991 0.0773005 -0.988497 -0.316301 0.00149319 -0.948658 0.444018 -0.243963 0.862166 0.54274 -0.269214 0.795586 -0.398155 -0.0938759 0.912502 -0.594804 0.32906 0.733436 -0.65786 0.368849 0.656636 -0.643544 0.393383 0.656583 -0.569965 0.352666 0.742137 0.741329 -0.426879 0.517885 -0.827977 -0.214422 -0.518148 -0.420017 0.00456748 0.907505 0.150325 -0.258784 0.954166 -0.414766 -0.114959 0.902637 0.689904 -0.021357 0.723585 -0.184648 0.00215897 0.982802 0.223014 0.00455019 0.974805 0.585468 0.375041 0.718729 0.663929 0.025453 0.747362 0.928023 0.0081761 0.372434 0.673442 0.447014 0.588773 0.973744 0.006813 0.227544 0.813986 0.274778 0.511785 0.119978 0.169781 0.978151 0.0129061 0.0142603 0.999815 -0.399377 -0.229243 0.887663 -0.819241 -0.445293 0.361328 -0.869858 -0.493282 0.00451645 -0.955271 0.120325 0.270148 0.0640181 -0.00774438 0.997919 -0.21394 -7.46985e-05 0.976847 0.858457 0.494836 0.134864 0.315055 0.799027 0.512149 0.87207 0.356157 0.335629 0.411408 0.243258 0.87839 0.496158 -0.425258 0.756956 0.475113 -0.31223 0.822666 -0.300965 -0.942094 0.147917 -0.448685 -0.271031 0.851601 -0.703105 -0.43513 0.562411 -0.843632 -0.505599 0.180706 0.934521 -0.0139967 -0.355633 0.823311 -0.512648 -0.243622 -0.855173 -0.414352 0.311437 0.107303 0.717888 0.687839 0.106605 0.713222 -0.692784 -0.333202 0.571451 -0.749947 0.0221479 0.249474 -0.968128 -0.396526 0.623665 -0.673654 -0.139951 0.891106 0.431676 0.227666 0.298335 -0.926911 0.720133 0.558429 -0.411783 0.999738 -0.0151865 0.017133 0.304618 0.337157 0.890805 0.505498 0.394438 0.767392 -0.190266 0.921954 -0.337342 -0.390697 0.578178 0.716286 0.0736753 0.0150945 -0.997168 0.0843017 0.0532371 -0.995017 -0.307885 0.950505 -0.0418045 0.163209 0.97279 0.164444 0.627925 0.777368 -0.0375298 0.790124 0.610254 0.0573974 0.974067 0.199566 -0.106619 0.999426 0.0263622 -0.0212844 0.927925 -0.354481 -0.115318 0.955593 -0.00955086 0.294536 -0.654971 0.679184 0.331243 -0.565282 0.0801167 -0.820998 0 0 -1 0 0 -1 -0.00662741 -0.0083896 -0.999943 0.0020913 -0.00384926 -0.99999 -0.0068445 -0.00318849 -0.999972 -0.00736373 0.0228292 -0.999712 -0.0311679 0.00620306 -0.999495 0.000818735 0.000348857 1 -0.00135061 -0.00105388 0.999999 0.000614564 -0.000909471 0.999999 -0.00062851 0.000936632 0.999999 0.623081 0.144894 0.768619 0.711372 0.244809 0.658801 0.723911 0.508158 0.466613 0.131977 0.899305 0.416932 -0.141471 0.769138 0.623228 -0.0874155 0.148953 0.984973 -0.733903 -0.66116 0.155735 -0.349184 -0.668384 0.65676 0.206744 -0.553108 -0.80705 0.615663 -0.347877 -0.707065 -0.762687 0.54302 0.351336 0.0737928 -0.826464 0.558133 0.322773 -0.862866 0.388947 0.664298 -0.475265 0.576915 0.688278 -0.36722 0.625638 0.688554 -0.410737 0.597653 0.880626 -0.469846 -0.0611773 0.812978 -0.581633 -0.0277508 0.45646 -0.889717 0.00689727 -0.202101 -0.977713 0.0568503 -0.715526 -0.690601 0.105322 -0.973598 0.200664 -0.108814 -0.824489 0.565758 0.0116678 -0.51822 -0.128312 0.845567 -0.395666 -0.16859 0.902788 -0.639907 -0.576831 0.507726 -0.117634 -0.922727 0.367067 0.0980963 -0.586669 0.803864 0.110234 -0.164275 0.980236 0.672883 -0.293011 0.679244 0.966288 -0.0349064 0.255085 0.236676 -0.119231 -0.964245 0.302076 -0.6446 -0.702311 0.415513 -0.571093 -0.707956 0.291922 -0.537313 -0.79125 -0.130645 -0.976576 0.170969 -0.534425 -0.676525 -0.506659 -0.730987 -0.678914 -0.0687992 -0.753597 -0.0113782 -0.657238 -0.850377 -0.0965622 -0.517238 0.338363 -0.323111 -0.883804 0.268224 -0.941704 -0.2031 -0.0765419 -0.98915 -0.125394 -0.34337 -0.216841 -0.913825 -0.819302 -0.179598 -0.544507 -0.939672 0.145751 -0.309472 0.90399 0.342546 0.25586 0.613834 -0.7646 -0.196456 -0.420835 -0.906439 0.0355872 -0.4414 0.485631 0.754539 -0.413224 0.670018 -0.616702 -0.569252 0.626294 -0.532643 -0.0378539 0.851144 -0.523565 0.622117 0.761955 -0.179989 0.913078 0.304775 -0.270925 0.362106 -0.0564878 -0.930424 0.0124172 0.180854 -0.983432 0.154543 0.307603 -0.938881 0.583366 0.340197 -0.73753 0.399729 -0.114546 -0.909448 0.876516 -0.146403 0.45857 0.828728 0.428848 0.359582 0.223932 0.324175 0.919111 0.193981 0.761634 0.618292 -0.446004 0.894777 -0.0213068 -0.558211 0.473765 0.681136 -0.00510498 -0.0048833 -0.999975 -0.0909543 0.0565199 -0.99425 -0.86765 0.462922 -0.18135 -0.804522 0.575586 -0.146437 -0.388679 0.919309 -0.061641 0.986748 -0.0876213 0.136571 0.032908 0.765603 0.642471 -0.314512 0.914295 0.255241 -0.650846 0.465642 0.599647 -0.661193 0.352768 0.662102 -0.650852 0.288926 0.702078 -0.0329102 0.00675567 -0.999436 -0.0144169 0.0354054 -0.999269 0 0 -1 0.0066598 0.0346191 0.999378 0.0377315 -0.0320235 0.998775 -0.0402824 0.0231109 0.998921 0.0329394 0.0150693 0.999344 -0.0397837 -0.0575926 0.997547 0.406924 -0.0933596 0.908679 0.0337906 0.389093 0.920579 -0.310215 0.139711 0.940344 -0.309221 -0.251867 0.917031 0.218977 -0.397962 0.890885 -0.967778 -0.0806775 0.238532 -0.705911 -0.574905 0.413731 -0.671659 -0.693146 0.261578 -0.202211 -0.96856 0.144919 0.293779 -0.896221 0.332389 0.749379 -0.66214 -0.00134977 -0.943008 0.126174 -0.307921 -0.86916 -0.151906 -0.470623 -0.785643 -0.359421 0.503568 -0.517142 -0.826039 -0.224105 -0.136117 -0.707565 0.693415 0.156941 -0.967378 0.198871 0.553051 -0.607234 0.57044 0.418408 -0.24005 0.875962 0.202224 -0.160481 -0.966101 0.239305 -0.322166 -0.915938 0.137448 -0.661404 -0.737328 -0.445538 -0.685621 -0.575691 -0.35184 -0.162787 -0.921797 -0.869855 -0.00577448 -0.493274 -0.284267 -0.943599 0.169747 0 0 1 0.889257 0.247314 -0.384784 -0.425733 0.670055 -0.608094 -0.304473 0.23727 -0.922496 -0.274256 0.233637 -0.932844 0.503282 0.749241 -0.430518 0.742991 0.0327428 -0.6685 0.28093 -0.0942001 -0.955094 0.469083 -0.0247434 0.882807 0.952365 -0.304904 0.00592204 0.777814 0.614981 0.129631 0.110541 0.245165 0.963159 -0.0461295 0.913046 0.405241 -0.224287 0.950158 0.216555 -0.487704 0.380058 0.785939 -0.472553 0.35035 0.808671 0.00458575 0.00701817 -0.999965 0.00339681 0.0165203 -0.999858 0.212876 0.475234 -0.853719 -0.799906 0.599967 0.013756 -0.04066 0.99882 -0.0265619 0.719796 0.693525 -0.0302797 0.955151 -0.249781 0.159044 0.968241 -0.0793387 0.237097 0.503262 0.844957 0.18104 -0.395954 0.903239 0.165468 -0.00607513 0.00664843 -0.999959 0.00203379 0.00835272 -0.999963 0.779543 0.619125 0.0948558 -0.00446959 0.0378041 0.999275 -0.0397222 0.0127173 0.99913 0.0338361 0.017782 0.999269 0.0433558 -0.0321439 0.998542 -0.0255151 -0.0565892 0.998071 0.19839 0.370993 0.907197 0.167876 0.361168 0.917265 0.0619781 0.223947 0.972629 -0.718644 0.387336 -0.577513 -0.794879 -0.527628 -0.299627 -0.379732 -0.70588 0.597944 -0.0988658 -0.359647 0.927836 -0.256874 -0.943332 0.210098 0.506288 -0.825002 0.251085 0.410032 -0.897974 0.159738 -0.405507 -0.914087 0.00294943 -0.826812 -0.548027 0.126684 -0.959026 -0.27967 -0.0453291 -0.978746 0.134811 0.154542 -0.997787 0.0519034 0.0415578 -0.697494 -0.366556 0.615742 -0.698527 -0.605106 -0.381979 0.107349 -0.907962 0.405069 -0.0226535 -0.674049 0.738339 0.651084 -0.576521 0.493673 0.223551 -0.302836 -0.926453 0.0987791 -0.342185 -0.934426 -0.0455812 -0.164437 -0.985334 -0.45545 -0.329 -0.827239 -0.689239 -0.00872042 -0.724482 0.519631 -0.515874 -0.681071 0.367593 -0.86305 -0.346438 -0.214686 -0.887306 -0.408165 -0.267506 -0.4094 -0.872257 -0.946244 -0.275943 -0.168755 -0.626167 0.223364 -0.747009 -0.634846 0.767334 -0.0903834 0.952881 0.296966 0.0618846 0.652432 -0.645619 -0.396874 -0.862194 -0.268703 0.429442 -0.630266 0.493047 -0.599725 -0.624496 0.532328 -0.571516 -0.145358 0.913429 -0.380155 0.728446 0.389419 -0.563666 0.439363 0.824934 -0.355591 0.663275 -0.432251 -0.610922 -0.371564 0.807258 -0.458557 -0.0757884 0.784791 -0.61511 0.139901 0.201764 -0.969391 0.327726 0.262425 -0.907595 0.873513 -0.00146179 -0.486799 0.761895 -0.0100986 0.647622 0.710723 -0.0277149 0.702926 0.673952 0.694016 0.25324 0.271902 0.558308 0.783812 -0.525836 0.461413 0.71456 0.115387 0.0313208 -0.992827 -0.107242 -0.02911 -0.993807 0.993223 0.0628223 0.0977826 0.920793 -0.376747 -0.101008 -0.157762 0.906197 0.392324 -0.939613 0.336581 -0.0619743 -0.696242 0.593485 0.40376 -0.092245 0.885522 0.455348 -0.0144896 0.0165762 -0.999758 0.00509602 0.0146748 -0.999879 -0.00605766 -0.00474148 -0.99997 0 0 -1 -0.00571513 0.00359194 0.999977 -0.00315922 0.00484778 0.999983 -3.96141e-05 0.000118846 1 -0.00579401 0.00200646 0.999981 -0.000181802 2.4097e-06 1 0.399254 -0.0547652 0.915203 -0.00453713 0.453123 0.891436 -0.274379 -0.0742385 0.958752 -0.236964 -0.269983 0.933251 -0.633597 0.0498559 0.772055 0.40022 -0.0527718 0.914899 -0.914956 0.390496 0.101826 -0.98556 -0.16048 -0.0540153 -0.880001 -0.470936 -0.0617802 -0.995967 -0.0045383 0.0896052 -0.832575 -0.415563 0.366234 0.653339 -0.716813 0.243574 0.122183 -0.986829 -0.106016 -0.467795 -0.878319 0.0986072 -0.698183 -0.713311 0.0610578 -0.999781 -0.00455568 -0.020428 -0.921806 0.048407 0.384616 0.59632 -0.0774098 0.799006 -0.404321 -0.301432 0.863518 -0.293364 -0.936197 -0.193579 0.263417 -0.790276 0.55324 0.529678 -0.690262 -0.49293 0.391718 -0.482913 -0.783168 0.197862 -0.341856 -0.918687 -0.14119 -0.499579 -0.854685 -0.157174 -0.377021 -0.912771 -0.545135 0.289436 -0.786801 -0.463207 0.197693 -0.863919 0.147361 -0.950278 -0.27433 -0.218028 -0.263692 -0.939644 -0.796817 -0.512238 -0.320462 -0.0331005 -0.848462 0.528221 0.0331005 0.848462 -0.528221 -0.208169 0.380597 -0.901006 -0.716911 -0.057404 -0.694797 -0.477431 -0.104482 -0.872435 -0.0203749 0.205798 -0.978382 0.123509 0.491345 -0.862163 0.319872 0.619117 -0.7172 0.539503 0.329881 -0.774671 0.817098 0.490632 0.302707 0.470743 0.879291 -0.072445 -0.038897 0.594301 0.803302 -0.168838 0.780756 0.601593 -0.646923 0.760699 0.0531835 -0.8054 0.468071 0.36365 -0.411276 0.0470634 0.910295 -0.682764 -0.149417 0.715197 0.0291052 0.0777517 -0.996548 0.0338922 0.0603563 -0.997601 -0.887472 0.459797 0.031295 -0.6267 0.757779 0.181708 -0.256626 0.947012 -0.193163 0.338556 0.94094 0.00338186 0.488103 0.86923 -0.0787091 0.846753 0.523775 0.0931088 0.281435 0.901744 0.328103 -0.597255 0.74582 0.295024 -0.957199 -0.136547 0.255197 0 0 -1 -0.00359585 0.00225442 -0.999991 -0.00223159 0.00366999 -0.999991 0 0 -1 -0.000429913 0.000153343 1 3.76485e-05 0.000589441 1 -0.000472023 -0.000283429 1 5.57313e-05 -0.000851508 1 0.000905006 -0.000103562 1 0.317787 0.822078 0.472439 0.22298 0.127172 -0.966492 -0.256058 0.160536 0.953238 -0.378993 0.145718 0.913855 -0.57704 -0.124886 0.807111 -0.443382 -0.438612 0.781686 0.236348 -0.56701 0.789075 0.334464 -0.207729 0.919229 0.340075 -0.21321 0.91591 0.939303 0.0240575 -0.342244 0.485148 -0.865155 0.12704 0.897486 -0.431455 0.091463 0.807844 0.157706 0.567905 0.368145 -0.929629 0.0161025 -0.509722 -0.858752 0.0522398 -0.555636 -0.785421 0.272732 -0.0253627 -0.397089 0.917429 0.119681 -0.714801 0.689011 0.726427 -0.686236 0.0372095 0.789695 -0.281672 0.545017 0.979493 -0.185645 0.0782871 0.87265 0.468472 0.137901 0.232484 -0.0199889 -0.972395 0.422546 -0.166409 -0.890934 0.485492 -0.346874 -0.802481 -0.00326613 -0.641184 -0.767381 -0.0426406 -0.574617 -0.817311 -0.556737 -0.7873 0.264958 0.902965 -0.0303104 -0.428644 -0.0982976 -0.281487 -0.954517 -0.720195 -0.670881 -0.176743 -0.559858 0.822403 0.101052 0.406462 0.0230019 0.913378 -0.775797 0.206537 -0.596223 -0.992514 -0.0522446 -0.110391 -0.661512 0.488406 -0.569088 0.262845 -0.0185688 -0.964659 -0.228337 0.503339 -0.833374 0.49611 0.773848 0.393744 0.604547 0.313236 -0.732397 0.470412 0.873806 0.123187 0.494985 0.771114 0.400466 -0.290514 0.823604 0.487112 -0.40639 0.604019 0.685571 -0.334196 0.407048 0.850074 -0.762905 -0.0086888 -0.646452 -0.0113206 0.0155136 -0.999816 -0.926257 0.332744 -0.177 -0.848112 0.436993 -0.299571 -0.854452 0.431357 -0.289555 -0.510872 0.847412 0.144581 0.43112 0.900711 0.0534325 0.484678 0.874322 -0.0254748 0.379331 0.8409 0.385998 -0.515695 0.265716 0.814527 -0.365538 0.312614 0.876729 -0.308896 0.512383 0.801278 -0.603867 0.216929 0.766999 -0.929343 -0.279803 0.240899 -0.885778 -0.426805 0.182303 -0.000322415 0.000710723 -1 0.000710211 0.000367984 -1 0.00569269 0.01003 -0.999934 0.000459124 0.0117772 -0.999931 0.0278541 -0.0339261 0.999036 -0.0297284 0.0391515 0.998791 -0.00356514 0.0411289 0.999148 0.0346253 -0.0106839 0.999343 -0.0363774 -0.00557191 0.999323 -0.0173973 -0.032316 0.999326 -0.274308 0.0801487 0.958296 0.419733 -0.150814 0.89503 0.734417 0.00289179 0.678693 -0.803904 -0.545458 0.237096 0.968834 -0.111898 0.220996 0.924395 -0.381438 -0.000205274 0.482868 -0.8652 0.135156 -0.965354 -0.158831 -0.207036 -0.293427 -0.941769 -0.164233 -0.141141 -0.801803 -0.580682 0.44859 -0.590782 0.670629 0.720942 -0.672791 0.16612 0.969843 0.242979 -0.0191435 0.909764 0.139348 -0.39104 0.968541 0.244117 0.0483299 0.569654 -0.519148 -0.637166 0.179483 -0.317066 -0.931265 -0.144845 -0.820921 -0.552366 -0.23385 -0.154007 -0.959998 0.125138 -0.236903 -0.96344 -0.0734377 -0.980581 -0.181844 -0.386862 -0.810779 -0.43929 0.911701 0.0515936 -0.407602 -0.814959 -0.122833 0.566351 -0.93035 -0.187151 0.315316 -0.030989 -0.90313 0.428247 -0.0228425 -0.956468 0.290942 0.0140266 -0.0555338 0.998358 -0.0490933 0.72294 0.689164 -0.0737135 0.83626 0.543355 -0.966469 0.092751 0.239448 -0.843511 0.115142 0.524624 0.9468 0.125447 0.296366 0.0713475 0.845251 0.529584 0.0641888 0.911495 0.406271 0.846775 0.00422694 -0.531934 0.0461589 -0.304486 0.951398 0.308983 -0.921356 -0.235865 -0.0459489 -0.967737 -0.247738 -0.750263 -0.149021 -0.644126 0.228992 0.653951 0.721048 0.0320846 0.205885 0.97805 -0.909304 0.0847775 0.407404 -0.946028 0.0400611 -0.3216 -0.0731102 0.984305 -0.160617 -0.0805144 0.838608 -0.538752 0.000947071 -0.735698 -0.677309 0.0229245 -0.725082 0.688281 -0.0416041 -0.0981929 0.994297 0.0766266 0.122797 0.989469 0.00305049 0.347676 -0.93761 0.989982 0.14033 -0.015563 -0.00872651 -0.970739 0.239979 0 -1 0 -0.420502 -0.201871 -0.884549 -0.378141 0.118214 -0.918169 -0.144616 0.983436 -0.10927 0.0206035 0.915441 0.401925 0 0.993884 -0.110431 0.723865 0.357578 -0.590049 0.434548 0.300283 -0.849116 0.905365 0.136512 -0.402093 0.666436 -0.0580356 -0.7433 0 0 -1 -0.0159437 -0.0947277 -0.995376 -0.599321 0.193311 -0.776817 -0.196255 0.0633018 -0.978508 0.0330144 -0.126199 -0.991455 0 0 -1 0 0 -1 0.147116 0.0525629 -0.987722 0.0268462 0.0132616 -0.999552 -0.128889 0.107187 -0.985849 0.0210693 -0.0243837 -0.999481 -0.301447 -0.308948 -0.902043 -0.0034595 0.0287784 -0.99958 0 0 -1 0 0 -1 0.0464682 -0.053778 -0.997471 -0.2305 0.405593 -0.884514 -0.00151458 0.0232631 -0.999728 0.912557 0.38938 -0.124994 -0.0269694 -0.979962 -0.19735 0.173841 -0.32233 -0.930528 -0.553335 -0.810104 -0.193782 0.0110986 0.707064 -0.707062 -0.0432093 0.706447 -0.706446 -0.706653 -0.0358377 0.706653 -0.70665 -0.0358379 0.706656 -0.649862 -0.338053 0.680734 -0.910766 -0.242862 0.333952 -0.78069 -0.563127 0.270946 -0.708238 -0.687225 0.161622 -0.724741 -0.683181 0.0895175 -0.453225 -0.888459 0.0722973 0.0247008 -0.838879 0.543757 0.12058 -0.989932 0.0741239 0.121519 -0.989912 0.0728474 0.233852 -0.885284 0.401976 0.430981 -0.897441 0.0941044 0.639048 -0.758098 0.130019 0.939582 -0.26916 0.211514 0.917993 -0.283688 0.277145 0.95222 -0.125466 0.278451 0.705018 -0.0768124 0.705018 -0.88006 -0.40326 -0.250749 -0.334491 -0.874218 -0.351937 -0.245586 -0.96789 0.0536299 -0.124228 -0.990876 -0.0522624 -0.0436765 -0.884724 -0.464065 0.215611 -0.775818 -0.592975 0.326729 -0.895863 -0.301127 0.387221 -0.624475 -0.6783 0.773638 -0.524959 -0.354827 0.818867 -0.526308 -0.229035 0.92335 -0.1951 -0.330696 0.658975 -0.307003 -0.686659 0.70665 -0.0358379 -0.706656 0.706653 -0.0358377 -0.706653 -0.302639 -0.0153483 -0.952982 -0.705397 -0.0694954 -0.705397 0.124373 0.00249617 -0.992232 0.014096 0.744708 0.667241 -0.617067 0.785725 -0.0431879 -0.0568889 0.903211 -0.425409 -0.975168 -0.221159 -0.0116399 -0.712986 0.633671 -0.300187 0 1 0 0 -0.998618 -0.0525588 -0.0031566 -0.999915 -0.0126481 0.306148 -0.537349 0.78583 0.00617447 0.038867 -0.999225 -0.00347668 -0.0201006 -0.999792 -0.0125008 0.0282917 -0.999522 0.795839 0.484237 0.363529 -0.581168 0.102359 0.80732 -0.340064 0.932744 -0.11977 -0.324639 0.942578 -0.0784573 -0.0296917 0.993332 -0.111396 -0.63651 0.763119 -0.111829 0.000356385 -0.999553 -0.0299094 -0.29254 -0.951361 -0.0966086 -0.708907 -0.695602 -0.116572 -0.996195 -0.0871542 -1.06733e-17 -0.996195 -0.0871542 0 -0.567 -0.823718 0 -0.307989 -0.920649 -0.239891 0.947974 -0.0561509 0.313356 -0.926439 -0.376445 -4.6101e-17 -0.984861 -0.0861626 0.150413 -0.629868 -0.762575 -0.147465 0.636601 -0.680471 0.362903 0.960104 -0.27927 0.014466 -0.673498 -0.520078 -0.525281 -0.295765 -0.837158 0.460097 0.331647 -0.581159 -0.743145 0.991652 0.120234 0.0465851 -0.705516 -0.57505 0.414204 -0.426734 -0.855295 -0.293887 0.46761 -0.87645 0.114791 0.778105 -0.470086 -0.416619 0.969728 0.0758103 0.232123 -0.899431 -0.410014 -0.151368 -0.886415 -0.292907 -0.358433 0.4229 -0.885174 -0.193967 0.648998 -0.483335 -0.587527 0.959885 0.121979 0.252472 -0.595058 -0.802856 -0.0364454 -0.451313 -0.840927 -0.298595 0.46606 -0.537562 0.70272 0.93107 0.1263 -0.342281 0.58095 -0.647284 -0.493478 -0.581736 0.417606 0.697989 -0.952314 -0.300042 -0.0554395 0.0903066 -0.841887 0.532044 -0.617081 0.729323 -0.295464 0.433572 -0.434756 -0.789305 0.726883 0.0477947 0.685096 -0.00010001 6.0875e-05 -1 0.0034735 0.0101459 -0.999943 0.00890638 0.0055155 -0.999945 -9.11404e-05 6.24118e-05 -1 0.00634307 -0.00418346 -0.999971 -0.0027867 -0.00809979 -0.999963 -0.0151178 -0.00522575 -0.999872 -0.000141974 0.000119981 -1 0.00552948 -0.00467291 -0.999974 2.01778e-05 0.000246069 -1 -5.80061e-06 0.000183468 -1 0.432666 -0.623042 -0.651627 0.0732648 0.0849802 -0.993685 -9.82438e-05 0.000141472 -1 -0.000128883 0.000148656 -1 -5.10843e-06 0.000100305 -1 0.000302931 -0.000223788 -1 0.000157598 0.00350875 -0.999994 0.000595905 -0.00023876 -1 0 0 -1 0 0 -1 0 0 -1 -2.55942e-07 -5.6204e-07 -1 0 0 -1 0 0 -1 0 0 -1 0 0 -1 -1.33826e-05 -0.000129259 -1 -8.29032e-05 -4.69125e-05 -1 -9.07813e-05 -2.27225e-05 -1 -9.04086e-05 6.28914e-06 -1 -0.000131713 -0.000362709 -1 -0.000221131 -0.000244112 -1 -0.000800117 -0.000428373 -1 5.37773e-05 -0.00051096 -1 -0.000431769 -0.000273977 -1 -0.000666127 -0.00066373 -1 0 0 -1 0.000236252 -0.000178969 -1 4.32639e-05 -6.22413e-05 -1 0.000285275 -0.000118486 -1 0 0 -1 -4.5015e-05 5.30645e-06 -1 0.000552131 -0.000545659 -1 -0.007309 0.00600279 -0.999955 0.000336319 6.91131e-05 -1 0 0 -1 1.38329e-05 -1.79206e-05 -1 0.16884 0.460095 -0.871669 -0.969468 0.170744 -0.176006 0 0 -1 0 0 -1 -0.135922 0.967423 -0.213584 -0.0430942 0.980887 -0.189747 0.00464523 0.0969436 -0.995279 -0.0185894 -0.0312246 -0.99934 -0.0186254 -0.00801912 -0.999794 0.0210705 0.0171075 -0.999632 0.240712 0.561384 -0.791774 -0.42371 -0.0716063 -0.902963 -0.00102082 -3.61718e-05 -1 -7.43109e-05 -6.05691e-05 -1 0 0 -1 -4.76176e-05 -0.000120371 -1 0 0 -1 0.000262957 -0.00033483 1 -0.000108874 -0.000438413 1 9.44373e-05 0.000351031 -1 -0.321506 -0.898872 -0.297763 0.000157594 -4.87025e-06 -1 0 0 -1 0 0 -1 -0.000136919 -9.10926e-05 -1 0 0 -1 0 0 -1 0 0 -1 0 0 -1 0 0 -1 0 0 -1 0 0 -1 7.00272e-07 8.25103e-07 -1 0 0 -1 -0.00169965 -0.00198251 -0.999997 0.00154048 8.46239e-05 -0.999999 -0.000175898 0.000462198 -1 -0.00015861 -0.00168837 -0.999999 -0.691566 -0.721613 -0.0317933 0 0 -1 0 0 -1 0 0 -1 0 0 -1 0 0 -1 0 0 -1 0.00131618 -0.00803285 -0.999967 0 0 -1 0 0 -1 0 0 -1 5.98344e-05 0.000505386 1 5.21224e-05 -6.97181e-05 1 0 0 1 2.1803e-05 -9.03288e-05 1 -0.0023 0.0225024 0.999744 0 0 1 0 0 1 -0.00565357 0.0133821 0.999894 0.100669 0.162667 0.981532 -0.0059718 -0.00964959 0.999936 -0.00573398 -0.0104696 0.999929 -0.00021262 5.31529e-05 1 -0.000250638 0.000110199 1 -9.9588e-06 0.000255888 1 9.57904e-05 0.000518735 1 -0.000189118 0.000199396 1 4.35784e-05 2.24218e-05 1 -1.69369e-07 -8.71429e-08 1 1.13665e-06 -1.19842e-06 1 -0.000641917 0.00157941 0.999999 -0.000763751 -0.000966756 0.999999 0 0 1 0 0 1 0 0 1 0 0 1 0 0 1 0 0 1 2.60824e-05 -0.000125165 1 0 0 1 -0.000419441 -0.000886307 1 0 0 1 0.00145937 4.63909e-05 0.999999 0.00101197 -0.000428602 0.999999 -0.000108316 0.000317939 1 -0.000100434 0.000279953 1 0.0506516 -0.141084 0.988701 -3.30291e-05 -0.00060727 1 -1.21039e-05 -5.89894e-05 1 0 0 1 -1.69557e-05 -5.66331e-05 1 0 0 1 -0.000460205 0.000259746 1 -0.000243389 -5.66205e-05 1 5.37245e-05 -3.03229e-05 1 -0.00045692 0.000251885 1 -2.52311e-05 -0.000286311 1 0.00357627 0.042667 0.999083 0.0700518 -0.0203547 0.997336 0 0 1 0 0 1 0 0 1 0 0 1 0 0 1 0 0 1 0 0 1 0 0 1 0 0 1 0.00352339 0.00102471 0.999993 1.57744e-05 9.4537e-05 1 0.00256172 -0.0014183 0.999996 0.00113816 -4.21777e-05 0.999999 0 0 1 -1.64088e-08 -8.46989e-08 1 -4.18103e-08 -9.34971e-08 1 0 0 1 2.46513e-08 -6.61486e-09 1 0 0 1 0 0 1 0 0 1 0 0 1 -0.612431 -0.0640139 0.787928 0.380844 0.528572 0.758663 0 0 1 0.149187 -0.299197 -0.942457 -0.0708903 0.0175448 0.99733 1.59522e-05 0.000126211 1 0 0 1 0 0 1 5.33332e-05 -6.92856e-05 1 0 0 1 0 0 1 -0.0899307 0.0400295 0.995143 0 0 1 -0.000113447 -2.45391e-05 1 0 0 1 -0.998716 -0.0506496 -6.20281e-18 -0.998716 -0.0506496 0 -0.98621 -0.1655 0 0.35372 -0.931835 -0.0810286 0.536689 -0.80096 -0.265383 0.945249 -0.047938 0.322811 0.995576 -0.0939584 0 0.0120756 0.0415175 -0.999065 -0.0219065 -0.0327817 -0.999222 0.00872081 0.0140724 -0.999863 0.00729432 -0.0459198 -0.998919 -0.0151163 0.0951615 -0.995347 0.902127 -0.419839 -0.0995113 -0.67926 -0.733891 -0.00315795 0.385836 -0.127915 0.913656 0.998716 0.0506496 6.20276e-18 0.998716 0.0506496 0 0.988879 0.148724 0 0.931068 0.357721 -0.0717462 0.407888 0.913032 0 0.223339 0.974741 0 -0.975985 0.216561 0.0235555 -0.992517 0.0503352 0.111253 -0.995667 0.0929878 0 0.191782 -0.0510974 -0.980106 0.621371 0.521584 0.584678 -0.872194 0.231857 0.43072 0.673159 0.610708 0.417005 0.0615247 0.991633 -0.113485 0.883547 0.467415 0.0294602 0.142209 0.831189 -0.537496 -0.875987 0.345704 -0.336358 0.19003 0.926127 -0.325849 -0.101872 0.967927 0.229652 0.365402 0.81712 -0.445866 0.284618 0.923807 -0.256072 -0.793061 0.600772 0.100631 -0.898224 0.380428 -0.220155 0.481919 0.526693 -0.700248 -0.384762 0.708473 0.591628 0.0583855 0.966157 0.251259 -0.756952 0.0662235 -0.650106 -0.358815 0.933409 1.1431e-16 0.949249 0.308801 -0.0597313 -0.542014 0.838006 0.0629796 -0.598778 0.800915 9.8084e-17 0.970544 -0.212762 -0.113037 -0.706653 0.0358377 -0.706653 -0.695561 0.135049 -0.705661 -0.70665 0.0358379 -0.706656 -0.970238 0.229624 -0.0768822 -0.861057 0.344998 -0.373574 -0.883382 0.369682 -0.288046 -0.86635 0.495861 0.0596623 -0.730543 0.539682 -0.41839 -0.707732 0.703697 0.0626587 -0.668916 0.743085 -0.0193818 -0.579513 0.758445 -0.298203 0.0533207 0.840826 -0.538672 0.235151 0.960658 0.147786 0.166283 0.457808 -0.873363 0.613114 0.763541 -0.202723 0.749241 0.613148 0.250375 0.814184 0.553198 -0.176285 0.504429 0.025582 -0.863074 0.706219 0.0500946 -0.706219 0.706653 0.0358377 0.706653 0.70665 0.0358379 0.706656 0.615048 0.437267 0.656135 0.983102 0.150605 0.104064 0.94076 0.326519 0.0914059 0.482304 0.82929 0.282244 0.0290941 0.083161 0.996111 0.0997339 0.733747 0.672063 -0.0360745 0.901096 0.432116 -0.166687 0.498823 0.850524 -0.176216 0.732997 0.65701 -0.543522 0.389512 0.743548 -0.961654 0.228135 0.152235 -0.706217 0.0501387 0.706217 0.610516 -0.792004 0 -0.662121 -0.0727747 -0.745855 0.296144 -0.553449 -0.778455 0.922271 -0.377136 -0.0847676 -0.922333 -0.243407 -0.300091 -0.0200804 -0.0397558 -0.999008 -0.0200995 -0.0391347 -0.999032 -0.785024 -0.619461 0.00253464 -0.475712 -0.874864 -0.0911646 -0.996311 -0.0626917 0.0586006 -0.99594 0.00449543 -0.0899093 -0.0706475 0.997479 0.0066289 -0.98258 -0.074158 0.170404 -0.0399546 -0.983235 0.177913 -0.962957 -0.0910155 -0.253829 0.15571 0.953028 0.259791 0.459878 0.702276 0.543434 -0.520303 -0.771124 0.36695 0.0479728 -0.901795 0.429494 -0.119208 -0.0218595 0.992629 0.0399133 0.997268 0.0621578 0.624764 0.650886 0.431297 0.566218 -0.0170843 0.824078 -0.707252 -0.672824 0.21703 0.00452469 0.266904 0.963712 0.916621 0.398725 -0.0287077 -0.0628206 0.991672 0.112432 0.996875 0.0573026 -0.054368 0.907998 -0.0790576 -0.411449 0.0673683 -0.0325559 -0.997197 0.892274 -0.228354 -0.389488 0.477771 -0.491681 -0.728001 0.00986698 0.996052 -0.088227 0.144943 -0.984234 -0.101368 0.89637 -0.0544214 0.439953 0.463728 -0.884755 0.0465287 0.976354 -0.150992 0.154706 0.586003 0.806127 0.0822123 0.863781 0.0966792 0.494506 0.956276 0.242003 0.164226 0.0124198 -0.00847565 0.999887 0.975819 -0.151416 0.15764 0.0276169 -0.0571826 0.997982 0.0223106 -0.644442 0.764328 0.0255507 -0.143373 0.989339 0.0943844 0.0589231 0.993791 0.0072998 0.989247 0.146074 -0.0103048 -0.947475 0.319665 0.00201021 -0.440837 0.897585 0.00599365 0.682177 0.731163 0.00552364 0.987325 0.158615 -0.759541 0.645651 0.0789455 -0.039568 0.11607 -0.992453 -0.0699742 -0.461174 -0.884546 -0.49748 0.34911 -0.794126 -0.00384757 0.536303 0.844017 -0.713523 -0.00127377 0.700631 -0.883973 0.263192 -0.386421 0.00450534 9.81426e-06 0.99999 -1.28652e-05 4.7248e-06 -1 0.00867284 0.0653725 -0.997823 -0.000731572 -0.999981 0.00615518 0.0147113 0.989297 -0.145174 -0.00426686 0.0944015 -0.995525 0.077756 0.530194 -0.844304 -0.692699 0.691497 0.20494 0.672083 -0.521764 -0.525421 0.880967 -0.471131 -0.0439733 0.921999 0.374292 -0.0991092 0.999994 -0.000365187 0.00355761 0.999804 0.00845055 -0.0179065 0.482481 0.875717 0.0182052 0.49612 0.867816 0.0275713 0.980208 0.171412 -0.099048 0.990592 -0.1346 0.0246969 0.805919 0.0109695 -0.591924 0.616491 -0.332832 -0.713556 0.665833 -0.725434 0.17439 0.646563 -0.757835 -0.087426 -0.622178 -0.74767 -0.232129 -0.652884 -0.614089 0.443437 -0.359382 0.540168 0.760962 -0.334399 0.941651 -0.0383497 0.225649 0.776041 -0.588934 0.635329 0.559489 -0.532286 0.999803 0.0182056 -0.00794351 0.269071 -0.104656 0.957417 0.738034 -0.666116 0.107686 -0.275178 -0.94719 0.164645 -0.0698026 -0.499037 -0.863765 -0.583566 -0.148961 -0.798287 -0.683404 0.116053 0.720757 -0.151359 0.704549 0.693326 -0.144163 0.800739 0.581407 -0.707107 0 -0.707107 -0.707107 -2.13818e-08 -0.707106 -0.707107 -1.18322e-09 -0.707107 -0.707107 -8.77682e-09 -0.707107 -0.707108 0 -0.707106 -0.707108 0 -0.707106 -0.707107 1.13262e-08 -0.707107 -0.597422 0.534952 -0.597422 -0.00171196 0.411659 -0.911336 -0.0626308 0.317656 -0.946135 0.272414 0.516569 -0.811756 0.270708 0.371499 -0.888091 0.224914 0.269363 -0.936406 0.844801 0.36995 -0.386585 0.670026 -0.21739 -0.709793 0.241998 -0.128454 -0.961736 0.873905 0.275729 -0.400329 0.884447 0.301152 -0.356456 0.63479 -0.285648 -0.717946 0.337643 -0.111575 -0.934638 0.30163 -0.0340557 -0.952817 0.453737 -0.13709 -0.880528 0.233751 -0.520558 -0.821207 -0.0100304 0.887748 -0.460221 0.330151 -0.333008 -0.883236 0.356439 0.574463 -0.736847 0.874521 0.321561 -0.363058 0.660917 -0.511153 -0.549465 0.706603 0.00455218 -0.707595 0.650964 0.000529784 -0.759109 -0.0745357 0.508829 -0.857635 0.671009 0.520756 -0.527789 -0.678114 -0.0208996 -0.73466 -0.569043 -0.0456281 -0.821041 -0.109545 0.366593 -0.92391 -0.0281591 -0.162012 -0.986387 -0.419596 -0.378516 -0.825024 0.137893 -0.336993 -0.931355 -0.427486 0.00120168 -0.904021 -0.411401 -0.00187546 -0.911453 0.0732098 0.289942 -0.95424 -0.18492 -0.00695323 -0.982729 -0.395454 0.174676 -0.901723 -0.0218526 -0.769634 -0.638111 -0.371614 0.48308 -0.792803 -0.453266 0.551657 -0.70016 -0.472212 0.87596 -0.0985422 -0.573749 0.516119 -0.635951 -0.750277 0.335497 -0.569672 -0.918041 0.0815235 0.388014 -0.679695 -0.729801 0.0735137 0.604399 -0.519041 -0.604399 0.00950397 -0.411607 -0.911312 0.707107 2.50561e-08 -0.707107 -0.999418 0.033813 -0.00441694 -0.995459 0.0161215 -0.093821 -1 0 0 -0.998976 -0.0414792 -0.0180873 -0.99634 0.0630554 -0.0577122 -0.881862 -0.470946 0.0230117 -0.17117 -0.984818 -0.0288797 -0.102771 -0.994614 -0.0134485 -0.35717 -0.931778 0.0649627 -0.949961 -0.305264 0.0662433 -0.999996 0.00281103 0 -0.99997 -0.00484153 -0.00597382 -0.845203 0.534445 0 -0.844499 0.535557 0.000268222 -0.281489 0.958599 -0.0430344 -0.193603 0.980966 -0.0149829 -0.77343 0.631537 0.0544747 -0.998783 -0.0375555 -0.0319586 -0.314752 0.10717 -0.943104 0 0 -1 0 0 -1 0 0 -1 -1.19477e-05 -4.0973e-07 -1 3.55704e-06 -6.07084e-06 -1 0 0 -1 -0.636894 0.770925 0.00632557 -0.721549 0.691849 -0.0266951 -0.888589 -0.457695 -0.0304048 -0.325407 -0.944765 0.039111 -0.996817 -0.0773276 -0.0193832 0.937949 -0.202505 0.281503 0.00122784 0.999998 0.00143482 -0.859631 -0.49883 -0.110471 -0.0260263 0.191335 -0.98118 0.000910193 -0.257622 0.966245 -0.31659 0.192926 0.928736 0.068003 -0.277216 0.958398 -0.00161984 -0.302644 0.953102 0.946518 -0.212318 0.24295 -0.000910194 0.257622 -0.966245 -0.261645 -0.656331 -0.707652 0.0575923 -0.878241 -0.474737 -0.0617942 0.175849 -0.982476 0.0718595 0.646464 -0.759553 -0.0200542 0.00694074 -0.999775 -0.416938 -0.674059 -0.60976 0.382565 0.845283 0.373017 -0.0115144 0.071596 -0.997367 0 0.681409 -0.731902 -0.789783 0.0929585 -0.606302 0.991055 0.0306539 -0.129883 0.675981 0.723231 -0.14137 -0.292271 0.0721402 0.953611 -0.349522 0.080016 0.933505 0.0606656 0.0880757 0.994265 0 0.707108 0.707105 -0.00807826 0.209779 0.977715 0.755291 0.653411 0.0508849 0.0815307 -0.00926453 0.996628 -0.0172264 -0.995786 0.0900733 0.113316 -0.985876 -0.123319 -0.974281 0.0932143 0.205153 -0.19092 -0.0271847 -0.981229 0.706937 -3.28132e-05 -0.707277 0.707107 0 -0.707107 0.887818 0.449287 -0.0995989 -0.581045 -0.00790614 -0.813833 -0.707003 -3.23613e-05 -0.707211 -0.707107 0 -0.707107 -0.839307 0.504794 -0.201856 -0.324359 -0.814383 -0.481219 0.645114 -0.235946 -0.726744 0.611085 -0.325565 -0.721514 0.677855 -0.284648 -0.677855 0.707107 0 -0.707107 0.710169 -0.000427607 -0.704032 0.378539 -0.654488 -0.654488 0 -0.707107 -0.707107 -0.000249376 -0.709074 -0.705134 -0.890396 -0.342615 -0.299684 -0.322233 -0.890162 -0.322144 -0.707069 -0.0105017 -0.707067 -0.792459 -3.98412e-08 -0.609926 -0.00666313 0.0296616 -0.999538 -0.00070036 0.00311772 -0.999995 -0.000451983 -0.00751466 -0.999972 0 0 -1 0 0 -1 0 0 -1 0.39664 -0.39664 -0.827861 -0.418175 -0.418175 -0.806386 0 0 -1 -0.450447 -0.888007 -0.0924119 0.604305 -0.796643 -0.0132097 -0.856949 0.469862 -0.211821 0.608322 0.788582 -0.0899022 0.000310828 0.712001 -0.702178 0 0.707107 -0.707106 -0.272237 0.6804 -0.680399 -0.159246 0.969885 -0.184291 -0.622147 0.758094 -0.195517 -0.00541402 0.752761 -0.658272 0.0406693 0.99604 -0.0790603 -0.417799 0.897131 -0.143526 -0.111434 0.800369 -0.589061 -0.0933099 0.797323 -0.596296 0.0112178 0.772887 -0.634444 0.41782 0.559007 -0.716197 0.0244067 0.469379 -0.88266 0.0598251 0.668614 0.741199 -0.967591 0.163249 0.192656 -0.976678 0.145938 0.15749 -0.722055 -0.618525 -0.30994 -0.0752036 -0.675253 0.733742 0.948082 -0.190099 0.254956 -0.716076 -0.357092 0.599767 0.331781 0.809952 0.483631 0.69288 -0.337275 0.637309 0.00674001 -0.00450671 0.999967 0.201339 -0.0141907 0.979419 0.0189188 -0.100941 0.994712 0.0148254 -0.00991299 0.999841 -0.0168386 -0.127383 0.991711 -0.0124415 -0.108852 0.99398 -0.286728 0.135059 0.948444 0.0346292 0.0172689 0.999251 -0.0987959 -0.00280356 0.995104 0.00132106 0.0435463 0.999051 -0.00787253 0.000402683 0.999969 -0.00246641 0.0640486 0.997944 -0.00804305 0.0419626 0.999087 0.0508003 -0.982954 0.176696 0.940147 -0.22948 0.25192 0.988248 -0.1334 0.0746402 0.991811 -0.0173109 0.126535 0.990016 -0.0144113 0.140216 0.739039 0.673662 0 0 1 0 0 1 0 -0.479153 0.877731 0 -0.997277 0.073733 0.00117685 -0.992452 0.105645 0.0622755 -0.676263 -0.32313 0.662009 -0.649693 -0.657708 0.381207 -0.030613 -0.957864 0.285587 0.00159729 -0.988439 0.15161 0.0515299 0.990998 0.123561 0.390207 0.908296 0.150789 0.927151 0.361029 -0.100251 0.979014 0.203792 -0.000111852 0.790001 0.613103 0.00181765 0.832216 0.554296 -0.0131512 -0.193387 0.980836 -0.0237081 -0.766202 0.641929 -0.0293559 -0.744785 0.666906 -0.0230693 -0.998531 0.0540386 0.00385435 -0.238606 -0.968877 -0.0659176 0.370796 -0.928713 0.00116763 0.758055 -0.650997 -0.0394515 0.882561 -0.470198 0 0.00417293 0.0128336 -0.999909 -0.00588593 -0.00516618 -0.999969 -0.000701021 0.0192464 -0.999815 -7.58964e-06 -3.27515e-06 -1 -4.39297e-05 -0.000228713 -1 -2.66069e-05 0.000732825 -1 -0.625205 0.719458 -0.302488 5.38942e-06 1 -4.10404e-05 -0.0203588 -0.0674824 -0.997513 0.0208636 0.00344222 -0.999776 -1.48464e-06 -1.9783e-06 -1 0.00199947 -0.00148559 -0.999997 0.0116163 0.000360209 -0.999932 -0.00320701 0.0228261 -0.999734 1 0 0 1 0 0 0.993615 -0.0594463 -0.0958972 0.800584 -0.130112 0.584923 0.981918 -0.00388306 -0.189269 1 -0.000111952 0 1 3.26321e-06 -0.000220064 0.837986 0.00809088 -0.545631 0.12352 -0.28765 -0.949737 -0.0488215 -0.681431 -0.730252 -0.045991 -0.507282 -0.860552 -0.78789 -0.579403 -0.208619 -0.611768 -0.501478 -0.611767 0.716739 -0.490592 0.495586 0.282338 -0.054542 -0.957763 -0.707107 0 -0.707106 -0.203715 0.0144224 0.978924 0.57466 0.00261971 -0.818388 0.606713 -0.000790509 -0.794921 -0.253356 0.194782 -0.94756 0.840024 0.518047 0.161208 -0.981125 0.0998466 -0.165602 -0.865145 0.390861 0.314246 -0.989094 0.134157 -0.0607883 -0.962609 -0.117744 -0.243967 -0.919496 -0.141592 -0.366714 -2.32088e-05 -3.65604e-05 -1 0 0 -1 0.65697 0.0147205 -0.753773 -0.069333 0.358307 -0.931026 7.38745e-09 1.69221e-05 -1 0.0332499 -0.190267 -0.981169 0 0 -1 -0.000188662 -2.15029e-05 -1 8.79486e-07 -1.46654e-05 -1 3.14764e-05 -1.07221e-05 -1 6.47509e-05 -2.81568e-05 -1 4.66268e-05 -1.99237e-05 -1 0.619414 0.571119 -0.538655 -1 0 0 -1 0 0 -0.982476 -0.0930161 -0.161519 -0.999993 -0.00177753 0.00322552 -0.920949 0.110663 -0.37364 -0.999996 8.22988e-06 -0.0026972 -1 0 0 -1 0 0 -1 0 0 -1 0 0 -0.960856 0.276149 0.0223207 -0.293073 -0.955666 0.0284727 -0.774127 -0.633013 0.00473258 -0.92049 -0.349634 0.174514 -0.900338 -0.435192 0 0.89007 0.284966 -0.355767 -0.402694 -0.915283 0.00975092 -0.68314 -0.720146 -0.121283 -0.912135 0.240399 -0.33199 0.348971 0.801966 -0.484841 0.422401 0.649921 -0.631807 0.989859 0.0431906 -0.135329 0.935497 -0.00246395 -0.353327 0.495165 -0.833783 -0.244167 -1 0 0 0.996911 0.00439112 -0.0784128 1 0 0 -0.327375 0.105171 0.939023 0.507924 0.861402 0 0 0.404767 -0.91442 0 0 -1 0 0 -1 0 -0.478297 -0.878198 -0.152135 -0.976581 -0.152135 -1 0 0 -0.415022 -0.0221839 -0.909541 -0.348798 0.937198 0 -0.23691 0.180293 -0.954656 -0.0329429 0.973201 -0.227583 0.734146 -0.0443412 -0.677542 0.0790314 -0.979279 0.18646 -0.696876 -0.714485 -0.0622533 -0.734966 -0.677671 0.0242202 -0.604453 -0.796624 -0.00514745 -0.528929 -0.848488 0.0173756 -0.373699 0.910408 0.1775 -0.252 0.926349 -0.279953 -0.739574 0.672175 -0.0347892 -0.709695 0.703455 -0.0385133 -0.598753 0.80081 0.0140736 -0.469869 0.882663 -0.0113745 0.896905 0.429857 -0.103847 0.903822 0.402417 0.145487 0.922106 0.266099 -0.280913 0.769381 -0.0127489 0.638663 0.781916 -0.199736 -0.590519 0.860677 -0.0650772 -0.504975 0.917446 -0.338654 -0.208823 0.965015 -0.24225 -0.100302 0.94264 -0.313024 -0.115958 0.635589 -0.265506 0.724937 0.919945 -0.225944 -0.32039 0.9582 -0.217498 -0.185869 0.129804 0.939238 -0.317777 0.812333 -0.0258947 -0.582618 0.841283 0.266146 -0.470542 0.322809 0.759656 0.564551 -0.97226 -0.0593903 -0.226235 -0.670965 -0.734627 0.100642 -0.0902502 0.961096 0.261053 -0.669188 -0.739227 -0.0757074 0.524651 -0.826008 0.206039 -0.118583 0.978839 0.16677 -0.502429 -0.348948 -0.791076 -0.154291 0.895082 0.418357 -0.964611 0.183848 -0.189011 -0.0246372 0.999611 -0.0130481 -0.0167674 0.99982 -0.00892479 0.988296 -0.130278 0.0793689 0.984984 0.171654 -0.0184976 0.877363 0.478479 0.0359574 0.839198 0.543735 -0.00996645 0.857487 -0.51434 -0.0130692 0.737742 -0.674051 0.0373053 0.948529 0.308637 0.0709638 0.998544 -0.0151411 -0.0517765 0.846783 -0.531912 0.00522354 0.844108 -0.536042 0.0118672 0.653276 0.756875 0.0192364 0.830719 0.556459 -0.0160985 -0.00689055 0.997682 -0.067694 0.279206 0.960231 -0.000592187 0.692183 0.721596 -0.0134798 0.709807 0.704393 -0.00221592 0.998876 -0.0369747 -0.029659 0.507115 -0.861694 -0.0178438 -0.0505264 -0.997534 0.0487204 0.879763 -0.474967 0.0205736 0.807351 -0.589467 -0.0267061 0.411931 -0.910718 0.0300813 -0.221266 -0.944373 0.243313 -0.327578 -0.93912 0.103662 -0.95761 -0.160923 0.23893 -0.495981 0.666688 0.556354 -0.446279 -0.301319 -0.84264 -0.720872 -0.692369 -0.0311207 -0.968622 -0.24725 0.0252688 -0.999265 -0.0136005 -0.0358314 -0.952487 0.303504 0.0255909 -0.702894 0.704522 -0.0979201 -0.459736 0.887797 -0.0214265 -0.177179 0.98412 -0.0107178 -0.0787565 -0.0157459 -0.99677 -0.0388524 -0.0633299 -0.997236 0.0461503 -0.0503124 -0.997667 0 0 -1 0 0 -1 0 0 -1 0 0 -1 0.0331805 -0.0457029 -0.998404 0.0524213 0.0764454 -0.995695 0.0892184 -0.015504 -0.995891 0.0584175 -0.0354704 -0.997662 0.0621667 0.0124291 -0.997988 -0.502975 -0.819856 0.273592 -0.822146 -0.511019 -0.25087 -0.418 0.413887 0.808686 0.126347 0.989949 -0.0635416 -0.173368 -0.984187 0.0363203 -0.706944 -0.706945 -0.0214153 -0.785833 -0.618157 0.018678 -0.997088 0.0313928 -0.0695027 -0.997089 0.0316365 -0.0693773 -0.664435 0.746083 0.0434412 -0.332556 0.942345 -0.037326 0.0876427 -0.0644089 -0.994068 0 0 -1 0 0 -1 0.00383198 -0.00256867 -0.999989 0.0635171 0.0807391 -0.994709 0.0357909 0.103022 -0.994035 -0.0306252 0.0843561 -0.995965 0.0410903 0.0220992 -0.998911 0.0354642 0.00925847 -0.999328 0 0 -1 -0.0769969 -0.172772 -0.981948 -0.820384 -0.545025 -0.172966 -0.913259 -0.330126 0.238695 -0.333944 0.938805 -0.0844138 -0.3951 -0.918623 -0.00534936 -0.819417 -0.572602 -0.0261097 -0.999029 0.026657 -0.035067 -0.998233 0.0434983 -0.0404868 -0.912881 0.408208 0.00368629 -0.783828 0.620436 -0.0259424 -0.74341 0.668739 -0.0113818 -0.474522 0.880244 0.000262516 -0.279365 0.959492 -0.0364722 -0.287407 0.957015 -0.0389929 -0.313369 -0.0788818 -0.94635 0.0338099 -0.154636 -0.987393 0 0 -1 0 0 -1 0 0 -1 0 0 -1 0 0 -1 -0.000241666 0.000191619 -1 0 0 -1 -0.000567548 6.27798e-05 -1 -0.904802 -0.326687 -0.273146 -0.953151 0.215907 0.211866 -0.355336 0.843637 -0.402508 0.397706 0.845257 0.35689 0.0105265 0.00303771 -0.99994 0.00445088 -0.00113695 -0.999989 0.00547959 -0.00216076 -0.999983 -0.00426392 0.000707777 -0.999991 0.0959323 -0.140392 -0.985437 0.341589 0.298936 -0.891041 -0.0860814 0.953435 0.289054 0.224369 0.913285 -0.339953 -0.0549302 0.99849 0.000782629 0.504271 0.863545 -0.000217152 0.466265 0.884164 0.029171 0.588917 0.808185 -0.00370434 -0.00482988 -0.00455516 -0.999978 -0.166881 -0.579945 -0.797379 0 0 -1 0 0 -1 0 0 -1 0 0 -1 0 0 -1 0.386946 -0.912499 -0.13273 0 0 -1 0 0 -1 -0.00271126 0.00697791 -0.999972 0.59816 -0.801363 -0.00465313 0.200844 -0.974119 0.103705 0.504503 -0.863003 0.0264942 0.418849 -0.907842 -0.0197021 0 0 -1 0.00698916 0.395252 -0.918546 -0.014395 0.0156836 -0.999773 -0.0773134 0.00505362 -0.996994 0 0 -1 0.00617992 -0.00743109 -0.999953 0.0709121 -0.0102809 -0.99743 0.021261 0.0208104 -0.999557 0.00927094 0.0337135 -0.999389 0.0145909 0.0179656 -0.999732 0.0699985 -0.0118136 -0.997477 0.113328 -0.00802331 -0.993525 0.446401 -0.0672411 -0.892303 -0.0456094 0.0766316 -0.996016 0 0 -1 -0.0250321 -0.0390557 -0.998923 -0.0911792 0.0756321 -0.992958 -0.0271145 -0.0324731 -0.999105 0 0 -1 -0.0018 0.00149308 -0.999997 0.0011972 -0.0272725 -0.999627 0.258627 0 -0.965977 0.0664985 0.0106438 -0.99773 -0.00607467 -0.0220904 -0.999738 0.000116652 -0.0280503 -0.999607 0 0 -1 -0.19511 0.524247 -0.828913 -0.0570062 0.29169 -0.954813 -0.334802 -0.0568852 -0.94057 -0.0448425 -0.00761905 -0.998965 -0.351119 0.0164481 -0.936186 -0.0950975 -0.546496 -0.832045 0.138505 -0.159321 -0.977463 0.522475 0.0887816 -0.84802 0 0 -1 0 0 -1 -0.853221 0.52155 0 -0.428979 0.903314 0 0 1 0 0 1 0 0.51695 0.855559 0.0279754 0.797887 0.564077 -0.212588 0.0998555 0.995002 0 0.000219292 -0.999999 -0.00100709 -9.99536e-05 -1 -0.000311145 -0.633636 -0.773554 0.0109113 0.498245 -0.865606 -0.0497756 0.0369327 -0.95454 -0.295785 -0.0398664 -0.185083 -0.981914 0.0449592 0.915235 0.400404 0.00861237 -0.0187181 -0.999788 -0.0055465 -0.053451 -0.998555 -0.00846918 0.00736598 -0.999937 0.0372572 0.201764 -0.978725 -0.185099 -0.0183355 -0.982549 0 0 -1 0.0340021 -0.0452579 -0.998397 0.0236473 -0.00295054 -0.999716 0.200688 0.0461759 -0.978566 -0.175304 0.0136134 -0.98442 -0.0188484 -0.0202379 -0.999618 -0.0449842 0.0392787 -0.998215 -0.0444413 -0.067032 -0.996761 -0.0284314 -0.00654172 -0.999574 0 0 -1 -0.00539465 0.00593373 -0.999968 0 0 1 0 0 1 0 0 1 -1.02773e-05 -5.6108e-06 1 -1.06505e-05 -5.46259e-06 1 0 0 1 0 0 1 2.2729e-05 -5.44995e-05 1 -5.02464e-06 -7.20653e-06 1 -6.17441e-06 -6.31224e-06 1 0 0 1 0 0 1 0 0 1 9.68162e-08 1.07788e-07 1 9.08851e-08 3.28149e-08 1 3.74704e-07 -5.56272e-06 1 1.11988e-05 -3.39944e-06 1 0 0 1 0 0 1 -0.0993912 0.0104064 0.994994 0 0 1 0.0270287 -0.240692 0.970225 -5.44249e-08 4.84658e-07 1 2.15714e-07 0 1 1.9481e-07 9.41643e-08 1 -0.000126294 0.000112843 1 0.00185729 0.0105061 0.999943 2.90465e-06 -2.59528e-06 1 0 0 1 -0.00673821 -0.00174663 0.999976 0 0 1 0 0 1 0 0 1 0 0 1 0 0 1 0.000261296 -9.96819e-05 1 0.000196253 -0.000160549 1 -0.000175015 0.000121236 1 -0.000234845 6.53194e-05 1 0 0 1 -0.00408468 -0.00125253 0.999991 -1.65609e-07 9.8227e-08 1 0 0 1 0 0 1 -0.000503495 0.000489155 1 0.00037828 0.00382564 0.999993 0 0 1 0 0 1 -4.60623e-07 1.0487e-08 1 -3.79434e-06 4.36667e-06 1 -2.30992e-07 -1.12885e-07 1 -6.79296e-07 -1.2774e-06 1 1.6512e-07 9.11362e-07 1 8.04417e-07 -4.91533e-06 1 -2.7917e-08 -1.84715e-07 1 1.69367e-07 4.98328e-07 1 -3.14907e-08 -3.1333e-07 1 0 0 1 -0.709669 -0.118623 0.694477 0.305377 -0.035101 0.951584 0 0 1 -0.0178713 0.0818092 0.996488 -0.229461 -0.0114996 0.97325 0.166583 0.762566 0.625094 0 0 1 0 -5.09975e-08 1 0 0 1 0 0 1 0 0 1 0 0 1 0 0 1 0 0 1 0 0 1 0 0 1 0 0 1 0.0422394 -0.991215 -0.125333 -0.045668 -0.996512 0.0698487 0.949436 -0.20968 0.23368 0.0143492 0.999215 0.0369153 -0.00118715 -0.999999 -0.000739809 -0.00192094 -0.999998 0.000216472 0.023168 -0.999631 -0.0141711 0.76984 0.168675 0.615545 0.114912 -0.371811 0.921169 2.42578e-06 -7.84889e-06 1 7.29956e-06 -2.69446e-06 1 8.43364e-07 2.09094e-06 1 5.13976e-06 3.38231e-06 1 0 0 1 0.891694 0.402564 -0.20694 0.786978 -0.439397 0.433123 0.387294 -0.679407 -0.623225 -0.907589 -0.228656 -0.352134 0.256087 0.737131 0.625346 0.83439 0.533875 0.137005 0.527395 -0.794735 0.300417 0.668982 -0.737015 0.0962928 0.564223 0.822799 0.0682247 0.713291 0.684018 -0.152762 0.836045 -0.507637 0.208169 0.494766 -0.774012 -0.395111 0.0774456 0.981217 0.176677 0.471487 0.845705 -0.249968 0.960543 -0.120225 0.250806 0.839214 -0.486492 -0.242995 -0.404962 -0.914278 0.010091 -0.618523 -0.782393 -0.0727343 -0.937596 -0.343756 0.0523911 -0.99874 -0.00676954 -0.0497199 -0.887903 0.454269 0.0725799 -0.564967 0.822245 -0.0687428 -0.14813 0.986806 0.0653545 0.653252 0.721624 -0.229173 0.972033 -0.230973 -0.0424673 0.948294 0.057926 -0.312064 -0.489607 -0.0970509 0.866525 -0.91498 -0.227828 -0.333026 -0.509688 0.860356 0.00215666 -0.401175 -0.91573 -0.0222872 -0.530858 -0.847446 0.00498529 -0.930363 -0.36664 0 -0.913939 -0.405808 -0.00595577 -0.286642 0.953872 -0.0892479 0.250446 0.968123 -0.00379931 -0.65359 -0.257569 -0.711673 -0.645932 -0.0117594 -0.763304 0.482322 -0.601887 -0.636473 -0.441662 -0.818247 0.367977 0.896873 -0.210929 0.388752 0.795489 0.361236 0.486525 0.94648 -0.322718 0.00539885 -0.94648 0.322718 -0.00539885 -0.0804499 -0.981033 0.17636 -0.318302 -0.598005 -0.735578 -0.666746 -0.520802 0.533118 -0.690384 -0.253119 -0.677717 -0.880143 0.446174 0.162102 -0.0673046 -0.153631 -0.985833 -0.0933235 -0.0414376 -0.994773 0.0428675 -0.998161 0.0428675 0.490893 -0.116178 -0.863439 0.999604 -0.00276355 -0.0279929 0.96063 -0.146189 -0.236258 0.120295 -0.859281 -0.497157 0.0290229 -0.954114 -0.298033 0.0975167 -0.968417 -0.229477 -0.215757 -0.900462 -0.377648 0.7436 0.55559 -0.371992 -0.113742 -0.819821 -0.56121 0.995384 0.0948522 -0.014604 -0.000558983 -0.0195107 -0.99981 -0.026768 0.121933 0.992177 0.0958203 0.0992465 -0.990439 0.0317977 0.0102609 -0.999442 -0.0121072 0.999519 -0.0285646 -0.853338 -0.331858 0.402099 0.0715354 -0.983207 -0.167887 0.993159 0.00463109 0.116677 -0.230497 -0.883503 -0.407791 0.0207559 -0.965186 0.260741 -0.95616 0.053053 0.287998 -0.0947168 -0.911638 0.399932 0.431968 0.238441 0.869799 -0.963968 0.117367 0.238727 0.207307 0.957383 -0.201101 0.599766 0.395168 -0.695789 -0.0544833 0.193383 0.979609 -0.149953 -0.965057 -0.214895 -0.936882 -0.142734 -0.319185 -0.929038 0.290214 -0.229488 0.00486346 0.933754 -0.357882 -0.117827 0.973404 -0.196475 -0.827993 -0.000966165 -0.560737 -0.956394 0.129325 -0.261889 0.00498568 0.997526 -0.0701161 -0.944237 -0.302787 -0.129366 -0.0106431 -0.00151177 0.999942 -0.137117 0.356429 0.924206 0.0818028 -0.351229 0.932709 -0.127224 -0.0900712 0.987776 0.722236 -0.619686 0.307188 -0.0716535 0.142641 0.987177 0.946296 0.152232 -0.285219 0.468328 0.49208 -0.733843 0.159057 -0.883264 -0.441073 -0.223631 -0.647834 -0.728217 -0.750433 -0.5667 -0.340149 0.0515055 -0.206913 -0.977003 0.283586 0.958328 -0.0344422 0.757389 0.576555 -0.306507 0.992822 0.115814 -0.0298643 0.947644 -0.196941 -0.251368 0.556677 -0.830453 -0.0214046 0.390707 -0.905597 -0.165055 -0.000662937 -0.00143819 0.999999 0.00180277 0.000210296 0.999998 0.000718746 -0.00107223 0.999999 -0.00469787 0.00543491 0.999974 0.00139828 0.00472523 0.999988 -0.00295325 -0.000735058 0.999995 -0.329471 0.0266778 -0.943789 -0.0806526 -0.0829513 -0.993285 -0.406828 0.0529216 -0.911971 0.141939 0.939907 -0.310529 0.44416 -0.894613 -0.0488916 0.936248 -0.35039 0.025805 0.732042 0.681256 0.00215564 -0.267376 0.963555 -0.00850756 -0.0642895 0.99624 0.0580697 -0.790837 0.612 0.00570026 -0.915959 0.399434 0.0383493 -0.997572 0.0689173 -0.00999544 -0.909569 -0.415533 0.00413098 -0.671125 -0.737346 -0.0768913 -0.262006 -0.965051 0.00543455 0.494885 -0.865987 -0.0718035 0.0285834 -0.0577357 -0.997923 0.134089 0.0714088 -0.988393 0.891626 0.44382 -0.0895903 -0.41852 -0.907943 0.0219243 -0.505703 -0.860634 -0.0597801 -0.981584 -0.189481 0.0243027 -0.97017 -0.241474 -0.0214453 -0.794542 0.538245 -0.281061 -0.64658 0.74802 -0.149669 -0.157055 0.925367 -0.345006 -0.246714 -0.122866 -0.961268 -0.195152 -0.33212 -0.922828 0.725037 -0.503824 -0.469556 0.128348 0.952646 -0.275666 -0.799209 0.58107 -0.153697 -0.413908 0.637777 -0.649554 -0.0782 -0.181533 -0.980271 -0.0338256 0.121899 0.991966 -0.273423 0.119235 0.954475 0.140701 -0.255323 0.956563 -0.202803 0.18171 0.962212 -0.834969 0.219284 -0.504718 -0.496899 -0.838583 -0.223317 -0.563166 -0.651985 -0.507701 -0.119015 0.0598626 -0.991086 -0.20909 0.0116769 -0.977827 -0.141659 -0.239205 -0.96058 -0.99411 -0.0057207 -0.108228 -0.50466 -0.84559 -0.174057 -0.347332 -0.937372 0.0263442 -0.991639 -0.12725 0.021442 -0.631818 0.772341 -0.0655337 -0.434884 0.867259 -0.242358 -0.0545237 0.970367 -0.235403 -0.00933435 -0.0251914 0.999639 0.0128447 -0.00932857 0.999874 0.015159 0.00935582 0.999841 -0.0720647 -0.00924753 0.997357 0.00228677 0.0281617 0.999601 -0.0322974 0.0394806 0.998698 0.0479253 -0.0184481 -0.998681 0.0538239 0.00522452 -0.998537 -0.0218872 -0.149133 -0.988575 0.0336316 0.908634 0.416237 -0.744395 0.666972 -0.0320076 -0.639581 0.76805 0.0321672 -0.997873 -0.0649629 -0.00536327 -0.970168 -0.240145 0.0332405 -0.597221 -0.801918 -0.0159636 -0.400268 -0.916151 0.0212922 0.158296 -0.986933 -0.0300792 0.494972 -0.867986 0.0400419 0.867823 -0.496378 -0.022178 0.998593 0.0220842 0.0482049 0.812916 0.578525 -0.0669079 0.410336 0.90583 0.105343 -0.0803922 -0.115563 -0.990042 0.0111673 -0.0677632 -0.997639 0.080452 0.990768 -0.109114 0.850195 0.524723 -0.0428169 0.896775 0.393349 -0.202661 0.673003 -0.710805 -0.204509 0.808996 -0.587541 0.017935 0.412673 -0.436635 -0.799407 0.0334469 0.483677 -0.874607 -0.742299 -0.316498 -0.590611 0.0902979 -0.271621 -0.958159 0.358881 0.93323 0.0169213 -0.885944 0.285459 -0.365537 0.902692 -0.126954 -0.411132 0.888076 -0.458862 0.0276806 0.418691 -0.199703 -0.885899 0.0608558 0.415041 -0.907765 0.150489 -0.263898 0.952738 0.132142 0.00292236 0.991226 0.0519056 0.114583 0.992057 -0.0381893 0.0499143 0.998023 -0.115294 0.0050191 0.993319 0.342291 0.684209 -0.643968 -0.244622 -0.0200077 -0.969412 -0.236102 -0.869517 -0.433816 0.219793 0.956402 -0.192321 0.61077 -0.765298 -0.203172 -0.160821 0.376161 -0.912491 -0.595113 -0.262875 -0.759432 -0.445603 -0.707908 -0.548001 -0.439458 -0.712854 -0.546549 -0.14977 -0.94969 -0.275061 -0.760227 -0.550956 -0.344241 -0.854721 -0.264063 -0.446904 -0.935246 0.346738 0.0713316 -0.371443 0.900559 -0.225885 -0.0683042 0.994062 0.084706 0.00320076 -0.0503908 0.998724 -0.0602541 -0.0368738 0.997502 -0.0713937 0.0264689 0.997097 -0.0116085 0.168944 0.985557 0.0201242 -0.0191868 0.999613 0.0464405 0.0148356 0.998811 0.0208173 -0.0331213 -0.999234 0.0644618 0.00921214 -0.997878 0.141494 -0.119487 -0.982702 -0.85573 -0.147764 -0.495875 -0.607529 0.794055 0.0196387 -0.805193 0.590161 -0.0580819 -0.998899 0.0434852 0.0175812 -0.917527 -0.396958 -0.0238365 -0.602449 -0.796535 0.0508564 -0.196903 -0.980139 -0.0236082 0.367261 -0.92957 0.0319096 0.566957 -0.823298 -0.0272013 0.9993 -0.0117591 0.0355253 0.98378 0.178827 -0.0140724 0.483507 0.875273 0.0108552 0.342437 0.938782 -0.037769 -0.0529123 -0.018936 -0.99842 0.00995515 -0.0354372 -0.999322 0.591831 0.771727 -0.232753 0.951313 0.3039 0.0514665 0.983304 0.170164 -0.064476 0.825932 -0.528668 -0.195823 0.72352 -0.689818 -0.0258947 -0.297135 -0.274697 -0.914468 0.921261 -0.184969 -0.342148 -0.501844 0.846151 0.179391 -0.775392 0.107688 -0.622231 0.680905 -0.587488 -0.437294 0.000910143 -0.628679 -0.777664 0.0884681 -0.00104103 0.996078 0.0255808 0.0463078 0.9986 -0.0332776 0.144424 0.988956 -0.402703 0.134092 0.905456 0.190006 -0.971839 0.139381 -0.211534 0.244471 -0.946302 -0.174175 -0.630727 -0.756206 0.752939 0.497306 -0.431009 -0.104363 -0.299273 -0.948443 0.4247 -0.49688 -0.756796 0.195541 0.242271 -0.950299 -0.396373 -0.0473776 -0.916866 -0.176972 -0.916968 -0.357563 -0.712638 -0.701425 -0.0122619 -0.969123 -0.131008 -0.208898 -0.997853 0.0554184 -0.0349059 -0.638649 0.747191 -0.183938 -0.656643 0.735557 -0.166657 0.0898173 0.995767 0.0195401 -0.00837432 -0.00824256 0.999931 -0.00604902 0.000335948 0.999982 0.00131 -0.0110659 0.999938 -0.00223238 0.00250066 0.999994 0.000254969 0.00282673 0.999996 0.00269034 0.00162104 0.999995 0.00454558 -0.00270765 0.999986 0.234795 -0.26457 -0.935347 0.0703347 0.0292541 -0.997094 0.0066556 0.0626878 -0.998011 -0.60741 -0.0982058 -0.788295 0.157996 0.987178 -0.0227555 -0.224368 0.973755 0.0382123 -0.7297 0.682844 -0.0355143 -0.948235 0.315744 0.0339895 -0.998905 -0.0462471 -0.00714379 -0.937122 -0.347969 0.026824 -0.714658 -0.699115 -0.0224368 -0.214909 -0.97582 0.039855 0.721368 -0.691043 -0.045686 0.981604 -0.18795 0.0335994 0.911139 0.407556 -0.0610257 0.600567 0.798642 0.0385995 -0.0809451 0.064028 -0.99466 -0.237648 -0.00985679 -0.971301 0.321887 0.929361 -0.180767 0.855979 0.515764 0.0358731 0.943152 0.135151 -0.303643 0.859129 -0.511753 -0.00253791 0.457108 -0.832282 -0.313622 0.115236 -0.973431 -0.197871 -0.168471 -0.363955 -0.916054 0.513713 0.855686 -0.0624492 -0.328495 0.683736 -0.651611 -0.597463 0.690096 -0.408417 -0.861079 -0.483943 0.15602 -0.126556 -0.623611 -0.771422 0.964687 -0.129792 -0.2292 -0.138676 -0.664095 -0.734675 0.0169814 -0.988537 0.15002 0.319516 -0.0611785 0.945604 0.00791375 0.185804 0.982555 0.0695344 0.0924679 0.993285 0 0 1 0.646985 0.666899 0.36967 -0.813124 0.130534 -0.567266 0.760275 0.219957 -0.611229 -0.151532 0.360254 -0.920465 -0.326646 -0.00359215 -0.94514 -0.427384 0.0530559 -0.902512 -0.544189 0.769263 -0.334803 0.0472351 0.463277 -0.884954 0.0288672 0.515933 -0.856142 0.726618 0.596291 0.341267 0.855771 0.297223 -0.423456 0.868421 0.162262 0.468525 0.714315 0.591547 -0.373933 0.430287 0.755683 0.493758 0.0503982 0.980095 -0.192025 -0.386272 0.695431 0.605945 -0.514425 0.757391 0.402151 -0.854365 0.106061 0.508736 -0.00741431 0.0024795 -0.999969 -0.0242336 -0.00927428 -0.999663 -0.885567 0.462238 -0.0459105 0.949118 0.313393 -0.0309735 0.991209 0.0285867 0.129181 -0.419356 0.868723 0.263556 0.46793 0.781911 0.411895 0.34052 0.912896 0.225093 -0.148102 0.976241 0.158177 0.478494 0.877843 0.0208373 0.042359 -0.0305895 -0.998634 0.0804642 0.0182237 -0.996591 -0.0266347 0.0914137 -0.995457 0 0 -1 0 0 -1 -0.0136263 0.00400514 -0.999899 -0.000632014 -0.00011809 1 -0.000466993 0.0014183 0.999999 0.00144819 0.000370831 0.999999 0.000359411 -0.000647071 1 -0.000288411 -0.000506516 1 0.147859 0.732598 0.664408 -0.418879 0.860773 0.289155 -0.630316 0.388255 0.67228 -0.295886 -0.15048 0.943296 0.736829 -0.161985 0.656387 0.943544 0.0410537 0.328694 0.635687 -0.143188 0.758551 -0.483079 -0.789001 0.379622 0.912354 -0.407294 0.0414874 0.827319 -0.548985 0.118991 0.111995 -0.992528 -0.0484223 -0.413638 -0.105918 0.90426 -0.581636 -0.335749 0.740926 -0.286741 -0.829342 0.479554 0.15256 -0.424425 0.892518 0.150935 -0.458403 0.875834 0.741525 -0.17398 -0.647975 0.241066 -0.375322 -0.894997 0.0821988 -0.638721 -0.765035 0.126859 -0.243984 -0.961446 -0.257219 -0.650453 -0.714667 -0.538837 -0.311044 -0.782883 -0.898401 0.0618587 -0.434797 0.0771512 -0.799514 -0.595672 0.420993 0.888776 0.181224 0.234812 -0.334032 0.912845 0.686797 0.710356 -0.153962 0.312693 0.0624961 -0.947796 0.888766 -0.17348 -0.424263 -0.331184 0.405347 -0.852063 -0.369159 0.593028 -0.715569 0.0651376 0.904453 -0.42157 0.245455 0.42544 -0.871064 0.620654 -0.232228 -0.748905 0.806555 -0.483187 -0.340586 0.853231 -0.517521 0.0645676 0.95408 0.134769 0.267522 0.770447 0.333175 0.543513 0.762244 0.639218 0.101905 0.0560346 0.778056 0.625691 -0.0623759 0.511108 0.85725 -0.489104 0.785711 0.37873 -0.097098 0.0273119 -0.9949 -0.0110674 0.00262998 -0.999935 0.99684 0.0454655 0.0651413 0.760231 -0.224137 0.609763 0.225157 0.944679 0.238509 -0.418813 0.897722 0.136714 -0.00987955 0.0045525 -0.999941 -0.00733999 -0.00217441 -0.999971 -0.00344662 0.00446073 -0.999984 0.0215045 0.00767471 -0.999739 0.000226269 -0.00210485 -0.999998 0.000380018 -0.00164389 -0.999999 0.021817 0.0094758 -0.999717 0.0127652 0.0479078 0.99877 0.0421024 -0.0132622 0.999025 0.00537349 -0.0440303 0.999016 -0.0342967 -0.0148314 0.999302 -0.0311022 0.0282949 0.999116 0.441817 0.0318615 0.896539 -0.350613 -0.0225327 0.936249 -0.429063 -0.869901 0.243265 0.0280358 -0.99377 0.107865 -0.948233 -0.31617 -0.029853 -0.754243 0.501672 0.423607 0.632419 -0.723989 0.275473 -0.738343 0.0690563 0.67088 -0.77082 0.121957 0.625271 -0.606185 -0.754694 0.250951 -0.130897 -0.318572 0.938817 0.250536 -0.910259 -0.329637 0.592305 -0.538844 0.599017 0.101709 -0.946143 -0.307357 0.142596 -0.688811 -0.710778 -0.598586 -0.797487 0.0755672 -0.514699 -0.292486 -0.805939 -0.896136 -0.302728 -0.324495 -0.902634 -0.109433 -0.416265 0.494881 -0.703992 -0.5094 0.541028 0.754223 0.37207 -0.739032 -0.495837 0.456044 -0.240496 0.806668 -0.539859 -0.17069 0.791971 -0.586215 0.948515 -0.00840858 -0.31662 -0.26174 0.384664 -0.88517 -0.131428 0.321771 -0.937651 0.0934953 0.905409 -0.414117 0.651104 0.739977 -0.168814 0.544221 0.352934 -0.761092 0.971118 -0.206783 -0.119037 0.497524 -0.3143 -0.808508 0.587977 -0.245847 0.770611 0.323163 -0.0584863 0.944534 0.920698 0.379805 0.0898021 0.715051 0.687236 0.128097 0.207471 0.422749 0.882179 0.0649907 0.985907 -0.154152 -0.570891 0.744905 0.345255 0.0163866 -0.00837132 -0.999831 -0.118462 0.0895707 -0.98891 -0.648313 0.751484 0.122321 0.296892 0.952392 0.0693155 0.916576 0.37729 0.132444 -0.199184 0.731569 0.652022 -0.201546 -0.0186178 -0.979302 -0.00297175 -0.00663062 -0.999974 -0.000100079 0.000245019 -1 -0.00817175 -0.00202793 -0.999965 0.0115281 -0.00343056 -0.999928 0.0108342 0.00217178 -0.999939 0.933846 0.35746 -0.0123747 -0.680662 0.71532 -0.158167 -0.00776683 -0.00100623 0.999969 -0.0120356 -0.00795945 0.999896 -0.00983155 -0.0102574 0.999899 0.000947834 0.00193134 0.999998 0.00260588 -0.000471614 0.999996 0.805689 0.179199 0.564582 -0.142531 0.497886 0.85545 0.368769 0.883085 -0.290121 -0.978426 -0.0193681 -0.20569 -0.586673 -0.35585 0.727452 -0.102567 -0.246044 0.963817 -0.146105 -0.93965 0.309373 0.59784 -0.659997 0.454963 0.594296 -0.661167 0.457899 0.426417 -0.765495 0.481858 -0.761014 -0.648694 0.00736706 -0.991872 -0.0206201 0.125557 -0.989859 0.141066 -0.0167472 -0.979636 -0.17835 0.0922146 0.0285743 -0.55017 0.834564 0.527857 -0.845173 0.0839614 0.528541 -0.846764 0.0602966 0.0819062 -0.810423 -0.580091 -0.873929 -0.279675 -0.397529 -0.00638939 -0.919036 -0.394121 -0.353768 -0.924643 -0.141011 -0.662814 -0.741746 -0.10242 -0.408843 0.00637121 -0.912583 0.420248 -0.867158 -0.26726</float_array>
                    <technique_common>
                        <accessor count="10000" source="#shape0-lib-normals-array" stride="3">
                            <param name="X" type="float"/>
                            <param name="Y" type="float"/>
                            <param name="Z" type="float"/>
                        </accessor>
                    </technique_common>
                </source>
                <vertices id="shape0-lib-vertices">
                    <input semantic="POSITION" source="#shape0-lib-positions"/>
                </vertices>
                <triangles count="10000">
                    <input offset="0" semantic="VERTEX" source="#shape0-lib-vertices"/>
                    <input offset="1" semantic="NORMAL" source="#shape0-lib-normals"/>
                    <p>0 0 1 0 483 0 358 1 264 1 475 1 235 2 163 2 464 2 3 3 4 3 5 3 5 4 4 4 6 4 3 5 10 5 4 5 6 6 4 6 7 6 7 7 4 7 8 7 6 8 7 8 11 8 3 9 5 9 9 9 9 10 5 10 6 10 3 11 9 11 10 11 4 12 10 12 8 12 14 13 18 13 11 13 11 14 12 14 13 14 15 15 16 15 18 15 15 16 18 16 17 16 17 17 18 17 14 17 21 18 22 18 62 18 386 19 27 19 28 19 28 20 27 20 29 20 28 21 29 21 52 21 30 22 51 22 31 22 30 23 31 23 61 23 61 24 31 24 388 24 48 25 34 25 33 25 33 26 34 26 35 26 35 27 34 27 449 27 36 28 44 28 37 28 36 29 37 29 39 29 39 30 37 30 38 30 39 31 38 31 40 31 40 32 38 32 41 32 40 33 41 33 43 33 40 34 43 34 42 34 42 35 43 35 44 35 42 36 44 36 36 36 42 37 39 37 40 37 42 38 36 38 39 38 20 39 19 39 45 39 20 40 45 40 46 40 46 41 45 41 47 41 46 42 47 42 48 42 48 43 47 43 34 43 65 44 32 44 49 44 65 45 49 45 50 45 50 46 49 46 51 46 50 47 51 47 30 47 52 48 29 48 54 48 52 49 54 49 53 49 53 50 54 50 55 50 53 51 55 51 25 51 25 52 55 52 26 52 23 53 24 53 56 53 56 54 24 54 57 54 56 55 57 55 58 55 58 56 57 56 21 56 386 57 37 57 59 57 61 58 44 58 30 58 59 59 37 59 44 59 59 60 44 60 61 60 46 61 48 61 43 61 386 62 38 62 37 62 33 63 43 63 48 63 56 64 41 64 23 64 52 65 53 65 41 65 41 66 53 66 23 66 38 67 52 67 41 67 38 68 28 68 52 68 38 69 386 69 28 69 43 70 35 70 50 70 43 71 33 71 35 71 43 72 20 72 46 72 56 73 58 73 41 73 43 74 50 74 30 74 43 75 30 75 44 75 65 76 50 76 35 76 60 77 63 77 43 77 43 78 63 78 20 78 60 79 43 79 62 79 62 80 43 80 41 80 62 81 41 81 58 81 23 82 53 82 25 82 35 83 64 83 65 83 25 84 66 84 67 84 58 85 21 85 62 85 25 86 67 86 378 86 25 87 378 87 23 87 63 88 19 88 20 88 25 89 26 89 66 89 274 90 68 90 76 90 274 91 231 91 68 91 211 92 69 92 274 92 274 93 69 93 231 93 229 94 211 94 70 94 70 95 210 95 71 95 74 96 225 96 73 96 75 97 225 97 74 97 77 98 78 98 80 98 80 99 78 99 81 99 79 100 81 100 104 100 81 101 79 101 80 101 82 102 83 102 84 102 84 103 83 103 85 103 140 104 91 104 87 104 87 105 91 105 86 105 89 106 88 106 90 106 90 107 88 107 91 107 90 108 91 108 140 108 83 109 82 109 89 109 89 110 82 110 92 110 89 111 92 111 93 111 89 112 93 112 88 112 96 113 232 113 95 113 94 114 99 114 95 114 95 115 99 115 96 115 97 116 98 116 99 116 99 117 98 117 96 117 98 118 97 118 85 118 84 119 85 119 100 119 100 120 85 120 97 120 97 121 101 121 100 121 159 122 234 122 103 122 79 123 104 123 159 123 159 124 104 124 234 124 109 125 105 125 156 125 106 126 156 126 105 126 156 127 106 127 77 127 106 128 107 128 77 128 77 129 107 129 78 129 248 130 107 130 106 130 108 131 106 131 105 131 108 132 105 132 109 132 102 133 103 133 110 133 234 134 110 134 103 134 111 135 97 135 99 135 111 136 99 136 112 136 112 137 99 137 94 137 112 138 94 138 481 138 87 139 86 139 113 139 113 140 86 140 114 140 114 141 86 141 91 141 91 142 88 142 114 142 88 143 236 143 114 143 115 144 116 144 117 144 115 145 117 145 118 145 118 146 117 146 121 146 118 147 121 147 119 147 119 148 121 148 120 148 116 149 122 149 117 149 119 150 123 150 118 150 118 151 123 151 124 151 117 152 122 152 125 152 123 153 119 153 126 153 126 154 119 154 131 154 123 155 126 155 124 155 124 156 126 156 127 156 124 157 127 157 118 157 118 158 127 158 128 158 115 159 118 159 129 159 129 160 118 160 128 160 115 161 129 161 116 161 116 162 129 162 130 162 122 163 116 163 130 163 122 164 130 164 125 164 121 165 117 165 120 165 120 166 117 166 125 166 120 167 131 167 119 167 217 168 479 168 132 168 217 169 132 169 134 169 134 170 132 170 133 170 133 171 135 171 134 171 134 172 135 172 136 172 134 173 136 173 137 173 134 174 137 174 139 174 138 175 139 175 141 175 141 176 139 176 140 176 141 177 142 177 143 177 142 178 144 178 143 178 143 179 144 179 203 179 145 180 203 180 144 180 145 181 146 181 203 181 194 182 167 182 147 182 194 183 148 183 167 183 201 184 149 184 148 184 148 185 149 185 337 185 201 186 150 186 149 186 151 187 201 187 152 187 147 188 153 188 154 188 153 189 465 189 154 189 154 190 465 190 155 190 156 191 157 191 155 191 155 192 157 192 158 192 158 193 159 193 160 193 158 194 160 194 181 194 181 195 160 195 161 195 160 196 102 196 161 196 161 197 464 197 178 197 163 198 178 198 464 198 162 199 178 199 163 199 453 200 164 200 166 200 166 201 165 201 453 201 168 202 167 202 169 202 171 203 170 203 366 203 271 204 172 204 365 204 172 205 271 205 173 205 172 206 173 206 176 206 176 207 173 207 174 207 174 208 175 208 176 208 175 209 177 209 176 209 176 210 177 210 178 210 178 211 179 211 161 211 182 212 181 212 161 212 179 213 180 213 161 213 161 214 180 214 182 214 181 215 182 215 183 215 181 216 183 216 184 216 181 217 184 217 185 217 181 218 185 218 186 218 185 219 187 219 186 219 186 220 187 220 188 220 186 221 188 221 189 221 190 222 154 222 186 222 186 223 189 223 190 223 192 224 147 224 191 224 191 225 147 225 154 225 147 226 192 226 193 226 147 227 193 227 194 227 195 228 194 228 196 228 195 229 196 229 197 229 197 230 198 230 195 230 195 231 198 231 201 231 201 232 198 232 199 232 201 233 199 233 200 233 201 234 200 234 152 234 200 235 202 235 152 235 204 236 152 236 202 236 253 237 203 237 204 237 203 238 205 238 143 238 143 239 205 239 206 239 206 240 207 240 143 240 143 241 207 241 208 241 143 242 208 242 138 242 138 243 208 243 209 243 209 244 210 244 138 244 138 245 210 245 214 245 214 246 210 246 211 246 211 247 212 247 214 247 214 248 212 248 213 248 214 249 213 249 215 249 214 250 215 250 217 250 215 251 216 251 217 251 217 252 216 252 218 252 217 253 218 253 219 253 217 254 219 254 458 254 220 255 459 255 458 255 458 256 219 256 220 256 220 257 221 257 459 257 459 258 221 258 460 258 211 259 229 259 230 259 224 260 76 260 68 260 225 261 75 261 224 261 224 262 75 262 76 262 74 263 73 263 226 263 226 264 72 264 74 264 72 265 226 265 227 265 72 266 227 266 71 266 228 267 71 267 227 267 71 268 228 268 70 268 70 269 228 269 229 269 211 270 230 270 69 270 69 271 230 271 231 271 231 272 230 272 228 272 228 273 68 273 231 273 228 274 224 274 68 274 225 275 224 275 228 275 228 276 73 276 225 276 228 277 226 277 73 277 228 278 227 278 226 278 228 279 230 279 229 279 90 280 96 280 98 280 232 281 96 281 90 281 232 282 90 282 140 282 85 283 83 283 98 283 98 284 83 284 89 284 98 285 89 285 90 285 351 286 233 286 108 286 234 287 246 287 235 287 348 288 349 288 238 288 238 289 349 289 236 289 100 290 240 290 84 290 84 291 240 291 241 291 84 292 241 292 82 292 82 293 241 293 92 293 97 294 242 294 101 294 101 295 242 295 243 295 101 296 243 296 100 296 100 297 243 297 240 297 244 298 92 298 241 298 93 299 92 299 244 299 239 300 242 300 97 300 239 301 97 301 111 301 236 302 88 302 93 302 236 303 93 303 237 303 237 304 93 304 244 304 80 305 127 305 126 305 80 306 126 306 77 306 77 307 126 307 131 307 156 308 125 308 130 308 79 309 128 309 127 309 77 310 131 310 120 310 77 311 120 311 125 311 77 312 125 312 156 312 159 313 103 313 102 313 127 314 80 314 79 314 159 315 129 315 79 315 79 316 129 316 128 316 156 317 130 317 159 317 159 318 130 318 129 318 245 319 104 319 81 319 234 320 104 320 246 320 246 321 104 321 245 321 81 322 247 322 245 322 78 323 249 323 81 323 81 324 249 324 247 324 249 325 107 325 248 325 249 326 78 326 107 326 108 327 248 327 106 327 452 328 252 328 250 328 452 329 251 329 252 329 251 330 253 330 252 330 256 331 255 331 260 331 255 332 257 332 259 332 258 333 259 333 257 333 256 334 260 334 263 334 261 335 262 335 263 335 265 336 266 336 267 336 268 337 269 337 483 337 270 338 264 338 265 338 222 339 286 339 271 339 271 340 286 340 272 340 483 341 1 341 223 341 264 342 270 342 223 342 223 343 270 343 483 343 274 344 273 344 275 344 275 345 273 345 277 345 277 346 273 346 276 346 277 347 276 347 278 347 278 348 276 348 279 348 278 349 279 349 280 349 280 350 279 350 281 350 281 351 279 351 282 351 281 352 282 352 283 352 283 353 282 353 285 353 285 354 282 354 284 354 285 355 284 355 286 355 286 356 284 356 287 356 286 357 287 357 272 357 272 358 287 358 288 358 272 359 288 359 289 359 289 360 288 360 291 360 289 361 291 361 290 361 290 362 291 362 292 362 292 363 291 363 293 363 292 364 293 364 294 364 294 365 293 365 295 365 294 366 295 366 297 366 297 367 295 367 296 367 297 368 296 368 298 368 298 369 296 369 300 369 298 370 300 370 299 370 299 371 300 371 301 371 301 372 300 372 302 372 301 373 302 373 303 373 303 374 302 374 305 374 303 375 305 375 304 375 304 376 305 376 306 376 306 377 305 377 307 377 307 378 305 378 308 378 307 379 308 379 309 379 309 380 308 380 310 380 309 381 310 381 311 381 311 382 310 382 312 382 312 383 310 383 313 383 312 384 313 384 314 384 314 385 313 385 315 385 314 386 315 386 196 386 196 387 315 387 316 387 316 388 315 388 317 388 316 389 317 389 319 389 319 390 317 390 318 390 319 391 318 391 320 391 320 392 318 392 321 392 320 393 321 393 322 393 322 394 321 394 323 394 322 395 323 395 324 395 324 396 323 396 325 396 324 397 325 397 326 397 326 398 325 398 328 398 326 399 328 399 207 399 207 400 328 400 327 400 327 401 328 401 274 401 274 402 328 402 329 402 274 403 329 403 273 403 148 404 195 404 201 404 194 405 195 405 148 405 203 406 146 406 204 406 204 407 146 407 152 407 332 408 335 408 338 408 334 409 362 409 338 409 338 410 335 410 331 410 333 411 336 411 338 411 333 412 362 412 340 412 332 413 338 413 336 413 338 414 339 414 337 414 339 415 338 415 331 415 338 416 362 416 333 416 330 417 340 417 362 417 337 418 341 418 338 418 364 419 150 419 338 419 338 420 150 420 334 420 360 421 330 421 362 421 333 422 342 422 336 422 336 423 342 423 343 423 336 424 343 424 332 424 332 425 343 425 344 425 332 426 344 426 335 426 335 427 344 427 345 427 335 428 345 428 331 428 331 429 345 429 346 429 348 430 347 430 350 430 2 431 469 431 111 431 111 432 469 432 239 432 349 433 348 433 350 433 351 434 465 434 233 434 260 435 255 435 259 435 358 436 265 436 264 436 269 437 268 437 352 437 352 438 268 438 353 438 353 439 268 439 267 439 354 440 353 440 267 440 354 441 267 441 266 441 358 442 266 442 265 442 13 443 12 443 355 443 355 444 12 444 256 444 256 445 263 445 355 445 355 446 263 446 262 446 262 447 261 447 357 447 357 448 261 448 259 448 357 449 259 449 356 449 356 450 259 450 258 450 16 451 15 451 258 451 258 452 15 452 356 452 12 453 255 453 256 453 16 454 258 454 257 454 18 455 6 455 11 455 6 456 18 456 16 456 257 457 10 457 9 457 257 458 9 458 16 458 16 459 9 459 6 459 11 460 7 460 12 460 12 461 7 461 8 461 12 462 8 462 255 462 255 463 8 463 10 463 257 464 255 464 10 464 263 465 260 465 259 465 259 466 261 466 263 466 360 467 361 467 359 467 359 468 361 468 334 468 361 469 360 469 362 469 359 470 330 470 360 470 361 471 362 471 334 471 363 472 341 472 364 472 363 473 364 473 338 473 363 474 338 474 341 474 364 475 341 475 337 475 172 476 482 476 365 476 339 477 169 477 167 477 148 478 337 478 167 478 167 479 337 479 339 479 151 480 164 480 330 480 330 481 164 481 340 481 167 482 168 482 366 482 366 483 168 483 171 483 164 484 145 484 166 484 222 485 271 485 223 485 223 486 271 486 264 486 264 487 271 487 365 487 396 488 397 488 367 488 397 489 368 489 367 489 367 490 368 490 369 490 372 491 63 491 373 491 373 492 22 492 374 492 377 493 378 493 379 493 380 494 379 494 67 494 381 495 380 495 382 495 381 496 382 496 383 496 381 497 383 497 384 497 384 498 27 498 385 498 385 499 27 499 386 499 385 500 386 500 387 500 59 501 388 501 387 501 387 502 388 502 389 502 389 503 388 503 390 503 389 504 390 504 391 504 391 505 390 505 392 505 391 506 392 506 394 506 391 507 394 507 393 507 393 508 394 508 395 508 393 509 395 509 396 509 396 510 395 510 397 510 398 511 346 511 455 511 403 512 402 512 398 512 407 513 398 513 402 513 399 514 169 514 400 514 400 515 169 515 401 515 400 516 401 516 406 516 406 517 401 517 407 517 407 518 401 518 398 518 404 519 402 519 403 519 399 520 404 520 403 520 400 521 405 521 399 521 399 522 405 522 404 522 400 523 406 523 405 523 409 524 408 524 411 524 411 525 408 525 410 525 411 526 410 526 412 526 411 527 412 527 413 527 413 528 412 528 414 528 413 529 414 529 415 529 413 530 415 530 416 530 416 531 415 531 409 531 409 532 415 532 408 532 417 533 425 533 419 533 417 534 419 534 418 534 418 535 419 535 420 535 418 536 420 536 422 536 422 537 420 537 421 537 422 538 421 538 423 538 422 539 423 539 424 539 424 540 423 540 425 540 424 541 425 541 417 541 434 542 426 542 427 542 434 543 427 543 428 543 428 544 427 544 429 544 428 545 429 545 430 545 430 546 429 546 431 546 430 547 431 547 433 547 433 548 431 548 432 548 433 549 432 549 434 549 434 550 432 550 426 550 436 551 435 551 438 551 438 552 435 552 437 552 438 553 437 553 439 553 438 554 439 554 440 554 440 555 439 555 441 555 440 556 441 556 443 556 443 557 441 557 442 557 443 558 442 558 435 558 443 559 435 559 436 559 368 560 397 560 64 560 450 561 19 561 63 561 444 562 32 562 394 562 444 563 394 563 392 563 444 564 392 564 445 564 445 565 392 565 390 565 390 566 388 566 445 566 27 567 384 567 383 567 67 568 66 568 380 568 380 569 66 569 382 569 24 570 376 570 446 570 446 571 376 571 375 571 446 572 375 572 447 572 375 573 374 573 447 573 447 574 374 574 22 574 450 575 371 575 448 575 448 576 371 576 370 576 448 577 370 577 449 577 370 578 369 578 449 578 368 579 449 579 369 579 59 580 387 580 386 580 59 581 61 581 388 581 65 582 395 582 32 582 32 583 395 583 394 583 64 584 397 584 65 584 65 585 397 585 395 585 368 586 64 586 35 586 368 587 35 587 449 587 63 588 372 588 450 588 450 589 372 589 371 589 60 590 373 590 63 590 62 591 22 591 60 591 60 592 22 592 373 592 378 593 377 593 23 593 23 594 377 594 24 594 24 595 377 595 376 595 379 596 378 596 67 596 389 597 291 597 387 597 387 598 291 598 288 598 387 599 288 599 287 599 387 600 287 600 385 600 385 601 287 601 284 601 385 602 284 602 384 602 384 603 284 603 282 603 384 604 282 604 381 604 381 605 282 605 279 605 381 606 279 606 276 606 381 607 276 607 380 607 380 608 276 608 273 608 380 609 273 609 379 609 379 610 273 610 329 610 379 611 329 611 328 611 379 612 328 612 377 612 377 613 328 613 325 613 377 614 325 614 376 614 376 615 325 615 375 615 375 616 325 616 323 616 375 617 323 617 321 617 375 618 321 618 374 618 374 619 321 619 318 619 374 620 318 620 373 620 373 621 318 621 317 621 373 622 317 622 372 622 372 623 317 623 315 623 372 624 315 624 313 624 372 625 313 625 371 625 371 626 313 626 310 626 371 627 310 627 370 627 370 628 310 628 308 628 370 629 308 629 369 629 369 630 308 630 367 630 367 631 308 631 305 631 367 632 305 632 302 632 367 633 302 633 396 633 396 634 302 634 300 634 396 635 300 635 393 635 393 636 300 636 296 636 393 637 296 637 391 637 391 638 296 638 295 638 391 639 295 639 293 639 391 640 293 640 389 640 389 641 293 641 291 641 451 642 452 642 250 642 254 643 453 643 451 643 254 644 451 644 250 644 453 645 254 645 253 645 251 646 453 646 253 646 454 647 165 647 166 647 168 648 455 648 456 648 168 649 169 649 399 649 452 650 451 650 454 650 454 651 451 651 165 651 165 652 451 652 453 652 333 653 452 653 454 653 455 654 403 654 398 654 168 655 399 655 403 655 168 656 403 656 455 656 171 657 456 657 170 657 454 658 145 658 457 658 347 659 457 659 145 659 340 660 251 660 452 660 164 661 453 661 251 661 340 662 452 662 333 662 164 663 251 663 340 663 331 664 346 664 339 664 401 665 339 665 346 665 401 666 346 666 398 666 339 667 401 667 169 667 168 668 456 668 171 668 145 669 454 669 166 669 416 670 409 670 446 670 446 671 409 671 24 671 447 672 416 672 446 672 447 673 22 673 21 673 413 674 57 674 411 674 411 675 57 675 24 675 411 676 24 676 409 676 416 677 447 677 21 677 416 678 21 678 413 678 413 679 21 679 57 679 483 680 270 680 268 680 265 681 268 681 270 681 265 682 267 682 268 682 458 683 479 683 217 683 141 684 143 684 138 684 139 685 138 685 214 685 139 686 214 686 134 686 134 687 214 687 217 687 482 688 172 688 461 688 461 689 172 689 176 689 461 690 176 690 462 690 462 691 176 691 463 691 463 692 176 692 178 692 463 693 178 693 162 693 186 694 154 694 155 694 186 695 155 695 158 695 186 696 158 696 181 696 235 697 102 697 110 697 235 698 464 698 102 698 235 699 110 699 234 699 109 700 351 700 108 700 465 701 351 701 109 701 113 702 350 702 466 702 466 703 350 703 467 703 236 704 113 704 114 704 236 705 349 705 113 705 113 706 349 706 350 706 468 707 14 707 11 707 237 708 244 708 17 708 470 709 469 709 471 709 471 710 469 710 472 710 473 711 0 711 469 711 473 712 469 712 470 712 0 713 474 713 469 713 356 714 243 714 242 714 356 715 242 715 239 715 355 716 262 716 478 716 244 717 241 717 17 717 435 718 239 718 469 718 239 719 435 719 442 719 357 720 353 720 262 720 437 721 474 721 439 721 236 722 237 722 238 722 238 723 237 723 17 723 15 724 17 724 241 724 357 725 352 725 353 725 266 726 478 726 354 726 354 727 478 727 262 727 474 728 437 728 469 728 469 729 437 729 435 729 442 730 441 730 356 730 239 731 442 731 356 731 357 732 439 732 474 732 357 733 474 733 352 733 352 734 474 734 269 734 356 735 441 735 357 735 357 736 441 736 439 736 15 737 241 737 356 737 356 738 241 738 240 738 356 739 240 739 243 739 11 740 13 740 468 740 468 741 13 741 355 741 468 742 355 742 478 742 358 743 475 743 478 743 354 744 262 744 353 744 266 745 358 745 478 745 412 746 410 746 238 746 17 747 14 747 238 747 238 748 14 748 468 748 238 749 468 749 412 749 238 750 410 750 408 750 238 751 408 751 348 751 414 752 412 752 468 752 348 753 408 753 415 753 342 754 414 754 343 754 415 755 457 755 348 755 415 756 454 756 457 756 414 757 342 757 415 757 415 758 342 758 454 758 454 759 342 759 333 759 468 760 345 760 344 760 468 761 344 761 414 761 414 762 344 762 343 762 468 763 419 763 425 763 468 764 425 764 345 764 233 765 421 765 420 765 233 766 420 766 468 766 468 767 420 767 419 767 456 768 423 768 421 768 456 769 421 769 170 769 465 770 170 770 421 770 423 771 456 771 455 771 425 772 423 772 345 772 345 773 423 773 455 773 421 774 233 774 465 774 345 775 455 775 346 775 163 776 432 776 431 776 476 777 429 777 477 777 477 778 429 778 427 778 477 779 427 779 478 779 478 780 427 780 426 780 426 781 432 781 246 781 246 782 432 782 235 782 426 783 246 783 478 783 478 784 246 784 245 784 478 785 245 785 247 785 478 786 247 786 468 786 468 787 247 787 249 787 163 788 431 788 476 788 476 789 431 789 429 789 468 790 249 790 248 790 468 791 248 791 233 791 233 792 248 792 108 792 432 793 163 793 235 793 87 794 113 794 466 794 1 795 0 795 473 795 2 796 132 796 469 796 479 797 472 797 469 797 479 798 469 798 132 798 472 799 479 799 471 799 471 800 479 800 458 800 471 801 458 801 470 801 470 802 458 802 459 802 470 803 459 803 473 803 473 804 459 804 460 804 473 805 460 805 480 805 473 806 480 806 1 806 135 807 133 807 2 807 2 808 133 808 132 808 481 809 136 809 135 809 94 810 137 810 136 810 136 811 481 811 94 811 95 812 137 812 94 812 137 813 95 813 232 813 137 814 232 814 139 814 139 815 232 815 140 815 140 816 87 816 141 816 141 817 87 817 142 817 142 818 87 818 466 818 142 819 466 819 467 819 142 820 467 820 144 820 144 821 467 821 350 821 348 822 457 822 347 822 350 823 347 823 144 823 144 824 347 824 145 824 145 825 152 825 146 825 164 826 152 826 145 826 152 827 164 827 151 827 201 828 151 828 359 828 359 829 151 829 330 829 334 830 150 830 201 830 334 831 201 831 359 831 149 832 364 832 337 832 149 833 150 833 364 833 167 834 366 834 147 834 366 835 153 835 147 835 170 836 153 836 366 836 153 837 170 837 465 837 465 838 109 838 155 838 155 839 109 839 156 839 157 840 156 840 158 840 158 841 156 841 159 841 160 842 159 842 102 842 161 843 102 843 464 843 476 844 162 844 163 844 478 845 482 845 461 845 482 846 478 846 475 846 475 847 264 847 482 847 482 848 264 848 365 848 478 849 461 849 477 849 477 850 461 850 462 850 477 851 462 851 476 851 476 852 462 852 463 852 476 853 463 853 162 853 407 854 309 854 311 854 309 855 407 855 402 855 191 856 402 856 404 856 191 857 404 857 192 857 192 858 404 858 193 858 404 859 405 859 193 859 312 860 405 860 406 860 312 861 406 861 311 861 311 862 406 862 407 862 193 863 405 863 312 863 194 864 193 864 314 864 314 865 193 865 312 865 197 866 196 866 316 866 197 867 316 867 198 867 314 868 196 868 194 868 319 869 199 869 316 869 316 870 199 870 198 870 320 871 200 871 319 871 319 872 200 872 199 872 202 873 200 873 320 873 322 874 202 874 320 874 322 875 204 875 202 875 324 876 250 876 322 876 250 877 252 877 322 877 322 878 252 878 204 878 204 879 252 879 253 879 203 880 253 880 254 880 324 881 254 881 250 881 222 882 221 882 285 882 285 883 286 883 222 883 289 884 271 884 272 884 211 885 274 885 275 885 210 886 70 886 211 886 72 887 71 887 210 887 209 888 74 888 72 888 72 889 210 889 209 889 76 890 75 890 274 890 274 891 75 891 327 891 327 892 75 892 74 892 74 893 209 893 327 893 327 894 209 894 208 894 327 895 208 895 207 895 207 896 206 896 326 896 326 897 206 897 205 897 326 898 205 898 324 898 203 899 254 899 324 899 203 900 324 900 205 900 402 901 191 901 309 901 309 902 191 902 154 902 309 903 154 903 307 903 154 904 190 904 307 904 190 905 189 905 307 905 307 906 189 906 306 906 306 907 189 907 188 907 306 908 188 908 304 908 188 909 187 909 304 909 304 910 187 910 303 910 187 911 185 911 303 911 303 912 185 912 184 912 303 913 184 913 301 913 301 914 184 914 183 914 301 915 183 915 299 915 183 916 182 916 299 916 299 917 182 917 298 917 298 918 182 918 180 918 298 919 180 919 297 919 180 920 179 920 297 920 297 921 179 921 294 921 179 922 178 922 294 922 294 923 178 923 177 923 294 924 177 924 292 924 177 925 175 925 292 925 292 926 175 926 290 926 175 927 174 927 290 927 290 928 174 928 173 928 290 929 173 929 289 929 289 930 173 930 271 930 285 931 221 931 283 931 221 932 220 932 283 932 283 933 220 933 281 933 220 934 219 934 281 934 281 935 219 935 218 935 281 936 218 936 280 936 280 937 218 937 216 937 280 938 216 938 278 938 216 939 215 939 278 939 278 940 215 940 213 940 278 941 213 941 277 941 277 942 213 942 212 942 211 943 275 943 212 943 212 944 275 944 277 944 449 945 422 945 448 945 422 946 424 946 448 946 448 947 424 947 450 947 424 948 19 948 450 948 418 949 47 949 417 949 417 950 47 950 45 950 417 951 45 951 19 951 417 952 19 952 424 952 422 953 34 953 418 953 418 954 34 954 47 954 422 955 449 955 34 955 445 956 428 956 444 956 32 957 444 957 433 957 430 958 444 958 428 958 444 959 430 959 433 959 434 960 49 960 433 960 433 961 49 961 32 961 388 962 31 962 445 962 445 963 31 963 434 963 445 964 434 964 428 964 434 965 31 965 51 965 434 966 51 966 49 966 436 967 26 967 443 967 443 968 26 968 55 968 443 969 55 969 440 969 440 970 55 970 54 970 382 971 66 971 436 971 436 972 66 972 26 972 382 973 436 973 383 973 383 974 436 974 438 974 440 975 54 975 29 975 440 976 29 976 438 976 438 977 29 977 383 977 383 978 29 978 27 978 0 979 483 979 474 979 474 980 483 980 269 980 223 981 480 981 222 981 222 982 480 982 460 982 222 983 460 983 221 983 480 984 223 984 1 984 135 985 2 985 481 985 481 986 111 986 112 986 2 987 111 987 481 987 486 988 496 988 484 988 486 989 484 989 485 989 487 990 488 990 486 990 486 991 488 991 489 991 486 992 489 992 490 992 490 993 491 993 486 993 491 994 492 994 486 994 492 995 493 995 486 995 493 996 494 996 486 996 494 997 495 997 486 997 486 998 495 998 496 998 497 999 500 999 498 999 498 1000 500 1000 499 1000 501 1001 500 1001 502 1001 502 1002 500 1002 503 1002 503 1003 500 1003 504 1003 504 1004 500 1004 505 1004 505 1005 500 1005 506 1005 506 1006 500 1006 507 1006 507 1007 500 1007 508 1007 508 1008 500 1008 497 1008 490 1009 489 1009 497 1009 497 1010 489 1010 508 1010 508 1011 489 1011 488 1011 508 1012 488 1012 507 1012 488 1013 487 1013 507 1013 507 1014 487 1014 506 1014 506 1015 487 1015 486 1015 506 1016 486 1016 505 1016 486 1017 485 1017 505 1017 505 1018 485 1018 504 1018 504 1019 485 1019 484 1019 504 1020 484 1020 503 1020 503 1021 484 1021 496 1021 503 1022 496 1022 502 1022 496 1023 495 1023 502 1023 502 1024 495 1024 501 1024 501 1025 495 1025 494 1025 501 1026 494 1026 500 1026 500 1027 494 1027 493 1027 500 1028 493 1028 499 1028 499 1029 493 1029 492 1029 499 1030 492 1030 491 1030 499 1031 491 1031 498 1031 498 1032 491 1032 490 1032 498 1033 490 1033 497 1033 512 1034 538 1034 510 1034 510 1035 511 1035 509 1035 512 1036 510 1036 509 1036 511 1037 513 1037 509 1037 541 1038 509 1038 513 1038 539 1039 512 1039 541 1039 541 1040 512 1040 509 1040 539 1041 538 1041 512 1041 514 1042 550 1042 531 1042 531 1043 550 1043 528 1043 518 1044 515 1044 519 1044 515 1045 518 1045 516 1045 517 1046 516 1046 518 1046 519 1047 520 1047 518 1047 520 1048 521 1048 518 1048 522 1049 526 1049 523 1049 523 1050 524 1050 552 1050 531 1051 528 1051 529 1051 525 1052 526 1052 522 1052 524 1053 527 1053 552 1053 552 1054 527 1054 551 1054 551 1055 527 1055 528 1055 531 1056 529 1056 530 1056 531 1057 530 1057 525 1057 525 1058 530 1058 526 1058 519 1059 530 1059 520 1059 520 1060 530 1060 529 1060 520 1061 529 1061 521 1061 521 1062 529 1062 528 1062 521 1063 528 1063 527 1063 521 1064 527 1064 518 1064 518 1065 527 1065 517 1065 517 1066 527 1066 524 1066 517 1067 524 1067 516 1067 516 1068 524 1068 523 1068 516 1069 523 1069 515 1069 515 1070 523 1070 526 1070 515 1071 526 1071 519 1071 519 1072 526 1072 530 1072 534 1073 533 1073 540 1073 534 1074 540 1074 535 1074 535 1075 540 1075 536 1075 537 1076 536 1076 544 1076 546 1077 532 1077 549 1077 539 1078 533 1078 538 1078 539 1079 540 1079 533 1079 541 1080 540 1080 539 1080 542 1081 540 1081 541 1081 542 1082 536 1082 540 1082 542 1083 544 1083 536 1083 543 1084 544 1084 542 1084 543 1085 546 1085 544 1085 545 1086 546 1086 543 1086 545 1087 532 1087 546 1087 538 1088 532 1088 545 1088 533 1089 532 1089 538 1089 549 1090 532 1090 553 1090 553 1091 532 1091 533 1091 553 1092 533 1092 514 1092 514 1093 533 1093 534 1093 514 1094 534 1094 550 1094 550 1095 534 1095 535 1095 550 1096 535 1096 547 1096 547 1097 535 1097 536 1097 536 1098 537 1098 551 1098 551 1099 537 1099 548 1099 548 1100 537 1100 544 1100 548 1101 544 1101 546 1101 548 1102 546 1102 549 1102 536 1103 551 1103 547 1103 551 1104 548 1104 552 1104 542 1105 541 1105 513 1105 511 1106 543 1106 513 1106 513 1107 543 1107 542 1107 538 1108 545 1108 510 1108 510 1109 545 1109 511 1109 511 1110 545 1110 543 1110 523 1111 548 1111 522 1111 528 1112 550 1112 547 1112 528 1113 547 1113 551 1113 553 1114 525 1114 522 1114 553 1115 522 1115 549 1115 549 1116 522 1116 548 1116 548 1117 523 1117 552 1117 514 1118 531 1118 525 1118 514 1119 525 1119 553 1119 556 1120 573 1120 557 1120 557 1121 573 1121 558 1121 557 1122 558 1122 559 1122 559 1123 558 1123 560 1123 559 1124 560 1124 561 1124 561 1125 560 1125 562 1125 561 1126 562 1126 564 1126 564 1127 562 1127 563 1127 564 1128 563 1128 565 1128 564 1129 565 1129 566 1129 566 1130 565 1130 567 1130 567 1131 565 1131 568 1131 567 1132 568 1132 569 1132 569 1133 568 1133 570 1133 569 1134 570 1134 571 1134 571 1135 570 1135 572 1135 571 1136 572 1136 556 1136 556 1137 572 1137 573 1137 578 1138 577 1138 574 1138 578 1139 574 1139 615 1139 615 1140 574 1140 614 1140 580 1141 575 1141 576 1141 576 1142 575 1142 577 1142 576 1143 577 1143 578 1143 580 1144 579 1144 575 1144 581 1145 582 1145 583 1145 583 1146 582 1146 584 1146 583 1147 584 1147 579 1147 590 1148 589 1148 581 1148 585 1149 586 1149 587 1149 585 1150 587 1150 588 1150 588 1151 587 1151 589 1151 588 1152 589 1152 590 1152 594 1153 595 1153 586 1153 594 1154 586 1154 585 1154 591 1155 596 1155 592 1155 591 1156 592 1156 593 1156 593 1157 592 1157 595 1157 593 1158 595 1158 594 1158 599 1159 596 1159 591 1159 597 1160 601 1160 598 1160 597 1161 598 1161 599 1161 604 1162 600 1162 601 1162 604 1163 601 1163 597 1163 607 1164 602 1164 605 1164 605 1165 602 1165 603 1165 603 1166 602 1166 600 1166 603 1167 600 1167 604 1167 605 1168 606 1168 607 1168 608 1169 609 1169 610 1169 610 1170 609 1170 611 1170 610 1171 611 1171 612 1171 612 1172 611 1172 606 1172 612 1173 606 1173 605 1173 618 1174 617 1174 613 1174 608 1175 613 1175 609 1175 615 1176 614 1176 616 1176 616 1177 614 1177 617 1177 616 1178 617 1178 618 1178 590 1179 581 1179 556 1179 561 1180 564 1180 588 1180 571 1181 608 1181 619 1181 619 1182 608 1182 610 1182 588 1183 590 1183 556 1183 588 1184 564 1184 585 1184 585 1185 564 1185 594 1185 566 1186 567 1186 603 1186 588 1187 556 1187 557 1187 588 1188 557 1188 620 1188 588 1189 620 1189 561 1189 619 1190 610 1190 612 1190 619 1191 612 1191 567 1191 567 1192 612 1192 605 1192 567 1193 605 1193 603 1193 594 1194 564 1194 593 1194 556 1195 616 1195 571 1195 571 1196 616 1196 618 1196 566 1197 593 1197 564 1197 591 1198 597 1198 599 1198 591 1199 593 1199 597 1199 597 1200 593 1200 566 1200 597 1201 566 1201 604 1201 571 1202 618 1202 608 1202 578 1203 615 1203 556 1203 566 1204 603 1204 604 1204 579 1205 578 1205 583 1205 618 1206 613 1206 608 1206 579 1207 580 1207 576 1207 556 1208 581 1208 583 1208 556 1209 583 1209 578 1209 556 1210 615 1210 616 1210 579 1211 576 1211 578 1211 555 1212 609 1212 617 1212 609 1213 613 1213 617 1213 611 1214 555 1214 606 1214 602 1215 607 1215 606 1215 602 1216 606 1216 555 1216 555 1217 600 1217 602 1217 555 1218 598 1218 601 1218 555 1219 601 1219 600 1219 599 1220 598 1220 596 1220 596 1221 598 1221 592 1221 555 1222 592 1222 598 1222 555 1223 568 1223 565 1223 621 1224 587 1224 562 1224 586 1225 565 1225 563 1225 586 1226 563 1226 587 1226 587 1227 563 1227 562 1227 555 1228 565 1228 586 1228 555 1229 586 1229 595 1229 555 1230 572 1230 622 1230 555 1231 622 1231 568 1231 621 1232 558 1232 587 1232 587 1233 558 1233 573 1233 587 1234 573 1234 589 1234 555 1235 573 1235 572 1235 573 1236 555 1236 589 1236 589 1237 555 1237 582 1237 589 1238 582 1238 581 1238 579 1239 554 1239 575 1239 554 1240 584 1240 555 1240 555 1241 584 1241 582 1241 584 1242 554 1242 579 1242 575 1243 554 1243 577 1243 574 1244 577 1244 554 1244 554 1245 614 1245 574 1245 617 1246 554 1246 555 1246 614 1247 554 1247 617 1247 611 1248 609 1248 555 1248 592 1249 555 1249 595 1249 629 1250 623 1250 630 1250 627 1251 623 1251 629 1251 623 1252 631 1252 630 1252 636 1253 625 1253 627 1253 623 1254 628 1254 631 1254 625 1255 632 1255 633 1255 632 1256 625 1256 636 1256 625 1257 633 1257 628 1257 628 1258 623 1258 625 1258 625 1259 623 1259 627 1259 634 1260 635 1260 627 1260 627 1261 635 1261 636 1261 637 1262 628 1262 633 1262 637 1263 633 1263 632 1263 626 1264 630 1264 631 1264 626 1265 631 1265 638 1265 638 1266 631 1266 628 1266 638 1267 628 1267 637 1267 634 1268 629 1268 630 1268 634 1269 630 1269 626 1269 629 1270 634 1270 627 1270 636 1271 635 1271 632 1271 626 1272 637 1272 632 1272 637 1273 626 1273 638 1273 635 1274 624 1274 632 1274 624 1275 626 1275 632 1275 634 1276 624 1276 635 1276 634 1277 626 1277 624 1277 639 1278 640 1278 654 1278 641 1279 655 1279 649 1279 645 1280 652 1280 642 1280 648 1281 643 1281 646 1281 646 1282 648 1282 640 1282 647 1283 645 1283 642 1283 647 1284 642 1284 656 1284 644 1285 651 1285 640 1285 645 1286 647 1286 646 1286 651 1287 645 1287 646 1287 651 1288 641 1288 650 1288 650 1289 641 1289 649 1289 656 1290 645 1290 650 1290 650 1291 645 1291 651 1291 646 1292 640 1292 651 1292 655 1293 651 1293 644 1293 643 1294 652 1294 653 1294 642 1295 653 1295 652 1295 654 1296 648 1296 643 1296 654 1297 643 1297 639 1297 642 1298 647 1298 656 1298 642 1299 656 1299 653 1299 642 1300 652 1300 647 1300 653 1301 649 1301 655 1301 653 1302 655 1302 643 1302 644 1303 639 1303 643 1303 643 1304 655 1304 644 1304 653 1305 650 1305 649 1305 649 1306 641 1306 655 1306 656 1307 650 1307 653 1307 643 1308 648 1308 646 1308 643 1309 646 1309 652 1309 652 1310 646 1310 647 1310 639 1311 644 1311 640 1311 655 1312 641 1312 651 1312 648 1313 654 1313 640 1313 646 1314 643 1314 648 1314 656 1315 642 1315 645 1315 645 1316 642 1316 652 1316 641 1317 649 1317 655 1317 660 1318 666 1318 661 1318 662 1319 663 1319 664 1319 662 1320 665 1320 663 1320 666 1321 662 1321 661 1321 662 1322 664 1322 661 1322 661 1323 664 1323 667 1323 664 1324 663 1324 667 1324 662 1325 673 1325 665 1325 670 1326 659 1326 667 1326 667 1327 663 1327 670 1327 670 1328 663 1328 665 1328 667 1329 659 1329 668 1329 667 1330 668 1330 661 1330 668 1331 660 1331 661 1331 669 1332 660 1332 668 1332 669 1333 668 1333 659 1333 657 1334 658 1334 671 1334 658 1335 657 1335 669 1335 670 1336 671 1336 659 1336 659 1337 671 1337 658 1337 671 1338 672 1338 657 1338 658 1339 669 1339 659 1339 657 1340 672 1340 669 1340 671 1341 673 1341 672 1341 672 1342 673 1342 660 1342 672 1343 660 1343 669 1343 662 1344 666 1344 673 1344 666 1345 660 1345 673 1345 671 1346 670 1346 665 1346 671 1347 665 1347 673 1347 680 1348 678 1348 679 1348 681 1349 678 1349 680 1349 678 1350 681 1350 679 1350 682 1351 683 1351 684 1351 684 1352 683 1352 685 1352 684 1353 685 1353 715 1353 715 1354 685 1354 686 1354 686 1355 687 1355 688 1355 688 1356 687 1356 689 1356 688 1357 689 1357 719 1357 719 1358 689 1358 690 1358 719 1359 690 1359 720 1359 691 1360 720 1360 692 1360 691 1361 692 1361 693 1361 693 1362 692 1362 694 1362 719 1363 695 1363 688 1363 688 1364 695 1364 696 1364 688 1365 696 1365 686 1365 686 1366 696 1366 697 1366 684 1367 715 1367 698 1367 684 1368 698 1368 699 1368 699 1369 698 1369 700 1369 699 1370 700 1370 701 1370 701 1371 700 1371 702 1371 701 1372 702 1372 730 1372 730 1373 789 1373 704 1373 704 1374 703 1374 705 1374 704 1375 705 1375 726 1375 726 1376 705 1376 706 1376 707 1377 724 1377 708 1377 707 1378 708 1378 709 1378 709 1379 708 1379 710 1379 709 1380 710 1380 691 1380 691 1381 710 1381 711 1381 691 1382 711 1382 720 1382 712 1383 713 1383 714 1383 714 1384 713 1384 698 1384 714 1385 698 1385 715 1385 686 1386 697 1386 716 1386 716 1387 697 1387 717 1387 716 1388 717 1388 718 1388 718 1389 717 1389 695 1389 718 1390 695 1390 719 1390 721 1391 720 1391 711 1391 721 1392 711 1392 722 1392 722 1393 711 1393 723 1393 724 1394 726 1394 725 1394 725 1395 726 1395 727 1395 727 1396 726 1396 729 1396 727 1397 729 1397 728 1397 728 1398 729 1398 704 1398 731 1399 730 1399 732 1399 731 1400 732 1400 733 1400 733 1401 732 1401 734 1401 733 1402 734 1402 735 1402 735 1403 734 1403 714 1403 735 1404 714 1404 715 1404 736 1405 686 1405 737 1405 737 1406 686 1406 716 1406 737 1407 716 1407 738 1407 738 1408 716 1408 718 1408 739 1409 720 1409 721 1409 739 1410 721 1410 740 1410 740 1411 721 1411 741 1411 740 1412 741 1412 742 1412 742 1413 741 1413 743 1413 742 1414 743 1414 724 1414 744 1415 745 1415 746 1415 746 1416 745 1416 735 1416 746 1417 735 1417 747 1417 747 1418 735 1418 715 1418 747 1419 715 1419 748 1419 748 1420 715 1420 686 1420 748 1421 686 1421 749 1421 749 1422 686 1422 736 1422 749 1423 736 1423 750 1423 749 1424 750 1424 718 1424 718 1425 750 1425 738 1425 768 1426 719 1426 720 1426 768 1427 720 1427 751 1427 751 1428 720 1428 739 1428 751 1429 739 1429 752 1429 752 1430 739 1430 753 1430 754 1431 756 1431 755 1431 755 1432 756 1432 757 1432 757 1433 756 1433 758 1433 789 1434 730 1434 759 1434 759 1435 730 1435 760 1435 759 1436 760 1436 761 1436 761 1437 760 1437 762 1437 761 1438 762 1438 763 1438 763 1439 762 1439 746 1439 763 1440 746 1440 764 1440 764 1441 746 1441 747 1441 764 1442 747 1442 748 1442 764 1443 748 1443 765 1443 765 1444 748 1444 749 1444 765 1445 749 1445 766 1445 766 1446 749 1446 767 1446 767 1447 749 1447 718 1447 767 1448 718 1448 768 1448 768 1449 718 1449 719 1449 769 1450 768 1450 751 1450 769 1451 751 1451 770 1451 770 1452 751 1452 771 1452 770 1453 771 1453 772 1453 772 1454 771 1454 773 1454 772 1455 773 1455 774 1455 774 1456 773 1456 775 1456 774 1457 775 1457 754 1457 754 1458 775 1458 756 1458 776 1459 777 1459 778 1459 778 1460 777 1460 763 1460 778 1461 763 1461 779 1461 779 1462 763 1462 764 1462 779 1463 764 1463 765 1463 779 1464 765 1464 781 1464 781 1465 765 1465 780 1465 781 1466 780 1466 767 1466 781 1467 767 1467 768 1467 781 1468 768 1468 782 1468 782 1469 768 1469 769 1469 782 1470 769 1470 783 1470 783 1471 769 1471 784 1471 785 1472 786 1472 789 1472 789 1473 786 1473 787 1473 789 1474 787 1474 788 1474 789 1475 788 1475 790 1475 789 1476 790 1476 758 1476 758 1477 790 1477 791 1477 758 1478 791 1478 792 1478 758 1479 792 1479 793 1479 758 1480 793 1480 794 1480 758 1481 794 1481 795 1481 758 1482 795 1482 774 1482 774 1483 795 1483 796 1483 774 1484 796 1484 797 1484 774 1485 797 1485 798 1485 774 1486 798 1486 799 1486 774 1487 799 1487 800 1487 774 1488 800 1488 801 1488 774 1489 801 1489 802 1489 774 1490 802 1490 803 1490 803 1491 802 1491 804 1491 803 1492 804 1492 805 1492 805 1493 804 1493 806 1493 805 1494 806 1494 782 1494 782 1495 806 1495 807 1495 782 1496 807 1496 781 1496 781 1497 807 1497 808 1497 781 1498 808 1498 809 1498 781 1499 809 1499 810 1499 781 1500 810 1500 811 1500 781 1501 811 1501 812 1501 781 1502 812 1502 813 1502 781 1503 813 1503 814 1503 781 1504 814 1504 815 1504 781 1505 815 1505 779 1505 779 1506 815 1506 816 1506 779 1507 816 1507 817 1507 779 1508 817 1508 818 1508 779 1509 818 1509 819 1509 779 1510 819 1510 820 1510 779 1511 820 1511 821 1511 779 1512 821 1512 822 1512 779 1513 822 1513 778 1513 778 1514 822 1514 823 1514 778 1515 823 1515 824 1515 824 1516 823 1516 825 1516 824 1517 825 1517 785 1517 785 1518 825 1518 786 1518 828 1519 826 1519 827 1519 829 1520 828 1520 827 1520 831 1521 829 1521 827 1521 830 1522 831 1522 827 1522 834 1523 833 1523 832 1523 847 1524 834 1524 832 1524 847 1525 832 1525 836 1525 836 1526 832 1526 827 1526 836 1527 827 1527 837 1527 837 1528 827 1528 838 1528 838 1529 827 1529 839 1529 839 1530 827 1530 835 1530 833 1531 830 1531 832 1531 832 1532 830 1532 827 1532 827 1533 1036 1533 835 1533 835 1534 840 1534 841 1534 835 1535 841 1535 839 1535 839 1536 841 1536 842 1536 839 1537 842 1537 838 1537 838 1538 842 1538 843 1538 838 1539 843 1539 837 1539 837 1540 843 1540 844 1540 837 1541 844 1541 836 1541 836 1542 844 1542 845 1542 836 1543 845 1543 847 1543 845 1544 846 1544 847 1544 848 1545 826 1545 828 1545 834 1546 849 1546 833 1546 833 1547 849 1547 850 1547 833 1548 850 1548 830 1548 830 1549 850 1549 851 1549 830 1550 851 1550 831 1550 831 1551 851 1551 852 1551 831 1552 852 1552 829 1552 829 1553 852 1553 853 1553 829 1554 853 1554 828 1554 828 1555 853 1555 854 1555 828 1556 854 1556 848 1556 834 1557 847 1557 855 1557 855 1558 856 1558 849 1558 834 1559 855 1559 849 1559 857 1560 846 1560 845 1560 859 1561 857 1561 866 1561 858 1562 859 1562 866 1562 860 1563 858 1563 866 1563 862 1564 861 1564 865 1564 864 1565 862 1565 865 1565 1268 1566 865 1566 1269 1566 1269 1567 865 1567 863 1567 1269 1568 863 1568 1270 1568 1270 1569 863 1569 840 1569 863 1570 860 1570 866 1570 861 1571 860 1571 865 1571 865 1572 860 1572 863 1572 866 1573 857 1573 845 1573 866 1574 845 1574 844 1574 866 1575 844 1575 863 1575 863 1576 844 1576 843 1576 863 1577 843 1577 842 1577 863 1578 842 1578 841 1578 863 1579 841 1579 840 1579 852 1580 851 1580 869 1580 851 1581 850 1581 869 1581 850 1582 849 1582 869 1582 849 1583 856 1583 867 1583 869 1584 849 1584 867 1584 869 1585 867 1585 868 1585 869 1586 868 1586 874 1586 874 1587 868 1587 870 1587 874 1588 870 1588 871 1588 874 1589 871 1589 872 1589 874 1590 872 1590 873 1590 874 1591 852 1591 869 1591 853 1592 852 1592 875 1592 875 1593 852 1593 874 1593 854 1594 853 1594 875 1594 848 1595 854 1595 875 1595 945 1596 875 1596 946 1596 946 1597 875 1597 874 1597 946 1598 874 1598 947 1598 947 1599 874 1599 873 1599 864 1600 876 1600 884 1600 877 1601 878 1601 879 1601 857 1602 878 1602 846 1602 879 1603 878 1603 857 1603 879 1604 857 1604 880 1604 880 1605 857 1605 859 1605 880 1606 859 1606 881 1606 881 1607 859 1607 858 1607 881 1608 858 1608 882 1608 882 1609 858 1609 860 1609 882 1610 860 1610 883 1610 883 1611 860 1611 861 1611 883 1612 861 1612 884 1612 884 1613 861 1613 862 1613 884 1614 862 1614 864 1614 885 1615 873 1615 872 1615 867 1616 856 1616 886 1616 886 1617 892 1617 867 1617 885 1618 872 1618 887 1618 887 1619 872 1619 871 1619 887 1620 871 1620 888 1620 888 1621 871 1621 870 1621 888 1622 870 1622 889 1622 889 1623 870 1623 868 1623 889 1624 868 1624 890 1624 890 1625 868 1625 867 1625 890 1626 867 1626 891 1626 891 1627 867 1627 892 1627 891 1628 892 1628 877 1628 881 1629 882 1629 894 1629 882 1630 883 1630 894 1630 883 1631 884 1631 894 1631 884 1632 876 1632 894 1632 894 1633 1112 1633 885 1633 880 1634 881 1634 893 1634 893 1635 881 1635 894 1635 879 1636 880 1636 893 1636 877 1637 879 1637 891 1637 891 1638 879 1638 893 1638 891 1639 893 1639 890 1639 890 1640 893 1640 894 1640 890 1641 894 1641 889 1641 889 1642 894 1642 888 1642 888 1643 894 1643 887 1643 887 1644 894 1644 885 1644 895 1645 896 1645 897 1645 897 1646 896 1646 898 1646 898 1647 896 1647 1314 1647 1375 1648 895 1648 900 1648 900 1649 895 1649 897 1649 900 1650 897 1650 901 1650 901 1651 897 1651 898 1651 901 1652 898 1652 902 1652 902 1653 898 1653 1314 1653 902 1654 1314 1654 903 1654 903 1655 1314 1655 899 1655 1375 1656 900 1656 902 1656 900 1657 901 1657 902 1657 904 1658 905 1658 906 1658 906 1659 905 1659 907 1659 906 1660 907 1660 908 1660 908 1661 907 1661 909 1661 909 1662 907 1662 910 1662 911 1663 921 1663 912 1663 912 1664 921 1664 916 1664 912 1665 916 1665 913 1665 953 1666 914 1666 915 1666 925 1667 953 1667 913 1667 917 1668 918 1668 925 1668 925 1669 918 1669 919 1669 925 1670 919 1670 953 1670 953 1671 919 1671 920 1671 953 1672 920 1672 914 1672 921 1673 922 1673 916 1673 916 1674 922 1674 923 1674 916 1675 923 1675 924 1675 917 1676 925 1676 930 1676 925 1677 913 1677 916 1677 925 1678 916 1678 926 1678 926 1679 916 1679 924 1679 926 1680 924 1680 927 1680 928 1681 929 1681 930 1681 930 1682 929 1682 931 1682 926 1683 938 1683 937 1683 926 1684 937 1684 925 1684 925 1685 937 1685 930 1685 930 1686 931 1686 917 1686 932 1687 933 1687 930 1687 930 1688 933 1688 928 1688 927 1689 934 1689 926 1689 926 1690 934 1690 935 1690 926 1691 935 1691 936 1691 938 1692 926 1692 936 1692 938 1693 936 1693 939 1693 932 1694 930 1694 940 1694 940 1695 930 1695 937 1695 940 1696 937 1696 941 1696 941 1697 937 1697 938 1697 941 1698 938 1698 942 1698 942 1699 938 1699 939 1699 942 1700 939 1700 943 1700 951 1701 945 1701 946 1701 946 1702 947 1702 951 1702 948 1703 949 1703 945 1703 945 1704 949 1704 950 1704 945 1705 951 1705 948 1705 948 1706 951 1706 952 1706 951 1707 912 1707 953 1707 951 1708 953 1708 952 1708 952 1709 953 1709 954 1709 947 1710 944 1710 951 1710 951 1711 944 1711 955 1711 951 1712 955 1712 956 1712 951 1713 956 1713 912 1713 912 1714 956 1714 957 1714 912 1715 957 1715 958 1715 958 1716 911 1716 912 1716 953 1717 912 1717 913 1717 954 1718 953 1718 915 1718 959 1719 960 1719 961 1719 961 1720 960 1720 963 1720 961 1721 963 1721 962 1721 962 1722 963 1722 965 1722 962 1723 965 1723 964 1723 964 1724 965 1724 966 1724 964 1725 966 1725 967 1725 967 1726 966 1726 968 1726 967 1727 968 1727 969 1727 969 1728 968 1728 970 1728 969 1729 970 1729 971 1729 971 1730 970 1730 972 1730 971 1731 972 1731 973 1731 973 1732 972 1732 974 1732 973 1733 974 1733 975 1733 975 1734 974 1734 1320 1734 975 1735 1320 1735 976 1735 875 1736 945 1736 848 1736 943 1737 1070 1737 942 1737 942 1738 1070 1738 910 1738 942 1739 910 1739 941 1739 941 1740 910 1740 907 1740 995 1741 932 1741 905 1741 905 1742 932 1742 940 1742 905 1743 940 1743 907 1743 907 1744 940 1744 941 1744 1372 1745 979 1745 977 1745 977 1746 979 1746 978 1746 978 1747 979 1747 980 1747 980 1748 979 1748 981 1748 1367 1749 1372 1749 982 1749 982 1750 1372 1750 977 1750 982 1751 977 1751 983 1751 983 1752 977 1752 978 1752 983 1753 978 1753 984 1753 984 1754 978 1754 980 1754 984 1755 980 1755 985 1755 985 1756 980 1756 981 1756 1367 1757 982 1757 986 1757 982 1758 983 1758 986 1758 986 1759 983 1759 984 1759 986 1760 984 1760 985 1760 987 1761 988 1761 989 1761 989 1762 988 1762 990 1762 989 1763 990 1763 991 1763 991 1764 990 1764 992 1764 992 1765 990 1765 993 1765 905 1766 904 1766 995 1766 995 1767 904 1767 994 1767 995 1768 994 1768 992 1768 995 1769 992 1769 993 1769 932 1770 996 1770 933 1770 933 1771 996 1771 997 1771 933 1772 997 1772 928 1772 928 1773 997 1773 1031 1773 928 1774 1031 1774 929 1774 929 1775 1031 1775 998 1775 929 1776 998 1776 931 1776 931 1777 998 1777 999 1777 931 1778 999 1778 917 1778 917 1779 999 1779 1026 1779 917 1780 1026 1780 918 1780 918 1781 1026 1781 1000 1781 918 1782 1000 1782 919 1782 919 1783 1000 1783 1021 1783 919 1784 1021 1784 920 1784 920 1785 1021 1785 1001 1785 920 1786 1001 1786 914 1786 914 1787 1001 1787 1002 1787 914 1788 1002 1788 915 1788 915 1789 1002 1789 1003 1789 915 1790 1003 1790 954 1790 954 1791 1003 1791 1004 1791 954 1792 1004 1792 952 1792 952 1793 1004 1793 1005 1793 952 1794 1005 1794 948 1794 948 1795 1005 1795 1006 1795 948 1796 1006 1796 949 1796 949 1797 1006 1797 1007 1797 949 1798 1007 1798 950 1798 950 1799 1007 1799 1008 1799 950 1800 1008 1800 945 1800 945 1801 1008 1801 1009 1801 1003 1802 1021 1802 1014 1802 1003 1803 1014 1803 1042 1803 1042 1804 1010 1804 1011 1804 1042 1805 1011 1805 1012 1805 1010 1806 1042 1806 1013 1806 1013 1807 1042 1807 1014 1807 1015 1808 1016 1808 1010 1808 1010 1809 1016 1809 1017 1809 1010 1810 1017 1810 1018 1810 1010 1811 1018 1811 1011 1811 1003 1812 1002 1812 1021 1812 1021 1813 1002 1813 1001 1813 1015 1814 1010 1814 1019 1814 1019 1815 1010 1815 1013 1815 1013 1816 1014 1816 1020 1816 1020 1817 1014 1817 1021 1817 1021 1818 1000 1818 1026 1818 1022 1819 1023 1819 1024 1819 1024 1820 1023 1820 1025 1820 1021 1821 1026 1821 1020 1821 1020 1822 1026 1822 1027 1822 1020 1823 1027 1823 1030 1823 1020 1824 1030 1824 1013 1824 1013 1825 1030 1825 1024 1825 1013 1826 1024 1826 1019 1826 1019 1827 1024 1827 1025 1827 1019 1828 1025 1828 1015 1828 1028 1829 1029 1829 1024 1829 1024 1830 1029 1830 1022 1830 1026 1831 999 1831 998 1831 1026 1832 998 1832 1031 1832 1027 1833 1026 1833 1031 1833 1028 1834 1024 1834 1032 1834 1032 1835 1024 1835 1030 1835 1027 1836 1031 1836 1033 1836 1033 1837 1031 1837 997 1837 1033 1838 997 1838 996 1838 1037 1839 1009 1839 1008 1839 1034 1840 1036 1840 1035 1840 1036 1841 1037 1841 1035 1841 1038 1842 1039 1842 1034 1842 1034 1843 1039 1843 1040 1843 1034 1844 1035 1844 1038 1844 1038 1845 1035 1845 1041 1845 1035 1846 1003 1846 1042 1846 1035 1847 1042 1847 1041 1847 1041 1848 1042 1848 1043 1848 1037 1849 1008 1849 1035 1849 1035 1850 1008 1850 1007 1850 1035 1851 1007 1851 1006 1851 1035 1852 1006 1852 1003 1852 1003 1853 1006 1853 1005 1853 1003 1854 1005 1854 1004 1854 1043 1855 1042 1855 1012 1855 1044 1856 1045 1856 1046 1856 1046 1857 1045 1857 1047 1857 1046 1858 1047 1858 1048 1858 1048 1859 1047 1859 1049 1859 1048 1860 1049 1860 1050 1860 1050 1861 1049 1861 1051 1861 1050 1862 1051 1862 1052 1862 1052 1863 1051 1863 1054 1863 1052 1864 1054 1864 1053 1864 1053 1865 1054 1865 1056 1865 1053 1866 1056 1866 1055 1866 1055 1867 1056 1867 1057 1867 1055 1868 1057 1868 1058 1868 1058 1869 1057 1869 1059 1869 1058 1870 1059 1870 1060 1870 1060 1871 1059 1871 1304 1871 1009 1872 1037 1872 826 1872 826 1873 1037 1873 827 1873 827 1874 1037 1874 1036 1874 1036 1875 1034 1875 835 1875 996 1876 995 1876 1033 1876 1033 1877 995 1877 993 1877 1033 1878 993 1878 1027 1878 1027 1879 993 1879 990 1879 1027 1880 990 1880 1030 1880 1159 1881 1028 1881 988 1881 988 1882 1028 1882 1032 1882 988 1883 1032 1883 1030 1883 988 1884 1030 1884 990 1884 996 1885 932 1885 995 1885 1061 1886 1062 1886 1063 1886 1063 1887 1062 1887 1064 1887 1357 1888 1061 1888 1065 1888 1065 1889 1061 1889 1063 1889 1065 1890 1063 1890 1066 1890 1066 1891 1063 1891 1064 1891 1066 1892 1064 1892 1067 1892 1067 1893 1064 1893 1358 1893 1357 1894 1065 1894 1068 1894 1068 1895 1065 1895 1066 1895 1066 1896 1067 1896 1068 1896 1072 1897 1069 1897 1070 1897 1070 1898 1069 1898 1071 1898 1070 1899 1071 1899 909 1899 1070 1900 909 1900 910 1900 1069 1901 1072 1901 1073 1901 1073 1902 1072 1902 1075 1902 1073 1903 1075 1903 1074 1903 1074 1904 1075 1904 1076 1904 1076 1905 1075 1905 1077 1905 1079 1906 1087 1906 1118 1906 1118 1907 1087 1907 1082 1907 1118 1908 1082 1908 1091 1908 1091 1909 1078 1909 1118 1909 1118 1910 1078 1910 1080 1910 1118 1911 1080 1911 1081 1911 1083 1912 1084 1912 1078 1912 1078 1913 1084 1913 1085 1913 1078 1914 1085 1914 1086 1914 1078 1915 1086 1915 1080 1915 1087 1916 1088 1916 1082 1916 1082 1917 1088 1917 1089 1917 1082 1918 1089 1918 1090 1918 1083 1919 1078 1919 1091 1919 1091 1920 1082 1920 1096 1920 1096 1921 1082 1921 1090 1921 1096 1922 1090 1922 1092 1922 1093 1923 1094 1923 1083 1923 1083 1924 1094 1924 1095 1924 1091 1925 1096 1925 1102 1925 1091 1926 1102 1926 1099 1926 1091 1927 1099 1927 1083 1927 1097 1928 1098 1928 1099 1928 1099 1929 1098 1929 1093 1929 1092 1930 1100 1930 1096 1930 1096 1931 1100 1931 1101 1931 1096 1932 1101 1932 1103 1932 1093 1933 1083 1933 1099 1933 1097 1934 1099 1934 1105 1934 1105 1935 1099 1935 1102 1935 1102 1936 1096 1936 1103 1936 1102 1937 1103 1937 1106 1937 1106 1938 1103 1938 1104 1938 1106 1939 1104 1939 1107 1939 1113 1940 1108 1940 1109 1940 1110 1941 1112 1941 1111 1941 1112 1942 1113 1942 1111 1942 1114 1943 1115 1943 1110 1943 1110 1944 1115 1944 1116 1944 1110 1945 1111 1945 1114 1945 1114 1946 1111 1946 1117 1946 1111 1947 1118 1947 1117 1947 1117 1948 1118 1948 1119 1948 1113 1949 1109 1949 1111 1949 1111 1950 1109 1950 1120 1950 1111 1951 1120 1951 1121 1951 1111 1952 1121 1952 1118 1952 1118 1953 1121 1953 1122 1953 1118 1954 1122 1954 1123 1954 1123 1955 1079 1955 1118 1955 1119 1956 1118 1956 1081 1956 911 1957 1081 1957 921 1957 921 1958 1081 1958 1080 1958 921 1959 1080 1959 922 1959 922 1960 1080 1960 1086 1960 922 1961 1086 1961 923 1961 923 1962 1086 1962 1085 1962 923 1963 1085 1963 924 1963 924 1964 1085 1964 1084 1964 924 1965 1084 1965 927 1965 927 1966 1084 1966 1083 1966 927 1967 1083 1967 934 1967 934 1968 1083 1968 1095 1968 934 1969 1095 1969 935 1969 935 1970 1095 1970 1094 1970 935 1971 1094 1971 936 1971 936 1972 1094 1972 1093 1972 936 1973 1093 1973 939 1973 939 1974 1093 1974 1098 1974 939 1975 1098 1975 943 1975 943 1976 1098 1976 1097 1976 947 1977 1110 1977 944 1977 944 1978 1110 1978 1116 1978 944 1979 1116 1979 955 1979 955 1980 1116 1980 1115 1980 955 1981 1115 1981 956 1981 956 1982 1115 1982 1114 1982 956 1983 1114 1983 957 1983 957 1984 1114 1984 1117 1984 957 1985 1117 1985 958 1985 958 1986 1117 1986 1119 1986 958 1987 1119 1987 911 1987 911 1988 1119 1988 1081 1988 1124 1989 1125 1989 1126 1989 1126 1990 1125 1990 1128 1990 1126 1991 1128 1991 1127 1991 1127 1992 1128 1992 1130 1992 1127 1993 1130 1993 1129 1993 1129 1994 1130 1994 1131 1994 1129 1995 1131 1995 1132 1995 1132 1996 1131 1996 1133 1996 1132 1997 1133 1997 1134 1997 1134 1998 1133 1998 1135 1998 1134 1999 1135 1999 1136 1999 1136 2000 1135 2000 1138 2000 1136 2001 1138 2001 1137 2001 1137 2002 1138 2002 1139 2002 1137 2003 1139 2003 1140 2003 1140 2004 1139 2004 1302 2004 1140 2005 1302 2005 1141 2005 885 2006 1110 2006 873 2006 873 2007 1110 2007 947 2007 1108 2008 1113 2008 876 2008 876 2009 1113 2009 894 2009 894 2010 1113 2010 1112 2010 1112 2011 1110 2011 885 2011 943 2012 1097 2012 1070 2012 1107 2013 1150 2013 1106 2013 1106 2014 1150 2014 1077 2014 1106 2015 1077 2015 1102 2015 1102 2016 1077 2016 1075 2016 1070 2017 1097 2017 1072 2017 1072 2018 1097 2018 1105 2018 1072 2019 1105 2019 1075 2019 1075 2020 1105 2020 1102 2020 1142 2021 1144 2021 1143 2021 1143 2022 1144 2022 1145 2022 1145 2023 1338 2023 1350 2023 1349 2024 1142 2024 1146 2024 1146 2025 1142 2025 1143 2025 1146 2026 1143 2026 1147 2026 1147 2027 1143 2027 1145 2027 1147 2028 1145 2028 1148 2028 1148 2029 1145 2029 1350 2029 1349 2030 1146 2030 1348 2030 1146 2031 1147 2031 1348 2031 1147 2032 1148 2032 1348 2032 1152 2033 1149 2033 1150 2033 1150 2034 1149 2034 1151 2034 1150 2035 1151 2035 1076 2035 1150 2036 1076 2036 1077 2036 1149 2037 1152 2037 1154 2037 1154 2038 1152 2038 1153 2038 1154 2039 1153 2039 1155 2039 1155 2040 1153 2040 1156 2040 1156 2041 1153 2041 1157 2041 988 2042 987 2042 1159 2042 1159 2043 987 2043 1158 2043 1159 2044 1158 2044 1156 2044 1159 2045 1156 2045 1157 2045 994 2046 962 2046 964 2046 1161 2047 967 2047 969 2047 1161 2048 969 2048 971 2048 994 2049 964 2049 1161 2049 1161 2050 964 2050 967 2050 1071 2051 1164 2051 1160 2051 971 2052 973 2052 1161 2052 1160 2053 1162 2053 1071 2053 1071 2054 1162 2054 909 2054 976 2055 1163 2055 1071 2055 1071 2056 1163 2056 1164 2056 904 2057 1165 2057 959 2057 904 2058 959 2058 994 2058 994 2059 959 2059 961 2059 994 2060 961 2060 962 2060 973 2061 975 2061 1161 2061 1161 2062 975 2062 976 2062 1161 2063 976 2063 1071 2063 906 2064 1166 2064 904 2064 904 2065 1166 2065 1165 2065 909 2066 1162 2066 908 2066 908 2067 1162 2067 1166 2067 908 2068 1166 2068 906 2068 1058 2069 1060 2069 1161 2069 994 2070 1170 2070 1167 2070 994 2071 1167 2071 992 2071 1161 2072 1053 2072 1055 2072 1168 2073 994 2073 1169 2073 1168 2074 1170 2074 994 2074 987 2075 1171 2075 1173 2075 987 2076 1173 2076 1158 2076 1161 2077 1055 2077 1058 2077 1161 2078 1060 2078 1169 2078 1161 2079 1169 2079 994 2079 1048 2080 1050 2080 1158 2080 1158 2081 1050 2081 1052 2081 1158 2082 1052 2082 1161 2082 1161 2083 1052 2083 1053 2083 992 2084 1167 2084 1172 2084 992 2085 1172 2085 991 2085 991 2086 1172 2086 1171 2086 991 2087 1171 2087 989 2087 1158 2088 1173 2088 1044 2088 987 2089 989 2089 1171 2089 1158 2090 1044 2090 1046 2090 1158 2091 1046 2091 1048 2091 1174 2092 1175 2092 1161 2092 1175 2093 1176 2093 1161 2093 1161 2094 1176 2094 1158 2094 1158 2095 1176 2095 1177 2095 1158 2096 1177 2096 1178 2096 1186 2097 1179 2097 1151 2097 1151 2098 1179 2098 1161 2098 1161 2099 1179 2099 1180 2099 1161 2100 1180 2100 1174 2100 1151 2101 1184 2101 1181 2101 1178 2102 1182 2102 1158 2102 1158 2103 1182 2103 1156 2103 1156 2104 1182 2104 1183 2104 1184 2105 1151 2105 1149 2105 1184 2106 1149 2106 1187 2106 1181 2107 1185 2107 1151 2107 1185 2108 1186 2108 1151 2108 1156 2109 1183 2109 1155 2109 1155 2110 1183 2110 1187 2110 1155 2111 1187 2111 1154 2111 1187 2112 1149 2112 1154 2112 1188 2113 1134 2113 1189 2113 1189 2114 1134 2114 1136 2114 1189 2115 1136 2115 1190 2115 1127 2116 1129 2116 1071 2116 1151 2117 1205 2117 1076 2117 1076 2118 1205 2118 1192 2118 1069 2119 1193 2119 1124 2119 1069 2120 1124 2120 1071 2120 1071 2121 1124 2121 1126 2121 1071 2122 1126 2122 1127 2122 1188 2123 1194 2123 1071 2123 1071 2124 1194 2124 1195 2124 1071 2125 1195 2125 1196 2125 1137 2126 1197 2126 1198 2126 1161 2127 1199 2127 1200 2127 1201 2128 1202 2128 1151 2128 1151 2129 1202 2129 1203 2129 1151 2130 1203 2130 1204 2130 1151 2131 1191 2131 1205 2131 1076 2132 1192 2132 1074 2132 1074 2133 1192 2133 1206 2133 1071 2134 1129 2134 1132 2134 1071 2135 1132 2135 1188 2135 1188 2136 1132 2136 1134 2136 1196 2137 1207 2137 1071 2137 1071 2138 1207 2138 1208 2138 1071 2139 1208 2139 1161 2139 1161 2140 1208 2140 1209 2140 1161 2141 1209 2141 1199 2141 1210 2142 1211 2142 1136 2142 1136 2143 1211 2143 1212 2143 1136 2144 1212 2144 1190 2144 1210 2145 1136 2145 1213 2145 1213 2146 1136 2146 1214 2146 1214 2147 1136 2147 1137 2147 1214 2148 1137 2148 1215 2148 1200 2149 1216 2149 1161 2149 1161 2150 1216 2150 1217 2150 1161 2151 1217 2151 1218 2151 1140 2152 1219 2152 1137 2152 1137 2153 1219 2153 1220 2153 1137 2154 1220 2154 1197 2154 1198 2155 1221 2155 1137 2155 1137 2156 1221 2156 1222 2156 1137 2157 1222 2157 1215 2157 1218 2158 1223 2158 1161 2158 1161 2159 1223 2159 1224 2159 1161 2160 1224 2160 1225 2160 1073 2161 1206 2161 1069 2161 1069 2162 1206 2162 1193 2162 1225 2163 1226 2163 1161 2163 1161 2164 1226 2164 1227 2164 1161 2165 1227 2165 1151 2165 1151 2166 1227 2166 1228 2166 1151 2167 1228 2167 1201 2167 1219 2168 1140 2168 1141 2168 1219 2169 1141 2169 1204 2169 1204 2170 1141 2170 1151 2170 1151 2171 1141 2171 1229 2171 1151 2172 1229 2172 1191 2172 1206 2173 1073 2173 1074 2173 1028 2174 1230 2174 1029 2174 1029 2175 1230 2175 1231 2175 1029 2176 1231 2176 1022 2176 1022 2177 1231 2177 1232 2177 1022 2178 1232 2178 1023 2178 1023 2179 1232 2179 1233 2179 1023 2180 1233 2180 1025 2180 1025 2181 1233 2181 1234 2181 1025 2182 1234 2182 1015 2182 1015 2183 1234 2183 1235 2183 1015 2184 1235 2184 1016 2184 1016 2185 1235 2185 1236 2185 1016 2186 1236 2186 1017 2186 1017 2187 1236 2187 1237 2187 1017 2188 1237 2188 1018 2188 1018 2189 1237 2189 1238 2189 1018 2190 1238 2190 1011 2190 1011 2191 1238 2191 1245 2191 1011 2192 1245 2192 1012 2192 1012 2193 1245 2193 1239 2193 1012 2194 1239 2194 1043 2194 1043 2195 1239 2195 1240 2195 1043 2196 1240 2196 1041 2196 1041 2197 1240 2197 1241 2197 1041 2198 1241 2198 1038 2198 1038 2199 1241 2199 1242 2199 1038 2200 1242 2200 1039 2200 1039 2201 1242 2201 1243 2201 1039 2202 1243 2202 1040 2202 1040 2203 1243 2203 1244 2203 1040 2204 1244 2204 1034 2204 1034 2205 1244 2205 1270 2205 1239 2206 1245 2206 1246 2206 1246 2207 1245 2207 1251 2207 1246 2208 1251 2208 1247 2208 1276 2209 1248 2209 1249 2209 1250 2210 1276 2210 1247 2210 1252 2211 1253 2211 1250 2211 1250 2212 1253 2212 1254 2212 1250 2213 1254 2213 1276 2213 1276 2214 1254 2214 1255 2214 1276 2215 1255 2215 1248 2215 1245 2216 1238 2216 1251 2216 1251 2217 1238 2217 1237 2217 1251 2218 1237 2218 1236 2218 1252 2219 1250 2219 1260 2219 1260 2220 1250 2220 1256 2220 1256 2221 1250 2221 1247 2221 1256 2222 1247 2222 1251 2222 1256 2223 1251 2223 1257 2223 1257 2224 1251 2224 1236 2224 1257 2225 1236 2225 1235 2225 1258 2226 1259 2226 1260 2226 1260 2227 1259 2227 1261 2227 1257 2228 1265 2228 1266 2228 1257 2229 1266 2229 1256 2229 1256 2230 1266 2230 1264 2230 1256 2231 1264 2231 1260 2231 1260 2232 1261 2232 1252 2232 1263 2233 1262 2233 1258 2233 1235 2234 1234 2234 1257 2234 1257 2235 1234 2235 1233 2235 1257 2236 1233 2236 1232 2236 1258 2237 1260 2237 1263 2237 1263 2238 1260 2238 1264 2238 1265 2239 1257 2239 1232 2239 1265 2240 1232 2240 1231 2240 1266 2241 1265 2241 1267 2241 1267 2242 1265 2242 1231 2242 1267 2243 1231 2243 1230 2243 1274 2244 1268 2244 1269 2244 1269 2245 1270 2245 1274 2245 1271 2246 1272 2246 1268 2246 1268 2247 1272 2247 1273 2247 1268 2248 1274 2248 1271 2248 1271 2249 1274 2249 1275 2249 1274 2250 1246 2250 1276 2250 1274 2251 1276 2251 1275 2251 1275 2252 1276 2252 1277 2252 1270 2253 1244 2253 1274 2253 1274 2254 1244 2254 1243 2254 1274 2255 1243 2255 1242 2255 1274 2256 1242 2256 1246 2256 1246 2257 1242 2257 1241 2257 1246 2258 1241 2258 1240 2258 1240 2259 1239 2259 1246 2259 1276 2260 1246 2260 1247 2260 1277 2261 1276 2261 1249 2261 1079 2262 1249 2262 1087 2262 1087 2263 1249 2263 1248 2263 1087 2264 1248 2264 1088 2264 1088 2265 1248 2265 1255 2265 1088 2266 1255 2266 1089 2266 1089 2267 1255 2267 1254 2267 1089 2268 1254 2268 1090 2268 1090 2269 1254 2269 1253 2269 1090 2270 1253 2270 1092 2270 1092 2271 1253 2271 1252 2271 1092 2272 1252 2272 1100 2272 1100 2273 1252 2273 1261 2273 1100 2274 1261 2274 1101 2274 1101 2275 1261 2275 1259 2275 1101 2276 1259 2276 1103 2276 1103 2277 1259 2277 1258 2277 1103 2278 1258 2278 1104 2278 1104 2279 1258 2279 1262 2279 1104 2280 1262 2280 1107 2280 1107 2281 1262 2281 1263 2281 1108 2282 1268 2282 1109 2282 1109 2283 1268 2283 1273 2283 1109 2284 1273 2284 1120 2284 1120 2285 1273 2285 1272 2285 1120 2286 1272 2286 1121 2286 1121 2287 1272 2287 1271 2287 1121 2288 1271 2288 1122 2288 1122 2289 1271 2289 1275 2289 1122 2290 1275 2290 1123 2290 1123 2291 1275 2291 1277 2291 1123 2292 1277 2292 1079 2292 1079 2293 1277 2293 1249 2293 1181 2294 1278 2294 1185 2294 1185 2295 1278 2295 1279 2295 1185 2296 1279 2296 1186 2296 1186 2297 1279 2297 1280 2297 1186 2298 1280 2298 1179 2298 1179 2299 1280 2299 1281 2299 1179 2300 1281 2300 1180 2300 1180 2301 1281 2301 1282 2301 1180 2302 1282 2302 1174 2302 1174 2303 1282 2303 1283 2303 1174 2304 1283 2304 1175 2304 1175 2305 1283 2305 1284 2305 1175 2306 1284 2306 1176 2306 1176 2307 1284 2307 1287 2307 865 2308 1268 2308 864 2308 835 2309 1034 2309 840 2309 840 2310 1034 2310 1270 2310 1107 2311 1263 2311 1150 2311 1316 2312 1285 2312 1282 2312 675 2313 674 2313 1321 2313 981 2314 979 2314 1339 2314 1139 2315 1138 2315 1336 2315 1283 2316 1282 2316 1285 2316 1283 2317 1285 2317 1284 2317 1339 2318 1289 2318 1287 2318 1287 2319 1284 2319 1285 2319 1339 2320 1294 2320 1288 2320 1282 2321 1281 2321 1300 2321 1339 2322 1288 2322 1289 2322 1281 2323 1280 2323 1300 2323 1300 2324 1280 2324 1279 2324 1279 2325 1278 2325 1290 2325 1290 2326 1278 2326 1291 2326 1291 2327 1292 2327 1290 2327 1292 2328 1293 2328 1290 2328 1290 2329 1293 2329 1294 2329 1290 2330 1294 2330 1339 2330 1296 2331 1130 2331 1128 2331 1296 2332 1295 2332 1297 2332 1128 2333 1125 2333 1296 2333 1296 2334 1125 2334 1298 2334 1296 2335 1298 2335 1295 2335 1297 2336 1299 2336 1296 2336 1296 2337 1299 2337 1300 2337 1301 2338 1302 2338 1336 2338 1336 2339 1302 2339 1139 2339 1138 2340 1135 2340 1316 2340 1316 2341 1135 2341 1133 2341 1130 2342 1296 2342 1316 2342 1316 2343 1133 2343 1131 2343 1316 2344 1131 2344 1130 2344 1057 2345 1056 2345 1303 2345 1339 2346 1054 2346 1051 2346 1051 2347 1049 2347 1339 2347 1304 2348 674 2348 1309 2348 1045 2349 1307 2349 1339 2349 1045 2350 1339 2350 1047 2350 1047 2351 1339 2351 1049 2351 1307 2352 1045 2352 1305 2352 674 2353 1304 2353 1303 2353 1303 2354 1304 2354 1059 2354 1303 2355 1059 2355 1057 2355 1303 2356 1056 2356 1054 2356 1303 2357 1054 2357 1339 2357 1306 2358 1310 2358 1307 2358 1305 2359 1308 2359 1307 2359 1307 2360 1308 2360 1306 2360 1286 2361 1312 2361 674 2361 674 2362 1312 2362 1309 2362 1307 2363 1310 2363 1311 2363 1307 2364 1311 2364 1286 2364 1286 2365 1311 2365 1312 2365 1322 2366 1313 2366 1314 2366 1314 2367 1313 2367 1315 2367 1314 2368 1315 2368 1316 2368 1316 2369 1315 2369 1317 2369 1316 2370 1317 2370 1318 2370 1316 2371 1318 2371 1319 2371 1316 2372 1319 2372 1320 2372 968 2373 966 2373 1321 2373 1321 2374 966 2374 965 2374 1321 2375 1320 2375 974 2375 1321 2376 974 2376 972 2376 1321 2377 972 2377 970 2377 1286 2378 965 2378 963 2378 960 2379 1323 2379 1314 2379 1314 2380 1323 2380 1322 2380 692 2381 720 2381 1321 2381 1303 2382 726 2382 1324 2382 1303 2383 1324 2383 1321 2383 1321 2384 1324 2384 1325 2384 1321 2385 1325 2385 692 2385 1287 2386 1285 2386 1339 2386 1339 2387 1285 2387 730 2387 1326 2388 726 2388 1339 2388 1339 2389 726 2389 1303 2389 1339 2390 730 2390 1327 2390 1339 2391 1327 2391 1328 2391 1339 2392 1328 2392 1326 2392 1285 2393 1329 2393 730 2393 686 2394 685 2394 1316 2394 1316 2395 685 2395 1285 2395 1285 2396 685 2396 683 2396 1285 2397 683 2397 1329 2397 720 2398 690 2398 1321 2398 1321 2399 690 2399 1330 2399 1321 2400 1330 2400 1316 2400 1316 2401 1330 2401 687 2401 1316 2402 687 2402 686 2402 1331 2403 886 2403 856 2403 855 2404 1332 2404 1333 2404 855 2405 1333 2405 1286 2405 855 2406 1286 2406 1331 2406 886 2407 1378 2407 1334 2407 886 2408 1334 2408 892 2408 1314 2409 896 2409 1331 2409 892 2410 1334 2410 1314 2410 1331 2411 896 2411 886 2411 886 2412 896 2412 1378 2412 963 2413 960 2413 1286 2413 1286 2414 960 2414 1314 2414 1286 2415 1314 2415 1331 2415 1332 2416 1371 2416 1335 2416 1332 2417 1335 2417 1333 2417 1339 2418 979 2418 1332 2418 1332 2419 979 2419 1371 2419 1335 2420 981 2420 1333 2420 1333 2421 981 2421 1307 2421 1333 2422 1307 2422 1286 2422 1321 2423 970 2423 968 2423 675 2424 1286 2424 674 2424 965 2425 1286 2425 1321 2425 1321 2426 1286 2426 675 2426 1321 2427 674 2427 1303 2427 856 2428 855 2428 1331 2428 1321 2429 1316 2429 1320 2429 1300 2430 1301 2430 1336 2430 1138 2431 1316 2431 1336 2431 1300 2432 1336 2432 1282 2432 1336 2433 1316 2433 1282 2433 877 2434 1362 2434 1337 2434 877 2435 1337 2435 878 2435 892 2436 1062 2436 877 2436 877 2437 1062 2437 1362 2437 878 2438 1337 2438 1358 2438 1296 2439 1358 2439 1064 2439 892 2440 1314 2440 1316 2440 892 2441 1316 2441 1296 2441 892 2442 1296 2442 1064 2442 1064 2443 1062 2443 892 2443 878 2444 1358 2444 1296 2444 878 2445 1296 2445 1300 2445 846 2446 1144 2446 1338 2446 1338 2447 1339 2447 846 2447 878 2448 1145 2448 1144 2448 1145 2449 1290 2449 1338 2449 1300 2450 1279 2450 1290 2450 1300 2451 1290 2451 878 2451 878 2452 1290 2452 1145 2452 1144 2453 846 2453 878 2453 981 2454 1339 2454 1307 2454 1290 2455 1339 2455 1338 2455 855 2456 847 2456 1332 2456 1332 2457 847 2457 1339 2457 1339 2458 847 2458 846 2458 1230 2459 1159 2459 1267 2459 1267 2460 1159 2460 1157 2460 1267 2461 1157 2461 1266 2461 1266 2462 1157 2462 1153 2462 1150 2463 1263 2463 1152 2463 1152 2464 1263 2464 1264 2464 1152 2465 1264 2465 1153 2465 1153 2466 1264 2466 1266 2466 1230 2467 1028 2467 1159 2467 1197 2468 825 2468 1198 2468 1198 2469 825 2469 823 2469 1198 2470 823 2470 1221 2470 1221 2471 823 2471 822 2471 1221 2472 822 2472 1222 2472 1222 2473 822 2473 821 2473 1222 2474 821 2474 1215 2474 1215 2475 821 2475 820 2475 1215 2476 820 2476 1214 2476 1214 2477 820 2477 819 2477 1214 2478 819 2478 1213 2478 1213 2479 819 2479 818 2479 1213 2480 818 2480 1210 2480 1210 2481 818 2481 817 2481 1210 2482 817 2482 1211 2482 1211 2483 817 2483 816 2483 1211 2484 816 2484 1340 2484 1340 2485 816 2485 1341 2485 1340 2486 1341 2486 1190 2486 1190 2487 1341 2487 814 2487 1190 2488 814 2488 1189 2488 1189 2489 814 2489 813 2489 1189 2490 813 2490 1188 2490 1188 2491 813 2491 812 2491 1188 2492 812 2492 1194 2492 1194 2493 812 2493 811 2493 1194 2494 811 2494 1195 2494 1195 2495 811 2495 810 2495 1195 2496 810 2496 1196 2496 1196 2497 810 2497 809 2497 1196 2498 809 2498 1207 2498 1207 2499 809 2499 808 2499 1207 2500 808 2500 1208 2500 1208 2501 808 2501 807 2501 1208 2502 807 2502 1342 2502 1342 2503 807 2503 1343 2503 679 2504 876 2504 864 2504 680 2505 1268 2505 681 2505 681 2506 1268 2506 1108 2506 1268 2507 680 2507 864 2507 864 2508 680 2508 679 2508 876 2509 679 2509 1108 2509 1108 2510 679 2510 681 2510 826 2511 676 2511 1009 2511 676 2512 677 2512 945 2512 848 2513 677 2513 826 2513 826 2514 677 2514 676 2514 945 2515 677 2515 848 2515 1009 2516 676 2516 945 2516 1342 2517 1343 2517 1199 2517 1199 2518 1343 2518 804 2518 1199 2519 804 2519 1200 2519 1200 2520 804 2520 802 2520 1200 2521 802 2521 1216 2521 1216 2522 802 2522 801 2522 1216 2523 801 2523 1217 2523 1217 2524 801 2524 800 2524 1217 2525 800 2525 1218 2525 1218 2526 800 2526 799 2526 1218 2527 799 2527 1223 2527 1223 2528 799 2528 798 2528 1223 2529 798 2529 1224 2529 1224 2530 798 2530 797 2530 1224 2531 797 2531 1225 2531 1225 2532 797 2532 796 2532 1225 2533 796 2533 1344 2533 1344 2534 796 2534 1345 2534 1344 2535 1345 2535 1227 2535 1227 2536 1345 2536 794 2536 1227 2537 794 2537 1228 2537 1228 2538 794 2538 793 2538 1228 2539 793 2539 1201 2539 1201 2540 793 2540 792 2540 1201 2541 792 2541 1202 2541 1202 2542 792 2542 791 2542 1202 2543 791 2543 1203 2543 1203 2544 791 2544 790 2544 1203 2545 790 2545 1204 2545 1204 2546 790 2546 788 2546 1204 2547 788 2547 1219 2547 1219 2548 788 2548 787 2548 1219 2549 787 2549 1220 2549 1220 2550 787 2550 786 2550 1220 2551 786 2551 1346 2551 1346 2552 786 2552 1347 2552 1176 2553 1287 2553 1177 2553 1177 2554 1287 2554 1289 2554 1177 2555 1289 2555 1178 2555 1178 2556 1289 2556 1288 2556 1178 2557 1288 2557 1182 2557 1182 2558 1288 2558 1294 2558 1182 2559 1294 2559 1183 2559 1183 2560 1294 2560 1293 2560 1183 2561 1293 2561 1187 2561 1187 2562 1293 2562 1292 2562 1187 2563 1292 2563 1184 2563 1184 2564 1292 2564 1291 2564 1184 2565 1291 2565 1181 2565 1181 2566 1291 2566 1278 2566 1148 2567 1350 2567 1348 2567 1350 2568 1351 2568 1348 2568 1348 2569 1351 2569 1352 2569 1348 2570 1352 2570 1349 2570 1349 2571 1352 2571 1142 2571 1350 2572 1338 2572 1351 2572 1351 2573 1338 2573 1352 2573 1352 2574 1338 2574 1144 2574 1352 2575 1144 2575 1142 2575 1141 2576 1302 2576 1229 2576 1229 2577 1302 2577 1301 2577 1229 2578 1301 2578 1191 2578 1191 2579 1301 2579 1300 2579 1191 2580 1300 2580 1205 2580 1205 2581 1300 2581 1299 2581 1205 2582 1299 2582 1192 2582 1192 2583 1299 2583 1297 2583 1192 2584 1297 2584 1206 2584 1206 2585 1297 2585 1295 2585 1206 2586 1295 2586 1193 2586 1193 2587 1295 2587 1298 2587 1193 2588 1298 2588 1124 2588 1124 2589 1298 2589 1125 2589 1067 2590 1353 2590 1068 2590 1353 2591 1354 2591 1068 2591 1354 2592 1355 2592 1068 2592 1068 2593 1355 2593 1356 2593 1356 2594 1357 2594 1068 2594 1067 2595 1358 2595 1353 2595 1353 2596 1358 2596 1359 2596 1353 2597 1359 2597 1354 2597 1354 2598 1359 2598 1360 2598 1354 2599 1360 2599 1355 2599 1355 2600 1360 2600 1361 2600 1355 2601 1361 2601 1356 2601 1356 2602 1361 2602 1362 2602 1356 2603 1362 2603 1357 2603 1357 2604 1362 2604 1061 2604 1359 2605 1358 2605 1337 2605 1359 2606 1337 2606 1360 2606 1360 2607 1337 2607 1361 2607 1361 2608 1337 2608 1362 2608 1061 2609 1362 2609 1062 2609 1060 2610 1304 2610 1169 2610 1169 2611 1304 2611 1309 2611 1169 2612 1309 2612 1168 2612 1168 2613 1309 2613 1312 2613 1168 2614 1312 2614 1170 2614 1170 2615 1312 2615 1311 2615 1170 2616 1311 2616 1167 2616 1167 2617 1311 2617 1310 2617 1167 2618 1310 2618 1172 2618 1172 2619 1310 2619 1306 2619 1172 2620 1306 2620 1171 2620 1171 2621 1306 2621 1308 2621 1171 2622 1308 2622 1173 2622 1173 2623 1308 2623 1305 2623 1173 2624 1305 2624 1044 2624 1044 2625 1305 2625 1045 2625 985 2626 1363 2626 986 2626 986 2627 1363 2627 1365 2627 1365 2628 1364 2628 986 2628 1364 2629 1366 2629 986 2629 1366 2630 1367 2630 986 2630 985 2631 981 2631 1363 2631 1363 2632 981 2632 1368 2632 1363 2633 1368 2633 1365 2633 1365 2634 1368 2634 1369 2634 1365 2635 1369 2635 1364 2635 1364 2636 1369 2636 1370 2636 1364 2637 1370 2637 1366 2637 1366 2638 1370 2638 1371 2638 1366 2639 1371 2639 1367 2639 1367 2640 1371 2640 1372 2640 981 2641 1335 2641 1368 2641 1368 2642 1335 2642 1369 2642 1369 2643 1335 2643 1370 2643 1370 2644 1335 2644 1371 2644 1372 2645 1371 2645 979 2645 976 2646 1320 2646 1163 2646 1163 2647 1320 2647 1319 2647 1163 2648 1319 2648 1164 2648 1164 2649 1319 2649 1318 2649 1164 2650 1318 2650 1317 2650 1164 2651 1317 2651 1160 2651 1160 2652 1317 2652 1315 2652 1160 2653 1315 2653 1162 2653 1162 2654 1315 2654 1313 2654 1162 2655 1313 2655 1166 2655 1166 2656 1313 2656 1322 2656 1166 2657 1322 2657 1165 2657 1165 2658 1322 2658 1323 2658 1165 2659 1323 2659 959 2659 959 2660 1323 2660 960 2660 903 2661 1373 2661 902 2661 1373 2662 1374 2662 902 2662 1374 2663 1375 2663 902 2663 903 2664 899 2664 1373 2664 1373 2665 899 2665 1376 2665 1373 2666 1376 2666 1377 2666 1373 2667 1377 2667 1374 2667 1374 2668 1377 2668 1375 2668 1375 2669 1377 2669 1378 2669 1375 2670 1378 2670 895 2670 899 2671 1314 2671 1376 2671 1376 2672 1314 2672 1334 2672 1376 2673 1334 2673 1377 2673 1377 2674 1334 2674 1378 2674 895 2675 1378 2675 896 2675 783 2676 784 2676 803 2676 803 2677 784 2677 772 2677 803 2678 772 2678 774 2678 774 2679 754 2679 758 2679 758 2680 754 2680 1379 2680 758 2681 1379 2681 757 2681 785 2682 789 2682 759 2682 785 2683 759 2683 1380 2683 1380 2684 759 2684 1381 2684 752 2685 753 2685 773 2685 773 2686 753 2686 742 2686 773 2687 742 2687 775 2687 775 2688 742 2688 724 2688 775 2689 724 2689 756 2689 756 2690 724 2690 725 2690 756 2691 725 2691 1382 2691 756 2692 1382 2692 758 2692 758 2693 1382 2693 728 2693 758 2694 728 2694 704 2694 758 2695 704 2695 789 2695 760 2696 730 2696 731 2696 760 2697 731 2697 1383 2697 1383 2698 731 2698 1384 2698 722 2699 723 2699 743 2699 743 2700 723 2700 708 2700 743 2701 708 2701 724 2701 726 2702 706 2702 729 2702 729 2703 706 2703 1385 2703 729 2704 1385 2704 703 2704 729 2705 703 2705 704 2705 732 2706 730 2706 702 2706 732 2707 702 2707 1386 2707 1386 2708 702 2708 1387 2708 693 2709 694 2709 707 2709 707 2710 694 2710 1324 2710 707 2711 1324 2711 724 2711 724 2712 1324 2712 726 2712 726 2713 1326 2713 704 2713 704 2714 1326 2714 1388 2714 704 2715 1388 2715 1327 2715 704 2716 1327 2716 730 2716 701 2717 730 2717 1329 2717 701 2718 1329 2718 1389 2718 1389 2719 1329 2719 1390 2719 1391 2720 1392 2720 1393 2720 1391 2721 1393 2721 1394 2721 1394 2722 1393 2722 1395 2722 1398 2723 1573 2723 1575 2723 1408 2724 1398 2724 1396 2724 1396 2725 1398 2725 1585 2725 1396 2726 1585 2726 1397 2726 1585 2727 1398 2727 1563 2727 1583 2728 1573 2728 1398 2728 1398 2729 1395 2729 1583 2729 1583 2730 1395 2730 1393 2730 1583 2731 1393 2731 1392 2731 1682 2732 1667 2732 1399 2732 1395 2733 1683 2733 1394 2733 1394 2734 1683 2734 1391 2734 1399 2735 1667 2735 1683 2735 1399 2736 1400 2736 1682 2736 1682 2737 1400 2737 1401 2737 1397 2738 1402 2738 1403 2738 1397 2739 1403 2739 1396 2739 1396 2740 1403 2740 1408 2740 1404 2741 1401 2741 1400 2741 1404 2742 1400 2742 1405 2742 1405 2743 1400 2743 1399 2743 1520 2744 1510 2744 1408 2744 1410 2745 1521 2745 1406 2745 1406 2746 1521 2746 1407 2746 1408 2747 1510 2747 1521 2747 1408 2748 1403 2748 1520 2748 1520 2749 1403 2749 1402 2749 1409 2750 1624 2750 1621 2750 1399 2751 1409 2751 1405 2751 1405 2752 1409 2752 1638 2752 1405 2753 1638 2753 1404 2753 1638 2754 1409 2754 1611 2754 1636 2755 1624 2755 1409 2755 1409 2756 1410 2756 1636 2756 1636 2757 1410 2757 1411 2757 1636 2758 1411 2758 1412 2758 1407 2759 1412 2759 1411 2759 1407 2760 1411 2760 1406 2760 1406 2761 1411 2761 1410 2761 1413 2762 1716 2762 1415 2762 1415 2763 1414 2763 1416 2763 1415 2764 1416 2764 1420 2764 1420 2765 1416 2765 1417 2765 1420 2766 1418 2766 1419 2766 1420 2767 1419 2767 1422 2767 1422 2768 1421 2768 1424 2768 1424 2769 1423 2769 1426 2769 1426 2770 1425 2770 1427 2770 1426 2771 1427 2771 1428 2771 1428 2772 1429 2772 1430 2772 1428 2773 1430 2773 1431 2773 1428 2774 1431 2774 1436 2774 1436 2775 1431 2775 1432 2775 1436 2776 1432 2776 1433 2776 1436 2777 1434 2777 1435 2777 1436 2778 1435 2778 1437 2778 1437 2779 1439 2779 1410 2779 1420 2780 1422 2780 1399 2780 1410 2781 1436 2781 1437 2781 1408 2782 1521 2782 1438 2782 1408 2783 1438 2783 1440 2783 1410 2784 1439 2784 1438 2784 1410 2785 1438 2785 1521 2785 1395 2786 1413 2786 1415 2786 1408 2787 1440 2787 1441 2787 1395 2788 1442 2788 1443 2788 1395 2789 1443 2789 1413 2789 1399 2790 1422 2790 1424 2790 1399 2791 1424 2791 1426 2791 1441 2792 1444 2792 1408 2792 1408 2793 1444 2793 1398 2793 1398 2794 1444 2794 1442 2794 1442 2795 1395 2795 1398 2795 1395 2796 1415 2796 1420 2796 1395 2797 1420 2797 1683 2797 1426 2798 1428 2798 1399 2798 1399 2799 1428 2799 1409 2799 1436 2800 1410 2800 1428 2800 1428 2801 1410 2801 1409 2801 1420 2802 1399 2802 1683 2802 1437 2803 1445 2803 1446 2803 1446 2804 1448 2804 1439 2804 1439 2805 1448 2805 1447 2805 1447 2806 1448 2806 1449 2806 1447 2807 1449 2807 1450 2807 1449 2808 1451 2808 1450 2808 1450 2809 1451 2809 1452 2809 1452 2810 1451 2810 1453 2810 1452 2811 1453 2811 1438 2811 1438 2812 1453 2812 1454 2812 1453 2813 1485 2813 1454 2813 1454 2814 1485 2814 1455 2814 1455 2815 1485 2815 1456 2815 1455 2816 1456 2816 1440 2816 1440 2817 1456 2817 1457 2817 1440 2818 1457 2818 1458 2818 1457 2819 1459 2819 1458 2819 1458 2820 1459 2820 1441 2820 1441 2821 1459 2821 1460 2821 1441 2822 1460 2822 1461 2822 1461 2823 1460 2823 1462 2823 1461 2824 1462 2824 1463 2824 1462 2825 1464 2825 1463 2825 1463 2826 1464 2826 1465 2826 1464 2827 1466 2827 1465 2827 1465 2828 1466 2828 1444 2828 1444 2829 1466 2829 1467 2829 1444 2830 1467 2830 1468 2830 1468 2831 1467 2831 1469 2831 1467 2832 1532 2832 1469 2832 1469 2833 1532 2833 1442 2833 1442 2834 1532 2834 1470 2834 1442 2835 1470 2835 1471 2835 1470 2836 1534 2836 1471 2836 1471 2837 1534 2837 1472 2837 1534 2838 1473 2838 1472 2838 1472 2839 1473 2839 1474 2839 1473 2840 1475 2840 1474 2840 1474 2841 1475 2841 1443 2841 1475 2842 1476 2842 1443 2842 1443 2843 1476 2843 1477 2843 1443 2844 1477 2844 1478 2844 1479 2845 1413 2845 1480 2845 1479 2846 1480 2846 1481 2846 1481 2847 1480 2847 1478 2847 1481 2848 1478 2848 1477 2848 1459 2849 1457 2849 1487 2849 1487 2850 1457 2850 1483 2850 1487 2851 1483 2851 1497 2851 1483 2852 1485 2852 1484 2852 1484 2853 1485 2853 1486 2853 1486 2854 1485 2854 1453 2854 1488 2855 1486 2855 1451 2855 1489 2856 1488 2856 1593 2856 1494 2857 1489 2857 1593 2857 1506 2858 1486 2858 1488 2858 1483 2859 1484 2859 1496 2859 1494 2860 1591 2860 1499 2860 1494 2861 1499 2861 1500 2861 1500 2862 1499 2862 1498 2862 1500 2863 1498 2863 1527 2863 1495 2864 1494 2864 1500 2864 1504 2865 1500 2865 1527 2865 1504 2866 1495 2866 1500 2866 1495 2867 1489 2867 1494 2867 1501 2868 1496 2868 1514 2868 1514 2869 1496 2869 1502 2869 1504 2870 1503 2870 1506 2870 1504 2871 1506 2871 1495 2871 1501 2872 1507 2872 1496 2872 1502 2873 1496 2873 1505 2873 1502 2874 1505 2874 1506 2874 1502 2875 1506 2875 1503 2875 1495 2876 1506 2876 1488 2876 1495 2877 1488 2877 1489 2877 1496 2878 1484 2878 1505 2878 1505 2879 1484 2879 1486 2879 1505 2880 1486 2880 1506 2880 1509 2881 1545 2881 1507 2881 1482 2882 1507 2882 1545 2882 1496 2883 1497 2883 1483 2883 1507 2884 1497 2884 1496 2884 1515 2885 1512 2885 1516 2885 1511 2886 1515 2886 1514 2886 1514 2887 1515 2887 1518 2887 1516 2888 1512 2888 1513 2888 1513 2889 1512 2889 1493 2889 1518 2890 1508 2890 1509 2890 1518 2891 1509 2891 1501 2891 1501 2892 1509 2892 1507 2892 1517 2893 1564 2893 1508 2893 1517 2894 1508 2894 1518 2894 1507 2895 1482 2895 1497 2895 1497 2896 1482 2896 1487 2896 1516 2897 1517 2897 1515 2897 1515 2898 1517 2898 1518 2898 1616 2899 1522 2899 1617 2899 1617 2900 1522 2900 1519 2900 1522 2901 1529 2901 1519 2901 1493 2902 1512 2902 1520 2902 1520 2903 1512 2903 1510 2903 1519 2904 1529 2904 1525 2904 1523 2905 1490 2905 1529 2905 1523 2906 1510 2906 1511 2906 1510 2907 1523 2907 1521 2907 1529 2908 1490 2908 1525 2908 1511 2909 1510 2909 1512 2909 1512 2910 1515 2910 1511 2910 1524 2911 1491 2911 1594 2911 1525 2912 1490 2912 1492 2912 1492 2913 1490 2913 1491 2913 1491 2914 1526 2914 1594 2914 1490 2915 1526 2915 1491 2915 1490 2916 1523 2916 1503 2916 1490 2917 1503 2917 1526 2917 1527 2918 1594 2918 1526 2918 1504 2919 1527 2919 1526 2919 1504 2920 1526 2920 1503 2920 1503 2921 1511 2921 1502 2921 1492 2922 1617 2922 1519 2922 1492 2923 1519 2923 1525 2923 1503 2924 1523 2924 1511 2924 1564 2925 1517 2925 1567 2925 1567 2926 1517 2926 1516 2926 1567 2927 1516 2927 1513 2927 1518 2928 1501 2928 1514 2928 1511 2929 1514 2929 1502 2929 1594 2930 1527 2930 1498 2930 1402 2931 1542 2931 1520 2931 1521 2932 1528 2932 1407 2932 1529 2933 1528 2933 1521 2933 1523 2934 1529 2934 1521 2934 1482 2935 1533 2935 1466 2935 1482 2936 1545 2936 1531 2936 1546 2937 1532 2937 1533 2937 1533 2938 1556 2938 1546 2938 1539 2939 1546 2939 1554 2939 1539 2940 1532 2940 1546 2940 1539 2941 1554 2941 1535 2941 1539 2942 1473 2942 1534 2942 1536 2943 1535 2943 1537 2943 1536 2944 1537 2944 1538 2944 1536 2945 1538 2945 1530 2945 1530 2946 1538 2946 1548 2946 1530 2947 1548 2947 1540 2947 1540 2948 1548 2948 1649 2948 1482 2949 1531 2949 1533 2949 1539 2950 1535 2950 1536 2950 1571 2951 1562 2951 1543 2951 1558 2952 1557 2952 1531 2952 1533 2953 1557 2953 1556 2953 1538 2954 1544 2954 1548 2954 1688 2955 1547 2955 1544 2955 1547 2956 1548 2956 1544 2956 1688 2957 1544 2957 1553 2957 1553 2958 1544 2958 1552 2958 1552 2959 1544 2959 1538 2959 1552 2960 1538 2960 1537 2960 1550 2961 1580 2961 1549 2961 1551 2962 1550 2962 1549 2962 1551 2963 1549 2963 1552 2963 1552 2964 1549 2964 1553 2964 1553 2965 1549 2965 1578 2965 1551 2966 1535 2966 1554 2966 1557 2967 1555 2967 1559 2967 1558 2968 1509 2968 1508 2968 1558 2969 1565 2969 1555 2969 1531 2970 1557 2970 1533 2970 1545 2971 1509 2971 1558 2971 1554 2972 1546 2972 1556 2972 1555 2973 1557 2973 1558 2973 1565 2974 1558 2974 1508 2974 1531 2975 1545 2975 1558 2975 1563 2976 1571 2976 1585 2976 1571 2977 1563 2977 1562 2977 1563 2978 1575 2978 1576 2978 1563 2979 1576 2979 1566 2979 1559 2980 1561 2980 1560 2980 1581 2981 1559 2981 1580 2981 1580 2982 1559 2982 1560 2982 1562 2983 1564 2983 1567 2983 1565 2984 1566 2984 1555 2984 1555 2985 1566 2985 1561 2985 1562 2986 1567 2986 1543 2986 1567 2987 1513 2987 1543 2987 1543 2988 1513 2988 1493 2988 1543 2989 1493 2989 1571 2989 1508 2990 1564 2990 1565 2990 1555 2991 1561 2991 1559 2991 1557 2992 1559 2992 1581 2992 1557 2993 1581 2993 1556 2993 1556 2994 1581 2994 1554 2994 1687 2995 1541 2995 1650 2995 1650 2996 1541 2996 1568 2996 1650 2997 1568 2997 1570 2997 1572 2998 1569 2998 1570 2998 1563 2999 1398 2999 1575 2999 1563 3000 1566 3000 1562 3000 1562 3001 1566 3001 1564 3001 1572 3002 1570 3002 1568 3002 1572 3003 1568 3003 1574 3003 1573 3004 1574 3004 1575 3004 1572 3005 1574 3005 1573 3005 1568 3006 1541 3006 1574 3006 1574 3007 1541 3007 1579 3007 1576 3008 1560 3008 1561 3008 1551 3009 1552 3009 1537 3009 1551 3010 1537 3010 1535 3010 1577 3011 1688 3011 1541 3011 1560 3012 1574 3012 1579 3012 1578 3013 1579 3013 1541 3013 1580 3014 1560 3014 1549 3014 1549 3015 1560 3015 1579 3015 1549 3016 1579 3016 1578 3016 1554 3017 1550 3017 1551 3017 1553 3018 1578 3018 1688 3018 1688 3019 1578 3019 1541 3019 1577 3020 1541 3020 1687 3020 1575 3021 1574 3021 1560 3021 1565 3022 1564 3022 1566 3022 1561 3023 1566 3023 1576 3023 1560 3024 1576 3024 1575 3024 1493 3025 1542 3025 1571 3025 1580 3026 1550 3026 1581 3026 1581 3027 1550 3027 1554 3027 1397 3028 1582 3028 1402 3028 1402 3029 1582 3029 1542 3029 1583 3030 1392 3030 1584 3030 1582 3031 1397 3031 1585 3031 1585 3032 1571 3032 1582 3032 1582 3033 1571 3033 1542 3033 1542 3034 1493 3034 1520 3034 1584 3035 1572 3035 1573 3035 1573 3036 1583 3036 1584 3036 1586 3037 1640 3037 1598 3037 1586 3038 1587 3038 1705 3038 1586 3039 1598 3039 1599 3039 1600 3040 1588 3040 1587 3040 1592 3041 1600 3041 1607 3041 1588 3042 1600 3042 1592 3042 1592 3043 1607 3043 1589 3043 1591 3044 1494 3044 1593 3044 1586 3045 1599 3045 1587 3045 1592 3046 1589 3046 1590 3046 1626 3047 1632 3047 1524 3047 1595 3048 1619 3048 1612 3048 1499 3049 1591 3049 1601 3049 1597 3050 1601 3050 1591 3050 1597 3051 1591 3051 1590 3051 1603 3052 1634 3052 1602 3052 1597 3053 1603 3053 1602 3053 1597 3054 1602 3054 1601 3054 1601 3055 1602 3055 1627 3055 1607 3056 1604 3056 1589 3056 1615 3057 1596 3057 1614 3057 1614 3058 1596 3058 1609 3058 1598 3059 1666 3059 1608 3059 1599 3060 1598 3060 1608 3060 1609 3061 1608 3061 1666 3061 1607 3062 1600 3062 1606 3062 1606 3063 1600 3063 1587 3063 1606 3064 1587 3064 1605 3064 1605 3065 1587 3065 1599 3065 1605 3066 1599 3066 1608 3066 1605 3067 1608 3067 1596 3067 1596 3068 1608 3068 1609 3068 1609 3069 1666 3069 1679 3069 1611 3070 1620 3070 1638 3070 1620 3071 1611 3071 1595 3071 1611 3072 1621 3072 1618 3072 1611 3073 1618 3073 1610 3073 1604 3074 1615 3074 1634 3074 1634 3075 1615 3075 1629 3075 1619 3076 1595 3076 1611 3076 1612 3077 1619 3077 1678 3077 1614 3078 1613 3078 1610 3078 1614 3079 1610 3079 1615 3079 1596 3080 1615 3080 1606 3080 1612 3081 1672 3081 1595 3081 1595 3082 1672 3082 1652 3082 1595 3083 1652 3083 1620 3083 1679 3084 1678 3084 1609 3084 1609 3085 1678 3085 1613 3085 1609 3086 1613 3086 1614 3086 1605 3087 1596 3087 1606 3087 1491 3088 1524 3088 1492 3088 1492 3089 1524 3089 1623 3089 1492 3090 1623 3090 1617 3090 1622 3091 1616 3091 1617 3091 1611 3092 1409 3092 1621 3092 1611 3093 1610 3093 1619 3093 1622 3094 1617 3094 1623 3094 1622 3095 1623 3095 1625 3095 1625 3096 1623 3096 1632 3096 1624 3097 1628 3097 1621 3097 1622 3098 1625 3098 1624 3098 1625 3099 1632 3099 1630 3099 1618 3100 1629 3100 1615 3100 1618 3101 1615 3101 1610 3101 1606 3102 1615 3102 1604 3102 1606 3103 1604 3103 1607 3103 1524 3104 1632 3104 1623 3104 1499 3105 1601 3105 1498 3105 1626 3106 1594 3106 1627 3106 1627 3107 1594 3107 1498 3107 1627 3108 1498 3108 1601 3108 1597 3109 1590 3109 1589 3109 1524 3110 1594 3110 1626 3110 1629 3111 1628 3111 1633 3111 1633 3112 1628 3112 1630 3112 1631 3113 1630 3113 1626 3113 1626 3114 1630 3114 1632 3114 1634 3115 1633 3115 1602 3115 1627 3116 1602 3116 1631 3116 1631 3117 1602 3117 1633 3117 1631 3118 1633 3118 1630 3118 1633 3119 1634 3119 1629 3119 1630 3120 1628 3120 1625 3120 1604 3121 1603 3121 1589 3121 1589 3122 1603 3122 1597 3122 1627 3123 1631 3123 1626 3123 1621 3124 1628 3124 1629 3124 1613 3125 1678 3125 1619 3125 1613 3126 1619 3126 1610 3126 1629 3127 1618 3127 1621 3127 1652 3128 1676 3128 1620 3128 1624 3129 1625 3129 1628 3129 1634 3130 1603 3130 1604 3130 1407 3131 1528 3131 1412 3131 1412 3132 1528 3132 1635 3132 1636 3133 1412 3133 1635 3133 1637 3134 1404 3134 1638 3134 1635 3135 1622 3135 1624 3135 1624 3136 1636 3136 1635 3136 1522 3137 1528 3137 1529 3137 1616 3138 1635 3138 1528 3138 1616 3139 1528 3139 1522 3139 1635 3140 1616 3140 1622 3140 1639 3141 1710 3141 1648 3141 1648 3142 1660 3142 1640 3142 1710 3143 1711 3143 1648 3143 1648 3144 1711 3144 1641 3144 1648 3145 1641 3145 1642 3145 1642 3146 1641 3146 1712 3146 1642 3147 1712 3147 1646 3147 1642 3148 1646 3148 1643 3148 1646 3149 1644 3149 1645 3149 1643 3150 1646 3150 1647 3150 1647 3151 1646 3151 1715 3151 1649 3152 1647 3152 1540 3152 1586 3153 1639 3153 1640 3153 1640 3154 1639 3154 1648 3154 1664 3155 1647 3155 1649 3155 1651 3156 1653 3156 1652 3156 1666 3157 1680 3157 1679 3157 1656 3158 1664 3158 1649 3158 1548 3159 1655 3159 1649 3159 1656 3160 1547 3160 1654 3160 1548 3161 1547 3161 1655 3161 1655 3162 1547 3162 1656 3162 1656 3163 1649 3163 1655 3163 1664 3164 1643 3164 1647 3164 1673 3165 1661 3165 1657 3165 1659 3166 1658 3166 1656 3166 1657 3167 1661 3167 1662 3167 1657 3168 1662 3168 1663 3168 1657 3169 1663 3169 1658 3169 1656 3170 1658 3170 1664 3170 1660 3171 1662 3171 1661 3171 1658 3172 1663 3172 1664 3172 1662 3173 1642 3173 1663 3173 1663 3174 1642 3174 1643 3174 1663 3175 1643 3175 1664 3175 1660 3176 1665 3176 1640 3176 1680 3177 1666 3177 1665 3177 1666 3178 1598 3178 1665 3178 1665 3179 1598 3179 1640 3179 1691 3180 1668 3180 1669 3180 1674 3181 1670 3181 1677 3181 1677 3182 1670 3182 1671 3182 1673 3183 1691 3183 1669 3183 1669 3184 1674 3184 1673 3184 1675 3185 1674 3185 1677 3185 1673 3186 1674 3186 1680 3186 1680 3187 1674 3187 1675 3187 1671 3188 1670 3188 1651 3188 1671 3189 1651 3189 1672 3189 1672 3190 1651 3190 1652 3190 1653 3191 1676 3191 1652 3191 1680 3192 1665 3192 1661 3192 1677 3193 1678 3193 1675 3193 1675 3194 1678 3194 1679 3194 1675 3195 1679 3195 1680 3195 1673 3196 1680 3196 1661 3196 1661 3197 1665 3197 1660 3197 1662 3198 1660 3198 1648 3198 1662 3199 1648 3199 1642 3199 1569 3200 1685 3200 1570 3200 1570 3201 1685 3201 1681 3201 1685 3202 1695 3202 1681 3202 1653 3203 1651 3203 1682 3203 1682 3204 1651 3204 1668 3204 1681 3205 1695 3205 1690 3205 1684 3206 1686 3206 1695 3206 1651 3207 1670 3207 1668 3207 1684 3208 1667 3208 1691 3208 1691 3209 1667 3209 1668 3209 1667 3210 1684 3210 1683 3210 1577 3211 1687 3211 1689 3211 1695 3212 1686 3212 1690 3212 1669 3213 1668 3213 1670 3213 1670 3214 1674 3214 1669 3214 1689 3215 1687 3215 1690 3215 1690 3216 1687 3216 1650 3216 1577 3217 1654 3217 1688 3217 1689 3218 1692 3218 1659 3218 1689 3219 1659 3219 1654 3219 1689 3220 1654 3220 1577 3220 1689 3221 1686 3221 1692 3221 1686 3222 1684 3222 1692 3222 1673 3223 1692 3223 1691 3223 1692 3224 1673 3224 1657 3224 1650 3225 1570 3225 1681 3225 1650 3226 1681 3226 1690 3226 1689 3227 1690 3227 1686 3227 1692 3228 1684 3228 1691 3228 1612 3229 1678 3229 1677 3229 1612 3230 1677 3230 1671 3230 1612 3231 1671 3231 1672 3231 1692 3232 1657 3232 1658 3232 1692 3233 1658 3233 1659 3233 1659 3234 1656 3234 1654 3234 1688 3235 1654 3235 1547 3235 1540 3236 1479 3236 1530 3236 1530 3237 1479 3237 1481 3237 1477 3238 1536 3238 1481 3238 1481 3239 1536 3239 1530 3239 1476 3240 1536 3240 1477 3240 1476 3241 1475 3241 1536 3241 1473 3242 1536 3242 1475 3242 1473 3243 1539 3243 1536 3243 1470 3244 1539 3244 1534 3244 1470 3245 1532 3245 1539 3245 1467 3246 1533 3246 1532 3246 1466 3247 1533 3247 1467 3247 1464 3248 1482 3248 1466 3248 1462 3249 1487 3249 1464 3249 1464 3250 1487 3250 1482 3250 1460 3251 1487 3251 1462 3251 1459 3252 1487 3252 1460 3252 1485 3253 1483 3253 1456 3253 1456 3254 1483 3254 1457 3254 1451 3255 1486 3255 1453 3255 1449 3256 1488 3256 1451 3256 1448 3257 1488 3257 1449 3257 1488 3258 1448 3258 1593 3258 1593 3259 1448 3259 1446 3259 1593 3260 1446 3260 1445 3260 1404 3261 1637 3261 1401 3261 1401 3262 1637 3262 1693 3262 1391 3263 1694 3263 1392 3263 1392 3264 1694 3264 1584 3264 1401 3265 1693 3265 1682 3265 1683 3266 1694 3266 1391 3266 1693 3267 1653 3267 1682 3267 1638 3268 1620 3268 1637 3268 1637 3269 1620 3269 1676 3269 1637 3270 1676 3270 1693 3270 1693 3271 1676 3271 1653 3271 1695 3272 1694 3272 1683 3272 1684 3273 1695 3273 1683 3273 1682 3274 1668 3274 1667 3274 1695 3275 1685 3275 1694 3275 1569 3276 1584 3276 1694 3276 1569 3277 1694 3277 1685 3277 1584 3278 1569 3278 1572 3278 1593 3279 1445 3279 1697 3279 1593 3280 1697 3280 1591 3280 1591 3281 1697 3281 1698 3281 1699 3282 1590 3282 1698 3282 1698 3283 1590 3283 1591 3283 1699 3284 1701 3284 1590 3284 1700 3285 1590 3285 1701 3285 1703 3286 1592 3286 1700 3286 1700 3287 1592 3287 1590 3287 1702 3288 1592 3288 1703 3288 1702 3289 1588 3289 1592 3289 1704 3290 1587 3290 1588 3290 1705 3291 1587 3291 1704 3291 1706 3292 1586 3292 1705 3292 1707 3293 1586 3293 1706 3293 1708 3294 1639 3294 1707 3294 1707 3295 1639 3295 1586 3295 1709 3296 1639 3296 1708 3296 1710 3297 1639 3297 1709 3297 1644 3298 1646 3298 1712 3298 1713 3299 1646 3299 1645 3299 1715 3300 1646 3300 1713 3300 1714 3301 1647 3301 1715 3301 1696 3302 1647 3302 1714 3302 1647 3303 1696 3303 1540 3303 1540 3304 1696 3304 1716 3304 1540 3305 1716 3305 1479 3305 1413 3306 1479 3306 1716 3306 1716 3307 1696 3307 1415 3307 1415 3308 1696 3308 1414 3308 1414 3309 1696 3309 1714 3309 1414 3310 1714 3310 1416 3310 1714 3311 1715 3311 1416 3311 1416 3312 1715 3312 1417 3312 1417 3313 1715 3313 1713 3313 1417 3314 1713 3314 1420 3314 1420 3315 1713 3315 1645 3315 1420 3316 1645 3316 1418 3316 1645 3317 1644 3317 1418 3317 1418 3318 1644 3318 1712 3318 1418 3319 1712 3319 1419 3319 1712 3320 1641 3320 1419 3320 1419 3321 1641 3321 1422 3321 1422 3322 1641 3322 1711 3322 1422 3323 1711 3323 1421 3323 1711 3324 1710 3324 1421 3324 1421 3325 1710 3325 1424 3325 1424 3326 1710 3326 1709 3326 1424 3327 1709 3327 1423 3327 1423 3328 1709 3328 1708 3328 1423 3329 1708 3329 1426 3329 1708 3330 1707 3330 1426 3330 1426 3331 1707 3331 1706 3331 1426 3332 1706 3332 1425 3332 1706 3333 1705 3333 1425 3333 1425 3334 1705 3334 1427 3334 1427 3335 1705 3335 1704 3335 1427 3336 1704 3336 1428 3336 1428 3337 1704 3337 1429 3337 1704 3338 1588 3338 1429 3338 1429 3339 1588 3339 1430 3339 1430 3340 1588 3340 1702 3340 1430 3341 1702 3341 1431 3341 1702 3342 1703 3342 1431 3342 1431 3343 1703 3343 1432 3343 1432 3344 1703 3344 1700 3344 1432 3345 1700 3345 1433 3345 1700 3346 1701 3346 1433 3346 1433 3347 1701 3347 1436 3347 1701 3348 1699 3348 1436 3348 1436 3349 1699 3349 1434 3349 1445 3350 1437 3350 1697 3350 1697 3351 1437 3351 1435 3351 1697 3352 1435 3352 1698 3352 1698 3353 1435 3353 1434 3353 1698 3354 1434 3354 1699 3354 1437 3355 1446 3355 1439 3355 1439 3356 1447 3356 1450 3356 1439 3357 1450 3357 1438 3357 1438 3358 1450 3358 1452 3358 1438 3359 1454 3359 1455 3359 1438 3360 1455 3360 1440 3360 1440 3361 1458 3361 1441 3361 1441 3362 1461 3362 1463 3362 1441 3363 1463 3363 1465 3363 1441 3364 1465 3364 1444 3364 1444 3365 1468 3365 1469 3365 1444 3366 1469 3366 1442 3366 1442 3367 1471 3367 1472 3367 1442 3368 1472 3368 1474 3368 1442 3369 1474 3369 1443 3369 1443 3370 1478 3370 1480 3370 1443 3371 1480 3371 1413 3371 1724 3372 1719 3372 1718 3372 1718 3373 1717 3373 1720 3373 1718 3374 1720 3374 1721 3374 1718 3375 1721 3375 1722 3375 1722 3376 1723 3376 1718 3376 1718 3377 1723 3377 1724 3377 1725 3378 1726 3378 1718 3378 1718 3379 1726 3379 1727 3379 1718 3380 1727 3380 1728 3380 1719 3381 1729 3381 1718 3381 1728 3382 1730 3382 1718 3382 1718 3383 1730 3383 1717 3383 1729 3384 1731 3384 1718 3384 1718 3385 1731 3385 1732 3385 1718 3386 1732 3386 1733 3386 1733 3387 1734 3387 1718 3387 1718 3388 1734 3388 1735 3388 1718 3389 1736 3389 1725 3389 1725 3390 1736 3390 1737 3390 1725 3391 1737 3391 1738 3391 1737 3392 1739 3392 1738 3392 1738 3393 1739 3393 1740 3393 1718 3394 1744 3394 1741 3394 1735 3395 1742 3395 1718 3395 1742 3396 1743 3396 1718 3396 1718 3397 1743 3397 1744 3397 1745 3398 1746 3398 1741 3398 1741 3399 1746 3399 1747 3399 1741 3400 1747 3400 1718 3400 1813 3401 1757 3401 1807 3401 1807 3402 1757 3402 1748 3402 1749 3403 1750 3403 1751 3403 1751 3404 1750 3404 1752 3404 1751 3405 1752 3405 1753 3405 1753 3406 1752 3406 1754 3406 1753 3407 1754 3407 1755 3407 1755 3408 1754 3408 1756 3408 1755 3409 1756 3409 1757 3409 1757 3410 1756 3410 1748 3410 1749 3411 1764 3411 1750 3411 1750 3412 1764 3412 1758 3412 1760 3413 1759 3413 1761 3413 1760 3414 1761 3414 1762 3414 1762 3415 1761 3415 1763 3415 1762 3416 1763 3416 1764 3416 1764 3417 1763 3417 1758 3417 1765 3418 1766 3418 1748 3418 1748 3419 1766 3419 1807 3419 1767 3420 1759 3420 1768 3420 1770 3421 1771 3421 1748 3421 1748 3422 1771 3422 1772 3422 1748 3423 1772 3423 1765 3423 1767 3424 1774 3424 1759 3424 1759 3425 1774 3425 1775 3425 1775 3426 1776 3426 1759 3426 1759 3427 1776 3427 1790 3427 1758 3428 1777 3428 1778 3428 1766 3429 1779 3429 1807 3429 1807 3430 1779 3430 1780 3430 1780 3431 1781 3431 1807 3431 1807 3432 1781 3432 1782 3432 1803 3433 1783 3433 1784 3433 1773 3434 1785 3434 1786 3434 1786 3435 1785 3435 1805 3435 1786 3436 1805 3436 1808 3436 1787 3437 1788 3437 1768 3437 1768 3438 1788 3438 1789 3438 1768 3439 1789 3439 1767 3439 1790 3440 1791 3440 1758 3440 1758 3441 1791 3441 1777 3441 1778 3442 1792 3442 1758 3442 1758 3443 1792 3443 1793 3443 1758 3444 1793 3444 1750 3444 1750 3445 1793 3445 1794 3445 1750 3446 1794 3446 1769 3446 1783 3447 1795 3447 1784 3447 1784 3448 1795 3448 1796 3448 1784 3449 1796 3449 1786 3449 1786 3450 1796 3450 1797 3450 1786 3451 1797 3451 1773 3451 1758 3452 1763 3452 1790 3452 1790 3453 1763 3453 1761 3453 1770 3454 1748 3454 1798 3454 1798 3455 1748 3455 1756 3455 1798 3456 1756 3456 1799 3456 1799 3457 1756 3457 1754 3457 1799 3458 1754 3458 1752 3458 1769 3459 1800 3459 1750 3459 1750 3460 1800 3460 1799 3460 1750 3461 1799 3461 1752 3461 1801 3462 1782 3462 1802 3462 1801 3463 1802 3463 1784 3463 1784 3464 1802 3464 1803 3464 1801 3465 1804 3465 1782 3465 1805 3466 1806 3466 1768 3466 1768 3467 1806 3467 1787 3467 1790 3468 1761 3468 1759 3468 1782 3469 1804 3469 1807 3469 1768 3470 1809 3470 1805 3470 1805 3471 1809 3471 1808 3471 1760 3472 1812 3472 1759 3472 1759 3473 1812 3473 1768 3473 1810 3474 1786 3474 1808 3474 1810 3475 1808 3475 1811 3475 1811 3476 1808 3476 1809 3476 1811 3477 1809 3477 1812 3477 1812 3478 1809 3478 1768 3478 1810 3479 1815 3479 1786 3479 1786 3480 1815 3480 1784 3480 1813 3481 1807 3481 1804 3481 1813 3482 1804 3482 1814 3482 1814 3483 1804 3483 1801 3483 1814 3484 1801 3484 1815 3484 1815 3485 1801 3485 1784 3485 1816 3486 1817 3486 1819 3486 1816 3487 1819 3487 1818 3487 1818 3488 1819 3488 1820 3488 1813 3489 1817 3489 1757 3489 1757 3490 1817 3490 1821 3490 1819 3491 1813 3491 1814 3491 1814 3492 1822 3492 1819 3492 1822 3493 1814 3493 1823 3493 1813 3494 1819 3494 1817 3494 1760 3495 1762 3495 1827 3495 1811 3496 1824 3496 1825 3496 1811 3497 1825 3497 1810 3497 1827 3498 1826 3498 1760 3498 1814 3499 1815 3499 1823 3499 1823 3500 1815 3500 1825 3500 1825 3501 1815 3501 1810 3501 1828 3502 1753 3502 1829 3502 1811 3503 1812 3503 1824 3503 1824 3504 1812 3504 1826 3504 1826 3505 1812 3505 1760 3505 1762 3506 1764 3506 1827 3506 1827 3507 1764 3507 1828 3507 1828 3508 1764 3508 1749 3508 1828 3509 1749 3509 1751 3509 1829 3510 1753 3510 1755 3510 1829 3511 1755 3511 1821 3511 1821 3512 1755 3512 1757 3512 1828 3513 1751 3513 1753 3513 1930 3514 2216 3514 1830 3514 1830 3515 2216 3515 1831 3515 1830 3516 1831 3516 1832 3516 1832 3517 1831 3517 1833 3517 1832 3518 1833 3518 1834 3518 1834 3519 1833 3519 1835 3519 1834 3520 1835 3520 2134 3520 2208 3521 1836 3521 1837 3521 1837 3522 1836 3522 1838 3522 1837 3523 1838 3523 1839 3523 1839 3524 1838 3524 1840 3524 1839 3525 1840 3525 1841 3525 1841 3526 1840 3526 1842 3526 1841 3527 1842 3527 1843 3527 1945 3528 1845 3528 1846 3528 1946 3529 1847 3529 1848 3529 1848 3530 1847 3530 1849 3530 1848 3531 1849 3531 1850 3531 1850 3532 1849 3532 1851 3532 1851 3533 1849 3533 2192 3533 1938 3534 2123 3534 1852 3534 1852 3535 2123 3535 1853 3535 1853 3536 2123 3536 1941 3536 1941 3537 2123 3537 1854 3537 1856 3538 1855 3538 1942 3538 1942 3539 1855 3539 1857 3539 1858 3540 1857 3540 1859 3540 1858 3541 1859 3541 2195 3541 1860 3542 1861 3542 1862 3542 1860 3543 1862 3543 1863 3543 1863 3544 1862 3544 1864 3544 1865 3545 1866 3545 1867 3545 1873 3546 1874 3546 1875 3546 1875 3547 1874 3547 1876 3547 1875 3548 1876 3548 1877 3548 1878 3549 1879 3549 1880 3549 1878 3550 1880 3550 1881 3550 1881 3551 1880 3551 1882 3551 1881 3552 1882 3552 1884 3552 1884 3553 1882 3553 1787 3553 1884 3554 1787 3554 1806 3554 1884 3555 1806 3555 1883 3555 1884 3556 1883 3556 1886 3556 1886 3557 1885 3557 1887 3557 1886 3558 1887 3558 2064 3558 2064 3559 1887 3559 1888 3559 2064 3560 1888 3560 1889 3560 2064 3561 1889 3561 1890 3561 1890 3562 1889 3562 1891 3562 1890 3563 1891 3563 1892 3563 1892 3564 1891 3564 1893 3564 1892 3565 1893 3565 1894 3565 1894 3566 1893 3566 1895 3566 1894 3567 1895 3567 1896 3567 1896 3568 1895 3568 1897 3568 1896 3569 1897 3569 2067 3569 2067 3570 1897 3570 1898 3570 2067 3571 1898 3571 1872 3571 1872 3572 1898 3572 1899 3572 1872 3573 1899 3573 1900 3573 1872 3574 1900 3574 2068 3574 2068 3575 1900 3575 1780 3575 2068 3576 1780 3576 1901 3576 2068 3577 1901 3577 1902 3577 1902 3578 1901 3578 1903 3578 1902 3579 1903 3579 1904 3579 1905 3580 1906 3580 1907 3580 1905 3581 1907 3581 1908 3581 1908 3582 1907 3582 1909 3582 1908 3583 1909 3583 1910 3583 1910 3584 1909 3584 1911 3584 1910 3585 1911 3585 1913 3585 1913 3586 1911 3586 1912 3586 1913 3587 1912 3587 1914 3587 1914 3588 1915 3588 2125 3588 2125 3589 1915 3589 1869 3589 2125 3590 1869 3590 1916 3590 1916 3591 1917 3591 1918 3591 1918 3592 1917 3592 1919 3592 1918 3593 1919 3593 1920 3593 1918 3594 1920 3594 1921 3594 1918 3595 1921 3595 1923 3595 1923 3596 1921 3596 1922 3596 1923 3597 1922 3597 1924 3597 1923 3598 1924 3598 1925 3598 1926 3599 1930 3599 1830 3599 1926 3600 1830 3600 1927 3600 1927 3601 1830 3601 1928 3601 1927 3602 1928 3602 1929 3602 1929 3603 1928 3603 1834 3603 1929 3604 1834 3604 2134 3604 1930 3605 1926 3605 1931 3605 1929 3606 2134 3606 1930 3606 1931 3607 1929 3607 1930 3607 1932 3608 2208 3608 1837 3608 1932 3609 1837 3609 1933 3609 1933 3610 1837 3610 1934 3610 1933 3611 1934 3611 1935 3611 1935 3612 1934 3612 1841 3612 1935 3613 1841 3613 1843 3613 1936 3614 1932 3614 1937 3614 2208 3615 1932 3615 1936 3615 1935 3616 1843 3616 1936 3616 1937 3617 1935 3617 1936 3617 1938 3618 1852 3618 1939 3618 1939 3619 1852 3619 1853 3619 1939 3620 1853 3620 1940 3620 1940 3621 1853 3621 1941 3621 1941 3622 1854 3622 1966 3622 1856 3623 2197 3623 1855 3623 1942 3624 1857 3624 1858 3624 1943 3625 1858 3625 2195 3625 1944 3626 1844 3626 1845 3626 1944 3627 1845 3627 1945 3627 1945 3628 1846 3628 2005 3628 1960 3629 1847 3629 1946 3629 1946 3630 1848 3630 1850 3630 1946 3631 1850 3631 1947 3631 1947 3632 1850 3632 1851 3632 1947 3633 1851 3633 2191 3633 2191 3634 2193 3634 1949 3634 1949 3635 2193 3635 1953 3635 1959 3636 2191 3636 1949 3636 1960 3637 1950 3637 1951 3637 1960 3638 1951 3638 1952 3638 1960 3639 1952 3639 2193 3639 2193 3640 1952 3640 1953 3640 1961 3641 1946 3641 1954 3641 1954 3642 1946 3642 1947 3642 1954 3643 1947 3643 1955 3643 1955 3644 1947 3644 1956 3644 1956 3645 1947 3645 1957 3645 1957 3646 1947 3646 1958 3646 1958 3647 1947 3647 1959 3647 1959 3648 1947 3648 2191 3648 1946 3649 1961 3649 1962 3649 1946 3650 1962 3650 1960 3650 1960 3651 1962 3651 1963 3651 1960 3652 1963 3652 1975 3652 1964 3653 2199 3653 1965 3653 1965 3654 2199 3654 1968 3654 1950 3655 1966 3655 2198 3655 1950 3656 2198 3656 1967 3656 1967 3657 2198 3657 1964 3657 1964 3658 2198 3658 2199 3658 1972 3659 1969 3659 1940 3659 1940 3660 1969 3660 1939 3660 1965 3661 1968 3661 1938 3661 1965 3662 1938 3662 1979 3662 1939 3663 1969 3663 1970 3663 1939 3664 1970 3664 1971 3664 1972 3665 1940 3665 1941 3665 1972 3666 1941 3666 1973 3666 1973 3667 1941 3667 1966 3667 1973 3668 1966 3668 1974 3668 1974 3669 1966 3669 1975 3669 1975 3670 1966 3670 1950 3670 1975 3671 1950 3671 1960 3671 1939 3672 1976 3672 1977 3672 1939 3673 1977 3673 1978 3673 1939 3674 1978 3674 1938 3674 1938 3675 1978 3675 1979 3675 1980 3676 1985 3676 1981 3676 1980 3677 1981 3677 1982 3677 1982 3678 1981 3678 1983 3678 1983 3679 1981 3679 1986 3679 1983 3680 1986 3680 1971 3680 1971 3681 1986 3681 1976 3681 1971 3682 1976 3682 1939 3682 1985 3683 1980 3683 1984 3683 1985 3684 1984 3684 1943 3684 1991 3685 1988 3685 1856 3685 1976 3686 1986 3686 1987 3686 1987 3687 1986 3687 1988 3687 1987 3688 1988 3688 1989 3688 1989 3689 1988 3689 1990 3689 1990 3690 1988 3690 1991 3690 1991 3691 1856 3691 1992 3691 1858 3692 1993 3692 1994 3692 1858 3693 1994 3693 1995 3693 1858 3694 1995 3694 1942 3694 1942 3695 1995 3695 1996 3695 1942 3696 1996 3696 1992 3696 1942 3697 1992 3697 1856 3697 1984 3698 1997 3698 1943 3698 1943 3699 1997 3699 1998 3699 1943 3700 1998 3700 1999 3700 1948 3701 2005 3701 2006 3701 2001 3702 2011 3702 2000 3702 2000 3703 2011 3703 2003 3703 1957 3704 2005 3704 1956 3704 1956 3705 2005 3705 2001 3705 1956 3706 2001 3706 2002 3706 2002 3707 2001 3707 2000 3707 2004 3708 1945 3708 1948 3708 1948 3709 1945 3709 2005 3709 2006 3710 2005 3710 2007 3710 2007 3711 2005 3711 1957 3711 1993 3712 1944 3712 2008 3712 2008 3713 1944 3713 2009 3713 2009 3714 1944 3714 2004 3714 2004 3715 1944 3715 1945 3715 2003 3716 2011 3716 2010 3716 2010 3717 2011 3717 1944 3717 2010 3718 1944 3718 2012 3718 2012 3719 1944 3719 1999 3719 1999 3720 1944 3720 1993 3720 1999 3721 1993 3721 1943 3721 1943 3722 1993 3722 1858 3722 2013 3723 2014 3723 2015 3723 2015 3724 2014 3724 2002 3724 2015 3725 2002 3725 2016 3725 2016 3726 2002 3726 2000 3726 2016 3727 2000 3727 2017 3727 2017 3728 2000 3728 2003 3728 2017 3729 2003 3729 2018 3729 2018 3730 2003 3730 2010 3730 2018 3731 2010 3731 2019 3731 2019 3732 2010 3732 2012 3732 2019 3733 2012 3733 2020 3733 2020 3734 2012 3734 1999 3734 2020 3735 1999 3735 1998 3735 2020 3736 1998 3736 2021 3736 2021 3737 1998 3737 1997 3737 2021 3738 1997 3738 2022 3738 2022 3739 1997 3739 1984 3739 2022 3740 1984 3740 2023 3740 2023 3741 1984 3741 1980 3741 2023 3742 1980 3742 2024 3742 2024 3743 1980 3743 2025 3743 2025 3744 1980 3744 1982 3744 2025 3745 1982 3745 2026 3745 2026 3746 1982 3746 1983 3746 2026 3747 1983 3747 2027 3747 2027 3748 1983 3748 2028 3748 2020 3749 2021 3749 2029 3749 2030 3750 2031 3750 2019 3750 2030 3751 2019 3751 2029 3751 2029 3752 2019 3752 2020 3752 2031 3753 2033 3753 2019 3753 2019 3754 2033 3754 2034 3754 2034 3755 2035 3755 2019 3755 2039 3756 2036 3756 2017 3756 2017 3757 2036 3757 2037 3757 2032 3758 2018 3758 2019 3758 2032 3759 2019 3759 2038 3759 2018 3760 2032 3760 2017 3760 2017 3761 2032 3761 2039 3761 2022 3762 2040 3762 2021 3762 2021 3763 2040 3763 2041 3763 2021 3764 2041 3764 2029 3764 2023 3765 2024 3765 2025 3765 2023 3766 2025 3766 2026 3766 2035 3767 2042 3767 2019 3767 2019 3768 2042 3768 2038 3768 2037 3769 2015 3769 2017 3769 2017 3770 2015 3770 2016 3770 2040 3771 2022 3771 2023 3771 2040 3772 2023 3772 2043 3772 2043 3773 2023 3773 2026 3773 2049 3774 1816 3774 2044 3774 1818 3775 2045 3775 2046 3775 2046 3776 1816 3776 1818 3776 1816 3777 2051 3777 2044 3777 1818 3778 2047 3778 2045 3778 2047 3779 1818 3779 1820 3779 1820 3780 2050 3780 2047 3780 2046 3781 2051 3781 1816 3781 2049 3782 2044 3782 2048 3782 1820 3783 2052 3783 2050 3783 2095 3784 2053 3784 2184 3784 2184 3785 2053 3785 2054 3785 2054 3786 2055 3786 2186 3786 2186 3787 2055 3787 2056 3787 2056 3788 2055 3788 2160 3788 2056 3789 2160 3789 2161 3789 2056 3790 2161 3790 2057 3790 2057 3791 2161 3791 2058 3791 2058 3792 2161 3792 2059 3792 2058 3793 2059 3793 2060 3793 2060 3794 2059 3794 1881 3794 2060 3795 1881 3795 2061 3795 2061 3796 1881 3796 1884 3796 2061 3797 1884 3797 2062 3797 2062 3798 1884 3798 2063 3798 2063 3799 1884 3799 1886 3799 2063 3800 1886 3800 1866 3800 1866 3801 1886 3801 2064 3801 2064 3802 1890 3802 2065 3802 2065 3803 1890 3803 2066 3803 2065 3804 2066 3804 1896 3804 1896 3805 2066 3805 1894 3805 2069 3806 2068 3806 1902 3806 2069 3807 1902 3807 2070 3807 2070 3808 1902 3808 2071 3808 2070 3809 2071 3809 2072 3809 2072 3810 2071 3810 2073 3810 2072 3811 2073 3811 2074 3811 2074 3812 2073 3812 2076 3812 2074 3813 2076 3813 2075 3813 2075 3814 2076 3814 2077 3814 2095 3815 2078 3815 2079 3815 2095 3816 2079 3816 2080 3816 2095 3817 2080 3817 2053 3817 2081 3818 2082 3818 2060 3818 2081 3819 2060 3819 1862 3819 1862 3820 2060 3820 2061 3820 1862 3821 2061 3821 1864 3821 1864 3822 2061 3822 2062 3822 2062 3823 2063 3823 1865 3823 1865 3824 2063 3824 1866 3824 1866 3825 2064 3825 1867 3825 1867 3826 2064 3826 2065 3826 1867 3827 2065 3827 1868 3827 1868 3828 2065 3828 1869 3828 1869 3829 2065 3829 1896 3829 1869 3830 1896 3830 1870 3830 1870 3831 1896 3831 2067 3831 1870 3832 2067 3832 1871 3832 1871 3833 2067 3833 2084 3833 2084 3834 2067 3834 1872 3834 1872 3835 2068 3835 1873 3835 1873 3836 2068 3836 2069 3836 1873 3837 2069 3837 1874 3837 1874 3838 2069 3838 2083 3838 1874 3839 2083 3839 1876 3839 1920 3840 2084 3840 1872 3840 1920 3841 1872 3841 2085 3841 2085 3842 1872 3842 1873 3842 2085 3843 1873 3843 2086 3843 2086 3844 1873 3844 1875 3844 2086 3845 1875 3845 2087 3845 2087 3846 1875 3846 2088 3846 2087 3847 2088 3847 2089 3847 2089 3848 2088 3848 2090 3848 2089 3849 2090 3849 2091 3849 2091 3850 2090 3850 2182 3850 2091 3851 2182 3851 2169 3851 2169 3852 2182 3852 2092 3852 2169 3853 2092 3853 2183 3853 2170 3854 2183 3854 2093 3854 2170 3855 2093 3855 2171 3855 2171 3856 2093 3856 2094 3856 2171 3857 2094 3857 2172 3857 2172 3858 2094 3858 2095 3858 2172 3859 2095 3859 2173 3859 2173 3860 2095 3860 2096 3860 2173 3861 2096 3861 2174 3861 2096 3862 2185 3862 2097 3862 2097 3863 2185 3863 2186 3863 2097 3864 2186 3864 2098 3864 2098 3865 2186 3865 2099 3865 2098 3866 2099 3866 2100 3866 2100 3867 2099 3867 2102 3867 2100 3868 2102 3868 2101 3868 2101 3869 2102 3869 2103 3869 2103 3870 2102 3870 2104 3870 2103 3871 2104 3871 2105 3871 2105 3872 2104 3872 1863 3872 2105 3873 1863 3873 2106 3873 2106 3874 1863 3874 1864 3874 2106 3875 1864 3875 2107 3875 2107 3876 1864 3876 2062 3876 2107 3877 2062 3877 1865 3877 2107 3878 1865 3878 2108 3878 2108 3879 1865 3879 1867 3879 2108 3880 1867 3880 1868 3880 2109 3881 2110 3881 2105 3881 2109 3882 2105 3882 1907 3882 1907 3883 2105 3883 2106 3883 1907 3884 2106 3884 1909 3884 1909 3885 2106 3885 2107 3885 1909 3886 2107 3886 1911 3886 1911 3887 2107 3887 2108 3887 1911 3888 2108 3888 1912 3888 1912 3889 2108 3889 1914 3889 1914 3890 2108 3890 1868 3890 1914 3891 1868 3891 1915 3891 1915 3892 1868 3892 1869 3892 1869 3893 1870 3893 1916 3893 1916 3894 1870 3894 1871 3894 1916 3895 1871 3895 1917 3895 1917 3896 1871 3896 2084 3896 1917 3897 2084 3897 1919 3897 1919 3898 2084 3898 1920 3898 1920 3899 2085 3899 1921 3899 1921 3900 2085 3900 1922 3900 1922 3901 2085 3901 2086 3901 1922 3902 2086 3902 2111 3902 1922 3903 2111 3903 1924 3903 1846 3904 2113 3904 2112 3904 2123 3905 1844 3905 2112 3905 2112 3906 1844 3906 1846 3906 1846 3907 1845 3907 2114 3907 2113 3908 1846 3908 2114 3908 2176 3909 1845 3909 1844 3909 2176 3910 1844 3910 2123 3910 2114 3911 1845 3911 2176 3911 1843 3912 2116 3912 2176 3912 2115 3913 2116 3913 1842 3913 2116 3914 1843 3914 1842 3914 2115 3915 1838 3915 2116 3915 2116 3916 1838 3916 1836 3916 2116 3917 1836 3917 2119 3917 2119 3918 2117 3918 2118 3918 2119 3919 1836 3919 2117 3919 1859 3920 1857 3920 2117 3920 2123 3921 1859 3921 2117 3921 2117 3922 1857 3922 2118 3922 2118 3923 1857 3923 1855 3923 2118 3924 1855 3924 2197 3924 2118 3925 2197 3925 2120 3925 2123 3926 2197 3926 2121 3926 2123 3927 2121 3927 1859 3927 2122 3928 2120 3928 2123 3928 2120 3929 2197 3929 2123 3929 1918 3930 1923 3930 2123 3930 2123 3931 1923 3931 1925 3931 2123 3932 1925 3932 2122 3932 2123 3933 2124 3933 1918 3933 2125 3934 1916 3934 2124 3934 2124 3935 1916 3935 1918 3935 1914 3936 2125 3936 1913 3936 1913 3937 2125 3937 2123 3937 2123 3938 1847 3938 2126 3938 1913 3939 2192 3939 1910 3939 2123 3940 2126 3940 1913 3940 2192 3941 1913 3941 2126 3941 1910 3942 2192 3942 1849 3942 1910 3943 1849 3943 1908 3943 1908 3944 1849 3944 2112 3944 2112 3945 1849 3945 2123 3945 1849 3946 1847 3946 2123 3946 2123 3947 1836 3947 2127 3947 2123 3948 2127 3948 2128 3948 2128 3949 2129 3949 2123 3949 2123 3950 2129 3950 1843 3950 2117 3951 1836 3951 2123 3951 2123 3952 1843 3952 2176 3952 2124 3953 2216 3953 2130 3953 2125 3954 2124 3954 2131 3954 2131 3955 2124 3955 2130 3955 2123 3956 2134 3956 1835 3956 2123 3957 1835 3957 2132 3957 1831 3958 2216 3958 2123 3958 2131 3959 2133 3959 2125 3959 2125 3960 2133 3960 2134 3960 2123 3961 2132 3961 1831 3961 2123 3962 2216 3962 2124 3962 2125 3963 2134 3963 2123 3963 2047 3964 2050 3964 1825 3964 1825 3965 2050 3965 1823 3965 1820 3966 1819 3966 1822 3966 1820 3967 1822 3967 2052 3967 2052 3968 1822 3968 2050 3968 2050 3969 1822 3969 1823 3969 1816 3970 2049 3970 1817 3970 1817 3971 2049 3971 1821 3971 2044 3972 1828 3972 2048 3972 2048 3973 1828 3973 1829 3973 2048 3974 1829 3974 2049 3974 2049 3975 1829 3975 1821 3975 2044 3976 2051 3976 1828 3976 1828 3977 2051 3977 1827 3977 2046 3978 1826 3978 2051 3978 2051 3979 1826 3979 1827 3979 2046 3980 2045 3980 1826 3980 1826 3981 2045 3981 1824 3981 2047 3982 1825 3982 2045 3982 2045 3983 1825 3983 1824 3983 1746 3984 2135 3984 1747 3984 1747 3985 2135 3985 1987 3985 1747 3986 1987 3986 1718 3986 1718 3987 1987 3987 1989 3987 1718 3988 1989 3988 1736 3988 1736 3989 1989 3989 1990 3989 1736 3990 1990 3990 1737 3990 1737 3991 1990 3991 1991 3991 1737 3992 1991 3992 1739 3992 1739 3993 1991 3993 1992 3993 1739 3994 1992 3994 1740 3994 1740 3995 1992 3995 1996 3995 1740 3996 1996 3996 1738 3996 1738 3997 1996 3997 1995 3997 1738 3998 1995 3998 1725 3998 1725 3999 1995 3999 1994 3999 1725 4000 1994 4000 2136 4000 2136 4001 1994 4001 2137 4001 2136 4002 2137 4002 1727 4002 1727 4003 2137 4003 2008 4003 1727 4004 2008 4004 1728 4004 1728 4005 2008 4005 2009 4005 1728 4006 2009 4006 1730 4006 1730 4007 2009 4007 2004 4007 1730 4008 2004 4008 1717 4008 1717 4009 2004 4009 1948 4009 1717 4010 1948 4010 1720 4010 1720 4011 1948 4011 2006 4011 1720 4012 2006 4012 1721 4012 1721 4013 2006 4013 2007 4013 1721 4014 2007 4014 2138 4014 2138 4015 2007 4015 2139 4015 2140 4016 2141 4016 1789 4016 2140 4017 1789 4017 1880 4017 1880 4018 1789 4018 1788 4018 1880 4019 1788 4019 1882 4019 1882 4020 1788 4020 1787 4020 1883 4021 1806 4021 1805 4021 1883 4022 1805 4022 1886 4022 1886 4023 1805 4023 1785 4023 1886 4024 1785 4024 1885 4024 1885 4025 1785 4025 1887 4025 1887 4026 1785 4026 1773 4026 1887 4027 1773 4027 1888 4027 1888 4028 1773 4028 1797 4028 1888 4029 1797 4029 1889 4029 1889 4030 1797 4030 2142 4030 1889 4031 2142 4031 2143 4031 2143 4032 2142 4032 1795 4032 2143 4033 1795 4033 1893 4033 1893 4034 1795 4034 1783 4034 1893 4035 1783 4035 1895 4035 1895 4036 1783 4036 1803 4036 1895 4037 1803 4037 1897 4037 1897 4038 1803 4038 1802 4038 1897 4039 1802 4039 1898 4039 1898 4040 1802 4040 1782 4040 1898 4041 1782 4041 1899 4041 1899 4042 1782 4042 1781 4042 1899 4043 1781 4043 1900 4043 1900 4044 1781 4044 1780 4044 1780 4045 1779 4045 1901 4045 1901 4046 1779 4046 2144 4046 1901 4047 2144 4047 1903 4047 1903 4048 2144 4048 1765 4048 1903 4049 1765 4049 2145 4049 2145 4050 1765 4050 1772 4050 2145 4051 1772 4051 2146 4051 2146 4052 1772 4052 1771 4052 2146 4053 1771 4053 2147 4053 2147 4054 1771 4054 1770 4054 2147 4055 1770 4055 2148 4055 2148 4056 1770 4056 1798 4056 2148 4057 1798 4057 2149 4057 2149 4058 1798 4058 1799 4058 2149 4059 1799 4059 2150 4059 2150 4060 1799 4060 1800 4060 2150 4061 1800 4061 2151 4061 2151 4062 1800 4062 1769 4062 2151 4063 1769 4063 2152 4063 2152 4064 1769 4064 1794 4064 2152 4065 1794 4065 2153 4065 2153 4066 1794 4066 2154 4066 2153 4067 2154 4067 2155 4067 2155 4068 2154 4068 1792 4068 2155 4069 1792 4069 2156 4069 2156 4070 1792 4070 1778 4070 2156 4071 1778 4071 2157 4071 2157 4072 1778 4072 1777 4072 2158 4073 1791 4073 1790 4073 2158 4074 1790 4074 2055 4074 2055 4075 1790 4075 1776 4075 2055 4076 1776 4076 2159 4076 2159 4077 1776 4077 1775 4077 2159 4078 1775 4078 2160 4078 2160 4079 1775 4079 2161 4079 2161 4080 1775 4080 1774 4080 2161 4081 1774 4081 2162 4081 2162 4082 1774 4082 1767 4082 2162 4083 1767 4083 2163 4083 2138 4084 2139 4084 1723 4084 1723 4085 2139 4085 1958 4085 1723 4086 1958 4086 1724 4086 1724 4087 1958 4087 1959 4087 1724 4088 1959 4088 1719 4088 1719 4089 1959 4089 1949 4089 1719 4090 1949 4090 1729 4090 1729 4091 1949 4091 1953 4091 1729 4092 1953 4092 1731 4092 1731 4093 1953 4093 1952 4093 1731 4094 1952 4094 1732 4094 1732 4095 1952 4095 1951 4095 1732 4096 1951 4096 2164 4096 2164 4097 1951 4097 2165 4097 2164 4098 2165 4098 1734 4098 1734 4099 2165 4099 1967 4099 1734 4100 1967 4100 1735 4100 1735 4101 1967 4101 1964 4101 1735 4102 1964 4102 1742 4102 1742 4103 1964 4103 1965 4103 1742 4104 1965 4104 1743 4104 1743 4105 1965 4105 1979 4105 1743 4106 1979 4106 1744 4106 1744 4107 1979 4107 1741 4107 1741 4108 1979 4108 1978 4108 1741 4109 1978 4109 1745 4109 1745 4110 1978 4110 1977 4110 1745 4111 1977 4111 2166 4111 2166 4112 1977 4112 2167 4112 1924 4113 2111 4113 2089 4113 1924 4114 2089 4114 2168 4114 2168 4115 2089 4115 2091 4115 2169 4116 2183 4116 2118 4116 2118 4117 2183 4117 2170 4117 2175 4118 2174 4118 2096 4118 2175 4119 2096 4119 2176 4119 2176 4120 2096 4120 2097 4120 2176 4121 2097 4121 2114 4121 2114 4122 2097 4122 2098 4122 2114 4123 2098 4123 2177 4123 2177 4124 2098 4124 2178 4124 2178 4125 2098 4125 2100 4125 2178 4126 2100 4126 2101 4126 2178 4127 2101 4127 2179 4127 2178 4128 2179 4128 2180 4128 1876 4129 2083 4129 2072 4129 1876 4130 2072 4130 2181 4130 2181 4131 2072 4131 2074 4131 2181 4132 2074 4132 2182 4132 2182 4133 2074 4133 2075 4133 2182 4134 2075 4134 2092 4134 2092 4135 2075 4135 2077 4135 2092 4136 2077 4136 2183 4136 2183 4137 2077 4137 2093 4137 2093 4138 2077 4138 2078 4138 2093 4139 2078 4139 2094 4139 2094 4140 2078 4140 2095 4140 2185 4141 2184 4141 2054 4141 2185 4142 2054 4142 2186 4142 2099 4143 2186 4143 2056 4143 2099 4144 2056 4144 2102 4144 2102 4145 2056 4145 2057 4145 2102 4146 2057 4146 2187 4146 2102 4147 2187 4147 2188 4147 2027 4148 2028 4148 2040 4148 2040 4149 2028 4149 1970 4149 2040 4150 1970 4150 2041 4150 2041 4151 1970 4151 1969 4151 2041 4152 1969 4152 2029 4152 2029 4153 1969 4153 2030 4153 2030 4154 1969 4154 1972 4154 2030 4155 1972 4155 2031 4155 2031 4156 1972 4156 2033 4156 2033 4157 1972 4157 1973 4157 2033 4158 1973 4158 2034 4158 2034 4159 1973 4159 1974 4159 2034 4160 1974 4160 2035 4160 1974 4161 1975 4161 2035 4161 2035 4162 1975 4162 1963 4162 2035 4163 1963 4163 2042 4163 2042 4164 1963 4164 1962 4164 2042 4165 1962 4165 2038 4165 2038 4166 1962 4166 1961 4166 2038 4167 1961 4167 2032 4167 2032 4168 1961 4168 2039 4168 2039 4169 1961 4169 1954 4169 2039 4170 1954 4170 2036 4170 2036 4171 1954 4171 1955 4171 2036 4172 1955 4172 2189 4172 2189 4173 1955 4173 2190 4173 2191 4174 2192 4174 2193 4174 1960 4175 2193 4175 2126 4175 1960 4176 2126 4176 1847 4176 2005 4177 2194 4177 2001 4177 2001 4178 2194 4178 2011 4178 1944 4179 2011 4179 1844 4179 1943 4180 2195 4180 1985 4180 1981 4181 2196 4181 1986 4181 1986 4182 2196 4182 1988 4182 1988 4183 2196 4183 2197 4183 1988 4184 2197 4184 1856 4184 1966 4185 1854 4185 2198 4185 1968 4186 2199 4186 2200 4186 1968 4187 2200 4187 1938 4187 1936 4188 2201 4188 2202 4188 1843 4189 2201 4189 1936 4189 2203 4190 2208 4190 1936 4190 2202 4191 2203 4191 1936 4191 2201 4192 1843 4192 2204 4192 2201 4193 2204 4193 2205 4193 2205 4194 2204 4194 2206 4194 2205 4195 2206 4195 2203 4195 2203 4196 2206 4196 2207 4196 2203 4197 2207 4197 2208 4197 1930 4198 2209 4198 2210 4198 2134 4199 2209 4199 1930 4199 2211 4200 2216 4200 1930 4200 2210 4201 2211 4201 1930 4201 2209 4202 2134 4202 2212 4202 2209 4203 2212 4203 2213 4203 2213 4204 2212 4204 2214 4204 2213 4205 2214 4205 2211 4205 2211 4206 2214 4206 2215 4206 2211 4207 2215 4207 2216 4207 2217 4208 2218 4208 2168 4208 2217 4209 2168 4209 2122 4209 2122 4210 2168 4210 2091 4210 2122 4211 2091 4211 2120 4211 2120 4212 2091 4212 2169 4212 2120 4213 2169 4213 2118 4213 2118 4214 2170 4214 2119 4214 2119 4215 2170 4215 2171 4215 2119 4216 2171 4216 2172 4216 2119 4217 2172 4217 2173 4217 2119 4218 2173 4218 2116 4218 2116 4219 2173 4219 2174 4219 2116 4220 2174 4220 2175 4220 2116 4221 2175 4221 2176 4221 2114 4222 2177 4222 2113 4222 2113 4223 2177 4223 2178 4223 2113 4224 2178 4224 2180 4224 2113 4225 2180 4225 2112 4225 2219 4226 2220 4226 2145 4226 2219 4227 2145 4227 2073 4227 2073 4228 2145 4228 2146 4228 2073 4229 2146 4229 2076 4229 2076 4230 2146 4230 2147 4230 2076 4231 2147 4231 2148 4231 2076 4232 2148 4232 2149 4232 2076 4233 2149 4233 2077 4233 2077 4234 2149 4234 2150 4234 2077 4235 2150 4235 2151 4235 2077 4236 2151 4236 2078 4236 2078 4237 2151 4237 2152 4237 2078 4238 2152 4238 2153 4238 2078 4239 2153 4239 2079 4239 2079 4240 2153 4240 2221 4240 2079 4241 2221 4241 2222 4241 2222 4242 2221 4242 2156 4242 2222 4243 2156 4243 2053 4243 2053 4244 2156 4244 2157 4244 2053 4245 2157 4245 2054 4245 2054 4246 2157 4246 1777 4246 2054 4247 1777 4247 1791 4247 2054 4248 1791 4248 2158 4248 2054 4249 2158 4249 2055 4249 2055 4250 2159 4250 2160 4250 2161 4251 2162 4251 2163 4251 2161 4252 2163 4252 2059 4252 2223 4253 2224 4253 2181 4253 2223 4254 2181 4254 2090 4254 2090 4255 2181 4255 2182 4255 2095 4256 2184 4256 2096 4256 2096 4257 2184 4257 2185 4257 2102 4258 2188 4258 2104 4258 2195 4259 1859 4259 2121 4259 2195 4260 2121 4260 1985 4260 1985 4261 2121 4261 1981 4261 1981 4262 2121 4262 2196 4262 2196 4263 2121 4263 2197 4263 1854 4264 2123 4264 2198 4264 2198 4265 2123 4265 2199 4265 2199 4266 2123 4266 2200 4266 2200 4267 2123 4267 1938 4267 1851 4268 2192 4268 2191 4268 2192 4269 2126 4269 2193 4269 2005 4270 1846 4270 2194 4270 2194 4271 1846 4271 1844 4271 2194 4272 1844 4272 2011 4272 2204 4273 1843 4273 2129 4273 2204 4274 2129 4274 2225 4274 2225 4275 2129 4275 2226 4275 2225 4276 2226 4276 2207 4276 2207 4277 2226 4277 2127 4277 2207 4278 2127 4278 2208 4278 2208 4279 2127 4279 1836 4279 2212 4280 2134 4280 2133 4280 2212 4281 2133 4281 2227 4281 2227 4282 2133 4282 2228 4282 2227 4283 2228 4283 2215 4283 2215 4284 2228 4284 2130 4284 2215 4285 2130 4285 2216 4285 2229 4286 2333 4286 2230 4286 2229 4287 2230 4287 2231 4287 2231 4288 2230 4288 2232 4288 2232 4289 2230 4289 2245 4289 2232 4290 2245 4290 2233 4290 2232 4291 2233 4291 2234 4291 2234 4292 2233 4292 2235 4292 2234 4293 2235 4293 2236 4293 2236 4294 2235 4294 2237 4294 2236 4295 2237 4295 2336 4295 2242 4296 2239 4296 2240 4296 2240 4297 2239 4297 2241 4297 2243 4298 2239 4298 2242 4298 2243 4299 2246 4299 2244 4299 2247 4300 2248 4300 2245 4300 2246 4301 2245 4301 2244 4301 2249 4302 2250 4302 2251 4302 2253 4303 2251 4303 2252 4303 2253 4304 2252 4304 2248 4304 2254 4305 2255 4305 2250 4305 943 4306 2256 4306 2335 4306 943 4307 2335 4307 942 4307 942 4308 2335 4308 941 4308 941 4309 2335 4309 2257 4309 941 4310 2257 4310 940 4310 940 4311 2257 4311 2258 4311 940 4312 2258 4312 932 4312 2361 4313 2339 4313 2259 4313 2259 4314 2339 4314 2260 4314 2259 4315 2260 4315 2262 4315 2262 4316 2260 4316 2261 4316 2262 4317 2261 4317 2263 4317 2262 4318 2263 4318 2264 4318 2264 4319 2263 4319 2362 4319 2362 4320 2263 4320 2337 4320 2265 4321 996 4321 2266 4321 2266 4322 996 4322 2267 4322 2266 4323 2267 4323 2258 4323 2258 4324 2267 4324 932 4324 2268 4325 2269 4325 2270 4325 2270 4326 2269 4326 2271 4326 2270 4327 2271 4327 2254 4327 2254 4328 2271 4328 2255 4328 2273 4329 2269 4329 2268 4329 2273 4330 2272 4330 2274 4330 2273 4331 2275 4331 2272 4331 2272 4332 2275 4332 2276 4332 2281 4333 2278 4333 2279 4333 2281 4334 2279 4334 2280 4334 2281 4335 2280 4335 2277 4335 2277 4336 2280 4336 2282 4336 2277 4337 2282 4337 2276 4337 2278 4338 2286 4338 2285 4338 2283 4339 2284 4339 2285 4339 2283 4340 2285 4340 2286 4340 2288 4341 2284 4341 2283 4341 996 4342 2265 4342 2338 4342 996 4343 2338 4343 1033 4343 1033 4344 2338 4344 1027 4344 1027 4345 2338 4345 2289 4345 1027 4346 2289 4346 1030 4346 1030 4347 2289 4347 1032 4347 1032 4348 2289 4348 2290 4348 1032 4349 2290 4349 1028 4349 2291 4350 2292 4350 2305 4350 2305 4351 2292 4351 2304 4351 2305 4352 2304 4352 2293 4352 2293 4353 2304 4353 2294 4353 2293 4354 2294 4354 2295 4354 2295 4355 2294 4355 2330 4355 2299 4356 2300 4356 2296 4356 2298 4357 2301 4357 2300 4357 2298 4358 2300 4358 2299 4358 2301 4359 2302 4359 2303 4359 2305 4360 2306 4360 2304 4360 2305 4361 2304 4361 2303 4361 2305 4362 2303 4362 2302 4362 2306 4363 2307 4363 2308 4363 2308 4364 2309 4364 2238 4364 2238 4365 2309 4365 2240 4365 2256 4366 943 4366 2310 4366 2310 4367 943 4367 2311 4367 2310 4368 2311 4368 2312 4368 2312 4369 2311 4369 1097 4369 1107 4370 2313 4370 2329 4370 1107 4371 2329 4371 2314 4371 2314 4372 2329 4372 2316 4372 2316 4373 2329 4373 2315 4373 2316 4374 2315 4374 1097 4374 1097 4375 2315 4375 2312 4375 2317 4376 2318 4376 2375 4376 2375 4377 2318 4377 2319 4377 2319 4378 2318 4378 2320 4378 2319 4379 2320 4379 2321 4379 2321 4380 2320 4380 2322 4380 2321 4381 2322 4381 2323 4381 2323 4382 2322 4382 2324 4382 2323 4383 2324 4383 2325 4383 2325 4384 2324 4384 2355 4384 2325 4385 2355 4385 2326 4385 2327 4386 2328 4386 2313 4386 2328 4387 2370 4387 2313 4387 2313 4388 2370 4388 2329 4388 2327 4389 2300 4389 2328 4389 2315 4390 2329 4390 2330 4390 2315 4391 2330 4391 2312 4391 2312 4392 2330 4392 2294 4392 2312 4393 2294 4393 2310 4393 2306 4394 2308 4394 2304 4394 2310 4395 2294 4395 2308 4395 2308 4396 2294 4396 2304 4396 2292 4397 2303 4397 2304 4397 2301 4398 2303 4398 2292 4398 2301 4399 2292 4399 2328 4399 2301 4400 2328 4400 2300 4400 2257 4401 2336 4401 2258 4401 2258 4402 2336 4402 2237 4402 2258 4403 2237 4403 2331 4403 2331 4404 2237 4404 2235 4404 2255 4405 2332 4405 2331 4405 2333 4406 2334 4406 2310 4406 2245 4407 2248 4407 2233 4407 2244 4408 2245 4408 2230 4408 2244 4409 2230 4409 2239 4409 2310 4410 2334 4410 2256 4410 2256 4411 2334 4411 2335 4411 2233 4412 2248 4412 2252 4412 2233 4413 2252 4413 2235 4413 2250 4414 2255 4414 2331 4414 2310 4415 2241 4415 2333 4415 2239 4416 2243 4416 2244 4416 2252 4417 2251 4417 2235 4417 2235 4418 2251 4418 2250 4418 2235 4419 2250 4419 2331 4419 2333 4420 2241 4420 2239 4420 2333 4421 2239 4421 2230 4421 2310 4422 2308 4422 2241 4422 2241 4423 2308 4423 2238 4423 2241 4424 2238 4424 2240 4424 2289 4425 2338 4425 2337 4425 2331 4426 2340 4426 2265 4426 2265 4427 2340 4427 2338 4427 2339 4428 2340 4428 2331 4428 2269 4429 2273 4429 2274 4429 2269 4430 2274 4430 2332 4430 2332 4431 2274 4431 2331 4431 2331 4432 2274 4432 2339 4432 2290 4433 2285 4433 2284 4433 2290 4434 2284 4434 2341 4434 2339 4435 2274 4435 2272 4435 2339 4436 2272 4436 2260 4436 2285 4437 2279 4437 2278 4437 2282 4438 2280 4438 2260 4438 2285 4439 2263 4439 2261 4439 2263 4440 2285 4440 2290 4440 2263 4441 2290 4441 2337 4441 2337 4442 2290 4442 2289 4442 2260 4443 2280 4443 2279 4443 2276 4444 2282 4444 2272 4444 2272 4445 2282 4445 2260 4445 2261 4446 2260 4446 2285 4446 2285 4447 2260 4447 2279 4447 2342 4448 2355 4448 2327 4448 2327 4449 2355 4449 2324 4449 2324 4450 2322 4450 2327 4450 2318 4451 2347 4451 2320 4451 2343 4452 2349 4452 2341 4452 2341 4453 2349 4453 2345 4453 2343 4454 2352 4454 2318 4454 2318 4455 2352 4455 2358 4455 2351 4456 2355 4456 2342 4456 2344 4457 2346 4457 2327 4457 2327 4458 2346 4458 2297 4458 2327 4459 2297 4459 2300 4459 2300 4460 2297 4460 2296 4460 2318 4461 2354 4461 2347 4461 2284 4462 2288 4462 2341 4462 2341 4463 2288 4463 2348 4463 2341 4464 2348 4464 2352 4464 2352 4465 2348 4465 2377 4465 2345 4466 2349 4466 2350 4466 2341 4467 2352 4467 2343 4467 2320 4468 2356 4468 2322 4468 2356 4469 2353 4469 2322 4469 2322 4470 2353 4470 2327 4470 2327 4471 2353 4471 2344 4471 2347 4472 2356 4472 2320 4472 2357 4473 2354 4473 2358 4473 2358 4474 2354 4474 2318 4474 1027 4475 2363 4475 1033 4475 1033 4476 2363 4476 996 4476 996 4477 2363 4477 2360 4477 996 4478 2360 4478 2359 4478 2360 4479 2361 4479 2359 4479 1032 4480 2362 4480 1030 4480 1030 4481 2362 4481 1027 4481 1027 4482 2362 4482 2363 4482 2364 4483 2283 4483 1028 4483 2283 4484 2287 4484 2288 4484 2361 4485 2273 4485 2359 4485 2283 4486 2286 4486 1028 4486 1028 4487 2286 4487 2264 4487 1028 4488 2264 4488 1032 4488 1032 4489 2264 4489 2362 4489 2286 4490 2262 4490 2264 4490 2259 4491 2273 4491 2361 4491 2286 4492 2281 4492 2262 4492 2273 4493 2259 4493 2277 4493 2277 4494 2275 4494 2273 4494 2277 4495 2276 4495 2275 4495 2277 4496 2259 4496 2281 4496 2281 4497 2259 4497 2262 4497 2278 4498 2281 4498 2286 4498 2311 4499 2366 4499 2229 4499 2231 4500 2246 4500 2229 4500 2236 4501 2359 4501 2234 4501 941 4502 2365 4502 942 4502 942 4503 2365 4503 943 4503 2231 4504 2245 4504 2246 4504 2232 4505 2247 4505 2245 4505 2232 4506 2245 4506 2231 4506 932 4507 2236 4507 940 4507 940 4508 2236 4508 2336 4508 940 4509 2336 4509 2365 4509 940 4510 2365 4510 941 4510 2229 4511 2240 4511 2311 4511 2248 4512 2247 4512 2253 4512 2253 4513 2247 4513 2232 4513 2359 4514 2236 4514 932 4514 943 4515 2365 4515 2366 4515 943 4516 2366 4516 2311 4516 2242 4517 2246 4517 2243 4517 2254 4518 2250 4518 2249 4518 2254 4519 2249 4519 2367 4519 2367 4520 2249 4520 2359 4520 2367 4521 2359 4521 2268 4521 2268 4522 2359 4522 2273 4522 2234 4523 2253 4523 2232 4523 2229 4524 2242 4524 2240 4524 2246 4525 2242 4525 2229 4525 2359 4526 2249 4526 2234 4526 2234 4527 2249 4527 2251 4527 2234 4528 2251 4528 2253 4528 2369 4529 2368 4529 2291 4529 2314 4530 2370 4530 1107 4530 1107 4531 2370 4531 2368 4531 1107 4532 2368 4532 2369 4532 2316 4533 2330 4533 2314 4533 1097 4534 2330 4534 2316 4534 2309 4535 2307 4535 2311 4535 2309 4536 2311 4536 2240 4536 2291 4537 2298 4537 2299 4537 2291 4538 2299 4538 2369 4538 2311 4539 2307 4539 1097 4539 2309 4540 2308 4540 2307 4540 2305 4541 2307 4541 2306 4541 2295 4542 2330 4542 1097 4542 2295 4543 2307 4543 2293 4543 2291 4544 2305 4544 2302 4544 1097 4545 2307 4545 2295 4545 2305 4546 2293 4546 2307 4546 2298 4547 2291 4547 2302 4547 2298 4548 2302 4548 2301 4548 2321 4549 2323 4549 2369 4549 1263 4550 2369 4550 2325 4550 1263 4551 2325 4551 2326 4551 1263 4552 2326 4552 1264 4552 2369 4553 2323 4553 2325 4553 2378 4554 2371 4554 2369 4554 1230 4555 2372 4555 2364 4555 2364 4556 2372 4556 2373 4556 2364 4557 2373 4557 2317 4557 2376 4558 2379 4558 2321 4558 1266 4559 2383 4559 1267 4559 1267 4560 2383 4560 1230 4560 1230 4561 2383 4561 2372 4561 2375 4562 2374 4562 2317 4562 2382 4563 2375 4563 2319 4563 2369 4564 2371 4564 2376 4564 2369 4565 2376 4565 2321 4565 1264 4566 2326 4566 2383 4566 1264 4567 2383 4567 1266 4567 2287 4568 2283 4568 2364 4568 2287 4569 2364 4569 2377 4569 2377 4570 2364 4570 2380 4570 2299 4571 2296 4571 2369 4571 2369 4572 2296 4572 2378 4572 2379 4573 2319 4573 2321 4573 2381 4574 2380 4574 2317 4574 2374 4575 2357 4575 2381 4575 2319 4576 2379 4576 2382 4576 2317 4577 2380 4577 2364 4577 2374 4578 2381 4578 2317 4578 2345 4579 1230 4579 2341 4579 2341 4580 1230 4580 2364 4580 2341 4581 2364 4581 2290 4581 2290 4582 2364 4582 1028 4582 2288 4583 2287 4583 2348 4583 2348 4584 2287 4584 2377 4584 2380 4585 2352 4585 2377 4585 2381 4586 2358 4586 2380 4586 2380 4587 2358 4587 2352 4587 2357 4588 2358 4588 2381 4588 2357 4589 2374 4589 2354 4589 2382 4590 2347 4590 2375 4590 2375 4591 2347 4591 2374 4591 2374 4592 2347 4592 2354 4592 2379 4593 2356 4593 2382 4593 2382 4594 2356 4594 2347 4594 2378 4595 2344 4595 2371 4595 2371 4596 2344 4596 2376 4596 2376 4597 2344 4597 2353 4597 2376 4598 2353 4598 2379 4598 2379 4599 2353 4599 2356 4599 2378 4600 2346 4600 2344 4600 2346 4601 2378 4601 2297 4601 2297 4602 2378 4602 2296 4602 2313 4603 1107 4603 2327 4603 2327 4604 1107 4604 2369 4604 2327 4605 2369 4605 2342 4605 2342 4606 2369 4606 1263 4606 1230 4607 2345 4607 2350 4607 1230 4608 2350 4608 1267 4608 1267 4609 2350 4609 1266 4609 1266 4610 2350 4610 2351 4610 1266 4611 2351 4611 1264 4611 1264 4612 2351 4612 2342 4612 1264 4613 2342 4613 1263 4613 2326 4614 2355 4614 2351 4614 2326 4615 2351 4615 2383 4615 2383 4616 2351 4616 2350 4616 2383 4617 2350 4617 2372 4617 2372 4618 2350 4618 2349 4618 2372 4619 2349 4619 2373 4619 2373 4620 2349 4620 2343 4620 2373 4621 2343 4621 2317 4621 2317 4622 2343 4622 2318 4622 2330 4623 2329 4623 2314 4623 2314 4624 2329 4624 2370 4624 2368 4625 2370 4625 2328 4625 2368 4626 2328 4626 2291 4626 2291 4627 2328 4627 2292 4627 2362 4628 2337 4628 2363 4628 2363 4629 2337 4629 2338 4629 2363 4630 2338 4630 2360 4630 2360 4631 2338 4631 2340 4631 2360 4632 2340 4632 2361 4632 2361 4633 2340 4633 2339 4633 2336 4634 2257 4634 2365 4634 2365 4635 2257 4635 2335 4635 2365 4636 2335 4636 2366 4636 2366 4637 2335 4637 2334 4637 2366 4638 2334 4638 2229 4638 2229 4639 2334 4639 2333 4639 2423 4640 2385 4640 2386 4640 2385 4641 2420 4641 2386 4641 2420 4642 2384 4642 2386 4642 2420 4643 2387 4643 2384 4643 2420 4644 2388 4644 2387 4644 2419 4645 2393 4645 2394 4645 2395 4646 2394 4646 2396 4646 2395 4647 2396 4647 2397 4647 2397 4648 2398 4648 2399 4648 2399 4649 2398 4649 2400 4649 2401 4650 2403 4650 2402 4650 2402 4651 2403 4651 2406 4651 2402 4652 2406 4652 2404 4652 2404 4653 2405 4653 2402 4653 2431 4654 2409 4654 2401 4654 2401 4655 2409 4655 2408 4655 2401 4656 2408 4656 2403 4656 2403 4657 2408 4657 2406 4657 2405 4658 2404 4658 2407 4658 2407 4659 2404 4659 2411 4659 2404 4660 2406 4660 2411 4660 2411 4661 2406 4661 2408 4661 2407 4662 2412 4662 2427 4662 2427 4663 2412 4663 2413 4663 2427 4664 2413 4664 2410 4664 2410 4665 2414 4665 2426 4665 2426 4666 2414 4666 2415 4666 2426 4667 2415 4667 2409 4667 2412 4668 2416 4668 2413 4668 2417 4669 2413 4669 2416 4669 2413 4670 2417 4670 2410 4670 2414 4671 2410 4671 2417 4671 2418 4672 2415 4672 2414 4672 2385 4673 2415 4673 2418 4673 2396 4674 2398 4674 2397 4674 2419 4675 2394 4675 2395 4675 2391 4676 2393 4676 2392 4676 2392 4677 2393 4677 2419 4677 2389 4678 2391 4678 2390 4678 2390 4679 2391 4679 2392 4679 2400 4680 2389 4680 2385 4680 2385 4681 2389 4681 2390 4681 2399 4682 2385 4682 2420 4682 2399 4683 2420 4683 2397 4683 2397 4684 2420 4684 2395 4684 2395 4685 2420 4685 2419 4685 2400 4686 2385 4686 2399 4686 2419 4687 2420 4687 2392 4687 2390 4688 2420 4688 2385 4688 2392 4689 2420 4689 2390 4689 2393 4690 2402 4690 2394 4690 2394 4691 2421 4691 2396 4691 2391 4692 2402 4692 2393 4692 2394 4693 2402 4693 2421 4693 2396 4694 2421 4694 2398 4694 2401 4695 2402 4695 2389 4695 2389 4696 2402 4696 2391 4696 2398 4697 2421 4697 2422 4697 2398 4698 2422 4698 2400 4698 2400 4699 2422 4699 2431 4699 2431 4700 2401 4700 2400 4700 2400 4701 2401 4701 2389 4701 2423 4702 2415 4702 2385 4702 2423 4703 2386 4703 2424 4703 2384 4704 2424 4704 2386 4704 2424 4705 2384 4705 2425 4705 2425 4706 2384 4706 2387 4706 2388 4707 2411 4707 2387 4707 2416 4708 2412 4708 2388 4708 2409 4709 2415 4709 2423 4709 2409 4710 2423 4710 2424 4710 2409 4711 2424 4711 2408 4711 2408 4712 2424 4712 2425 4712 2408 4713 2425 4713 2411 4713 2411 4714 2425 4714 2387 4714 2407 4715 2411 4715 2388 4715 2407 4716 2388 4716 2412 4716 2405 4717 2407 4717 2428 4717 2428 4718 2407 4718 2427 4718 2428 4719 2427 4719 2429 4719 2429 4720 2427 4720 2410 4720 2429 4721 2410 4721 2430 4721 2430 4722 2410 4722 2426 4722 2430 4723 2426 4723 2422 4723 2422 4724 2426 4724 2431 4724 2431 4725 2426 4725 2409 4725 2405 4726 2428 4726 2402 4726 2402 4727 2428 4727 2421 4727 2428 4728 2429 4728 2421 4728 2429 4729 2430 4729 2421 4729 2421 4730 2430 4730 2422 4730 2420 4731 2385 4731 2418 4731 2420 4732 2416 4732 2388 4732 2420 4733 2417 4733 2416 4733 2420 4734 2418 4734 2417 4734 2417 4735 2418 4735 2414 4735 2437 4736 2473 4736 2434 4736 2460 4737 2432 4737 2475 4737 2432 4738 2460 4738 2433 4738 2460 4739 2437 4739 2433 4739 2448 4740 2435 4740 2436 4740 2448 4741 2436 4741 2437 4741 2437 4742 2438 4742 2439 4742 2442 4743 2443 4743 2445 4743 2442 4744 2445 4744 2444 4744 2444 4745 2445 4745 2446 4745 2446 4746 2445 4746 2447 4746 2446 4747 2447 4747 2448 4747 2448 4748 2447 4748 2435 4748 2462 4749 2449 4749 2435 4749 2435 4750 2449 4750 2452 4750 2462 4751 2451 4751 2449 4751 2449 4752 2451 4752 2457 4752 2449 4753 2457 4753 2452 4753 2450 4754 2452 4754 2453 4754 2450 4755 2453 4755 2456 4755 2450 4756 2456 4756 2469 4756 2453 4757 2452 4757 2457 4757 2453 4758 2466 4758 2456 4758 2456 4759 2467 4759 2454 4759 2454 4760 2459 4760 2474 4760 2454 4761 2474 4761 2455 4761 2455 4762 2474 4762 2458 4762 2455 4763 2458 4763 2451 4763 2451 4764 2458 4764 2463 4764 2451 4765 2463 4765 2457 4765 2467 4766 2473 4766 2454 4766 2454 4767 2473 4767 2472 4767 2459 4768 2454 4768 2472 4768 2458 4769 2475 4769 2463 4769 2438 4770 2440 4770 2439 4770 2439 4771 2440 4771 2441 4771 2436 4772 2438 4772 2437 4772 2442 4773 2472 4773 2473 4773 2448 4774 2460 4774 2446 4774 2441 4775 2473 4775 2439 4775 2439 4776 2473 4776 2437 4776 2444 4777 2460 4777 2472 4777 2444 4778 2472 4778 2442 4778 2442 4779 2473 4779 2441 4779 2446 4780 2460 4780 2444 4780 2437 4781 2460 4781 2448 4781 2452 4782 2436 4782 2435 4782 2436 4783 2452 4783 2438 4783 2461 4784 2462 4784 2447 4784 2438 4785 2452 4785 2450 4785 2438 4786 2450 4786 2440 4786 2469 4787 2443 4787 2440 4787 2469 4788 2440 4788 2450 4788 2461 4789 2443 4789 2469 4789 2461 4790 2445 4790 2443 4790 2447 4791 2462 4791 2435 4791 2445 4792 2461 4792 2447 4792 2432 4793 2464 4793 2463 4793 2432 4794 2463 4794 2475 4794 2464 4795 2432 4795 2433 4795 2465 4796 2433 4796 2437 4796 2437 4797 2434 4797 2465 4797 2465 4798 2434 4798 2466 4798 2466 4799 2434 4799 2467 4799 2473 4800 2467 4800 2434 4800 2457 4801 2463 4801 2464 4801 2457 4802 2464 4802 2433 4802 2457 4803 2433 4803 2465 4803 2457 4804 2465 4804 2453 4804 2453 4805 2465 4805 2466 4805 2466 4806 2467 4806 2456 4806 2451 4807 2471 4807 2455 4807 2455 4808 2468 4808 2454 4808 2454 4809 2468 4809 2456 4809 2468 4810 2469 4810 2456 4810 2468 4811 2455 4811 2470 4811 2470 4812 2455 4812 2471 4812 2462 4813 2471 4813 2451 4813 2461 4814 2469 4814 2468 4814 2461 4815 2468 4815 2470 4815 2461 4816 2470 4816 2462 4816 2462 4817 2470 4817 2471 4817 2441 4818 2440 4818 2443 4818 2441 4819 2443 4819 2442 4819 2472 4820 2460 4820 2459 4820 2460 4821 2474 4821 2459 4821 2460 4822 2475 4822 2474 4822 2474 4823 2475 4823 2458 4823 2520 4824 2476 4824 2477 4824 2476 4825 2478 4825 2477 4825 2476 4826 2514 4826 2478 4826 2476 4827 2479 4827 2514 4827 2476 4828 2506 4828 2479 4828 2491 4829 2480 4829 2481 4829 2481 4830 2480 4830 2482 4830 2481 4831 2482 4831 2483 4831 2483 4832 2482 4832 2484 4832 2485 4833 2484 4833 2486 4833 2485 4834 2486 4834 2487 4834 2491 4835 2490 4835 2480 4835 2480 4836 2519 4836 2495 4836 2495 4837 2492 4837 2480 4837 2480 4838 2492 4838 2496 4838 2493 4839 2494 4839 2496 4839 2494 4840 2493 4840 2497 4840 2497 4841 2493 4841 2515 4841 2515 4842 2493 4842 2501 4842 2501 4843 2493 4843 2496 4843 2496 4844 2492 4844 2501 4844 2501 4845 2492 4845 2512 4845 2492 4846 2495 4846 2512 4846 2500 4847 2502 4847 2503 4847 2500 4848 2503 4848 2504 4848 2500 4849 2504 4849 2499 4849 2499 4850 2504 4850 2508 4850 2499 4851 2508 4851 2498 4851 2498 4852 2508 4852 2509 4852 2498 4853 2509 4853 2505 4853 2498 4854 2505 4854 2512 4854 2506 4855 2503 4855 2502 4855 2507 4856 2503 4856 2506 4856 2503 4857 2507 4857 2504 4857 2504 4858 2507 4858 2508 4858 2520 4859 2505 4859 2509 4859 2477 4860 2505 4860 2520 4860 2488 4861 2490 4861 2489 4861 2489 4862 2490 4862 2491 4862 2486 4863 2488 4863 2487 4863 2487 4864 2488 4864 2489 4864 2483 4865 2484 4865 2485 4865 2491 4866 2476 4866 2489 4866 2485 4867 2476 4867 2483 4867 2489 4868 2476 4868 2487 4868 2483 4869 2476 4869 2481 4869 2487 4870 2476 4870 2485 4870 2481 4871 2476 4871 2491 4871 2484 4872 2510 4872 2486 4872 2510 4873 2511 4873 2486 4873 2486 4874 2511 4874 2488 4874 2484 4875 2496 4875 2510 4875 2480 4876 2496 4876 2482 4876 2482 4877 2496 4877 2484 4877 2488 4878 2511 4878 2490 4878 2490 4879 2511 4879 2519 4879 2490 4880 2519 4880 2480 4880 2505 4881 2477 4881 2512 4881 2512 4882 2477 4882 2513 4882 2478 4883 2513 4883 2477 4883 2513 4884 2478 4884 2514 4884 2479 4885 2515 4885 2514 4885 2515 4886 2479 4886 2502 4886 2506 4887 2502 4887 2479 4887 2512 4888 2513 4888 2501 4888 2501 4889 2513 4889 2514 4889 2501 4890 2514 4890 2515 4890 2497 4891 2515 4891 2502 4891 2497 4892 2502 4892 2500 4892 2498 4893 2512 4893 2495 4893 2494 4894 2497 4894 2516 4894 2516 4895 2497 4895 2500 4895 2516 4896 2500 4896 2517 4896 2517 4897 2500 4897 2499 4897 2517 4898 2499 4898 2518 4898 2518 4899 2499 4899 2498 4899 2518 4900 2498 4900 2519 4900 2519 4901 2498 4901 2495 4901 2510 4902 2496 4902 2494 4902 2494 4903 2516 4903 2510 4903 2516 4904 2517 4904 2510 4904 2510 4905 2517 4905 2511 4905 2517 4906 2518 4906 2511 4906 2518 4907 2519 4907 2511 4907 2476 4908 2507 4908 2506 4908 2476 4909 2508 4909 2507 4909 2476 4910 2509 4910 2508 4910 2476 4911 2520 4911 2509 4911 2556 4912 2522 4912 2521 4912 2522 4913 2556 4913 2523 4913 2556 4914 2524 4914 2523 4914 2556 4915 2525 4915 2524 4915 2556 4916 2526 4916 2525 4916 2556 4917 2552 4917 2526 4917 2528 4918 2529 4918 2530 4918 2530 4919 2529 4919 2531 4919 2530 4920 2531 4920 2532 4920 2533 4921 2534 4921 2535 4921 2537 4922 2536 4922 2527 4922 2566 4923 2543 4923 2538 4923 2543 4924 2544 4924 2538 4924 2544 4925 2539 4925 2538 4925 2538 4926 2539 4926 2540 4926 2539 4927 2541 4927 2540 4927 2564 4928 2540 4928 2541 4928 2566 4929 2542 4929 2543 4929 2544 4930 2547 4930 2539 4930 2539 4931 2547 4931 2545 4931 2539 4932 2545 4932 2541 4932 2541 4933 2545 4933 2564 4933 2564 4934 2545 4934 2562 4934 2544 4935 2543 4935 2547 4935 2547 4936 2543 4936 2546 4936 2543 4937 2542 4937 2546 4937 2562 4938 2548 4938 2563 4938 2563 4939 2548 4939 2549 4939 2563 4940 2549 4940 2550 4940 2542 4941 2550 4941 2551 4941 2542 4942 2551 4942 2546 4942 2552 4943 2548 4943 2562 4943 2548 4944 2552 4944 2553 4944 2567 4945 2548 4945 2553 4945 2548 4946 2567 4946 2549 4946 2554 4947 2549 4947 2567 4947 2549 4948 2554 4948 2550 4948 2550 4949 2554 4949 2551 4949 2534 4950 2536 4950 2535 4950 2535 4951 2536 4951 2537 4951 2527 4952 2529 4952 2528 4952 2537 4953 2527 4953 2528 4953 2530 4954 2556 4954 2528 4954 2528 4955 2556 4955 2537 4955 2537 4956 2556 4956 2535 4956 2535 4957 2556 4957 2533 4957 2533 4958 2556 4958 2555 4958 2555 4959 2556 4959 2532 4959 2532 4960 2556 4960 2530 4960 2538 4961 2527 4961 2566 4961 2536 4962 2566 4962 2527 4962 2527 4963 2538 4963 2529 4963 2534 4964 2557 4964 2536 4964 2536 4965 2557 4965 2566 4965 2555 4966 2557 4966 2533 4966 2531 4967 2540 4967 2557 4967 2531 4968 2557 4968 2555 4968 2533 4969 2557 4969 2534 4969 2538 4970 2531 4970 2529 4970 2531 4971 2538 4971 2540 4971 2554 4972 2521 4972 2551 4972 2551 4973 2521 4973 2558 4973 2522 4974 2558 4974 2521 4974 2522 4975 2523 4975 2559 4975 2523 4976 2524 4976 2559 4976 2525 4977 2560 4977 2524 4977 2525 4978 2561 4978 2560 4978 2561 4979 2525 4979 2526 4979 2561 4980 2526 4980 2552 4980 2561 4981 2552 4981 2562 4981 2546 4982 2551 4982 2558 4982 2546 4983 2558 4983 2522 4983 2546 4984 2522 4984 2559 4984 2546 4985 2559 4985 2547 4985 2547 4986 2559 4986 2524 4986 2547 4987 2524 4987 2560 4987 2547 4988 2560 4988 2545 4988 2545 4989 2560 4989 2561 4989 2545 4990 2561 4990 2562 4990 2542 4991 2565 4991 2550 4991 2564 4992 2562 4992 2563 4992 2563 4993 2550 4993 2565 4993 2565 4994 2542 4994 2566 4994 2557 4995 2540 4995 2564 4995 2564 4996 2563 4996 2557 4996 2563 4997 2565 4997 2557 4997 2557 4998 2565 4998 2566 4998 2532 4999 2531 4999 2555 4999 2556 5000 2553 5000 2552 5000 2556 5001 2567 5001 2553 5001 2556 5002 2554 5002 2567 5002 2556 5003 2521 5003 2554 5003 2570 5004 2569 5004 2568 5004 2570 5005 2568 5005 2569 5005 2581 5006 2590 5006 2631 5006 2586 5007 2631 5007 2628 5007 2580 5008 2572 5008 2573 5008 2571 5009 2590 5009 2581 5009 2586 5010 2628 5010 2576 5010 2577 5011 2572 5011 2580 5011 2581 5012 2631 5012 2586 5012 2583 5013 2576 5013 2623 5013 2579 5014 2623 5014 2577 5014 2573 5015 2574 5015 2582 5015 2582 5016 2574 5016 2578 5016 2578 5017 2574 5017 2627 5017 2578 5018 2627 5018 2629 5018 2578 5019 2629 5019 2575 5019 2578 5020 2575 5020 2624 5020 2624 5021 2575 5021 2630 5021 2583 5022 2623 5022 2579 5022 2579 5023 2577 5023 2580 5023 2586 5024 2576 5024 2584 5024 2580 5025 2573 5025 2582 5025 2571 5026 2581 5026 2601 5026 2584 5027 2576 5027 2583 5027 2583 5028 2579 5028 2621 5028 2621 5029 2579 5029 2585 5029 2585 5030 2579 5030 2580 5030 2585 5031 2580 5031 2615 5031 2615 5032 2580 5032 2582 5032 2582 5033 2578 5033 2618 5033 2601 5034 2581 5034 2625 5034 2625 5035 2581 5035 2586 5035 2616 5036 2582 5036 2618 5036 2620 5037 2586 5037 2584 5037 2584 5038 2583 5038 2626 5038 2626 5039 2583 5039 2621 5039 2615 5040 2582 5040 2617 5040 2617 5041 2582 5041 2616 5041 2618 5042 2578 5042 2629 5042 2629 5043 2578 5043 2624 5043 2588 5044 2599 5044 2592 5044 2591 5045 2613 5045 2589 5045 2614 5046 2610 5046 2597 5046 2592 5047 2612 5047 2595 5047 2571 5048 2608 5048 2590 5048 2596 5049 2595 5049 2611 5049 2596 5050 2611 5050 2591 5050 2594 5051 2597 5051 2608 5051 2594 5052 2608 5052 2571 5052 2587 5053 2588 5053 2600 5053 2600 5054 2588 5054 2592 5054 2602 5055 2592 5055 2595 5055 2600 5056 2592 5056 2602 5056 2591 5057 2589 5057 2603 5057 2589 5058 2593 5058 2598 5058 2593 5059 2614 5059 2610 5059 2610 5060 2614 5060 2597 5060 2603 5061 2589 5061 2598 5061 2596 5062 2591 5062 2604 5062 2602 5063 2595 5063 2596 5063 2598 5064 2593 5064 2610 5064 2599 5065 2587 5065 2600 5065 2604 5066 2591 5066 2603 5066 2606 5067 2603 5067 2598 5067 2598 5068 2610 5068 2609 5068 2594 5069 2571 5069 2601 5069 2605 5070 2600 5070 2602 5070 2611 5071 2596 5071 2604 5071 2599 5072 2600 5072 2605 5072 2602 5073 2596 5073 2611 5073 2606 5074 2598 5074 2609 5074 2612 5075 2605 5075 2602 5075 2612 5076 2602 5076 2611 5076 2613 5077 2604 5077 2603 5077 2610 5078 2597 5078 2607 5078 2607 5079 2597 5079 2594 5079 2613 5080 2603 5080 2606 5080 2607 5081 2594 5081 2608 5081 2608 5082 2594 5082 2601 5082 2611 5083 2604 5083 2613 5083 2613 5084 2606 5084 2589 5084 2593 5085 2589 5085 2606 5085 2593 5086 2606 5086 2609 5086 2587 5087 2599 5087 2588 5087 2612 5088 2611 5088 2595 5088 2599 5089 2605 5089 2592 5089 2593 5090 2609 5090 2614 5090 2614 5091 2609 5091 2610 5091 2597 5092 2610 5092 2607 5092 2597 5093 2607 5093 2608 5093 2608 5094 2601 5094 2590 5094 2592 5095 2605 5095 2612 5095 2611 5096 2613 5096 2591 5096 2625 5097 2586 5097 2620 5097 2616 5098 2618 5098 2619 5098 2622 5099 2621 5099 2585 5099 2585 5100 2615 5100 2617 5100 2619 5101 2617 5101 2616 5101 2622 5102 2585 5102 2617 5102 2619 5103 2618 5103 2627 5103 2627 5104 2618 5104 2629 5104 2628 5105 2620 5105 2584 5105 2628 5106 2584 5106 2626 5106 2623 5107 2626 5107 2621 5107 2621 5108 2622 5108 2623 5108 2628 5109 2626 5109 2576 5109 2625 5110 2620 5110 2631 5110 2631 5111 2620 5111 2628 5111 2573 5112 2617 5112 2619 5112 2601 5113 2625 5113 2590 5113 2590 5114 2625 5114 2631 5114 2623 5115 2622 5115 2577 5115 2572 5116 2622 5116 2617 5116 2572 5117 2617 5117 2573 5117 2576 5118 2626 5118 2623 5118 2577 5119 2622 5119 2572 5119 2573 5120 2619 5120 2574 5120 2574 5121 2619 5121 2627 5121 2629 5122 2624 5122 2575 5122 2575 5123 2624 5123 2630 5123 2633 5124 2634 5124 2635 5124 2635 5125 2634 5125 2632 5125 2632 5126 2634 5126 2633 5126 2632 5127 2633 5127 2635 5127 2636 5128 2638 5128 2637 5128 2637 5129 2638 5129 2636 5129 2640 5130 2639 5130 2641 5130 2640 5131 2641 5131 2639 5131 2644 5132 2642 5132 2643 5132 2649 5133 2642 5133 2644 5133 2644 5134 2643 5134 2648 5134 2645 5135 2643 5135 2646 5135 2646 5136 2647 5136 2645 5136 2646 5137 2650 5137 2647 5137 2647 5138 2648 5138 2645 5138 2646 5139 2643 5139 2642 5139 2646 5140 2642 5140 2649 5140 2648 5141 2643 5141 2645 5141 2649 5142 2644 5142 2650 5142 2650 5143 2644 5143 2651 5143 2651 5144 2644 5144 2648 5144 2646 5145 2649 5145 2650 5145 2647 5146 2650 5146 2651 5146 2647 5147 2651 5147 2648 5147 2660 5148 2652 5148 2654 5148 2655 5149 2653 5149 2665 5149 2656 5150 2653 5150 2655 5150 2665 5151 2660 5151 2654 5151 2655 5152 2665 5152 2654 5152 2656 5153 2655 5153 2662 5153 2656 5154 2662 5154 2659 5154 2652 5155 2660 5155 2664 5155 2664 5156 2660 5156 2661 5156 2664 5157 2661 5157 2663 5157 2663 5158 2661 5158 2657 5158 2659 5159 2658 5159 2657 5159 2655 5160 2654 5160 2656 5160 2656 5161 2662 5161 2655 5161 2662 5162 2656 5162 2659 5162 2657 5163 2658 5163 2659 5163 2652 5164 2664 5164 2665 5164 2653 5165 2656 5165 2654 5165 2654 5166 2652 5166 2665 5166 2654 5167 2665 5167 2653 5167 2660 5168 2665 5168 2664 5168 2660 5169 2664 5169 2661 5169 2661 5170 2664 5170 2663 5170 2661 5171 2663 5171 2657 5171 2666 5172 2667 5172 2668 5172 2667 5173 2666 5173 3310 5173 3005 5174 2677 5174 2669 5174 3005 5175 2669 5175 2967 5175 3318 5176 3323 5176 2670 5176 2839 5177 2672 5177 3315 5177 2671 5178 3315 5178 2672 5178 2673 5179 2674 5179 2675 5179 2671 5180 2676 5180 3315 5180 3315 5181 2676 5181 2678 5181 2680 5182 2679 5182 2681 5182 2680 5183 2681 5183 2682 5183 3195 5184 2684 5184 2679 5184 2679 5185 2684 5185 2681 5185 2685 5186 2697 5186 2686 5186 2685 5187 2686 5187 2683 5187 2683 5188 2686 5188 2687 5188 2686 5189 3199 5189 2687 5189 2687 5190 2688 5190 2689 5190 2689 5191 2688 5191 3267 5191 2689 5192 2690 5192 2692 5192 2690 5193 3269 5193 2692 5193 2691 5194 2692 5194 3270 5194 2695 5195 2693 5195 3091 5195 2691 5196 2696 5196 3189 5196 2697 5197 2685 5197 2696 5197 2697 5198 2696 5198 3270 5198 3270 5199 2696 5199 2691 5199 2698 5200 3308 5200 2699 5200 2698 5201 2699 5201 3308 5201 2702 5202 2703 5202 2701 5202 2702 5203 2706 5203 2703 5203 2701 5204 2703 5204 2704 5204 2704 5205 2705 5205 2701 5205 2701 5206 2705 5206 2706 5206 2701 5207 2706 5207 2702 5207 2707 5208 2709 5208 2708 5208 2708 5209 2709 5209 3300 5209 2708 5210 3300 5210 2707 5210 2710 5211 2712 5211 2711 5211 2711 5212 2712 5212 2713 5212 2711 5213 2713 5213 2714 5213 2711 5214 2714 5214 2710 5214 2710 5215 2714 5215 2712 5215 2754 5216 2717 5216 2755 5216 2752 5217 2716 5217 2717 5217 2754 5218 2752 5218 2717 5218 2718 5219 2719 5219 2721 5219 2721 5220 2719 5220 2720 5220 2721 5221 2720 5221 2753 5221 2722 5222 2723 5222 2724 5222 2724 5223 2723 5223 2725 5223 2724 5224 2725 5224 2726 5224 2727 5225 2728 5225 2729 5225 2729 5226 2728 5226 2730 5226 2729 5227 2730 5227 2731 5227 2802 5228 2732 5228 2733 5228 2733 5229 2732 5229 2734 5229 2728 5230 2802 5230 2730 5230 2730 5231 2802 5231 2733 5231 2723 5232 2734 5232 2725 5232 2725 5233 2734 5233 2732 5233 2677 5234 2678 5234 2930 5234 2718 5235 2735 5235 2719 5235 2719 5236 2735 5236 2736 5236 2751 5237 2739 5237 2737 5237 2737 5238 2739 5238 2738 5238 2719 5239 2736 5239 2741 5239 2740 5240 2738 5240 2719 5240 2719 5241 2738 5241 2739 5241 2741 5242 2740 5242 2719 5242 2762 5243 2719 5243 2739 5243 2719 5244 2762 5244 2720 5244 2720 5245 2762 5245 2742 5245 2720 5246 2742 5246 2744 5246 2720 5247 2744 5247 2743 5247 2743 5248 2744 5248 2745 5248 2743 5249 2745 5249 2746 5249 2746 5250 2745 5250 2757 5250 2746 5251 2757 5251 2752 5251 2752 5252 2757 5252 2747 5252 2747 5253 2757 5253 2748 5253 2748 5254 2749 5254 2739 5254 2739 5255 2749 5255 2762 5255 2905 5256 2735 5256 2718 5256 2718 5257 2751 5257 2737 5257 2718 5258 2737 5258 2750 5258 2750 5259 2905 5259 2718 5259 2718 5260 2716 5260 2751 5260 2751 5261 2716 5261 2747 5261 2747 5262 2716 5262 2752 5262 2746 5263 2752 5263 2754 5263 2746 5264 2754 5264 2753 5264 2753 5265 2754 5265 2755 5265 2753 5266 2755 5266 2721 5266 2721 5267 2755 5267 2718 5267 2757 5268 2756 5268 2758 5268 2758 5269 2756 5269 2759 5269 2758 5270 2759 5270 2760 5270 2760 5271 2759 5271 2761 5271 2761 5272 2759 5272 2763 5272 2761 5273 2763 5273 2762 5273 2762 5274 2763 5274 2713 5274 2757 5275 2758 5275 2760 5275 2757 5276 2760 5276 2748 5276 2748 5277 2760 5277 2761 5277 2748 5278 2761 5278 2749 5278 2749 5279 2761 5279 2762 5279 2764 5280 2765 5280 2773 5280 2773 5281 2765 5281 2766 5281 2766 5282 2765 5282 2767 5282 2766 5283 2767 5283 2768 5283 2766 5284 2768 5284 2772 5284 2773 5285 2770 5285 2764 5285 2764 5286 2770 5286 2769 5286 2768 5287 2771 5287 2775 5287 2768 5288 2775 5288 2772 5288 2772 5289 2775 5289 2774 5289 2769 5290 2770 5290 2776 5290 2769 5291 2776 5291 2777 5291 2769 5292 2777 5292 2778 5292 2769 5293 2778 5293 2764 5293 2764 5294 2778 5294 2779 5294 2764 5295 2779 5295 2765 5295 2765 5296 2779 5296 2780 5296 2765 5297 2780 5297 2767 5297 2767 5298 2780 5298 2781 5298 2767 5299 2781 5299 2768 5299 2768 5300 2781 5300 2782 5300 2768 5301 2782 5301 2771 5301 2771 5302 2782 5302 2783 5302 2771 5303 2783 5303 2784 5303 2771 5304 2784 5304 2775 5304 2785 5305 2775 5305 2784 5305 2775 5306 2785 5306 2786 5306 2775 5307 2786 5307 2774 5307 2774 5308 2786 5308 2787 5308 2774 5309 2787 5309 2788 5309 2774 5310 2788 5310 2772 5310 2773 5311 2766 5311 2789 5311 2789 5312 2766 5312 2788 5312 2773 5313 2789 5313 2790 5313 2773 5314 2790 5314 2770 5314 2770 5315 2790 5315 2791 5315 2770 5316 2791 5316 2776 5316 2794 5317 2792 5317 2793 5317 2807 5318 2794 5318 2793 5318 2795 5319 2796 5319 3313 5319 2796 5320 2795 5320 2797 5320 2675 5321 2796 5321 2797 5321 2675 5322 2797 5322 2673 5322 2878 5323 2800 5323 2801 5323 2879 5324 2803 5324 2834 5324 2879 5325 2834 5325 2804 5325 2804 5326 2834 5326 2833 5326 2804 5327 2818 5327 2805 5327 2806 5328 2811 5328 2807 5328 2808 5329 2807 5329 2793 5329 2673 5330 2797 5330 2809 5330 2809 5331 2797 5331 2811 5331 2809 5332 2811 5332 2810 5332 2810 5333 2811 5333 2806 5333 2820 5334 2812 5334 2816 5334 2819 5335 2813 5335 2816 5335 2817 5336 2814 5336 2815 5336 2817 5337 2815 5337 3298 5337 2816 5338 2812 5338 2818 5338 2820 5339 2817 5339 3298 5339 2817 5340 2820 5340 2816 5340 2818 5341 2819 5341 2816 5341 2813 5342 2943 5342 2816 5342 2816 5343 2943 5343 2817 5343 2817 5344 2943 5344 2814 5344 2822 5345 2812 5345 2820 5345 2821 5346 2820 5346 3298 5346 2822 5347 2820 5347 2821 5347 3298 5348 2823 5348 2821 5348 2821 5349 2824 5349 2822 5349 2824 5350 2821 5350 2823 5350 2824 5351 2823 5351 2827 5351 2826 5352 2824 5352 2827 5352 2826 5353 2827 5353 3075 5353 2826 5354 3075 5354 3076 5354 2827 5355 2825 5355 2828 5355 2829 5356 2825 5356 2827 5356 2829 5357 2827 5357 2823 5357 2828 5358 3075 5358 2827 5358 2830 5359 2831 5359 2833 5359 2830 5360 2833 5360 2832 5360 2832 5361 2833 5361 2834 5361 2832 5362 2834 5362 2835 5362 2832 5363 2835 5363 2836 5363 2750 5364 2792 5364 2869 5364 2750 5365 2869 5365 2905 5365 2905 5366 2869 5366 2996 5366 2837 5367 2671 5367 2672 5367 2837 5368 2672 5368 2838 5368 2838 5369 2672 5369 2839 5369 2840 5370 2838 5370 2839 5370 2674 5371 2673 5371 2840 5371 2797 5372 2795 5372 2881 5372 2870 5373 2841 5373 2842 5373 2843 5374 2842 5374 2844 5374 2844 5375 2842 5375 2841 5375 2843 5376 2844 5376 2845 5376 2843 5377 2845 5377 2846 5377 2859 5378 2846 5378 2847 5378 2859 5379 2847 5379 2848 5379 2848 5380 2847 5380 2849 5380 2848 5381 2849 5381 2850 5381 2851 5382 2850 5382 2852 5382 2852 5383 2850 5383 2849 5383 2853 5384 2854 5384 2855 5384 2855 5385 2854 5385 2856 5385 2853 5386 2855 5386 2857 5386 2857 5387 2855 5387 2858 5387 2857 5388 2858 5388 2859 5388 2859 5389 2858 5389 2860 5389 2859 5390 2860 5390 2861 5390 2861 5391 2860 5391 2862 5391 2861 5392 2862 5392 2863 5392 2863 5393 2862 5393 2864 5393 2865 5394 2863 5394 2866 5394 2866 5395 2863 5395 2864 5395 2865 5396 2866 5396 2868 5396 2868 5397 2866 5397 2867 5397 2868 5398 2867 5398 2995 5398 2971 5399 2996 5399 2869 5399 2871 5400 2872 5400 2873 5400 2873 5401 2874 5401 2882 5401 2882 5402 2874 5402 2875 5402 2875 5403 2874 5403 3344 5403 2875 5404 3344 5404 3314 5404 2803 5405 2835 5405 2834 5405 2833 5406 2831 5406 2804 5406 2812 5407 2805 5407 2818 5407 2805 5408 2812 5408 2876 5408 2812 5409 2822 5409 2876 5409 2876 5410 2822 5410 2877 5410 2877 5411 2822 5411 2824 5411 2877 5412 2824 5412 2803 5412 2826 5413 2803 5413 2824 5413 2826 5414 2802 5414 2803 5414 2805 5415 2880 5415 2878 5415 3346 5416 2803 5416 2879 5416 2878 5417 2804 5417 2805 5417 2804 5418 2878 5418 2879 5418 2803 5419 3346 5419 2798 5419 2803 5420 2798 5420 2877 5420 2877 5421 2798 5421 2876 5421 2876 5422 2798 5422 2880 5422 2876 5423 2880 5423 2805 5423 2800 5424 2878 5424 2880 5424 2800 5425 2880 5425 2799 5425 2799 5426 2880 5426 2798 5426 2795 5427 2873 5427 2881 5427 2881 5428 2873 5428 2882 5428 3313 5429 2871 5429 2795 5429 2795 5430 2871 5430 2873 5430 2794 5431 2882 5431 2875 5431 2794 5432 2875 5432 3314 5432 2794 5433 2807 5433 2882 5433 2811 5434 2881 5434 2882 5434 2811 5435 2882 5435 2807 5435 2811 5436 2797 5436 2881 5436 2884 5437 2883 5437 2888 5437 2883 5438 2884 5438 2885 5438 2883 5439 2885 5439 2886 5439 2886 5440 2885 5440 2887 5440 2883 5441 2889 5441 2888 5441 2886 5442 2887 5442 2892 5442 2890 5443 2891 5443 2892 5443 2892 5444 2887 5444 2890 5444 2891 5445 2890 5445 2893 5445 2887 5446 2894 5446 2890 5446 2890 5447 2894 5447 2895 5447 2890 5448 2895 5448 2893 5448 2888 5449 2897 5449 2896 5449 2883 5450 2898 5450 2899 5450 2883 5451 2886 5451 2898 5451 2898 5452 2886 5452 2900 5452 2891 5453 2893 5453 2901 5453 2891 5454 2901 5454 2902 5454 2891 5455 2902 5455 2892 5455 2892 5456 2902 5456 2903 5456 2892 5457 2903 5457 2904 5457 2892 5458 2904 5458 2886 5458 2886 5459 2904 5459 2900 5459 2906 5460 2905 5460 2996 5460 2934 5461 2906 5461 2907 5461 2934 5462 2907 5462 2938 5462 3000 5463 2908 5463 3015 5463 2997 5464 3016 5464 3339 5464 2666 5465 2668 5465 2909 5465 2923 5466 3016 5466 2909 5466 2911 5467 2910 5467 2964 5467 2911 5468 2964 5468 2912 5468 2913 5469 2912 5469 2914 5469 2917 5470 2918 5470 2919 5470 2917 5471 2919 5471 2920 5471 2920 5472 2919 5472 2965 5472 2920 5473 2915 5473 2916 5473 2917 5474 2921 5474 2918 5474 2918 5475 2921 5475 2940 5475 2922 5476 2939 5476 2924 5476 2923 5477 2939 5477 3016 5477 2924 5478 2925 5478 2810 5478 2937 5479 2926 5479 2927 5479 2923 5480 2928 5480 2927 5480 2923 5481 2927 5481 2925 5481 2806 5482 2929 5482 2810 5482 2810 5483 2930 5483 2932 5483 2809 5484 2810 5484 2837 5484 2837 5485 2810 5485 2932 5485 2927 5486 2926 5486 2930 5486 2929 5487 2931 5487 2810 5487 2810 5488 2931 5488 2924 5488 2925 5489 2927 5489 2810 5489 2810 5490 2927 5490 2930 5490 2673 5491 2809 5491 2837 5491 2927 5492 2935 5492 2937 5492 2937 5493 2935 5493 2933 5493 2793 5494 2936 5494 2806 5494 2806 5495 2936 5495 2929 5495 2837 5496 2838 5496 2840 5496 2837 5497 2840 5497 2673 5497 2967 5498 2937 5498 2933 5498 2806 5499 2808 5499 2793 5499 2924 5500 2931 5500 2934 5500 2934 5501 2938 5501 2924 5501 2806 5502 2807 5502 2808 5502 2924 5503 2938 5503 2922 5503 2924 5504 2939 5504 2925 5504 2925 5505 2939 5505 2923 5505 2946 5506 3298 5506 2815 5506 2941 5507 2819 5507 2940 5507 2940 5508 2819 5508 2818 5508 2941 5509 2813 5509 2819 5509 2813 5510 2941 5510 2942 5510 2813 5511 2942 5511 2943 5511 2950 5512 3297 5512 2944 5512 2944 5513 3297 5513 2945 5513 2944 5514 2945 5514 2946 5514 2814 5515 2944 5515 2815 5515 2815 5516 2944 5516 2946 5516 2948 5517 2949 5517 2950 5517 2943 5518 2942 5518 2947 5518 2941 5519 2947 5519 2942 5519 2948 5520 2943 5520 2947 5520 2947 5521 2941 5521 2940 5521 2947 5522 2949 5522 2948 5522 2814 5523 2948 5523 2944 5523 2943 5524 2948 5524 2814 5524 2944 5525 2948 5525 2950 5525 2959 5526 2953 5526 2952 5526 2952 5527 2953 5527 2951 5527 2951 5528 2953 5528 2954 5528 2950 5529 2951 5529 2954 5529 2949 5530 2951 5530 2950 5530 2955 5531 2956 5531 2957 5531 2959 5532 2958 5532 2960 5532 2960 5533 2958 5533 3218 5533 2957 5534 2959 5534 2960 5534 2953 5535 2959 5535 2957 5535 2953 5536 2957 5536 2954 5536 2957 5537 2960 5537 2955 5537 2955 5538 2960 5538 3219 5538 2961 5539 2962 5539 2963 5539 2963 5540 2962 5540 2831 5540 2963 5541 2831 5541 2830 5541 2964 5542 2965 5542 2966 5542 2966 5543 2962 5543 2961 5543 2667 5544 3310 5544 2935 5544 2935 5545 3310 5545 2933 5545 3310 5546 2967 5546 2933 5546 2667 5547 2935 5547 2668 5547 2668 5548 2935 5548 2927 5548 2923 5549 2909 5549 2928 5549 2928 5550 2909 5550 2668 5550 2928 5551 2668 5551 2927 5551 2969 5552 2970 5552 2986 5552 2851 5553 2986 5553 2854 5553 2851 5554 2854 5554 2850 5554 2850 5555 2854 5555 2853 5555 2850 5556 2853 5556 2848 5556 2848 5557 2853 5557 2857 5557 2848 5558 2857 5558 2859 5558 2859 5559 2861 5559 2846 5559 2846 5560 2861 5560 2843 5560 2843 5561 2861 5561 2863 5561 2843 5562 2863 5562 2842 5562 2842 5563 2863 5563 2865 5563 2842 5564 2865 5564 2870 5564 2870 5565 2865 5565 2868 5565 2870 5566 2868 5566 2869 5566 2869 5567 2868 5567 2971 5567 2971 5568 2972 5568 2973 5568 2973 5569 2972 5569 2974 5569 2974 5570 2972 5570 2975 5570 2974 5571 2975 5571 2976 5571 2979 5572 2978 5572 2980 5572 2979 5573 2980 5573 2969 5573 2969 5574 2980 5574 2970 5574 2973 5575 2981 5575 2906 5575 2973 5576 2906 5576 2971 5576 2973 5577 2974 5577 2981 5577 2981 5578 2974 5578 2982 5578 2977 5579 2983 5579 2976 5579 2976 5580 2983 5580 2982 5580 2976 5581 2982 5581 2974 5581 2979 5582 2984 5582 2977 5582 2979 5583 2977 5583 2978 5583 2979 5584 2969 5584 2984 5584 2984 5585 2969 5585 2985 5585 2851 5586 2852 5586 2986 5586 2986 5587 2985 5587 2969 5587 2970 5588 2987 5588 2986 5588 2986 5589 2987 5589 2988 5589 2988 5590 2989 5590 2986 5590 2986 5591 2989 5591 2854 5591 2970 5592 2980 5592 2987 5592 2987 5593 2980 5593 2990 5593 2977 5594 2991 5594 2978 5594 2980 5595 2978 5595 2990 5595 2975 5596 2992 5596 2976 5596 2976 5597 2992 5597 2993 5597 2976 5598 2993 5598 2977 5598 2977 5599 2993 5599 2991 5599 2975 5600 2972 5600 2992 5600 2992 5601 2972 5601 2994 5601 2971 5602 2995 5602 2972 5602 2972 5603 2995 5603 2994 5603 2868 5604 2995 5604 2971 5604 2971 5605 2906 5605 2996 5605 2997 5606 3011 5606 2998 5606 3014 5607 2999 5607 3000 5607 3003 5608 3002 5608 3004 5608 2918 5609 2962 5609 2966 5609 2918 5610 2966 5610 2919 5610 2919 5611 2966 5611 2965 5611 2920 5612 2965 5612 2964 5612 2920 5613 2964 5613 2915 5613 3006 5614 2949 5614 2947 5614 3006 5615 2947 5615 2921 5615 2947 5616 2940 5616 2921 5616 3006 5617 2951 5617 2949 5617 2959 5618 2952 5618 2916 5618 2916 5619 2952 5619 3007 5619 3007 5620 2952 5620 2951 5620 2951 5621 3006 5621 3007 5621 2915 5622 2958 5622 2916 5622 2959 5623 2916 5623 2958 5623 2921 5624 2917 5624 3006 5624 2913 5625 3342 5625 2917 5625 2917 5626 3342 5626 3006 5626 3006 5627 3009 5627 3007 5627 3007 5628 3009 5628 3010 5628 3007 5629 3010 5629 2916 5629 2916 5630 2911 5630 3008 5630 2916 5631 3008 5631 2920 5631 2920 5632 3008 5632 2917 5632 2917 5633 3008 5633 2913 5633 3006 5634 3342 5634 3009 5634 2916 5635 3010 5635 2911 5635 2913 5636 3008 5636 2912 5636 2912 5637 3008 5637 2911 5637 2911 5638 3010 5638 2910 5638 2818 5639 2804 5639 2831 5639 2962 5640 2918 5640 2940 5640 2940 5641 2818 5641 2962 5641 2962 5642 2818 5642 2831 5642 3012 5643 2998 5643 3013 5643 3013 5644 2998 5644 2999 5644 3015 5645 3014 5645 3000 5645 3339 5646 3016 5646 2939 5646 3339 5647 2939 5647 2968 5647 2939 5648 2922 5648 2968 5648 3019 5649 3017 5649 3018 5649 3017 5650 3019 5650 3020 5650 3017 5651 3020 5651 3021 5651 3021 5652 3020 5652 3022 5652 3017 5653 3023 5653 3018 5653 3024 5654 3025 5654 3021 5654 3021 5655 3022 5655 3024 5655 3024 5656 3022 5656 3026 5656 3025 5657 3024 5657 3035 5657 3035 5658 3024 5658 3027 5658 3022 5659 3028 5659 3026 5659 3026 5660 3028 5660 3029 5660 3026 5661 3029 5661 3024 5661 3024 5662 3029 5662 3027 5662 3023 5663 3031 5663 3030 5663 3023 5664 3030 5664 3018 5664 3018 5665 3030 5665 3296 5665 3017 5666 3032 5666 3033 5666 3017 5667 3021 5667 3032 5667 3032 5668 3021 5668 3034 5668 3025 5669 3035 5669 3036 5669 3025 5670 3036 5670 3037 5670 3025 5671 3037 5671 3021 5671 3021 5672 3037 5672 3038 5672 3021 5673 3038 5673 3034 5673 3118 5674 3039 5674 3120 5674 3120 5675 3039 5675 3040 5675 3041 5676 3118 5676 3042 5676 3043 5677 3133 5677 3335 5677 3091 5678 3043 5678 2695 5678 3044 5679 3296 5679 3131 5679 3131 5680 3296 5680 3045 5680 3131 5681 3045 5681 3046 5681 3048 5682 3083 5682 3049 5682 3197 5683 3050 5683 3052 5683 3052 5684 3050 5684 3053 5684 3051 5685 3043 5685 3091 5685 3052 5686 3053 5686 3054 5686 3054 5687 3053 5687 3043 5687 3054 5688 3043 5688 3051 5688 3055 5689 3056 5689 3059 5689 3060 5690 3059 5690 3057 5690 3061 5691 3058 5691 3204 5691 3067 5692 3061 5692 3069 5692 3204 5693 3057 5693 3061 5693 3059 5694 3061 5694 3057 5694 3060 5695 3055 5695 3059 5695 3202 5696 3061 5696 3062 5696 3063 5697 3058 5697 3061 5697 3202 5698 3063 5698 3061 5698 3069 5699 3061 5699 3059 5699 3062 5700 3061 5700 3067 5700 3066 5701 3065 5701 3070 5701 3070 5702 3065 5702 3064 5702 3065 5703 3067 5703 3069 5703 3069 5704 3064 5704 3065 5704 3067 5705 3065 5705 3066 5705 3067 5706 3066 5706 3068 5706 3071 5707 3066 5707 3072 5707 3072 5708 3070 5708 3064 5708 3066 5709 3070 5709 3072 5709 3073 5710 2825 5710 3072 5710 3074 5711 3076 5711 3075 5711 3064 5712 3074 5712 3072 5712 3072 5713 2825 5713 3071 5713 3072 5714 3074 5714 3073 5714 3073 5715 3074 5715 3075 5715 3079 5716 3066 5716 3071 5716 3074 5717 2826 5717 3076 5717 2828 5718 2825 5718 3073 5718 2828 5719 3073 5719 3075 5719 2829 5720 2823 5720 3077 5720 2829 5721 3077 5721 3078 5721 2825 5722 2829 5722 3071 5722 3071 5723 2829 5723 3078 5723 3071 5724 3078 5724 3079 5724 3080 5725 3081 5725 3082 5725 3080 5726 3082 5726 3084 5726 3084 5727 3082 5727 3083 5727 3084 5728 3083 5728 3085 5728 3084 5729 3085 5729 3086 5729 2727 5730 2836 5730 2728 5730 2728 5731 2836 5731 2835 5731 3088 5732 3118 5732 3041 5732 3188 5733 3040 5733 3087 5733 3087 5734 3040 5734 3039 5734 3087 5735 3039 5735 3088 5735 3088 5736 3039 5736 3118 5736 3089 5737 2693 5737 2694 5737 3089 5738 2694 5738 2691 5738 3089 5739 2691 5739 3090 5739 2693 5740 3089 5740 3091 5740 3050 5741 3092 5741 3134 5741 3093 5742 3094 5742 3118 5742 3093 5743 3118 5743 3119 5743 3093 5744 3095 5744 3094 5744 3094 5745 3095 5745 3096 5745 3097 5746 3102 5746 3098 5746 3097 5747 3098 5747 3099 5747 3099 5748 3098 5748 3122 5748 3099 5749 3122 5749 3096 5749 3099 5750 3096 5750 3095 5750 3100 5751 3101 5751 3102 5751 3100 5752 3102 5752 3103 5752 3103 5753 3102 5753 3097 5753 3100 5754 3104 5754 3101 5754 3101 5755 3104 5755 3105 5755 3106 5756 3107 5756 3108 5756 3108 5757 3107 5757 3109 5757 3097 5758 3110 5758 3103 5758 3107 5759 3103 5759 3109 5759 3111 5760 3112 5760 3099 5760 3099 5761 3112 5761 3113 5761 3099 5762 3113 5762 3097 5762 3097 5763 3113 5763 3110 5763 3111 5764 3114 5764 3112 5764 3112 5765 3114 5765 3115 5765 3117 5766 3116 5766 3114 5766 3114 5767 3116 5767 3115 5767 3244 5768 3116 5768 3117 5768 3119 5769 3118 5769 3120 5769 3121 5770 3079 5770 3123 5770 3121 5771 3123 5771 3122 5771 3048 5772 3085 5772 3083 5772 3083 5773 3082 5773 3049 5773 3049 5774 3082 5774 3081 5774 3049 5775 3081 5775 3047 5775 3069 5776 3059 5776 3125 5776 3056 5777 3125 5777 3059 5777 3127 5778 3069 5778 3125 5778 3047 5779 3064 5779 3126 5779 3064 5780 3069 5780 3126 5780 3126 5781 3069 5781 3127 5781 3064 5782 3047 5782 3074 5782 3132 5783 3128 5783 3048 5783 3125 5784 3128 5784 3127 5784 3128 5785 3129 5785 3127 5785 3127 5786 3129 5786 3126 5786 3126 5787 3129 5787 3130 5787 3126 5788 3130 5788 3047 5788 3048 5789 3128 5789 3125 5789 3047 5790 3130 5790 3131 5790 3047 5791 3131 5791 3049 5791 3049 5792 3131 5792 3132 5792 3049 5793 3132 5793 3048 5793 3337 5794 3132 5794 3046 5794 3046 5795 3132 5795 3131 5795 3044 5796 3131 5796 3130 5796 2835 5797 2803 5797 2802 5797 3047 5798 3081 5798 2725 5798 3047 5799 2725 5799 3074 5799 3074 5800 2725 5800 2732 5800 3074 5801 2732 5801 2826 5801 2826 5802 2732 5802 2802 5802 2802 5803 2728 5803 2835 5803 3334 5804 3123 5804 3124 5804 3133 5805 3043 5805 3053 5805 3133 5806 3053 5806 3134 5806 3053 5807 3050 5807 3134 5807 3136 5808 3135 5808 3145 5808 3136 5809 3145 5809 3144 5809 3135 5810 3136 5810 3137 5810 3137 5811 3136 5811 3138 5811 3139 5812 3140 5812 3137 5812 3137 5813 3138 5813 3141 5813 3137 5814 3141 5814 3139 5814 3140 5815 3142 5815 3137 5815 3137 5816 3142 5816 3143 5816 3145 5817 3146 5817 3148 5817 3145 5818 3148 5818 3144 5818 3144 5819 3148 5819 3147 5819 3140 5820 3139 5820 3149 5820 3149 5821 3139 5821 3164 5821 3140 5822 3149 5822 3150 5822 3140 5823 3150 5823 3142 5823 3142 5824 3150 5824 3151 5824 3142 5825 3151 5825 3143 5825 3143 5826 3151 5826 3152 5826 3143 5827 3152 5827 3137 5827 3137 5828 3152 5828 3153 5828 3137 5829 3153 5829 3135 5829 3135 5830 3153 5830 3154 5830 3135 5831 3154 5831 3145 5831 3145 5832 3154 5832 3146 5832 3146 5833 3154 5833 3155 5833 3146 5834 3155 5834 3156 5834 3146 5835 3156 5835 3148 5835 3157 5836 3148 5836 3156 5836 3148 5837 3157 5837 3158 5837 3148 5838 3158 5838 3147 5838 3147 5839 3158 5839 3159 5839 3147 5840 3159 5840 3160 5840 3147 5841 3160 5841 3144 5841 3161 5842 3136 5842 3160 5842 3136 5843 3161 5843 3138 5843 3138 5844 3161 5844 3141 5844 3141 5845 3161 5845 3162 5845 3141 5846 3162 5846 3163 5846 3141 5847 3163 5847 3139 5847 3139 5848 3163 5848 3164 5848 3120 5849 3040 5849 3166 5849 3166 5850 3040 5850 3165 5850 3166 5851 3193 5851 3167 5851 3169 5852 3168 5852 3196 5852 3196 5853 3168 5853 3167 5853 3172 5854 3170 5854 3171 5854 3172 5855 3171 5855 3185 5855 2680 5856 2682 5856 3172 5856 3175 5857 3173 5857 3174 5857 3175 5858 3174 5858 3275 5858 3275 5859 3174 5859 3329 5859 3177 5860 3221 5860 3176 5860 3177 5861 3273 5861 3221 5861 3177 5862 3178 5862 3179 5862 3180 5863 3181 5863 3182 5863 3183 5864 3198 5864 3230 5864 3184 5865 3185 5865 3198 5865 3188 5866 3087 5866 3052 5866 3165 5867 3188 5867 3187 5867 3051 5868 3090 5868 3054 5868 3054 5869 3090 5869 3189 5869 3165 5870 3187 5870 3183 5870 3165 5871 3183 5871 3193 5871 3052 5872 3187 5872 3188 5872 3187 5873 3186 5873 3184 5873 3184 5874 3186 5874 3194 5874 3054 5875 3189 5875 3192 5875 3051 5876 3091 5876 3090 5876 3184 5877 3194 5877 3190 5877 3190 5878 3194 5878 3191 5878 3187 5879 3052 5879 3054 5879 3088 5880 3041 5880 3052 5880 3054 5881 3192 5881 3187 5881 3187 5882 3192 5882 3186 5882 3091 5883 3089 5883 3090 5883 3052 5884 3087 5884 3088 5884 3196 5885 3193 5885 3183 5885 3052 5886 3041 5886 3197 5886 3194 5887 3195 5887 3191 5887 3230 5888 3196 5888 3183 5888 3184 5889 3198 5889 3187 5889 3187 5890 3198 5890 3183 5890 3067 5891 3201 5891 3062 5891 3200 5892 3199 5892 3213 5892 3202 5893 3062 5893 3200 5893 3200 5894 3062 5894 3201 5894 3200 5895 3201 5895 3199 5895 3058 5896 3063 5896 3203 5896 3204 5897 3058 5897 3203 5897 3206 5898 3057 5898 3204 5898 3205 5899 3060 5899 3057 5899 3205 5900 3057 5900 3206 5900 3055 5901 3060 5901 3205 5901 3181 5902 3056 5902 3055 5902 3213 5903 3209 5903 3208 5903 3203 5904 3063 5904 3208 5904 3208 5905 3202 5905 3213 5905 3213 5906 3202 5906 3200 5906 3207 5907 3208 5907 3209 5907 3181 5908 3055 5908 3207 5908 3207 5909 3055 5909 3205 5909 3207 5910 3205 5910 3208 5910 3208 5911 3205 5911 3206 5911 3206 5912 3204 5912 3208 5912 3208 5913 3204 5913 3203 5913 3063 5914 3202 5914 3208 5914 3211 5915 3215 5915 3212 5915 3211 5916 3209 5916 3213 5916 3213 5917 3214 5917 3211 5917 3211 5918 3212 5918 3209 5918 3210 5919 3212 5919 3215 5919 3215 5920 3211 5920 3214 5920 2956 5921 3220 5921 3217 5921 3222 5922 3217 5922 3219 5922 3222 5923 3219 5923 3218 5923 3215 5924 3216 5924 3217 5924 3217 5925 3216 5925 2956 5925 3217 5926 3221 5926 3215 5926 3215 5927 3221 5927 3210 5927 3222 5928 3221 5928 3217 5928 3220 5929 3219 5929 3217 5929 3223 5930 3216 5930 3304 5930 3304 5931 3216 5931 3215 5931 2957 5932 3223 5932 2954 5932 3216 5933 3223 5933 2957 5933 3216 5934 2957 5934 2956 5934 2956 5935 2955 5935 3220 5935 3220 5936 2955 5936 3219 5936 3219 5937 2960 5937 3218 5937 3222 5938 3218 5938 2958 5938 3086 5939 3085 5939 3224 5939 3224 5940 3085 5940 3225 5940 3224 5941 3225 5941 3226 5941 3226 5942 3225 5942 3179 5942 3226 5943 3179 5943 3227 5943 3227 5944 3178 5944 3228 5944 3227 5945 3228 5945 3229 5945 2730 5946 2964 5946 2731 5946 3196 5947 3167 5947 3193 5947 3193 5948 3166 5948 3165 5948 3165 5949 3040 5949 3188 5949 3189 5950 2696 5950 3192 5950 3090 5951 2691 5951 3189 5951 3194 5952 2683 5952 2684 5952 3194 5953 2684 5953 3195 5953 2680 5954 3191 5954 2679 5954 2679 5955 3191 5955 3195 5955 3191 5956 2680 5956 3172 5956 3191 5957 3172 5957 3190 5957 3190 5958 3172 5958 3185 5958 3190 5959 3185 5959 3184 5959 3287 5960 3169 5960 3230 5960 3230 5961 3169 5961 3196 5961 3231 5962 3232 5962 3233 5962 3233 5963 3232 5963 3234 5963 3233 5964 3234 5964 3236 5964 3236 5965 3234 5965 3235 5965 3236 5966 3235 5966 3237 5966 3239 5967 3238 5967 3240 5967 3239 5968 3240 5968 3241 5968 3241 5969 3240 5969 3242 5969 3241 5970 3242 5970 3243 5970 3243 5971 3242 5971 3244 5971 3243 5972 3244 5972 3119 5972 3119 5973 3244 5973 3117 5973 3119 5974 3117 5974 3114 5974 3119 5975 3114 5975 3093 5975 3093 5976 3114 5976 3095 5976 3095 5977 3114 5977 3111 5977 3095 5978 3111 5978 3099 5978 3100 5979 3103 5979 3107 5979 3100 5980 3107 5980 3104 5980 3104 5981 3107 5981 3106 5981 3104 5982 3106 5982 3245 5982 3231 5983 3245 5983 3232 5983 3243 5984 3261 5984 3246 5984 3243 5985 3246 5985 3241 5985 3239 5986 3241 5986 3247 5986 3247 5987 3241 5987 3246 5987 3239 5988 3247 5988 3248 5988 3239 5989 3248 5989 3238 5989 3238 5990 3248 5990 3237 5990 3237 5991 3248 5991 3236 5991 3236 5992 3249 5992 3233 5992 3231 5993 3233 5993 3250 5993 3250 5994 3233 5994 3249 5994 3231 5995 3250 5995 3251 5995 3231 5996 3251 5996 3245 5996 3245 5997 3251 5997 3105 5997 3245 5998 3105 5998 3104 5998 3106 5999 3108 5999 3245 5999 3245 6000 3108 6000 3252 6000 3252 6001 3253 6001 3245 6001 3245 6002 3253 6002 3254 6002 3245 6003 3254 6003 3232 6003 3234 6004 3232 6004 3255 6004 3255 6005 3232 6005 3254 6005 3234 6006 3255 6006 3235 6006 3235 6007 3255 6007 3256 6007 3235 6008 3256 6008 3237 6008 3237 6009 3256 6009 3257 6009 3237 6010 3257 6010 3238 6010 3238 6011 3257 6011 3240 6011 3240 6012 3257 6012 3258 6012 3242 6013 3240 6013 3259 6013 3259 6014 3240 6014 3258 6014 3242 6015 3259 6015 3244 6015 3244 6016 3259 6016 3260 6016 3244 6017 3260 6017 3116 6017 3119 6018 3120 6018 3243 6018 3243 6019 3120 6019 3261 6019 3263 6020 3262 6020 2700 6020 3263 6021 2700 6021 3264 6021 3264 6022 2700 6022 3266 6022 3264 6023 3266 6023 3265 6023 3269 6024 3306 6024 3270 6024 2689 6025 3267 6025 3268 6025 2689 6026 3268 6026 2690 6026 2690 6027 3268 6027 3269 6027 2692 6028 3269 6028 3270 6028 3177 6029 3228 6029 3178 6029 3178 6030 3227 6030 3179 6030 3179 6031 3225 6031 3180 6031 3180 6032 3182 6032 3207 6032 3182 6033 3181 6033 3207 6033 3209 6034 3180 6034 3207 6034 3180 6035 3209 6035 3271 6035 3209 6036 3212 6036 3271 6036 3271 6037 3212 6037 3272 6037 3272 6038 3212 6038 3210 6038 3210 6039 3273 6039 3272 6039 3221 6040 3273 6040 3210 6040 3222 6041 3176 6041 3221 6041 3177 6042 3274 6042 3273 6042 3275 6043 3180 6043 3175 6043 3180 6044 3275 6044 3179 6044 3179 6045 3275 6045 3276 6045 3179 6046 3276 6046 3177 6046 3177 6047 3276 6047 3274 6047 3273 6048 3274 6048 3277 6048 3273 6049 3277 6049 3272 6049 3272 6050 3277 6050 3271 6050 3271 6051 3277 6051 3175 6051 3271 6052 3175 6052 3180 6052 3173 6053 3175 6053 3277 6053 3173 6054 3277 6054 3327 6054 3181 6055 3180 6055 3225 6055 3085 6056 3048 6056 3125 6056 3056 6057 3181 6057 3125 6057 3125 6058 3181 6058 3085 6058 3085 6059 3181 6059 3225 6059 3228 6060 3177 6060 3176 6060 2915 6061 2964 6061 2958 6061 2958 6062 2964 6062 2730 6062 2958 6063 2730 6063 2733 6063 2958 6064 2733 6064 3222 6064 3222 6065 2733 6065 2734 6065 3222 6066 2734 6066 3176 6066 3176 6067 2734 6067 2723 6067 3176 6068 2723 6068 3228 6068 3101 6069 3335 6069 3102 6069 2682 6070 3170 6070 3172 6070 2687 6071 2684 6071 2683 6071 3326 6072 3170 6072 3249 6072 3249 6073 3170 6073 2682 6073 3249 6074 2682 6074 3250 6074 3250 6075 2682 6075 2681 6075 3250 6076 2681 6076 2684 6076 3335 6077 2695 6077 3043 6077 2689 6078 3105 6078 3251 6078 2689 6079 3251 6079 3250 6079 2689 6080 3250 6080 2687 6080 2687 6081 3250 6081 2684 6081 3105 6082 2693 6082 2695 6082 3105 6083 2695 6083 3101 6083 3101 6084 2695 6084 3335 6084 2691 6085 2694 6085 2692 6085 2692 6086 2694 6086 2693 6086 2692 6087 2693 6087 2689 6087 2689 6088 2693 6088 3105 6088 3092 6089 3050 6089 3278 6089 3092 6090 3278 6090 3334 6090 3326 6091 3249 6091 3236 6091 3326 6092 3236 6092 3279 6092 3279 6093 3236 6093 3248 6093 3279 6094 3248 6094 3280 6094 3280 6095 3248 6095 3247 6095 3102 6096 3335 6096 3121 6096 3102 6097 3121 6097 3098 6097 3098 6098 3121 6098 3122 6098 3122 6099 3334 6099 3096 6099 3096 6100 3334 6100 3278 6100 3278 6101 3042 6101 3096 6101 3096 6102 3042 6102 3094 6102 3094 6103 3042 6103 3118 6103 3168 6104 3280 6104 3247 6104 3168 6105 3247 6105 3246 6105 3168 6106 3246 6106 3167 6106 3167 6107 3246 6107 3261 6107 3167 6108 3261 6108 3166 6108 3166 6109 3261 6109 3120 6109 2787 6110 2786 6110 2727 6110 2801 6111 2800 6111 2777 6111 2799 6112 2779 6112 2778 6112 2727 6113 3281 6113 2836 6113 2836 6114 3281 6114 3347 6114 2836 6115 3347 6115 2832 6115 2832 6116 3347 6116 2801 6116 2989 6117 2791 6117 2790 6117 2799 6118 2778 6118 2800 6118 2800 6119 2778 6119 2777 6119 2729 6120 2995 6120 2867 6120 2862 6121 2860 6121 2727 6121 2727 6122 2860 6122 2858 6122 2783 6123 2782 6123 3282 6123 2783 6124 3282 6124 2784 6124 2784 6125 3282 6125 3281 6125 2784 6126 3281 6126 2727 6126 2784 6127 2727 6127 2785 6127 2785 6128 2727 6128 2786 6128 2867 6129 2866 6129 2729 6129 2729 6130 2866 6130 2864 6130 2729 6131 2864 6131 2727 6131 2727 6132 2864 6132 2862 6132 2790 6133 2789 6133 2856 6133 2788 6134 2787 6134 2858 6134 2858 6135 2787 6135 2727 6135 2799 6136 2782 6136 2781 6136 2799 6137 2781 6137 2780 6137 2799 6138 2780 6138 2779 6138 2856 6139 2789 6139 2855 6139 2855 6140 2789 6140 2788 6140 2855 6141 2788 6141 2858 6141 2854 6142 2989 6142 2790 6142 2854 6143 2790 6143 2856 6143 2791 6144 2989 6144 2963 6144 2791 6145 2963 6145 2776 6145 2776 6146 2963 6146 2830 6146 2832 6147 2801 6147 2777 6147 2776 6148 2830 6148 2777 6148 2777 6149 2830 6149 2832 6149 2989 6150 2901 6150 2963 6150 2963 6151 2901 6151 2893 6151 2963 6152 2893 6152 2961 6152 2961 6153 2893 6153 2895 6153 2895 6154 2966 6154 2961 6154 2991 6155 2993 6155 2731 6155 2914 6156 2912 6156 2966 6156 2994 6157 2995 6157 2729 6157 2895 6158 2914 6158 2966 6158 2897 6159 3283 6159 2731 6159 2731 6160 3283 6160 3284 6160 2914 6161 2895 6161 2894 6161 2914 6162 2894 6162 3340 6162 3284 6163 2978 6163 2991 6163 2912 6164 2964 6164 2966 6164 3284 6165 2991 6165 2731 6165 3340 6166 2894 6166 3285 6166 3340 6167 3285 6167 2910 6167 2978 6168 3284 6168 2899 6168 2978 6169 2899 6169 2990 6169 2899 6170 2898 6170 2990 6170 2990 6171 2898 6171 2900 6171 2990 6172 2900 6172 2987 6172 2987 6173 2900 6173 2904 6173 2987 6174 2904 6174 2988 6174 2988 6175 2904 6175 2903 6175 2897 6176 2731 6176 2964 6176 2897 6177 2964 6177 2910 6177 2731 6178 2993 6178 2992 6178 2731 6179 2992 6179 2729 6179 2729 6180 2992 6180 2994 6180 2910 6181 2896 6181 2897 6181 2988 6182 2903 6182 2902 6182 2988 6183 2902 6183 2989 6183 2989 6184 2902 6184 2901 6184 3286 6185 2910 6185 3285 6185 2910 6186 3286 6186 2896 6186 3171 6187 3263 6187 3264 6187 3171 6188 3264 6188 3287 6188 3287 6189 3264 6189 3265 6189 3170 6190 3262 6190 3263 6190 3170 6191 3263 6191 3171 6191 3287 6192 3265 6192 3288 6192 3288 6193 3265 6193 3266 6193 3288 6194 3266 6194 3289 6194 3198 6195 3171 6195 3287 6195 3198 6196 3287 6196 3230 6196 3185 6197 3171 6197 3198 6197 2792 6198 2750 6198 2737 6198 2792 6199 2737 6199 2738 6199 2740 6200 2936 6200 2738 6200 2738 6201 2936 6201 2793 6201 2738 6202 2793 6202 2792 6202 2936 6203 2740 6203 2929 6203 2929 6204 2740 6204 2931 6204 2735 6205 2905 6205 2906 6205 2735 6206 2906 6206 2736 6206 2741 6207 2736 6207 2934 6207 2934 6208 2736 6208 2906 6208 2931 6209 2740 6209 2741 6209 2931 6210 2741 6210 2934 6210 2725 6211 3081 6211 2726 6211 2726 6212 3081 6212 3080 6212 2722 6213 3229 6213 2723 6213 2723 6214 3229 6214 3228 6214 3158 6215 2722 6215 3159 6215 3329 6216 3174 6216 3150 6216 2722 6217 3290 6217 3229 6217 3229 6218 3290 6218 3328 6218 3152 6219 3151 6219 3174 6219 3163 6220 3162 6220 3253 6220 3229 6221 3328 6221 3227 6221 3227 6222 3328 6222 3329 6222 3227 6223 3329 6223 3226 6223 3161 6224 3254 6224 3162 6224 2722 6225 3257 6225 3256 6225 3155 6226 3291 6226 3156 6226 3156 6227 3291 6227 3290 6227 3156 6228 3290 6228 2722 6228 3156 6229 2722 6229 3157 6229 3157 6230 2722 6230 3158 6230 3152 6231 3174 6231 3173 6231 3174 6232 3151 6232 3150 6232 3254 6233 3253 6233 3162 6233 3254 6234 3161 6234 3255 6234 3255 6235 3161 6235 3160 6235 3255 6236 3160 6236 3256 6236 3160 6237 3159 6237 3256 6237 3256 6238 3159 6238 2722 6238 3155 6239 3154 6239 3291 6239 3153 6240 3173 6240 3154 6240 3154 6241 3173 6241 3327 6241 3154 6242 3327 6242 3291 6242 2724 6243 3116 6243 3260 6243 3260 6244 3259 6244 2724 6244 2724 6245 3259 6245 3258 6245 2724 6246 3258 6246 2722 6246 2722 6247 3258 6247 3257 6247 3173 6248 3153 6248 3152 6248 3163 6249 3253 6249 3164 6249 3164 6250 3253 6250 3224 6250 3164 6251 3224 6251 3226 6251 3164 6252 3226 6252 3149 6252 3226 6253 3329 6253 3150 6253 3149 6254 3226 6254 3150 6254 3086 6255 3027 6255 3029 6255 3029 6256 3084 6256 3086 6256 3027 6257 3086 6257 3035 6257 3035 6258 3086 6258 3224 6258 3035 6259 3224 6259 3253 6259 3336 6260 3337 6260 3029 6260 3029 6261 3337 6261 3084 6261 3115 6262 3116 6262 2724 6262 3045 6263 2726 6263 3080 6263 3045 6264 3080 6264 3046 6264 2726 6265 3031 6265 3293 6265 2726 6266 3110 6266 3113 6266 3336 6267 3028 6267 3292 6267 3336 6268 3292 6268 3044 6268 2726 6269 3293 6269 3294 6269 3336 6270 3029 6270 3028 6270 3084 6271 3337 6271 3046 6271 3084 6272 3046 6272 3080 6272 3031 6273 2726 6273 3045 6273 3031 6274 3045 6274 3030 6274 3030 6275 3045 6275 3296 6275 3294 6276 3103 6276 3110 6276 3294 6277 3110 6277 2726 6277 2726 6278 3113 6278 3112 6278 2726 6279 3112 6279 2724 6279 2724 6280 3112 6280 3115 6280 3103 6281 3294 6281 3033 6281 3103 6282 3033 6282 3109 6282 3033 6283 3032 6283 3109 6283 3109 6284 3032 6284 3034 6284 3109 6285 3034 6285 3108 6285 3108 6286 3034 6286 3038 6286 3108 6287 3038 6287 3252 6287 3252 6288 3038 6288 3037 6288 3252 6289 3037 6289 3036 6289 3252 6290 3036 6290 3253 6290 3253 6291 3036 6291 3035 6291 3295 6292 3044 6292 3292 6292 3044 6293 3295 6293 3296 6293 3068 6294 3066 6294 3079 6294 3304 6295 3215 6295 3214 6295 3297 6296 2950 6296 2954 6296 3077 6297 2823 6297 3298 6297 3077 6298 3299 6298 3345 6298 3298 6299 2873 6299 2872 6299 3298 6300 2872 6300 3077 6300 3077 6301 2872 6301 3299 6301 2873 6302 3300 6302 2874 6302 3300 6303 2873 6303 2709 6303 2709 6304 2873 6304 3298 6304 2709 6305 3298 6305 2946 6305 2946 6306 3300 6306 2709 6306 2874 6307 3300 6307 3301 6307 3077 6308 3345 6308 3078 6308 3078 6309 3345 6309 3344 6309 3078 6310 3344 6310 3301 6310 3301 6311 3344 6311 2874 6311 3297 6312 3011 6312 2715 6312 3297 6313 2954 6313 3011 6313 2998 6314 3011 6314 2954 6314 3223 6315 2999 6315 2998 6315 3223 6316 3000 6316 2999 6316 3068 6317 3079 6317 3302 6317 3302 6318 3303 6318 2699 6318 3068 6319 3302 6319 3308 6319 3308 6320 3302 6320 2699 6320 2699 6321 3303 6321 3301 6321 3301 6322 3303 6322 3124 6322 3078 6323 3123 6323 3079 6323 3301 6324 3124 6324 3078 6324 3078 6325 3124 6325 3123 6325 3304 6326 3305 6326 3223 6326 3305 6327 3266 6327 3223 6327 3000 6328 3266 6328 2700 6328 3304 6329 3262 6329 3305 6329 2700 6330 3262 6330 3214 6330 3214 6331 3262 6331 3304 6331 3201 6332 3269 6332 3268 6332 3201 6333 3268 6333 3199 6333 2713 6334 2763 6334 3301 6334 3301 6335 2763 6335 2759 6335 2715 6336 3307 6336 2713 6336 2705 6337 2759 6337 2756 6337 2705 6338 2756 6338 3307 6338 2712 6339 2714 6339 3297 6339 3297 6340 2714 6340 2945 6340 2714 6341 2713 6341 2945 6341 2715 6342 2712 6342 3297 6342 3301 6343 2703 6343 2699 6343 2705 6344 2704 6344 3301 6344 3301 6345 2704 6345 2703 6345 2699 6346 2703 6346 2706 6346 2699 6347 2706 6347 3306 6347 2705 6348 3307 6348 2715 6348 2705 6349 2715 6349 3000 6349 2705 6350 3000 6350 2706 6350 2706 6351 3000 6351 2700 6351 3306 6352 2706 6352 2700 6352 3330 6353 2700 6353 3214 6353 3269 6354 3308 6354 3306 6354 3068 6355 3308 6355 3269 6355 3223 6356 2998 6356 2954 6356 3223 6357 3266 6357 3000 6357 3199 6358 3330 6358 3214 6358 3199 6359 3214 6359 3213 6359 2945 6360 3002 6360 3001 6360 2945 6361 3001 6361 3323 6361 2945 6362 3323 6362 2946 6362 2946 6363 3323 6363 3309 6363 2946 6364 3309 6364 3300 6364 3300 6365 3309 6365 3004 6365 2713 6366 3004 6366 3002 6366 2713 6367 3002 6367 2945 6367 3004 6368 2713 6368 3300 6368 3300 6369 2713 6369 3301 6369 2715 6370 2713 6370 2712 6370 2700 6371 3330 6371 3306 6371 3306 6372 3308 6372 2699 6372 3067 6373 3068 6373 3201 6373 3201 6374 3068 6374 3269 6374 2759 6375 2705 6375 3301 6375 2677 6376 3005 6376 3004 6376 3323 6377 3001 6377 2670 6377 2670 6378 3001 6378 3002 6378 2670 6379 3002 6379 3003 6379 3005 6380 3003 6380 3004 6380 3318 6381 2986 6381 2852 6381 3318 6382 2985 6382 2986 6382 2984 6383 2997 6383 2977 6383 2909 6384 2997 6384 2984 6384 2909 6385 2984 6385 2666 6385 2666 6386 2984 6386 2985 6386 2796 6387 2675 6387 3313 6387 2675 6388 2839 6388 2852 6388 3318 6389 2670 6389 2985 6389 2985 6390 2670 6390 3003 6390 3318 6391 2852 6391 2839 6391 2839 6392 3315 6392 3318 6392 2675 6393 2852 6393 2849 6393 2675 6394 2849 6394 3313 6394 3003 6395 3310 6395 2985 6395 2985 6396 3310 6396 2666 6396 3003 6397 3005 6397 3310 6397 2997 6398 2909 6398 3016 6398 2844 6399 3314 6399 2845 6399 2845 6400 3314 6400 3312 6400 2845 6401 3312 6401 2846 6401 2846 6402 3312 6402 2847 6402 2847 6403 3312 6403 3313 6403 2847 6404 3313 6404 2849 6404 2977 6405 2997 6405 3012 6405 2977 6406 3012 6406 2983 6406 2983 6407 3012 6407 3014 6407 2983 6408 3014 6408 3015 6408 2983 6409 3015 6409 2982 6409 2844 6410 2794 6410 3314 6410 3015 6411 3311 6411 2982 6411 3311 6412 3015 6412 2908 6412 3311 6413 2908 6413 2968 6413 3311 6414 2907 6414 2982 6414 2982 6415 2907 6415 2981 6415 2981 6416 2907 6416 2906 6416 2794 6417 2844 6417 2841 6417 2794 6418 2841 6418 2792 6418 2792 6419 2841 6419 2870 6419 2792 6420 2870 6420 2869 6420 2937 6421 2967 6421 2669 6421 2937 6422 2669 6422 2926 6422 2926 6423 2669 6423 2677 6423 2926 6424 2677 6424 2930 6424 2676 6425 2932 6425 2930 6425 2676 6426 2930 6426 2678 6426 2676 6427 2671 6427 2932 6427 2932 6428 2671 6428 2837 6428 2677 6429 3004 6429 2678 6429 2678 6430 3004 6430 3316 6430 2678 6431 3316 6431 3315 6431 3315 6432 3316 6432 3317 6432 3318 6433 3317 6433 3319 6433 3318 6434 3319 6434 3320 6434 3320 6435 3319 6435 3322 6435 3320 6436 3322 6436 3321 6436 3321 6437 3322 6437 3323 6437 3280 6438 3289 6438 3324 6438 3280 6439 3324 6439 3325 6439 3327 6440 3277 6440 3274 6440 3328 6441 3274 6441 3276 6441 3328 6442 3276 6442 3329 6442 3329 6443 3276 6443 3275 6443 3270 6444 3306 6444 2697 6444 2697 6445 3306 6445 3330 6445 2686 6446 2697 6446 3330 6446 2686 6447 3330 6447 3199 6447 2687 6448 3331 6448 2688 6448 2688 6449 3331 6449 3267 6449 2687 6450 3199 6450 3331 6450 3331 6451 3199 6451 3268 6451 3331 6452 3268 6452 3267 6452 3289 6453 3266 6453 3324 6453 3324 6454 3266 6454 3305 6454 3324 6455 3305 6455 3325 6455 3325 6456 3305 6456 3279 6456 3279 6457 3305 6457 3326 6457 3326 6458 3305 6458 3262 6458 2685 6459 2683 6459 3186 6459 3186 6460 3192 6460 2685 6460 2685 6461 3192 6461 2696 6461 3186 6462 2683 6462 3194 6462 3274 6463 3328 6463 3290 6463 3274 6464 3290 6464 3291 6464 3274 6465 3291 6465 3327 6465 3280 6466 3169 6466 3287 6466 3287 6467 3288 6467 3280 6467 3280 6468 3288 6468 3289 6468 3262 6469 3170 6469 3326 6469 3325 6470 3279 6470 3280 6470 3168 6471 3169 6471 3280 6471 3144 6472 3160 6472 3136 6472 3092 6473 3332 6473 3134 6473 3134 6474 3332 6474 3133 6474 3133 6475 3332 6475 3333 6475 3092 6476 3334 6476 3124 6476 3092 6477 3124 6477 3332 6477 3335 6478 3133 6478 3333 6478 3335 6479 3333 6479 3302 6479 3130 6480 3129 6480 3336 6480 3336 6481 3129 6481 3128 6481 3336 6482 3128 6482 3337 6482 3337 6483 3128 6483 3132 6483 3332 6484 3124 6484 3303 6484 3332 6485 3303 6485 3333 6485 3333 6486 3303 6486 3302 6486 3197 6487 3041 6487 3278 6487 3130 6488 3336 6488 3044 6488 3334 6489 3122 6489 3123 6489 3121 6490 3335 6490 3079 6490 3079 6491 3335 6491 3302 6491 3041 6492 3042 6492 3278 6492 3197 6493 3278 6493 3050 6493 3017 6494 3033 6494 3294 6494 3017 6495 3294 6495 3293 6495 3017 6496 3293 6496 3023 6496 3023 6497 3293 6497 3031 6497 3018 6498 3296 6498 3019 6498 3019 6499 3296 6499 3295 6499 3019 6500 3295 6500 3020 6500 3020 6501 3295 6501 3292 6501 3020 6502 3292 6502 3022 6502 3022 6503 3292 6503 3028 6503 2968 6504 2908 6504 3338 6504 2968 6505 3338 6505 3339 6505 3339 6506 3338 6506 2715 6506 3339 6507 2715 6507 3011 6507 3340 6508 3010 6508 3009 6508 3340 6509 3009 6509 3341 6509 3341 6510 3009 6510 3342 6510 3316 6511 3004 6511 3309 6511 3316 6512 3309 6512 3317 6512 3317 6513 3309 6513 3319 6513 3319 6514 3309 6514 3322 6514 3322 6515 3309 6515 3323 6515 3000 6516 2715 6516 2908 6516 2908 6517 2715 6517 3338 6517 2938 6518 3311 6518 2922 6518 2913 6519 2914 6519 3342 6519 3342 6520 2914 6520 3341 6520 3341 6521 2914 6521 3340 6521 3340 6522 2910 6522 3010 6522 2999 6523 3014 6523 3013 6523 3013 6524 3014 6524 3012 6524 3012 6525 2997 6525 2998 6525 2997 6526 3339 6526 3011 6526 2938 6527 2907 6527 3311 6527 2922 6528 3311 6528 2968 6528 2883 6529 2899 6529 3284 6529 2883 6530 3284 6530 2889 6530 2889 6531 3284 6531 3283 6531 2889 6532 3283 6532 2888 6532 2888 6533 3283 6533 2897 6533 2888 6534 2896 6534 2884 6534 2884 6535 2896 6535 3286 6535 2884 6536 3286 6536 2885 6536 2885 6537 3286 6537 3285 6537 2885 6538 3285 6538 2887 6538 2887 6539 3285 6539 2894 6539 3343 6540 3314 6540 3344 6540 3299 6541 2871 6541 3313 6541 3347 6542 3346 6542 2879 6542 3347 6543 2879 6543 2801 6543 2801 6544 2879 6544 2878 6544 3312 6545 3344 6545 3345 6545 2871 6546 3299 6546 2872 6546 3346 6547 3347 6547 3281 6547 3346 6548 3281 6548 3282 6548 3346 6549 3282 6549 2782 6549 3346 6550 2782 6550 2798 6550 2798 6551 2782 6551 2799 6551 3299 6552 3313 6552 3345 6552 3345 6553 3313 6553 3312 6553 3344 6554 3312 6554 3343 6554 3343 6555 3312 6555 3314 6555 2772 6556 2788 6556 2766 6556 2762 6557 2713 6557 3307 6557 2762 6558 3307 6558 2742 6558 2742 6559 3307 6559 2744 6559 2744 6560 3307 6560 3348 6560 2744 6561 3348 6561 2745 6561 2745 6562 3348 6562 2757 6562 3348 6563 3307 6563 2756 6563 3348 6564 2756 6564 2757 6564 2753 6565 2720 6565 2743 6565 2753 6566 2743 6566 2746 6566 2751 6567 2747 6567 2748 6567 2751 6568 2748 6568 2739 6568 2716 6569 2718 6569 2717 6569 2717 6570 2718 6570 2755 6570 2707 6571 3300 6571 2709 6571 2839 6572 2675 6572 2674 6572 2674 6573 2840 6573 2839 6573 3317 6574 3318 6574 3315 6574 3320 6575 3321 6575 3318 6575 3323 6576 3318 6576 3321 6576 3005 6577 2967 6577 3310 6577 3349 6578 3350 6578 3351 6578 3349 6579 3351 6579 3352 6579 3352 6580 3351 6580 3353 6580 3354 6581 3355 6581 3356 6581 3354 6582 3356 6582 3359 6582 3359 6583 3356 6583 3357 6583 3359 6584 3357 6584 3358 6584 3358 6585 3357 6585 3360 6585 3355 6586 3354 6586 3349 6586 3349 6587 3354 6587 3350 6587 3361 6588 3362 6588 3363 6588 3361 6589 3363 6589 3364 6589 3364 6590 3363 6590 3365 6590 3366 6591 3367 6591 3361 6591 3361 6592 3367 6592 3362 6592 3367 6593 3366 6593 3369 6593 3367 6594 3369 6594 3368 6594 3368 6595 3369 6595 3370 6595 3370 6596 3369 6596 3371 6596 3417 6597 3372 6597 3416 6597 3372 6598 3373 6598 3416 6598 3416 6599 3373 6599 3375 6599 3373 6600 3374 6600 3375 6600 3374 6601 3376 6601 3375 6601 3375 6602 3376 6602 3496 6602 3376 6603 3377 6603 3496 6603 3485 6604 3496 6604 3378 6604 3378 6605 3496 6605 3377 6605 3378 6606 3377 6606 3379 6606 3379 6607 3377 6607 3376 6607 3379 6608 3376 6608 3380 6608 3380 6609 3376 6609 3374 6609 3380 6610 3374 6610 3381 6610 3381 6611 3374 6611 3373 6611 3381 6612 3373 6612 3382 6612 3373 6613 3372 6613 3382 6613 3382 6614 3372 6614 3383 6614 3383 6615 3372 6615 3417 6615 3383 6616 3384 6616 3382 6616 3384 6617 3385 6617 3382 6617 3385 6618 3386 6618 3382 6618 3382 6619 3386 6619 3381 6619 3386 6620 3387 6620 3381 6620 3381 6621 3387 6621 3380 6621 3387 6622 3419 6622 3380 6622 3380 6623 3419 6623 3379 6623 3379 6624 3419 6624 3388 6624 3379 6625 3388 6625 3378 6625 3472 6626 3485 6626 3378 6626 3472 6627 3378 6627 3388 6627 3389 6628 3438 6628 3433 6628 3433 6629 3438 6629 3390 6629 3390 6630 3438 6630 3391 6630 3393 6631 3351 6631 3392 6631 3392 6632 3351 6632 3350 6632 3392 6633 3350 6633 3354 6633 3440 6634 3353 6634 3393 6634 3393 6635 3353 6635 3351 6635 3394 6636 3352 6636 3353 6636 3355 6637 3399 6637 3356 6637 3356 6638 3399 6638 3414 6638 3352 6639 3394 6639 3349 6639 3349 6640 3394 6640 3395 6640 3349 6641 3395 6641 3355 6641 3397 6642 3360 6642 3396 6642 3396 6643 3360 6643 3357 6643 3396 6644 3357 6644 3414 6644 3414 6645 3357 6645 3356 6645 3360 6646 3397 6646 3358 6646 3358 6647 3397 6647 3413 6647 3398 6648 3359 6648 3413 6648 3413 6649 3359 6649 3358 6649 3355 6650 3395 6650 3399 6650 3399 6651 3395 6651 3401 6651 3399 6652 3401 6652 3400 6652 3400 6653 3401 6653 3402 6653 3400 6654 3402 6654 3403 6654 3403 6655 3402 6655 3404 6655 3403 6656 3404 6656 3473 6656 3359 6657 3398 6657 3354 6657 3354 6658 3398 6658 3405 6658 3354 6659 3405 6659 3392 6659 3392 6660 3405 6660 3406 6660 3392 6661 3406 6661 3407 6661 3407 6662 3406 6662 3408 6662 3407 6663 3408 6663 3409 6663 3409 6664 3408 6664 3410 6664 3409 6665 3410 6665 3411 6665 3411 6666 3410 6666 3412 6666 3411 6667 3412 6667 3441 6667 3416 6668 3412 6668 3410 6668 3416 6669 3410 6669 3398 6669 3398 6670 3410 6670 3408 6670 3398 6671 3408 6671 3406 6671 3398 6672 3406 6672 3405 6672 3413 6673 3397 6673 3396 6673 3413 6674 3396 6674 3414 6674 3414 6675 3399 6675 3400 6675 3414 6676 3400 6676 3403 6676 3414 6677 3403 6677 3473 6677 3496 6678 3415 6678 3375 6678 3496 6679 3414 6679 3415 6679 3417 6680 3416 6680 3398 6680 3417 6681 3398 6681 3413 6681 3418 6682 3472 6682 3388 6682 3418 6683 3388 6683 3426 6683 3426 6684 3388 6684 3419 6684 3420 6685 3419 6685 3387 6685 3420 6686 3387 6686 3421 6686 3421 6687 3387 6687 3386 6687 3421 6688 3386 6688 3422 6688 3422 6689 3386 6689 3385 6689 3422 6690 3385 6690 3423 6690 3423 6691 3385 6691 3384 6691 3423 6692 3384 6692 3424 6692 3424 6693 3426 6693 3423 6693 3423 6694 3426 6694 3422 6694 3422 6695 3426 6695 3421 6695 3421 6696 3426 6696 3420 6696 3420 6697 3426 6697 3419 6697 3426 6698 3459 6698 3460 6698 3426 6699 3429 6699 3458 6699 3426 6700 3425 6700 3429 6700 3458 6701 3459 6701 3426 6701 3426 6702 3460 6702 3425 6702 3460 6703 3430 6703 3431 6703 3460 6704 3431 6704 3425 6704 3425 6705 3431 6705 3427 6705 3425 6706 3427 6706 3428 6706 3425 6707 3428 6707 3429 6707 3431 6708 3433 6708 3427 6708 3427 6709 3433 6709 3390 6709 3427 6710 3390 6710 3428 6710 3429 6711 3428 6711 3432 6711 3428 6712 3390 6712 3432 6712 3433 6713 3431 6713 3434 6713 3434 6714 3431 6714 3430 6714 3434 6715 3389 6715 3433 6715 3434 6716 3439 6716 3389 6716 3391 6717 3432 6717 3390 6717 3391 6718 3437 6718 3444 6718 3391 6719 3444 6719 3435 6719 3438 6720 3437 6720 3391 6720 3439 6721 3401 6721 3389 6721 3389 6722 3401 6722 3438 6722 3436 6723 3447 6723 3439 6723 3439 6724 3404 6724 3402 6724 3439 6725 3402 6725 3401 6725 3401 6726 3395 6726 3394 6726 3401 6727 3394 6727 3440 6727 3440 6728 3394 6728 3353 6728 3440 6729 3393 6729 3437 6729 3437 6730 3393 6730 3392 6730 3437 6731 3392 6731 3407 6731 3437 6732 3407 6732 3409 6732 3437 6733 3409 6733 3411 6733 3437 6734 3411 6734 3441 6734 3437 6735 3441 6735 3442 6735 3437 6736 3442 6736 3444 6736 3444 6737 3442 6737 3443 6737 3444 6738 3445 6738 3435 6738 3435 6739 3445 6739 3446 6739 3435 6740 3446 6740 3436 6740 3436 6741 3446 6741 3365 6741 3436 6742 3365 6742 3447 6742 3447 6743 3448 6743 3439 6743 3439 6744 3448 6744 3449 6744 3439 6745 3449 6745 3450 6745 3439 6746 3450 6746 3451 6746 3439 6747 3451 6747 3404 6747 3438 6748 3401 6748 3440 6748 3438 6749 3440 6749 3437 6749 3432 6750 3391 6750 3435 6750 3436 6751 3439 6751 3434 6751 3432 6752 3435 6752 3456 6752 3456 6753 3435 6753 3452 6753 3452 6754 3436 6754 3434 6754 3430 6755 3453 6755 3434 6755 3453 6756 3452 6756 3434 6756 3453 6757 3454 6757 3452 6757 3455 6758 3452 6758 3454 6758 3452 6759 3455 6759 3456 6759 3429 6760 3432 6760 3457 6760 3457 6761 3432 6761 3456 6761 3457 6762 3456 6762 3455 6762 3457 6763 3455 6763 3458 6763 3458 6764 3455 6764 3459 6764 3459 6765 3455 6765 3454 6765 3459 6766 3454 6766 3453 6766 3459 6767 3453 6767 3460 6767 3460 6768 3453 6768 3430 6768 3429 6769 3457 6769 3458 6769 3418 6770 3426 6770 3461 6770 3461 6771 3426 6771 3462 6771 3462 6772 3426 6772 3463 6772 3463 6773 3426 6773 3464 6773 3464 6774 3426 6774 3465 6774 3465 6775 3426 6775 3424 6775 3384 6776 3466 6776 3424 6776 3424 6777 3466 6777 3465 6777 3466 6778 3467 6778 3465 6778 3465 6779 3467 6779 3464 6779 3464 6780 3467 6780 3468 6780 3464 6781 3468 6781 3469 6781 3464 6782 3469 6782 3463 6782 3463 6783 3469 6783 3462 6783 3462 6784 3469 6784 3470 6784 3462 6785 3470 6785 3461 6785 3470 6786 3471 6786 3461 6786 3461 6787 3471 6787 3418 6787 3418 6788 3471 6788 3472 6788 3414 6789 3473 6789 3415 6789 3415 6790 3473 6790 3474 6790 3415 6791 3474 6791 3475 6791 3415 6792 3475 6792 3476 6792 3415 6793 3476 6793 3477 6793 3415 6794 3477 6794 3375 6794 3375 6795 3478 6795 3479 6795 3375 6796 3479 6796 3416 6796 3416 6797 3479 6797 3480 6797 3416 6798 3480 6798 3481 6798 3416 6799 3481 6799 3482 6799 3416 6800 3482 6800 3483 6800 3416 6801 3483 6801 3484 6801 3416 6802 3484 6802 3412 6802 3447 6803 3363 6803 3448 6803 3448 6804 3363 6804 3362 6804 3448 6805 3362 6805 3367 6805 3447 6806 3365 6806 3363 6806 3365 6807 3446 6807 3364 6807 3366 6808 3480 6808 3369 6808 3369 6809 3480 6809 3479 6809 3364 6810 3446 6810 3361 6810 3361 6811 3446 6811 3445 6811 3361 6812 3445 6812 3366 6812 3478 6813 3371 6813 3479 6813 3479 6814 3371 6814 3369 6814 3371 6815 3478 6815 3370 6815 3370 6816 3478 6816 3375 6816 3477 6817 3368 6817 3375 6817 3375 6818 3368 6818 3370 6818 3366 6819 3445 6819 3480 6819 3480 6820 3445 6820 3481 6820 3481 6821 3445 6821 3444 6821 3481 6822 3444 6822 3482 6822 3482 6823 3444 6823 3443 6823 3482 6824 3443 6824 3483 6824 3483 6825 3443 6825 3442 6825 3483 6826 3442 6826 3484 6826 3484 6827 3442 6827 3441 6827 3484 6828 3441 6828 3412 6828 3368 6829 3477 6829 3367 6829 3367 6830 3477 6830 3476 6830 3367 6831 3476 6831 3448 6831 3448 6832 3476 6832 3475 6832 3448 6833 3475 6833 3449 6833 3449 6834 3475 6834 3474 6834 3449 6835 3474 6835 3450 6835 3450 6836 3474 6836 3473 6836 3450 6837 3473 6837 3451 6837 3451 6838 3473 6838 3404 6838 3435 6839 3436 6839 3452 6839 3472 6840 3471 6840 3485 6840 3485 6841 3471 6841 3486 6841 3486 6842 3471 6842 3470 6842 3486 6843 3470 6843 3487 6843 3470 6844 3469 6844 3487 6844 3487 6845 3469 6845 3488 6845 3469 6846 3468 6846 3488 6846 3488 6847 3468 6847 3489 6847 3468 6848 3467 6848 3489 6848 3489 6849 3467 6849 3490 6849 3490 6850 3467 6850 3466 6850 3384 6851 3383 6851 3466 6851 3466 6852 3383 6852 3490 6852 3383 6853 3417 6853 3490 6853 3490 6854 3417 6854 3491 6854 3490 6855 3491 6855 3489 6855 3489 6856 3491 6856 3492 6856 3489 6857 3492 6857 3488 6857 3488 6858 3492 6858 3493 6858 3488 6859 3493 6859 3487 6859 3493 6860 3494 6860 3487 6860 3487 6861 3494 6861 3486 6861 3494 6862 3495 6862 3486 6862 3486 6863 3495 6863 3485 6863 3485 6864 3495 6864 3496 6864 3496 6865 3495 6865 3414 6865 3495 6866 3494 6866 3414 6866 3414 6867 3494 6867 3413 6867 3494 6868 3493 6868 3413 6868 3493 6869 3492 6869 3413 6869 3413 6870 3492 6870 3417 6870 3492 6871 3491 6871 3417 6871 3503 6872 3504 6872 3598 6872 3587 6873 3505 6873 3498 6873 3587 6874 3595 6874 3505 6874 3505 6875 3595 6875 3599 6875 3509 6876 3700 6876 3497 6876 3700 6877 3676 6877 3497 6877 3510 6878 3638 6878 3511 6878 3761 6879 3510 6879 3511 6879 3511 6880 3638 6880 3646 6880 3511 6881 3646 6881 3660 6881 3511 6882 3660 6882 3512 6882 3514 6883 3760 6883 3515 6883 3513 6884 3516 6884 3625 6884 3514 6885 3516 6885 3513 6885 3709 6886 3711 6886 3525 6886 3630 6887 3517 6887 3763 6887 3517 6888 3630 6888 3709 6888 3517 6889 3709 6889 3525 6889 3526 6890 3520 6890 3759 6890 3526 6891 3521 6891 3520 6891 3519 6892 3518 6892 3521 6892 3519 6893 3521 6893 3526 6893 3523 6894 3718 6894 3719 6894 3719 6895 3627 6895 3523 6895 3523 6896 3627 6896 3524 6896 3517 6897 3525 6897 3763 6897 3526 6898 3759 6898 3519 6898 3524 6899 3762 6899 3523 6899 3757 6900 3714 6900 3529 6900 3757 6901 3529 6901 3758 6901 3758 6902 3529 6902 3640 6902 3757 6903 3758 6903 3528 6903 3532 6904 3722 6904 3531 6904 3539 6905 3558 6905 3538 6905 3538 6906 3536 6906 3539 6906 3536 6907 3659 6907 3535 6907 3756 6908 3537 6908 3555 6908 3558 6909 3537 6909 3538 6909 3536 6910 3559 6910 3539 6910 3535 6911 3559 6911 3536 6911 3559 6912 3535 6912 3553 6912 3535 6913 3540 6913 3553 6913 3540 6914 3535 6914 3657 6914 3657 6915 3723 6915 3540 6915 3558 6916 3539 6916 3550 6916 3555 6917 3537 6917 3557 6917 3551 6918 3556 6918 3555 6918 3551 6919 3555 6919 3557 6919 3558 6920 3557 6920 3537 6920 3539 6921 3559 6921 3554 6921 3539 6922 3554 6922 3550 6922 3549 6923 3554 6923 3553 6923 3552 6924 3549 6924 3553 6924 3540 6925 3552 6925 3553 6925 3752 6926 3663 6926 3560 6926 3752 6927 3560 6927 3552 6927 3552 6928 3560 6928 3561 6928 3561 6929 3549 6929 3552 6929 3549 6930 3561 6930 3562 6930 3562 6931 3554 6931 3549 6931 3563 6932 3554 6932 3562 6932 3564 6933 3550 6933 3563 6933 3563 6934 3550 6934 3554 6934 3564 6935 3558 6935 3550 6935 3565 6936 3558 6936 3564 6936 3566 6937 3557 6937 3565 6937 3565 6938 3557 6938 3558 6938 3567 6939 3551 6939 3566 6939 3566 6940 3551 6940 3557 6940 3568 6941 3556 6941 3567 6941 3567 6942 3556 6942 3551 6942 3573 6943 3572 6943 3570 6943 3570 6944 3572 6944 3569 6944 3569 6945 3572 6945 3579 6945 3670 6946 3669 6946 3568 6946 3568 6947 3669 6947 3571 6947 3571 6948 3669 6948 3572 6948 3571 6949 3572 6949 3573 6949 3582 6950 3575 6950 3581 6950 3574 6951 3578 6951 3577 6951 3594 6952 3586 6952 3577 6952 3582 6953 3594 6953 3578 6953 3578 6954 3594 6954 3577 6954 3579 6955 3572 6955 3576 6955 3580 6956 3572 6956 3674 6956 3572 6957 3669 6957 3674 6957 3585 6958 3577 6958 3586 6958 3501 6959 3500 6959 3591 6959 3575 6960 3579 6960 3679 6960 3575 6961 3589 6961 3581 6961 3590 6962 3662 6962 3584 6962 3662 6963 3747 6963 3584 6963 3584 6964 3503 6964 3583 6964 3592 6965 3746 6965 3593 6965 3746 6966 3585 6966 3593 6966 3504 6967 3593 6967 3585 6967 3585 6968 3594 6968 3587 6968 3589 6969 3679 6969 3507 6969 3705 6970 3590 6970 3591 6970 3705 6971 3591 6971 3499 6971 3590 6972 3584 6972 3591 6972 3499 6973 3591 6973 3500 6973 3583 6974 3501 6974 3591 6974 3583 6975 3591 6975 3584 6975 3501 6976 3583 6976 3502 6976 3503 6977 3502 6977 3583 6977 3592 6978 3584 6978 3747 6978 3584 6979 3592 6979 3503 6979 3598 6980 3502 6980 3503 6980 3504 6981 3503 6981 3592 6981 3593 6982 3504 6982 3592 6982 3498 6983 3504 6983 3585 6983 3585 6984 3587 6984 3498 6984 3585 6985 3586 6985 3594 6985 3594 6986 3595 6986 3587 6986 3594 6987 3582 6987 3588 6987 3594 6988 3588 6988 3595 6988 3582 6989 3581 6989 3588 6989 3595 6990 3506 6990 3599 6990 3589 6991 3506 6991 3595 6991 3589 6992 3595 6992 3588 6992 3589 6993 3588 6993 3581 6993 3589 6994 3507 6994 3506 6994 3507 6995 3600 6995 3506 6995 3679 6996 3589 6996 3575 6996 3500 6997 3693 6997 3499 6997 3500 6998 3501 6998 3502 6998 3599 6999 3506 6999 3600 6999 3500 7000 3502 7000 3597 7000 3598 7001 3604 7001 3502 7001 3498 7002 3505 7002 3598 7002 3598 7003 3505 7003 3606 7003 3596 7004 3505 7004 3599 7004 3596 7005 3599 7005 3601 7005 3604 7006 3598 7006 3606 7006 3600 7007 3689 7007 3601 7007 3600 7008 3601 7008 3599 7008 3500 7009 3597 7009 3696 7009 3500 7010 3696 7010 3693 7010 3597 7011 3502 7011 3604 7011 3596 7012 3606 7012 3505 7012 3602 7013 3596 7013 3601 7013 3602 7014 3601 7014 3689 7014 3696 7015 3597 7015 3603 7015 3603 7016 3597 7016 3604 7016 3605 7017 3604 7017 3606 7017 3602 7018 3689 7018 3688 7018 3698 7019 3696 7019 3603 7019 3603 7020 3604 7020 3605 7020 3596 7021 3605 7021 3606 7021 3698 7022 3603 7022 3605 7022 3607 7023 3602 7023 3688 7023 3596 7024 3602 7024 3607 7024 3613 7025 3607 7025 3609 7025 3613 7026 3596 7026 3607 7026 3608 7027 3605 7027 3596 7027 3608 7028 3596 7028 3613 7028 3605 7029 3608 7029 3610 7029 3611 7030 3614 7030 3612 7030 3612 7031 3614 7031 3745 7031 3612 7032 3745 7032 3609 7032 3609 7033 3745 7033 3613 7033 3613 7034 3616 7034 3608 7034 3617 7035 3614 7035 3615 7035 3617 7036 3615 7036 3616 7036 3617 7037 3619 7037 3620 7037 3619 7038 3617 7038 3618 7038 3617 7039 3739 7039 3618 7039 3620 7040 3619 7040 3621 7040 3619 7041 3618 7041 3740 7041 3739 7042 3740 7042 3618 7042 3621 7043 3619 7043 3623 7043 3623 7044 3740 7044 3622 7044 3622 7045 3742 7045 3621 7045 3623 7046 3619 7046 3740 7046 3622 7047 3740 7047 3742 7047 3623 7048 3624 7048 3625 7048 3623 7049 3625 7049 3621 7049 3621 7050 3625 7050 3626 7050 3621 7051 3626 7051 3629 7051 3764 7052 3520 7052 3628 7052 3624 7053 3628 7053 3630 7053 3630 7054 3628 7054 3709 7054 3628 7055 3520 7055 3710 7055 3628 7056 3710 7056 3709 7056 3628 7057 3631 7057 3764 7057 3631 7058 3716 7058 3764 7058 3627 7059 3716 7059 3631 7059 3631 7060 3632 7060 3627 7060 3629 7061 3718 7061 3632 7061 3714 7062 3633 7062 3629 7062 3629 7063 3633 7063 3718 7063 3648 7064 3654 7064 3637 7064 3510 7065 3661 7065 3637 7065 3646 7066 3638 7066 3645 7066 3642 7067 3516 7067 3514 7067 3635 7068 3651 7068 3636 7068 3635 7069 3711 7069 3651 7069 3642 7070 3647 7070 3641 7070 3642 7071 3641 7071 3516 7071 3642 7072 3514 7072 3515 7072 3712 7073 3644 7073 3649 7073 3643 7074 3642 7074 3515 7074 3643 7075 3515 7075 3636 7075 3638 7076 3510 7076 3645 7076 3645 7077 3510 7077 3637 7077 3637 7078 3661 7078 3647 7078 3644 7079 3655 7079 3649 7079 3649 7080 3655 7080 3724 7080 3650 7081 3653 7081 3646 7081 3646 7082 3653 7082 3644 7082 3645 7083 3650 7083 3646 7083 3712 7084 3640 7084 3644 7084 3650 7085 3645 7085 3654 7085 3640 7086 3639 7086 3644 7086 3644 7087 3639 7087 3646 7087 3637 7088 3654 7088 3645 7088 3647 7089 3648 7089 3637 7089 3642 7090 3648 7090 3647 7090 3642 7091 3643 7091 3648 7091 3643 7092 3634 7092 3648 7092 3661 7093 3641 7093 3647 7093 3636 7094 3651 7094 3643 7094 3643 7095 3651 7095 3634 7095 3711 7096 3652 7096 3651 7096 3651 7097 3652 7097 3634 7097 3655 7098 3644 7098 3653 7098 3724 7099 3655 7099 3726 7099 3726 7100 3655 7100 3653 7100 3726 7101 3653 7101 3754 7101 3754 7102 3653 7102 3656 7102 3653 7103 3650 7103 3656 7103 3650 7104 3654 7104 3656 7104 3656 7105 3654 7105 3648 7105 3656 7106 3648 7106 3532 7106 3532 7107 3648 7107 3722 7107 3722 7108 3648 7108 3634 7108 3634 7109 3530 7109 3722 7109 3652 7110 3530 7110 3634 7110 3530 7111 3658 7111 3756 7111 3537 7112 3756 7112 3658 7112 3537 7113 3658 7113 3538 7113 3725 7114 3538 7114 3658 7114 3725 7115 3659 7115 3536 7115 3726 7116 3535 7116 3659 7116 3726 7117 3657 7117 3535 7117 3726 7118 3723 7118 3657 7118 3639 7119 3640 7119 3529 7119 3639 7120 3660 7120 3646 7120 3636 7121 3515 7121 3624 7121 3625 7122 3516 7122 3641 7122 3641 7123 3661 7123 3625 7123 3562 7124 3747 7124 3563 7124 3563 7125 3747 7125 3662 7125 3563 7126 3662 7126 3564 7126 3564 7127 3662 7127 3667 7127 3560 7128 3746 7128 3561 7128 3561 7129 3746 7129 3747 7129 3561 7130 3747 7130 3562 7130 3665 7131 3578 7131 3663 7131 3663 7132 3578 7132 3574 7132 3663 7133 3574 7133 3560 7133 3560 7134 3574 7134 3746 7134 3666 7135 3582 7135 3664 7135 3664 7136 3582 7136 3665 7136 3665 7137 3582 7137 3578 7137 3569 7138 3579 7138 3575 7138 3569 7139 3575 7139 3666 7139 3666 7140 3575 7140 3582 7140 3576 7141 3572 7141 3580 7141 3508 7142 3673 7142 3675 7142 3679 7143 3672 7143 3673 7143 3580 7144 3674 7144 3675 7144 3675 7145 3674 7145 3677 7145 3675 7146 3677 7146 3678 7146 3675 7147 3678 7147 3676 7147 3677 7148 3669 7148 3680 7148 3677 7149 3680 7149 3678 7149 3579 7150 3576 7150 3679 7150 3679 7151 3576 7151 3672 7151 3679 7152 3673 7152 3507 7152 3507 7153 3673 7153 3508 7153 3576 7154 3580 7154 3672 7154 3672 7155 3580 7155 3675 7155 3672 7156 3675 7156 3673 7156 3508 7157 3675 7157 3676 7157 3676 7158 3678 7158 3497 7158 3677 7159 3674 7159 3669 7159 3706 7160 3497 7160 3678 7160 3670 7161 3680 7161 3669 7161 3678 7162 3680 7162 3706 7162 3706 7163 3509 7163 3497 7163 3682 7164 3693 7164 3683 7164 3499 7165 3693 7165 3682 7165 3509 7166 3684 7166 3687 7166 3684 7167 3681 7167 3687 7167 3684 7168 3685 7168 3681 7168 3683 7169 3685 7169 3684 7169 3683 7170 3693 7170 3685 7170 3607 7171 3688 7171 3691 7171 3689 7172 3686 7172 3688 7172 3688 7173 3686 7173 3700 7173 3688 7174 3700 7174 3691 7174 3691 7175 3700 7175 3690 7175 3690 7176 3700 7176 3699 7176 3690 7177 3699 7177 3687 7177 3690 7178 3687 7178 3694 7178 3691 7179 3690 7179 3692 7179 3692 7180 3690 7180 3694 7180 3607 7181 3691 7181 3692 7181 3611 7182 3698 7182 3610 7182 3605 7183 3610 7183 3698 7183 3611 7184 3692 7184 3698 7184 3612 7185 3692 7185 3611 7185 3612 7186 3607 7186 3692 7186 3607 7187 3612 7187 3609 7187 3504 7188 3498 7188 3598 7188 3681 7189 3694 7189 3687 7189 3695 7190 3685 7190 3693 7190 3695 7191 3693 7191 3696 7191 3694 7192 3681 7192 3697 7192 3681 7193 3685 7193 3697 7193 3697 7194 3685 7194 3695 7194 3698 7195 3695 7195 3696 7195 3692 7196 3694 7196 3697 7196 3697 7197 3695 7197 3698 7197 3692 7198 3697 7198 3698 7198 3700 7199 3509 7199 3699 7199 3686 7200 3507 7200 3508 7200 3686 7201 3508 7201 3676 7201 3507 7202 3686 7202 3600 7202 3600 7203 3686 7203 3689 7203 3676 7204 3700 7204 3686 7204 3509 7205 3687 7205 3699 7205 3668 7206 3748 7206 3702 7206 3671 7207 3702 7207 3701 7207 3702 7208 3748 7208 3703 7208 3703 7209 3704 7209 3701 7209 3748 7210 3667 7210 3708 7210 3748 7211 3708 7211 3703 7211 3667 7212 3662 7212 3590 7212 3680 7213 3670 7213 3671 7213 3680 7214 3671 7214 3706 7214 3706 7215 3671 7215 3509 7215 3509 7216 3671 7216 3707 7216 3671 7217 3668 7217 3702 7217 3671 7218 3701 7218 3707 7218 3701 7219 3684 7219 3707 7219 3683 7220 3684 7220 3701 7220 3702 7221 3703 7221 3701 7221 3683 7222 3701 7222 3704 7222 3708 7223 3704 7223 3703 7223 3704 7224 3708 7224 3705 7224 3704 7225 3705 7225 3682 7225 3704 7226 3682 7226 3683 7226 3708 7227 3667 7227 3590 7227 3708 7228 3590 7228 3705 7228 3682 7229 3705 7229 3499 7229 3715 7230 3714 7230 3713 7230 3627 7231 3717 7231 3716 7231 3717 7232 3627 7232 3719 7232 3721 7233 3520 7233 3521 7233 3716 7234 3720 7234 3764 7234 3710 7235 3520 7235 3721 7235 3633 7236 3738 7236 3718 7236 3714 7237 3715 7237 3633 7237 3633 7238 3715 7238 3738 7238 3533 7239 3656 7239 3532 7239 3722 7240 3530 7240 3755 7240 3754 7241 3723 7241 3726 7241 3754 7242 3656 7242 3534 7242 3533 7243 3534 7243 3656 7243 3532 7244 3531 7244 3533 7244 3652 7245 3733 7245 3530 7245 3530 7246 3733 7246 3728 7246 3530 7247 3728 7247 3658 7247 3728 7248 3729 7248 3658 7248 3729 7249 3730 7249 3658 7249 3658 7250 3730 7250 3725 7250 3725 7251 3730 7251 3659 7251 3730 7252 3732 7252 3659 7252 3732 7253 3727 7253 3659 7253 3659 7254 3727 7254 3726 7254 3726 7255 3727 7255 3724 7255 3713 7256 3712 7256 3731 7256 3718 7257 3738 7257 3732 7257 3720 7258 3716 7258 3737 7258 3521 7259 3518 7259 3735 7259 3737 7260 3716 7260 3717 7260 3715 7261 3731 7261 3738 7261 3715 7262 3713 7262 3731 7262 3736 7263 3717 7263 3719 7263 3732 7264 3736 7264 3719 7264 3732 7265 3719 7265 3718 7265 3711 7266 3709 7266 3733 7266 3734 7267 3735 7267 3729 7267 3709 7268 3710 7268 3733 7268 3710 7269 3721 7269 3733 7269 3721 7270 3521 7270 3734 7270 3518 7271 3720 7271 3735 7271 3734 7272 3729 7272 3728 7272 3652 7273 3711 7273 3733 7273 3733 7274 3734 7274 3728 7274 3735 7275 3730 7275 3729 7275 3733 7276 3721 7276 3734 7276 3735 7277 3737 7277 3730 7277 3735 7278 3734 7278 3521 7278 3737 7279 3736 7279 3730 7279 3736 7280 3732 7280 3730 7280 3735 7281 3720 7281 3737 7281 3737 7282 3717 7282 3736 7282 3732 7283 3738 7283 3727 7283 3738 7284 3731 7284 3727 7284 3727 7285 3731 7285 3724 7285 3731 7286 3712 7286 3649 7286 3731 7287 3649 7287 3724 7287 3714 7288 3629 7288 3529 7288 3629 7289 3626 7289 3529 7289 3639 7290 3529 7290 3626 7290 3660 7291 3639 7291 3626 7291 3660 7292 3626 7292 3510 7292 3626 7293 3661 7293 3510 7293 3625 7294 3661 7294 3626 7294 3635 7295 3636 7295 3624 7295 3630 7296 3635 7296 3624 7296 3621 7297 3629 7297 3632 7297 3621 7298 3632 7298 3622 7298 3622 7299 3632 7299 3631 7299 3622 7300 3631 7300 3628 7300 3622 7301 3628 7301 3623 7301 3623 7302 3628 7302 3624 7302 3740 7303 3739 7303 3743 7303 3741 7304 3620 7304 3621 7304 3741 7305 3621 7305 3742 7305 3742 7306 3740 7306 3743 7306 3741 7307 3744 7307 3617 7307 3620 7308 3741 7308 3617 7308 3744 7309 3743 7309 3739 7309 3744 7310 3742 7310 3743 7310 3744 7311 3739 7311 3617 7311 3741 7312 3742 7312 3744 7312 3617 7313 3616 7313 3613 7313 3617 7314 3613 7314 3745 7314 3617 7315 3745 7315 3614 7315 3608 7316 3616 7316 3610 7316 3610 7317 3616 7317 3615 7317 3610 7318 3615 7318 3614 7318 3610 7319 3614 7319 3611 7319 3668 7320 3671 7320 3670 7320 3746 7321 3577 7321 3585 7321 3668 7322 3667 7322 3748 7322 3746 7323 3574 7323 3577 7323 3592 7324 3747 7324 3746 7324 3567 7325 3670 7325 3568 7325 3565 7326 3667 7326 3566 7326 3566 7327 3667 7327 3668 7327 3566 7328 3668 7328 3567 7328 3567 7329 3668 7329 3670 7329 3564 7330 3667 7330 3565 7330 3556 7331 3568 7331 3753 7331 3753 7332 3568 7332 3571 7332 3753 7333 3571 7333 3573 7333 3753 7334 3573 7334 3546 7334 3546 7335 3573 7335 3570 7335 3546 7336 3570 7336 3545 7336 3545 7337 3570 7337 3569 7337 3545 7338 3569 7338 3749 7338 3749 7339 3569 7339 3666 7339 3749 7340 3666 7340 3750 7340 3664 7341 3751 7341 3750 7341 3664 7342 3750 7342 3666 7342 3751 7343 3664 7343 3665 7343 3663 7344 3752 7344 3751 7344 3663 7345 3751 7345 3665 7345 3548 7346 3547 7346 3753 7346 3541 7347 3542 7347 3751 7347 3548 7348 3753 7348 3546 7348 3540 7349 3541 7349 3552 7349 3552 7350 3541 7350 3752 7350 3752 7351 3541 7351 3751 7351 3542 7352 3543 7352 3751 7352 3750 7353 3751 7353 3543 7353 3749 7354 3750 7354 3543 7354 3544 7355 3749 7355 3543 7355 3544 7356 3545 7356 3749 7356 3556 7357 3753 7357 3547 7357 3547 7358 3555 7358 3556 7358 3559 7359 3553 7359 3554 7359 3546 7360 3545 7360 3531 7360 3543 7361 3542 7361 3534 7361 3755 7362 3530 7362 3756 7362 3534 7363 3533 7363 3544 7363 3531 7364 3722 7364 3548 7364 3540 7365 3723 7365 3541 7365 3723 7366 3754 7366 3541 7366 3541 7367 3754 7367 3542 7367 3534 7368 3542 7368 3754 7368 3544 7369 3543 7369 3534 7369 3545 7370 3544 7370 3531 7370 3531 7371 3544 7371 3533 7371 3548 7372 3546 7372 3531 7372 3548 7373 3722 7373 3755 7373 3547 7374 3548 7374 3755 7374 3756 7375 3547 7375 3755 7375 3547 7376 3756 7376 3555 7376 3536 7377 3538 7377 3725 7377 3714 7378 3757 7378 3528 7378 3713 7379 3528 7379 3758 7379 3713 7380 3758 7380 3712 7380 3712 7381 3758 7381 3640 7381 3713 7382 3714 7382 3528 7382 3524 7383 3527 7383 3762 7383 3760 7384 3514 7384 3522 7384 3522 7385 3514 7385 3513 7385 3761 7386 3511 7386 3512 7386 3762 7387 3527 7387 3718 7387 3718 7388 3527 7388 3632 7388 3527 7389 3627 7389 3632 7389 3627 7390 3527 7390 3524 7390 3718 7391 3523 7391 3762 7391 3759 7392 3764 7392 3519 7392 3520 7393 3764 7393 3759 7393 3518 7394 3519 7394 3720 7394 3519 7395 3764 7395 3720 7395 3711 7396 3763 7396 3525 7396 3711 7397 3635 7397 3763 7397 3763 7398 3635 7398 3630 7398 3760 7399 3522 7399 3624 7399 3624 7400 3522 7400 3625 7400 3625 7401 3522 7401 3513 7401 3515 7402 3760 7402 3624 7402 3512 7403 3660 7403 3761 7403 3660 7404 3510 7404 3761 7404 3707 7405 3684 7405 3509 7405 3774 7406 3766 7406 3765 7406 3772 7407 3774 7407 3765 7407 3767 7408 3771 7408 3774 7408 3773 7409 3775 7409 3767 7409 3769 7410 3768 7410 3775 7410 3776 7411 3771 7411 3770 7411 3774 7412 3772 7412 3773 7412 3773 7413 3767 7413 3774 7413 3776 7414 3770 7414 3769 7414 3772 7415 3775 7415 3773 7415 3771 7416 3776 7416 3766 7416 3771 7417 3766 7417 3774 7417 3769 7418 3770 7418 3768 7418 3772 7419 3769 7419 3775 7419 3768 7420 3777 7420 3775 7420 3777 7421 3767 7421 3775 7421 3770 7422 3771 7422 3777 7422 3768 7423 3770 7423 3777 7423 3777 7424 3771 7424 3767 7424 3777 7425 3778 7425 3789 7425 3777 7426 3779 7426 3780 7426 3777 7427 3780 7427 3778 7427 3789 7428 3778 7428 3781 7428 3788 7429 3782 7429 3783 7429 3788 7430 3783 7430 3784 7430 3788 7431 3784 7431 3785 7431 3788 7432 3785 7432 3786 7432 3779 7433 3786 7433 3785 7433 3785 7434 3780 7434 3779 7434 3780 7435 3785 7435 3784 7435 3780 7436 3784 7436 3778 7436 3778 7437 3784 7437 3783 7437 3783 7438 3781 7438 3778 7438 3789 7439 3781 7439 3782 7439 3782 7440 3781 7440 3783 7440 3789 7441 3782 7441 3788 7441 3766 7442 3776 7442 3765 7442 3765 7443 3776 7443 3769 7443 3769 7444 3772 7444 3765 7444 3788 7445 3786 7445 3787 7445 3789 7446 3788 7446 3790 7446 3790 7447 3788 7447 3787 7447 3790 7448 3787 7448 3777 7448 3786 7449 3779 7449 3787 7449 3787 7450 3779 7450 3777 7450 3789 7451 3790 7451 3777 7451 3833 7452 3791 7452 3831 7452 3829 7453 3791 7453 3792 7453 3793 7454 3836 7454 3813 7454 3793 7455 3814 7455 3837 7455 3837 7456 3814 7456 3836 7456 3797 7457 3858 7457 3792 7457 3797 7458 3792 7458 3835 7458 3835 7459 3794 7459 3795 7459 3795 7460 3794 7460 3834 7460 3795 7461 3834 7461 3799 7461 3799 7462 3834 7462 3833 7462 3797 7463 3835 7463 3796 7463 3796 7464 3835 7464 3795 7464 3856 7465 3797 7465 3796 7465 3800 7466 3798 7466 3856 7466 3801 7467 3799 7467 3800 7467 3856 7468 3798 7468 3797 7468 3801 7469 3795 7469 3799 7469 3796 7470 3795 7470 3801 7470 3800 7471 3799 7471 3798 7471 3802 7472 3796 7472 3801 7472 3801 7473 3800 7473 3857 7473 3801 7474 3857 7474 3802 7474 3802 7475 3804 7475 3796 7475 3803 7476 3802 7476 3857 7476 3802 7477 3803 7477 3804 7477 3855 7478 3853 7478 3857 7478 3857 7479 3853 7479 3807 7479 3854 7480 3852 7480 3853 7480 3854 7481 3853 7481 3855 7481 3804 7482 3805 7482 3854 7482 3854 7483 3805 7483 3852 7483 3804 7484 3806 7484 3805 7484 3803 7485 3807 7485 3809 7485 3857 7486 3807 7486 3803 7486 3803 7487 3806 7487 3804 7487 3803 7488 3809 7488 3806 7488 3807 7489 3808 7489 3809 7489 3810 7490 3805 7490 3806 7490 3810 7491 3806 7491 3811 7491 3811 7492 3806 7492 3809 7492 3811 7493 3809 7493 3808 7493 3808 7494 3807 7494 3812 7494 3812 7495 3814 7495 3813 7495 3811 7496 3813 7496 3810 7496 3814 7497 3812 7497 3815 7497 3813 7498 3811 7498 3808 7498 3813 7499 3808 7499 3812 7499 3810 7500 3813 7500 3814 7500 3814 7501 3815 7501 3810 7501 3793 7502 3813 7502 3814 7502 3819 7503 3837 7503 3816 7503 3816 7504 3837 7504 3817 7504 3817 7505 3837 7505 3818 7505 3819 7506 3816 7506 3820 7506 3820 7507 3816 7507 3821 7507 3821 7508 3816 7508 3817 7508 3821 7509 3817 7509 3822 7509 3822 7510 3817 7510 3818 7510 3822 7511 3818 7511 3848 7511 3819 7512 3820 7512 3846 7512 3820 7513 3825 7513 3846 7513 3848 7514 3823 7514 3822 7514 3822 7515 3823 7515 3824 7515 3847 7516 3827 7516 3848 7516 3848 7517 3827 7517 3823 7517 3822 7518 3824 7518 3821 7518 3821 7519 3825 7519 3820 7519 3846 7520 3827 7520 3847 7520 3846 7521 3826 7521 3827 7521 3827 7522 3828 7522 3823 7522 3826 7523 3831 7523 3829 7523 3826 7524 3829 7524 3827 7524 3827 7525 3829 7525 3828 7525 3823 7526 3828 7526 3830 7526 3823 7527 3830 7527 3824 7527 3792 7528 3830 7528 3828 7528 3828 7529 3829 7529 3792 7529 3831 7530 3791 7530 3829 7530 3830 7531 3858 7531 3832 7531 3832 7532 3858 7532 3838 7532 3832 7533 3838 7533 3840 7533 3840 7534 3838 7534 3839 7534 3840 7535 3839 7535 3833 7535 3830 7536 3792 7536 3858 7536 3791 7537 3794 7537 3792 7537 3792 7538 3794 7538 3835 7538 3836 7539 3793 7539 3837 7539 3791 7540 3833 7540 3834 7540 3791 7541 3834 7541 3794 7541 3831 7542 3840 7542 3833 7542 3840 7543 3841 7543 3832 7543 3832 7544 3841 7544 3844 7544 3832 7545 3844 7545 3842 7545 3824 7546 3830 7546 3842 7546 3824 7547 3842 7547 3843 7547 3843 7548 3842 7548 3844 7548 3841 7549 3840 7549 3845 7549 3845 7550 3840 7550 3831 7550 3845 7551 3831 7551 3826 7551 3824 7552 3843 7552 3821 7552 3821 7553 3843 7553 3844 7553 3821 7554 3844 7554 3825 7554 3825 7555 3844 7555 3841 7555 3825 7556 3841 7556 3845 7556 3825 7557 3845 7557 3826 7557 3825 7558 3826 7558 3846 7558 3848 7559 3818 7559 3849 7559 3848 7560 3849 7560 3847 7560 3847 7561 3849 7561 3850 7561 3847 7562 3850 7562 3846 7562 3846 7563 3850 7563 3819 7563 3837 7564 3836 7564 3818 7564 3818 7565 3836 7565 3849 7565 3849 7566 3836 7566 3850 7566 3836 7567 3837 7567 3850 7567 3850 7568 3837 7568 3819 7568 3836 7569 3814 7569 3813 7569 3812 7570 3807 7570 3853 7570 3812 7571 3853 7571 3815 7571 3815 7572 3853 7572 3852 7572 3815 7573 3852 7573 3851 7573 3815 7574 3851 7574 3810 7574 3810 7575 3851 7575 3805 7575 3805 7576 3851 7576 3852 7576 3856 7577 3796 7577 3804 7577 3856 7578 3804 7578 3854 7578 3800 7579 3855 7579 3857 7579 3854 7580 3855 7580 3800 7580 3854 7581 3800 7581 3856 7581 3799 7582 3833 7582 3839 7582 3799 7583 3839 7583 3798 7583 3798 7584 3839 7584 3838 7584 3798 7585 3838 7585 3858 7585 3798 7586 3858 7586 3797 7586 3832 7587 3842 7587 3830 7587 3860 7588 3864 7588 3859 7588 3864 7589 3863 7589 3859 7589 3859 7590 3863 7590 3862 7590 3867 7591 3860 7591 3861 7591 3867 7592 3861 7592 3862 7592 3864 7593 3860 7593 3870 7593 3863 7594 3864 7594 3869 7594 3870 7595 3860 7595 3867 7595 3865 7596 3869 7596 3878 7596 3863 7597 3869 7597 3865 7597 3869 7598 3866 7598 3878 7598 3870 7599 3866 7599 3869 7599 3864 7600 3870 7600 3869 7600 3866 7601 3870 7601 3867 7601 3862 7602 3868 7602 3867 7602 3867 7603 3868 7603 3866 7603 3866 7604 3868 7604 3865 7604 3865 7605 3868 7605 3862 7605 3862 7606 3863 7606 3865 7606 3878 7607 3866 7607 3865 7607 3878 7608 3871 7608 3872 7608 3878 7609 3880 7609 3871 7609 3878 7610 3872 7610 3881 7610 3874 7611 3875 7611 3876 7611 3880 7612 3876 7612 3875 7612 3875 7613 3871 7613 3880 7613 3875 7614 3872 7614 3871 7614 3872 7615 3875 7615 3874 7615 3874 7616 3881 7616 3872 7616 3881 7617 3874 7617 3873 7617 3859 7618 3862 7618 3861 7618 3861 7619 3860 7619 3859 7619 3874 7620 3876 7620 3877 7620 3874 7621 3877 7621 3873 7621 3873 7622 3878 7622 3881 7622 3877 7623 3878 7623 3873 7623 3879 7624 3878 7624 3877 7624 3876 7625 3879 7625 3877 7625 3876 7626 3880 7626 3879 7626 3879 7627 3880 7627 3878 7627 3883 7628 3884 7628 3886 7628 3884 7629 3882 7629 3890 7629 3889 7630 3882 7630 3883 7630 3889 7631 3883 7631 3886 7631 3888 7632 3890 7632 3889 7632 3888 7633 3889 7633 3885 7633 3886 7634 3887 7634 3885 7634 3892 7635 3887 7635 3886 7635 3887 7636 3892 7636 3891 7636 3884 7637 3891 7637 3892 7637 3888 7638 3891 7638 3890 7638 3889 7639 3886 7639 3885 7639 3890 7640 3891 7640 3884 7640 3886 7641 3884 7641 3892 7641 3893 7642 3888 7642 3885 7642 3893 7643 3887 7643 3891 7643 3893 7644 3885 7644 3887 7644 3893 7645 3891 7645 3888 7645 3893 7646 3904 7646 3894 7646 3893 7647 3894 7647 3895 7647 3897 7648 3898 7648 3899 7648 3904 7649 3899 7649 3894 7649 3894 7650 3899 7650 3898 7650 3898 7651 3895 7651 3894 7651 3895 7652 3898 7652 3897 7652 3896 7653 3893 7653 3897 7653 3897 7654 3893 7654 3895 7654 3882 7655 3884 7655 3883 7655 3890 7656 3882 7656 3889 7656 3897 7657 3899 7657 3900 7657 3897 7658 3900 7658 3901 7658 3897 7659 3901 7659 3896 7659 3896 7660 3902 7660 3893 7660 3902 7661 3896 7661 3901 7661 3902 7662 3901 7662 3900 7662 3900 7663 3903 7663 3902 7663 3900 7664 3904 7664 3903 7664 3904 7665 3900 7665 3899 7665 3903 7666 3904 7666 3893 7666 3893 7667 3902 7667 3903 7667 3905 7668 3907 7668 3908 7668 3908 7669 3907 7669 3906 7669 3911 7670 3908 7670 3906 7670 3911 7671 3906 7671 3909 7671 3916 7672 3911 7672 3909 7672 3913 7673 3916 7673 3909 7673 3913 7674 3909 7674 3907 7674 3913 7675 3907 7675 3917 7675 3905 7676 3910 7676 3907 7676 3915 7677 3912 7677 3910 7677 3911 7678 3912 7678 3915 7678 3914 7679 3912 7679 3911 7679 3916 7680 3912 7680 3914 7680 3912 7681 3916 7681 3913 7681 3915 7682 3910 7682 3905 7682 3916 7683 3914 7683 3911 7683 3915 7684 3905 7684 3911 7684 3907 7685 3910 7685 3917 7685 3917 7686 3912 7686 3913 7686 3912 7687 3917 7687 3910 7687 3919 7688 3927 7688 3917 7688 3917 7689 3921 7689 3919 7689 3920 7690 3921 7690 3917 7690 3918 7691 3922 7691 3923 7691 3920 7692 3924 7692 3918 7692 3920 7693 3918 7693 3921 7693 3921 7694 3918 7694 3923 7694 3921 7695 3923 7695 3919 7695 3919 7696 3923 7696 3922 7696 3919 7697 3922 7697 3927 7697 3911 7698 3905 7698 3908 7698 3909 7699 3906 7699 3907 7699 3918 7700 3924 7700 3925 7700 3918 7701 3925 7701 3926 7701 3918 7702 3926 7702 3922 7702 3927 7703 3922 7703 3926 7703 3927 7704 3926 7704 3928 7704 3928 7705 3926 7705 3925 7705 3928 7706 3925 7706 3917 7706 3917 7707 3925 7707 3924 7707 3917 7708 3924 7708 3920 7708 3917 7709 3927 7709 3928 7709 3929 7710 3930 7710 4065 7710 3930 7711 3931 7711 4065 7711 3931 7712 3932 7712 4065 7712 3932 7713 3933 7713 4065 7713 3933 7714 3934 7714 4065 7714 3934 7715 3935 7715 4065 7715 3935 7716 3936 7716 4065 7716 3936 7717 3937 7717 4065 7717 3937 7718 3938 7718 4065 7718 3938 7719 3939 7719 4065 7719 3939 7720 3940 7720 4065 7720 3940 7721 3941 7721 4065 7721 3941 7722 3942 7722 4065 7722 3942 7723 3943 7723 4065 7723 3943 7724 3944 7724 4065 7724 3944 7725 3945 7725 4065 7725 3945 7726 3946 7726 4065 7726 3946 7727 3947 7727 4065 7727 4075 7728 3948 7728 3949 7728 4075 7729 3949 7729 3950 7729 4075 7730 3950 7730 3951 7730 4075 7731 3951 7731 3952 7731 4075 7732 3952 7732 3953 7732 4075 7733 3953 7733 3954 7733 4075 7734 3954 7734 3955 7734 4075 7735 3955 7735 3956 7735 4075 7736 3956 7736 3957 7736 4075 7737 3957 7737 3958 7737 4075 7738 3958 7738 3959 7738 4075 7739 3959 7739 3960 7739 4075 7740 3960 7740 3961 7740 4075 7741 3961 7741 3962 7741 4075 7742 3962 7742 3963 7742 4075 7743 3963 7743 3964 7743 4075 7744 3964 7744 3965 7744 4075 7745 3965 7745 3966 7745 3967 7746 3968 7746 4030 7746 3968 7747 3969 7747 4030 7747 3969 7748 3970 7748 4030 7748 3970 7749 3971 7749 4030 7749 3971 7750 3972 7750 4030 7750 3972 7751 3973 7751 4030 7751 3973 7752 3974 7752 4030 7752 3974 7753 3975 7753 4030 7753 3975 7754 3976 7754 4030 7754 3976 7755 3977 7755 4030 7755 3977 7756 3978 7756 4030 7756 3978 7757 3979 7757 4030 7757 3979 7758 3980 7758 4030 7758 3980 7759 3981 7759 4030 7759 3981 7760 3982 7760 4030 7760 3982 7761 3983 7761 4030 7761 3983 7762 3984 7762 4030 7762 3984 7763 3985 7763 4030 7763 4022 7764 3986 7764 3987 7764 4022 7765 3987 7765 3988 7765 4022 7766 3988 7766 3989 7766 4022 7767 3989 7767 3990 7767 4022 7768 3990 7768 3991 7768 4022 7769 3991 7769 3992 7769 4022 7770 3992 7770 3993 7770 4022 7771 3993 7771 3994 7771 4022 7772 3994 7772 3995 7772 4022 7773 3995 7773 3996 7773 4022 7774 3996 7774 3997 7774 4022 7775 3997 7775 3998 7775 4022 7776 3998 7776 3999 7776 4022 7777 3999 7777 4000 7777 4022 7778 4000 7778 4001 7778 4022 7779 4001 7779 4002 7779 4022 7780 4002 7780 4003 7780 4022 7781 4003 7781 4004 7781 3985 7782 4005 7782 4030 7782 4005 7783 4006 7783 4030 7783 4006 7784 4007 7784 4030 7784 4007 7785 4008 7785 4030 7785 4008 7786 4009 7786 4030 7786 4009 7787 4010 7787 4030 7787 4010 7788 4011 7788 4030 7788 4011 7789 4012 7789 4030 7789 4012 7790 4013 7790 4030 7790 4013 7791 4014 7791 4030 7791 4014 7792 4015 7792 4030 7792 4015 7793 4016 7793 4030 7793 4016 7794 4017 7794 4030 7794 4017 7795 4018 7795 4030 7795 4018 7796 4019 7796 4030 7796 4019 7797 4020 7797 4030 7797 4020 7798 4021 7798 4030 7798 4021 7799 3967 7799 4030 7799 4022 7800 4004 7800 4023 7800 4022 7801 4023 7801 4024 7801 4022 7802 4024 7802 4025 7802 4022 7803 4025 7803 4026 7803 4022 7804 4026 7804 4027 7804 4022 7805 4027 7805 4028 7805 4022 7806 4028 7806 4029 7806 4022 7807 4029 7807 4031 7807 4022 7808 4031 7808 4032 7808 4022 7809 4032 7809 4033 7809 4022 7810 4033 7810 4034 7810 4022 7811 4034 7811 4035 7811 4022 7812 4035 7812 4036 7812 4022 7813 4036 7813 4037 7813 4022 7814 4037 7814 4038 7814 4022 7815 4038 7815 4039 7815 4022 7816 4039 7816 4040 7816 4022 7817 4040 7817 3986 7817 3947 7818 4041 7818 4065 7818 4041 7819 4042 7819 4065 7819 4042 7820 4043 7820 4065 7820 4043 7821 4044 7821 4065 7821 4044 7822 4045 7822 4065 7822 4045 7823 4046 7823 4065 7823 4046 7824 4047 7824 4065 7824 4047 7825 4048 7825 4065 7825 4048 7826 4049 7826 4065 7826 4049 7827 4050 7827 4065 7827 4050 7828 4051 7828 4065 7828 4051 7829 4052 7829 4065 7829 4052 7830 4053 7830 4065 7830 4053 7831 4054 7831 4065 7831 4054 7832 4055 7832 4065 7832 4055 7833 4056 7833 4065 7833 4056 7834 4057 7834 4065 7834 4057 7835 3929 7835 4065 7835 4075 7836 3966 7836 4058 7836 4075 7837 4058 7837 4059 7837 4075 7838 4059 7838 4060 7838 4075 7839 4060 7839 4061 7839 4075 7840 4061 7840 4062 7840 4075 7841 4062 7841 4063 7841 4075 7842 4063 7842 4064 7842 4075 7843 4064 7843 4066 7843 4075 7844 4066 7844 4067 7844 4075 7845 4067 7845 4068 7845 4075 7846 4068 7846 4069 7846 4075 7847 4069 7847 4070 7847 4075 7848 4070 7848 4071 7848 4075 7849 4071 7849 4072 7849 4075 7850 4072 7850 4073 7850 4075 7851 4073 7851 4074 7851 4075 7852 4074 7852 4076 7852 4075 7853 4076 7853 3948 7853 4113 7854 4077 7854 4131 7854 4131 7855 4077 7855 4078 7855 4078 7856 4077 7856 4079 7856 4078 7857 4079 7857 4111 7857 4129 7858 4080 7858 4110 7858 4110 7859 4112 7859 4085 7859 4112 7860 4081 7860 4085 7860 4081 7861 4082 7861 4085 7861 4082 7862 4106 7862 4083 7862 4106 7863 4113 7863 4083 7863 4084 7864 4093 7864 4094 7864 4083 7865 4131 7865 4128 7865 4127 7866 4130 7866 4084 7866 4127 7867 4084 7867 4094 7867 4127 7868 4094 7868 4086 7868 4082 7869 4083 7869 4085 7869 4085 7870 4083 7870 4128 7870 4127 7871 4086 7871 4087 7871 4110 7872 4085 7872 4129 7872 4129 7873 4085 7873 4128 7873 4090 7874 4089 7874 4091 7874 4090 7875 4091 7875 4092 7875 4092 7876 4091 7876 4087 7876 4093 7877 4126 7877 4094 7877 4094 7878 4126 7878 4095 7878 4087 7879 4095 7879 4092 7879 4092 7880 4095 7880 4118 7880 4126 7881 4118 7881 4095 7881 4096 7882 4097 7882 4098 7882 4098 7883 4097 7883 4099 7883 4098 7884 4099 7884 4100 7884 4101 7885 4102 7885 4109 7885 4102 7886 4117 7886 4120 7886 4117 7887 4103 7887 4120 7887 4107 7888 4105 7888 4104 7888 4107 7889 4104 7889 4106 7889 4102 7890 4120 7890 4109 7890 4109 7891 4120 7891 4122 7891 4107 7892 4106 7892 4082 7892 4108 7893 4107 7893 4082 7893 4123 7894 4107 7894 4108 7894 4108 7895 4082 7895 4112 7895 4121 7896 4108 7896 4112 7896 4121 7897 4112 7897 4110 7897 4113 7898 4104 7898 4077 7898 4080 7899 4121 7899 4110 7899 4113 7900 4106 7900 4104 7900 4109 7901 4100 7901 4114 7901 4109 7902 4114 7902 4101 7902 4101 7903 4114 7903 4115 7903 4101 7904 4115 7904 4102 7904 4102 7905 4115 7905 4116 7905 4102 7906 4116 7906 4117 7906 4119 7907 4103 7907 4117 7907 4119 7908 4117 7908 4116 7908 4119 7909 4116 7909 4118 7909 4118 7910 4116 7910 4115 7910 4118 7911 4115 7911 4114 7911 4118 7912 4114 7912 4100 7912 4087 7913 4086 7913 4095 7913 4095 7914 4086 7914 4094 7914 4081 7915 4112 7915 4082 7915 4118 7916 4100 7916 4099 7916 4118 7917 4099 7917 4097 7917 4118 7918 4097 7918 4119 7918 4119 7919 4097 7919 4096 7919 4119 7920 4096 7920 4103 7920 4103 7921 4096 7921 4120 7921 4096 7922 4098 7922 4120 7922 4098 7923 4100 7923 4109 7923 4123 7924 4108 7924 4121 7924 4124 7925 4121 7925 4080 7925 4120 7926 4109 7926 4122 7926 4123 7927 4121 7927 4124 7927 4098 7928 4109 7928 4120 7928 4124 7929 4080 7929 4111 7929 4124 7930 4111 7930 4079 7930 4105 7931 4123 7931 4124 7931 4105 7932 4124 7932 4079 7932 4105 7933 4079 7933 4077 7933 4107 7934 4123 7934 4105 7934 4105 7935 4077 7935 4104 7935 4092 7936 4118 7936 4090 7936 4090 7937 4118 7937 4125 7937 4090 7938 4125 7938 4089 7938 4089 7939 4125 7939 4088 7939 4088 7940 4125 7940 4126 7940 4088 7941 4126 7941 4093 7941 4125 7942 4118 7942 4126 7942 4078 7943 4111 7943 4129 7943 4111 7944 4080 7944 4129 7944 4127 7945 4087 7945 4091 7945 4130 7946 4127 7946 4132 7946 4132 7947 4127 7947 4091 7947 4132 7948 4091 7948 4089 7948 4131 7949 4129 7949 4128 7949 4078 7950 4129 7950 4131 7950 4130 7951 4132 7951 4084 7951 4132 7952 4089 7952 4088 7952 4084 7953 4132 7953 4088 7953 4084 7954 4088 7954 4093 7954 4113 7955 4131 7955 4083 7955 4135 7956 4134 7956 4160 7956 4160 7957 4134 7957 4133 7957 4133 7958 4134 7958 4135 7958 4135 7959 4160 7959 4133 7959 4149 7960 4136 7960 4137 7960 4149 7961 4137 7961 4138 7961 4163 7962 4139 7962 4141 7962 4141 7963 4139 7963 4140 7963 4141 7964 4140 7964 4142 7964 4142 7965 4140 7965 4144 7965 4142 7966 4144 7966 4143 7966 4145 7967 4144 7967 4140 7967 4145 7968 4140 7968 4146 7968 4146 7969 4140 7969 4139 7969 4146 7970 4139 7970 4161 7970 4149 7971 4138 7971 4147 7971 4149 7972 4147 7972 4148 7972 4136 7973 4152 7973 4137 7973 4137 7974 4152 7974 4151 7974 4137 7975 4151 7975 4138 7975 4138 7976 4151 7976 4153 7976 4138 7977 4153 7977 4147 7977 4147 7978 4153 7978 4150 7978 4147 7979 4150 7979 4176 7979 4150 7980 4153 7980 4154 7980 4152 7981 4136 7981 4171 7981 4171 7982 4162 7982 4152 7982 4142 7983 4158 7983 4155 7983 4142 7984 4155 7984 4141 7984 4156 7985 4171 7985 4157 7985 4157 7986 4171 7986 4158 7986 4141 7987 4155 7987 4163 7987 4163 7988 4155 7988 4171 7988 4163 7989 4171 7989 4156 7989 4160 7990 4161 7990 4159 7990 4160 7991 4145 7991 4146 7991 4160 7992 4146 7992 4161 7992 4160 7993 4159 7993 4145 7993 4158 7994 4154 7994 4155 7994 4155 7995 4154 7995 4153 7995 4155 7996 4153 7996 4151 7996 4155 7997 4151 7997 4152 7997 4155 7998 4152 7998 4162 7998 4155 7999 4162 7999 4171 7999 4171 8000 4178 8000 4170 8000 4171 8001 4170 8001 4158 8001 4158 8002 4170 8002 4169 8002 4158 8003 4169 8003 4154 8003 4139 8004 4163 8004 4164 8004 4170 8005 4172 8005 4169 8005 4169 8006 4172 8006 4173 8006 4169 8007 4173 8007 4174 8007 4169 8008 4174 8008 4150 8008 4169 8009 4150 8009 4154 8009 4176 8010 4150 8010 4175 8010 4176 8011 4175 8011 4173 8011 4176 8012 4173 8012 4172 8012 4177 8013 4172 8013 4170 8013 4177 8014 4170 8014 4178 8014 4178 8015 4171 8015 4136 8015 4161 8016 4139 8016 4164 8016 4161 8017 4164 8017 4165 8017 4161 8018 4165 8018 4159 8018 4159 8019 4165 8019 4166 8019 4159 8020 4166 8020 4167 8020 4159 8021 4167 8021 4168 8021 4159 8022 4168 8022 4145 8022 4145 8023 4168 8023 4143 8023 4145 8024 4143 8024 4144 8024 4142 8025 4143 8025 4158 8025 4158 8026 4143 8026 4168 8026 4158 8027 4168 8027 4167 8027 4158 8028 4167 8028 4157 8028 4157 8029 4167 8029 4166 8029 4157 8030 4166 8030 4156 8030 4156 8031 4166 8031 4165 8031 4156 8032 4165 8032 4164 8032 4156 8033 4164 8033 4163 8033 4147 8034 4176 8034 4148 8034 4148 8035 4176 8035 4172 8035 4148 8036 4172 8036 4177 8036 4148 8037 4177 8037 4149 8037 4149 8038 4177 8038 4178 8038 4149 8039 4178 8039 4136 8039 4180 8040 4181 8040 4183 8040 4183 8041 4181 8041 4182 8041 4181 8042 4179 8042 4182 8042 4179 8043 4181 8043 4180 8043 4183 8044 4182 8044 4180 8044 4180 8045 4182 8045 4179 8045 4184 8046 4197 8046 4185 8046 4185 8047 4197 8047 4205 8047 4185 8048 4205 8048 4213 8048 4185 8049 4213 8049 4214 8049 4186 8050 4191 8050 4189 8050 4189 8051 4191 8051 4187 8051 4189 8052 4187 8052 4188 8052 4189 8053 4188 8053 4209 8053 4190 8054 4209 8054 4188 8054 4190 8055 4188 8055 4187 8055 4190 8056 4187 8056 4192 8056 4192 8057 4187 8057 4191 8057 4192 8058 4191 8058 4186 8058 4192 8059 4186 8059 4202 8059 4185 8060 4214 8060 4193 8060 4193 8061 4184 8061 4185 8061 4184 8062 4194 8062 4195 8062 4184 8063 4195 8063 4196 8063 4184 8064 4196 8064 4197 8064 4213 8065 4205 8065 4210 8065 4204 8066 4205 8066 4197 8066 4204 8067 4197 8067 4196 8067 4204 8068 4196 8068 4198 8068 4204 8069 4198 8069 4194 8069 4204 8070 4194 8070 4212 8070 4186 8071 4200 8071 4199 8071 4189 8072 4200 8072 4186 8072 4199 8073 4200 8073 4189 8073 4182 8074 4203 8074 4201 8074 4182 8075 4192 8075 4202 8075 4182 8076 4201 8076 4190 8076 4182 8077 4202 8077 4203 8077 4190 8078 4192 8078 4182 8078 4200 8079 4210 8079 4205 8079 4200 8080 4205 8080 4204 8080 4200 8081 4204 8081 4212 8081 4200 8082 4212 8082 4211 8082 4200 8083 4211 8083 4210 8083 4194 8084 4215 8084 4212 8084 4212 8085 4215 8085 4211 8085 4211 8086 4215 8086 4193 8086 4214 8087 4211 8087 4193 8087 4211 8088 4214 8088 4210 8088 4213 8089 4210 8089 4214 8089 4215 8090 4194 8090 4184 8090 4202 8091 4186 8091 4206 8091 4202 8092 4206 8092 4203 8092 4203 8093 4206 8093 4207 8093 4203 8094 4207 8094 4201 8094 4201 8095 4207 8095 4208 8095 4201 8096 4208 8096 4209 8096 4201 8097 4209 8097 4190 8097 4189 8098 4209 8098 4199 8098 4199 8099 4209 8099 4208 8099 4199 8100 4208 8100 4207 8100 4199 8101 4207 8101 4206 8101 4199 8102 4206 8102 4186 8102 4193 8103 4215 8103 4184 8103 4218 8104 4216 8104 4219 8104 4218 8105 4217 8105 4216 8105 4218 8106 4219 8106 4217 8106 4217 8107 4219 8107 4216 8107 4235 8108 4220 8108 4221 8108 4235 8109 4221 8109 4222 8109 4222 8110 4227 8110 4223 8110 4223 8111 4226 8111 4224 8111 4223 8112 4224 8112 4241 8112 4238 8113 4224 8113 4226 8113 4238 8114 4226 8114 4225 8114 4225 8115 4226 8115 4227 8115 4225 8116 4227 8116 4228 8116 4228 8117 4227 8117 4222 8117 4228 8118 4222 8118 4221 8118 4228 8119 4221 8119 4220 8119 4228 8120 4220 8120 4237 8120 4233 8121 4230 8121 4229 8121 4233 8122 4229 8122 4231 8122 4233 8123 4231 8123 4232 8123 4251 8124 4245 8124 4231 8124 4232 8125 4231 8125 4239 8125 4232 8126 4234 8126 4233 8126 4233 8127 4241 8127 4248 8127 4233 8128 4234 8128 4241 8128 4239 8129 4234 8129 4232 8129 4245 8130 4239 8130 4231 8130 4223 8131 4241 8131 4222 8131 4222 8132 4241 8132 4235 8132 4226 8133 4223 8133 4227 8133 4219 8134 4236 8134 4238 8134 4219 8135 4238 8135 4225 8135 4219 8136 4237 8136 4236 8136 4219 8137 4228 8137 4237 8137 4225 8138 4228 8138 4219 8138 4241 8139 4234 8139 4239 8139 4241 8140 4239 8140 4245 8140 4241 8141 4245 8141 4235 8141 4235 8142 4245 8142 4246 8142 4235 8143 4246 8143 4247 8143 4235 8144 4247 8144 4240 8144 4235 8145 4240 8145 4241 8145 4249 8146 4240 8146 4247 8146 4240 8147 4249 8147 4248 8147 4240 8148 4248 8148 4241 8148 4249 8149 4247 8149 4250 8149 4250 8150 4247 8150 4246 8150 4250 8151 4246 8151 4251 8151 4251 8152 4246 8152 4245 8152 4237 8153 4220 8153 4242 8153 4237 8154 4242 8154 4236 8154 4236 8155 4242 8155 4243 8155 4236 8156 4243 8156 4238 8156 4238 8157 4243 8157 4244 8157 4238 8158 4244 8158 4224 8158 4241 8159 4224 8159 4244 8159 4241 8160 4244 8160 4243 8160 4241 8161 4243 8161 4235 8161 4235 8162 4243 8162 4242 8162 4235 8163 4242 8163 4220 8163 4233 8164 4248 8164 4230 8164 4230 8165 4248 8165 4249 8165 4230 8166 4249 8166 4250 8166 4230 8167 4250 8167 4229 8167 4229 8168 4250 8168 4251 8168 4229 8169 4251 8169 4231 8169 4254 8170 4252 8170 4255 8170 4252 8171 4253 8171 4255 8171 4255 8172 4253 8172 4254 8172 4253 8173 4252 8173 4254 8173 4258 8174 4267 8174 4256 8174 4258 8175 4256 8175 4257 8175 4258 8176 4257 8176 4268 8176 4258 8177 4268 8177 4276 8177 4258 8178 4276 8178 4259 8178 4266 8179 4259 8179 4286 8179 4261 8180 4260 8180 4265 8180 4261 8181 4265 8181 4264 8181 4261 8182 4264 8182 4272 8182 4272 8183 4264 8183 4262 8183 4272 8184 4262 8184 4283 8184 4275 8185 4283 8185 4263 8185 4263 8186 4283 8186 4262 8186 4263 8187 4262 8187 4264 8187 4263 8188 4264 8188 4265 8188 4265 8189 4260 8189 4274 8189 4258 8190 4259 8190 4266 8190 4258 8191 4266 8191 4267 8191 4259 8192 4276 8192 4277 8192 4259 8193 4277 8193 4286 8193 4268 8194 4257 8194 4269 8194 4269 8195 4257 8195 4284 8195 4284 8196 4257 8196 4256 8196 4268 8197 4269 8197 4276 8197 4279 8198 4270 8198 4271 8198 4272 8199 4271 8199 4270 8199 4261 8200 4270 8200 4279 8200 4272 8201 4270 8201 4261 8201 4254 8202 4265 8202 4274 8202 4254 8203 4263 8203 4265 8203 4254 8204 4273 8204 4275 8204 4254 8205 4274 8205 4273 8205 4254 8206 4275 8206 4263 8206 4270 8207 4277 8207 4276 8207 4270 8208 4276 8208 4269 8208 4270 8209 4269 8209 4284 8209 4270 8210 4284 8210 4285 8210 4270 8211 4285 8211 4271 8211 4271 8212 4277 8212 4270 8212 4274 8213 4260 8213 4278 8213 4278 8214 4279 8214 4280 8214 4280 8215 4279 8215 4281 8215 4288 8216 4284 8216 4256 8216 4284 8217 4288 8217 4285 8217 4271 8218 4286 8218 4277 8218 4286 8219 4271 8219 4287 8219 4287 8220 4271 8220 4285 8220 4287 8221 4285 8221 4288 8221 4267 8222 4288 8222 4256 8222 4274 8223 4278 8223 4280 8223 4274 8224 4280 8224 4281 8224 4274 8225 4281 8225 4273 8225 4273 8226 4281 8226 4282 8226 4273 8227 4282 8227 4275 8227 4275 8228 4282 8228 4283 8228 4272 8229 4283 8229 4282 8229 4272 8230 4282 8230 4271 8230 4271 8231 4282 8231 4281 8231 4271 8232 4281 8232 4279 8232 4279 8233 4278 8233 4261 8233 4261 8234 4278 8234 4260 8234 4266 8235 4286 8235 4287 8235 4266 8236 4287 8236 4267 8236 4267 8237 4287 8237 4288 8237 4291 8238 4289 8238 4290 8238 4291 8239 4290 8239 4289 8239 4292 8240 4293 8240 4294 8240 4314 8241 4318 8241 4296 8241 4296 8242 4318 8242 4303 8242 4296 8243 4301 8243 4298 8243 4298 8244 4301 8244 4297 8244 4298 8245 4297 8245 4299 8245 4298 8246 4299 8246 4322 8246 4316 8247 4299 8247 4300 8247 4300 8248 4299 8248 4297 8248 4300 8249 4297 8249 4302 8249 4302 8250 4297 8250 4301 8250 4302 8251 4301 8251 4296 8251 4302 8252 4296 8252 4303 8252 4302 8253 4303 8253 4304 8253 4304 8254 4303 8254 4318 8254 4305 8255 4292 8255 4295 8255 4292 8256 4294 8256 4295 8256 4292 8257 4306 8257 4293 8257 4293 8258 4306 8258 4307 8258 4293 8259 4307 8259 4294 8259 4294 8260 4307 8260 4310 8260 4294 8261 4310 8261 4295 8261 4295 8262 4310 8262 4308 8262 4310 8263 4307 8263 4309 8263 4307 8264 4306 8264 4309 8264 4306 8265 4292 8265 4317 8265 4313 8266 4312 8266 4298 8266 4298 8267 4312 8267 4296 8267 4296 8268 4312 8268 4314 8268 4314 8269 4312 8269 4313 8269 4290 8270 4315 8270 4316 8270 4290 8271 4304 8271 4315 8271 4290 8272 4316 8272 4300 8272 4290 8273 4300 8273 4302 8273 4290 8274 4302 8274 4304 8274 4311 8275 4310 8275 4309 8275 4298 8276 4311 8276 4309 8276 4298 8277 4309 8277 4312 8277 4312 8278 4309 8278 4306 8278 4312 8279 4306 8279 4317 8279 4312 8280 4317 8280 4324 8280 4312 8281 4324 8281 4323 8281 4312 8282 4323 8282 4311 8282 4312 8283 4311 8283 4298 8283 4310 8284 4311 8284 4323 8284 4323 8285 4324 8285 4305 8285 4323 8286 4305 8286 4308 8286 4323 8287 4308 8287 4310 8287 4325 8288 4305 8288 4324 8288 4325 8289 4324 8289 4317 8289 4304 8290 4318 8290 4319 8290 4304 8291 4319 8291 4315 8291 4315 8292 4319 8292 4320 8292 4315 8293 4320 8293 4321 8293 4315 8294 4321 8294 4316 8294 4316 8295 4321 8295 4322 8295 4316 8296 4322 8296 4299 8296 4298 8297 4322 8297 4313 8297 4313 8298 4322 8298 4321 8298 4313 8299 4321 8299 4320 8299 4313 8300 4320 8300 4319 8300 4313 8301 4319 8301 4314 8301 4314 8302 4319 8302 4318 8302 4295 8303 4308 8303 4305 8303 4305 8304 4325 8304 4292 8304 4292 8305 4325 8305 4317 8305 4326 8306 4328 8306 4327 8306 4328 8307 4326 8307 4329 8307 4342 8308 4330 8308 4331 8308 4332 8309 4340 8309 4333 8309 4332 8310 4333 8310 4339 8310 4332 8311 4339 8311 4334 8311 4332 8312 4334 8312 4335 8312 4335 8313 4334 8313 4336 8313 4335 8314 4336 8314 4351 8314 4337 8315 4336 8315 4338 8315 4338 8316 4336 8316 4334 8316 4338 8317 4334 8317 4339 8317 4338 8318 4339 8318 4333 8318 4338 8319 4333 8319 4341 8319 4341 8320 4333 8320 4340 8320 4331 8321 4343 8321 4342 8321 4330 8322 4344 8322 4345 8322 4330 8323 4345 8323 4346 8323 4330 8324 4346 8324 4331 8324 4331 8325 4346 8325 4347 8325 4331 8326 4347 8326 4358 8326 4331 8327 4358 8327 4343 8327 4350 8328 4358 8328 4347 8328 4348 8329 4349 8329 4346 8329 4349 8330 4350 8330 4346 8330 4346 8331 4350 8331 4347 8331 4349 8332 4348 8332 4344 8332 4349 8333 4344 8333 4330 8333 4349 8334 4330 8334 4342 8334 4335 8335 4350 8335 4332 8335 4351 8336 4350 8336 4335 8336 4360 8337 4350 8337 4351 8337 4332 8338 4350 8338 4360 8338 4327 8339 4338 8339 4341 8339 4327 8340 4353 8340 4352 8340 4327 8341 4354 8341 4353 8341 4327 8342 4341 8342 4354 8342 4327 8343 4352 8343 4337 8343 4327 8344 4337 8344 4338 8344 4350 8345 4349 8345 4360 8345 4360 8346 4357 8346 4350 8346 4350 8347 4357 8347 4358 8347 4360 8348 4349 8348 4342 8348 4343 8349 4358 8349 4357 8349 4343 8350 4357 8350 4359 8350 4359 8351 4357 8351 4360 8351 4341 8352 4340 8352 4354 8352 4354 8353 4340 8353 4353 8353 4353 8354 4340 8354 4355 8354 4353 8355 4355 8355 4352 8355 4352 8356 4355 8356 4356 8356 4352 8357 4356 8357 4336 8357 4352 8358 4336 8358 4337 8358 4351 8359 4336 8359 4356 8359 4351 8360 4356 8360 4355 8360 4351 8361 4355 8361 4360 8361 4360 8362 4355 8362 4340 8362 4360 8363 4340 8363 4332 8363 4343 8364 4359 8364 4342 8364 4342 8365 4359 8365 4360 8365 4326 8366 4327 8366 4329 8366 4329 8367 4327 8367 4328 8367 4362 8368 4365 8368 4374 8368 4374 8369 4365 8369 4363 8369 4374 8370 4363 8370 4386 8370 4386 8371 4363 8371 4361 8371 4361 8372 4364 8372 4366 8372 4387 8373 4367 8373 4368 8373 4368 8374 4367 8374 4369 8374 4368 8375 4369 8375 4362 8375 4362 8376 4369 8376 4365 8376 4370 8377 4366 8377 4371 8377 4370 8378 4371 8378 4387 8378 4387 8379 4371 8379 4367 8379 4377 8380 4373 8380 4361 8380 4361 8381 4373 8381 4386 8381 4386 8382 4373 8382 4372 8382 4386 8383 4372 8383 4374 8383 4374 8384 4375 8384 4362 8384 4387 8385 4376 8385 4377 8385 4387 8386 4377 8386 4370 8386 4362 8387 4375 8387 4368 8387 4368 8388 4375 8388 4378 8388 4368 8389 4378 8389 4387 8389 4387 8390 4378 8390 4376 8390 4379 8391 4381 8391 4380 8391 4379 8392 4380 8392 4493 8392 4381 8393 4379 8393 4466 8393 4384 8394 4383 8394 4385 8394 4385 8395 4383 8395 4382 8395 4377 8396 4366 8396 4370 8396 4381 8397 4388 8397 4380 8397 4380 8398 4388 8398 4389 8398 4390 8399 4381 8399 4466 8399 4390 8400 4468 8400 4391 8400 4392 8401 4391 8401 4382 8401 4383 8402 4393 8402 4382 8402 4382 8403 4393 8403 4392 8403 4393 8404 4383 8404 4394 8404 4394 8405 4383 8405 4384 8405 4394 8406 4384 8406 4477 8406 4394 8407 4477 8407 4395 8407 4375 8408 4390 8408 4378 8408 4390 8409 4375 8409 4381 8409 4381 8410 4375 8410 4388 8410 4388 8411 4375 8411 4374 8411 4388 8412 4374 8412 4372 8412 4388 8413 4372 8413 4389 8413 4389 8414 4372 8414 4373 8414 4389 8415 4373 8415 4395 8415 4393 8416 4394 8416 4377 8416 4378 8417 4390 8417 4391 8417 4394 8418 4373 8418 4377 8418 4392 8419 4378 8419 4391 8419 4393 8420 4377 8420 4376 8420 4393 8421 4376 8421 4392 8421 4392 8422 4376 8422 4378 8422 4373 8423 4394 8423 4395 8423 4396 8424 4446 8424 4398 8424 4396 8425 4398 8425 4400 8425 4400 8426 4398 8426 4444 8426 4404 8427 4402 8427 4506 8427 4403 8428 4502 8428 4401 8428 4404 8429 4506 8429 4405 8429 4406 8430 4408 8430 4407 8430 4405 8431 4408 8431 4406 8431 4409 8432 4410 8432 4411 8432 4409 8433 4411 8433 4412 8433 4412 8434 4411 8434 4423 8434 4412 8435 4423 8435 4413 8435 4414 8436 4413 8436 4424 8436 4414 8437 4424 8437 4425 8437 4414 8438 4425 8438 4426 8438 4428 8439 4426 8439 4425 8439 4429 8440 4430 8440 4415 8440 4415 8441 4430 8441 4431 8441 4415 8442 4431 8442 4433 8442 4415 8443 4433 8443 4417 8443 4417 8444 4416 8444 4528 8444 4528 8445 4434 8445 4435 8445 4418 8446 4436 8446 4420 8446 4420 8447 4436 8447 4419 8447 4420 8448 4419 8448 4421 8448 4420 8449 4421 8449 4422 8449 4413 8450 4423 8450 4424 8450 4428 8451 4425 8451 4427 8451 4428 8452 4427 8452 4429 8452 4429 8453 4427 8453 4430 8453 4430 8454 4427 8454 4431 8454 4431 8455 4432 8455 4433 8455 4433 8456 4432 8456 4416 8456 4416 8457 4432 8457 4434 8457 4435 8458 4434 8458 4436 8458 4435 8459 4436 8459 4418 8459 4419 8460 4436 8460 4437 8460 4419 8461 4437 8461 4438 8461 4438 8462 4437 8462 4439 8462 4438 8463 4439 8463 4440 8463 4423 8464 4441 8464 4442 8464 4423 8465 4442 8465 4443 8465 4408 8466 4445 8466 4505 8466 4408 8467 4505 8467 4407 8467 4405 8468 4448 8468 4484 8468 4405 8469 4484 8469 4408 8469 4399 8470 4449 8470 4450 8470 4399 8471 4450 8471 4397 8471 4408 8472 4484 8472 4445 8472 4449 8473 4399 8473 4507 8473 4507 8474 4399 8474 4400 8474 4507 8475 4400 8475 4444 8475 4396 8476 4400 8476 4451 8476 4451 8477 4400 8477 4399 8477 4451 8478 4399 8478 4397 8478 4398 8479 4446 8479 4444 8479 4396 8480 4447 8480 4446 8480 4396 8481 4391 8481 4447 8481 4396 8482 4451 8482 4391 8482 4397 8483 4452 8483 4451 8483 4397 8484 4450 8484 4452 8484 4402 8485 4453 8485 4506 8485 4402 8486 4401 8486 4453 8486 4502 8487 4454 8487 4401 8487 4455 8488 4456 8488 4457 8488 4457 8489 4456 8489 4458 8489 4457 8490 4458 8490 4459 8490 4459 8491 4458 8491 4460 8491 4459 8492 4460 8492 4499 8492 4461 8493 4462 8493 4464 8493 4464 8494 4462 8494 4463 8494 4464 8495 4463 8495 4465 8495 4464 8496 4465 8496 4511 8496 4511 8497 4465 8497 4527 8497 4522 8498 4532 8498 4446 8498 4446 8499 4532 8499 4466 8499 4466 8500 4532 8500 4467 8500 4466 8501 4467 8501 4468 8501 4504 8502 4469 8502 4470 8502 4470 8503 4469 8503 4472 8503 4470 8504 4472 8504 4471 8504 4471 8505 4472 8505 4537 8505 4471 8506 4537 8506 4486 8506 4473 8507 4538 8507 4475 8507 4473 8508 4475 8508 4474 8508 4474 8509 4475 8509 4476 8509 4476 8510 4475 8510 4529 8510 4476 8511 4529 8511 4501 8511 4477 8512 4478 8512 4479 8512 4479 8513 4478 8513 4519 8513 4479 8514 4519 8514 4480 8514 4480 8515 4519 8515 4539 8515 4481 8516 4518 8516 4563 8516 4509 8517 4564 8517 4482 8517 4482 8518 4564 8518 4481 8518 4482 8519 4481 8519 4563 8519 4483 8520 4530 8520 4510 8520 4485 8521 4530 8521 4562 8521 4485 8522 4562 8522 4483 8522 4489 8523 4488 8523 4487 8523 4444 8524 4548 8524 4489 8524 4444 8525 4446 8525 4548 8525 4490 8526 4446 8526 4491 8526 4548 8527 4446 8527 4490 8527 4466 8528 4492 8528 4491 8528 4466 8529 4491 8529 4446 8529 4553 8530 4492 8530 4379 8530 4379 8531 4492 8531 4466 8531 4554 8532 4553 8532 4379 8532 4379 8533 4493 8533 4554 8533 4493 8534 4395 8534 4479 8534 4479 8535 4395 8535 4477 8535 4493 8536 4479 8536 4554 8536 4479 8537 4480 8537 4554 8537 4554 8538 4480 8538 4494 8538 4494 8539 4495 8539 4554 8539 4563 8540 4509 8540 4496 8540 4496 8541 4494 8541 4563 8541 4485 8542 4499 8542 4497 8542 4497 8543 4457 8543 4484 8543 4484 8544 4457 8544 4459 8544 4509 8545 4484 8545 4496 8545 4496 8546 4484 8546 4459 8546 4496 8547 4459 8547 4499 8547 4496 8548 4499 8548 4498 8548 4498 8549 4499 8549 4443 8549 4443 8550 4499 8550 4423 8550 4485 8551 4423 8551 4499 8551 4423 8552 4485 8552 4483 8552 4423 8553 4483 8553 4500 8553 4424 8554 4500 8554 4425 8554 4500 8555 4424 8555 4423 8555 4500 8556 4501 8556 4425 8556 4425 8557 4501 8557 4473 8557 4425 8558 4473 8558 4427 8558 4434 8559 4504 8559 4502 8559 4473 8560 4486 8560 4427 8560 4434 8561 4503 8561 4504 8561 4486 8562 4431 8562 4427 8562 4432 8563 4503 8563 4434 8563 4503 8564 4432 8564 4486 8564 4486 8565 4432 8565 4431 8565 4436 8566 4434 8566 4502 8566 4505 8567 4487 8567 4502 8567 4502 8568 4487 8568 4436 8568 4488 8569 4437 8569 4487 8569 4487 8570 4437 8570 4436 8570 4468 8571 4522 8571 4447 8571 4447 8572 4522 8572 4446 8572 4385 8573 4452 8573 4450 8573 4385 8574 4450 8574 4484 8574 4391 8575 4451 8575 4382 8575 4382 8576 4451 8576 4452 8576 4382 8577 4452 8577 4385 8577 4391 8578 4468 8578 4447 8578 4484 8579 4384 8579 4385 8579 4484 8580 4508 8580 4384 8580 4384 8581 4508 8581 4540 8581 4477 8582 4384 8582 4540 8582 4502 8583 4504 8583 4454 8583 4454 8584 4504 8584 4470 8584 4484 8585 4471 8585 4486 8585 4454 8586 4470 8586 4484 8586 4484 8587 4470 8587 4471 8587 4448 8588 4506 8588 4484 8588 4484 8589 4506 8589 4454 8589 4454 8590 4506 8590 4453 8590 4454 8591 4453 8591 4401 8591 4487 8592 4444 8592 4489 8592 4484 8593 4450 8593 4449 8593 4484 8594 4449 8594 4507 8594 4487 8595 4507 8595 4444 8595 4486 8596 4473 8596 4484 8596 4473 8597 4474 8597 4484 8597 4474 8598 4476 8598 4500 8598 4500 8599 4476 8599 4501 8599 4484 8600 4474 8600 4500 8600 4508 8601 4494 8601 4480 8601 4494 8602 4508 8602 4484 8602 4484 8603 4509 8603 4482 8603 4484 8604 4482 8604 4494 8604 4494 8605 4482 8605 4563 8605 4500 8606 4483 8606 4510 8606 4500 8607 4510 8607 4484 8607 4484 8608 4510 8608 4485 8608 4485 8609 4510 8609 4530 8609 4507 8610 4511 8610 4484 8610 4511 8611 4512 8611 4487 8611 4487 8612 4512 8612 4461 8612 4461 8613 4464 8613 4487 8613 4487 8614 4464 8614 4507 8614 4507 8615 4464 8615 4511 8615 4505 8616 4445 8616 4487 8616 4487 8617 4445 8617 4484 8617 4487 8618 4484 8618 4511 8618 4497 8619 4484 8619 4485 8619 4513 8620 4549 8620 4523 8620 4515 8621 4516 8621 4530 8621 4460 8622 4458 8622 4531 8622 4530 8623 4516 8623 4412 8623 4460 8624 4514 8624 4517 8624 4460 8625 4517 8625 4516 8625 4516 8626 4517 8626 4412 8626 4514 8627 4460 8627 4531 8627 4564 8628 4518 8628 4531 8628 4531 8629 4518 8629 4514 8629 4514 8630 4518 8630 4557 8630 4519 8631 4557 8631 4518 8631 4519 8632 4555 8632 4557 8632 4555 8633 4519 8633 4364 8633 4555 8634 4364 8634 4520 8634 4520 8635 4364 8635 4521 8635 4363 8636 4524 8636 4521 8636 4363 8637 4521 8637 4361 8637 4521 8638 4364 8638 4361 8638 4523 8639 4549 8639 4522 8639 4522 8640 4549 8640 4524 8640 4527 8641 4420 8641 4526 8641 4526 8642 4420 8642 4422 8642 4526 8643 4422 8643 4463 8643 4463 8644 4422 8644 4525 8644 4463 8645 4525 8645 4465 8645 4523 8646 4465 8646 4525 8646 4418 8647 4420 8647 4533 8647 4420 8648 4527 8648 4533 8648 4435 8649 4418 8649 4533 8649 4533 8650 4472 8650 4469 8650 4533 8651 4469 8651 4435 8651 4435 8652 4469 8652 4535 8652 4528 8653 4428 8653 4429 8653 4528 8654 4429 8654 4415 8654 4528 8655 4415 8655 4417 8655 4426 8656 4428 8656 4528 8656 4426 8657 4538 8657 4529 8657 4542 8658 4529 8658 4475 8658 4528 8659 4538 8659 4426 8659 4542 8660 4475 8660 4536 8660 4413 8661 4414 8661 4542 8661 4426 8662 4529 8662 4542 8662 4426 8663 4542 8663 4414 8663 4413 8664 4542 8664 4530 8664 4413 8665 4530 8665 4412 8665 4541 8666 4371 8666 4366 8666 4541 8667 4366 8667 4364 8667 4523 8668 4369 8668 4367 8668 4523 8669 4367 8669 4531 8669 4531 8670 4367 8670 4371 8670 4532 8671 4363 8671 4365 8671 4523 8672 4534 8672 4369 8672 4467 8673 4532 8673 4365 8673 4369 8674 4534 8674 4365 8674 4365 8675 4534 8675 4467 8675 4527 8676 4465 8676 4523 8676 4522 8677 4534 8677 4523 8677 4524 8678 4363 8678 4532 8678 4524 8679 4532 8679 4522 8679 4435 8680 4535 8680 4528 8680 4536 8681 4537 8681 4472 8681 4528 8682 4537 8682 4536 8682 4528 8683 4535 8683 4537 8683 4536 8684 4472 8684 4533 8684 4536 8685 4538 8685 4528 8685 4536 8686 4475 8686 4538 8686 4541 8687 4539 8687 4518 8687 4518 8688 4539 8688 4519 8688 4364 8689 4519 8689 4478 8689 4478 8690 4540 8690 4541 8690 4541 8691 4540 8691 4539 8691 4364 8692 4478 8692 4541 8692 4518 8693 4481 8693 4541 8693 4541 8694 4481 8694 4564 8694 4530 8695 4542 8695 4536 8695 4541 8696 4531 8696 4371 8696 4458 8697 4515 8697 4531 8697 4531 8698 4515 8698 4530 8698 4523 8699 4531 8699 4533 8699 4523 8700 4533 8700 4527 8700 4541 8701 4564 8701 4531 8701 4513 8702 4523 8702 4525 8702 4531 8703 4530 8703 4536 8703 4531 8704 4536 8704 4533 8704 4543 8705 4544 8705 4441 8705 4543 8706 4441 8706 4411 8706 4411 8707 4441 8707 4423 8707 4433 8708 4416 8708 4417 8708 4528 8709 4416 8709 4434 8709 4419 8710 4438 8710 4545 8710 4419 8711 4545 8711 4421 8711 4406 8712 4407 8712 4403 8712 4406 8713 4401 8713 4402 8713 4401 8714 4406 8714 4403 8714 4402 8715 4404 8715 4406 8715 4406 8716 4404 8716 4405 8716 4403 8717 4505 8717 4502 8717 4506 8718 4448 8718 4405 8718 4366 8719 4377 8719 4361 8719 4421 8720 4545 8720 4546 8720 4421 8721 4546 8721 4547 8721 4547 8722 4546 8722 4489 8722 4489 8723 4548 8723 4549 8723 4491 8724 4550 8724 4551 8724 4551 8725 4550 8725 4552 8725 4558 8726 4559 8726 4514 8726 4514 8727 4559 8727 4560 8727 4514 8728 4560 8728 4561 8728 4562 8729 4530 8729 4542 8729 4562 8730 4542 8730 4483 8730 4483 8731 4542 8731 4530 8731 4563 8732 4518 8732 4509 8732 4509 8733 4518 8733 4564 8733 4480 8734 4539 8734 4508 8734 4508 8735 4539 8735 4540 8735 4540 8736 4478 8736 4477 8736 4501 8737 4529 8737 4538 8737 4501 8738 4538 8738 4473 8738 4486 8739 4537 8739 4535 8739 4486 8740 4535 8740 4503 8740 4503 8741 4535 8741 4504 8741 4504 8742 4535 8742 4469 8742 4468 8743 4467 8743 4534 8743 4468 8744 4534 8744 4522 8744 4511 8745 4527 8745 4512 8745 4512 8746 4527 8746 4565 8746 4565 8747 4527 8747 4526 8747 4499 8748 4460 8748 4516 8748 4499 8749 4516 8749 4497 8749 4497 8750 4516 8750 4515 8750 4407 8751 4505 8751 4403 8751 4566 8752 4567 8752 4559 8752 4559 8753 4496 8753 4498 8753 4559 8754 4498 8754 4566 8754 4559 8755 4558 8755 4496 8755 4496 8756 4558 8756 4494 8756 4494 8757 4558 8757 4557 8757 4494 8758 4557 8758 4556 8758 4494 8759 4556 8759 4495 8759 4495 8760 4556 8760 4555 8760 4495 8761 4555 8761 4520 8761 4495 8762 4520 8762 4554 8762 4553 8763 4552 8763 4492 8763 4492 8764 4552 8764 4550 8764 4492 8765 4550 8765 4491 8765 4491 8766 4524 8766 4490 8766 4490 8767 4524 8767 4549 8767 4490 8768 4549 8768 4548 8768 4489 8769 4546 8769 4568 8769 4489 8770 4568 8770 4488 8770 4569 8771 4570 8771 4547 8771 4569 8772 4547 8772 4525 8772 4525 8773 4547 8773 4489 8773 4525 8774 4489 8774 4513 8774 4513 8775 4489 8775 4549 8775 4524 8776 4491 8776 4551 8776 4524 8777 4551 8777 4521 8777 4521 8778 4551 8778 4552 8778 4521 8779 4552 8779 4553 8779 4521 8780 4553 8780 4554 8780 4521 8781 4554 8781 4520 8781 4555 8782 4556 8782 4557 8782 4557 8783 4558 8783 4514 8783 4514 8784 4561 8784 4517 8784 4389 8785 4395 8785 4380 8785 4390 8786 4466 8786 4468 8786 4395 8787 4493 8787 4380 8787 4583 8788 4581 8788 4582 8788 4573 8789 4574 8789 4572 8789 4572 8790 4581 8790 4571 8790 4574 8791 4581 8791 4572 8791 4571 8792 4575 8792 4572 8792 4575 8793 4573 8793 4572 8793 4573 8794 4576 8794 4574 8794 4573 8795 4600 8795 4578 8795 4577 8796 4573 8796 4588 8796 4573 8797 4578 8797 4576 8797 4577 8798 4600 8798 4573 8798 4587 8799 4579 8799 4578 8799 4579 8800 4576 8800 4578 8800 4586 8801 4592 8801 4602 8801 4588 8802 4573 8802 4575 8802 4580 8803 4588 8803 4575 8803 4580 8804 4575 8804 4583 8804 4588 8805 4580 8805 4581 8805 4581 8806 4580 8806 4582 8806 4580 8807 4583 8807 4582 8807 4575 8808 4571 8808 4583 8808 4586 8809 4585 8809 4584 8809 4586 8810 4602 8810 4585 8810 4584 8811 4579 8811 4587 8811 4594 8812 4592 8812 4597 8812 4589 8813 4592 8813 4594 8813 4589 8814 4581 8814 4592 8814 4590 8815 4589 8815 4594 8815 4589 8816 4590 8816 4581 8816 4586 8817 4591 8817 4592 8817 4590 8818 4598 8818 4581 8818 4597 8819 4596 8819 4593 8819 4590 8820 4593 8820 4598 8820 4593 8821 4590 8821 4597 8821 4592 8822 4591 8822 4599 8822 4597 8823 4599 8823 4596 8823 4597 8824 4592 8824 4599 8824 4601 8825 4595 8825 4596 8825 4594 8826 4597 8826 4590 8826 4595 8827 4593 8827 4596 8827 4598 8828 4593 8828 4577 8828 4577 8829 4593 8829 4595 8829 4601 8830 4596 8830 4599 8830 4584 8831 4599 8831 4591 8831 4577 8832 4588 8832 4598 8832 4595 8833 4600 8833 4577 8833 4599 8834 4587 8834 4601 8834 4584 8835 4587 8835 4599 8835 4603 8836 4579 8836 4584 8836 4592 8837 4574 8837 4579 8837 4579 8838 4604 8838 4592 8838 4579 8839 4603 8839 4604 8839 4578 8840 4601 8840 4587 8840 4578 8841 4600 8841 4595 8841 4579 8842 4574 8842 4576 8842 4578 8843 4595 8843 4601 8843 4592 8844 4581 8844 4574 8844 4602 8845 4592 8845 4604 8845 4598 8846 4588 8846 4581 8846 4591 8847 4586 8847 4584 8847 4602 8848 4604 8848 4603 8848 4602 8849 4603 8849 4585 8849 4585 8850 4603 8850 4584 8850 4571 8851 4581 8851 4583 8851 4865 8852 4605 8852 4606 8852 4607 8853 4608 8853 4859 8853 4865 8854 4606 8854 4607 8854 4607 8855 4606 8855 4608 8855 4610 8856 4609 8856 4871 8856 4871 8857 4609 8857 4611 8857 4871 8858 4611 8858 4872 8858 4872 8859 4611 8859 4612 8859 4612 8860 4611 8860 4613 8860 4612 8861 4613 8861 4614 8861 4614 8862 4613 8862 4811 8862 4614 8863 4811 8863 4615 8863 4615 8864 4811 8864 4616 8864 4616 8865 4811 8865 4653 8865 4618 8866 4617 8866 4609 8866 4618 8867 4609 8867 4610 8867 4619 8868 4621 8868 4620 8868 4620 8869 4621 8869 4622 8869 4868 8870 4622 8870 4623 8870 4623 8871 4622 8871 4625 8871 4623 8872 4625 8872 4869 8872 4624 8873 4625 8873 4626 8873 4626 8874 4625 8874 4645 8874 4626 8875 4645 8875 4627 8875 4627 8876 4645 8876 4628 8876 4629 8877 4628 8877 4621 8877 4629 8878 4621 8878 4619 8878 4630 8879 4631 8879 4632 8879 4632 8880 4631 8880 4633 8880 4635 8881 4634 8881 4636 8881 4635 8882 4636 8882 4637 8882 4637 8883 4636 8883 4632 8883 4637 8884 4632 8884 4638 8884 4638 8885 4632 8885 4633 8885 4630 8886 4632 8886 4639 8886 4630 8887 4639 8887 4643 8887 4643 8888 4639 8888 4640 8888 4640 8889 4642 8889 4643 8889 4643 8890 4642 8890 4646 8890 4643 8891 4646 8891 4645 8891 4862 8892 4645 8892 4646 8892 4617 8893 4649 8893 4647 8893 4617 8894 4647 8894 4644 8894 4645 8895 4862 8895 4648 8895 4645 8896 4648 8896 4651 8896 4649 8897 4617 8897 4650 8897 4650 8898 4617 8898 4653 8898 4650 8899 4653 8899 4827 8899 4655 8900 4827 8900 4653 8900 4652 8901 4654 8901 4656 8901 4658 8902 4655 8902 4659 8902 4657 8903 4656 8903 4654 8903 4658 8904 4659 8904 4660 8904 4660 8905 4659 8905 4843 8905 4785 8906 4661 8906 4662 8906 4662 8907 4661 8907 4664 8907 4664 8908 4663 8908 4662 8908 4666 8909 4665 8909 4664 8909 4664 8910 4665 8910 4663 8910 4667 8911 4666 8911 4934 8911 4934 8912 4666 8912 4918 8912 4669 8913 4668 8913 4808 8913 4669 8914 4671 8914 4670 8914 4671 8915 4669 8915 4672 8915 4672 8916 4806 8916 4673 8916 4673 8917 4806 8917 4674 8917 4674 8918 4806 8918 4814 8918 4674 8919 4814 8919 4679 8919 4679 8920 4678 8920 4675 8920 4676 8921 4678 8921 4679 8921 4677 8922 4676 8922 4686 8922 4687 8923 4680 8923 4688 8923 4688 8924 4680 8924 4681 8924 4680 8925 4682 8925 4681 8925 4681 8926 4682 8926 4683 8926 4683 8927 4684 8927 4681 8927 4681 8928 4684 8928 4685 8928 4685 8929 4896 8929 4686 8929 4690 8930 4691 8930 4692 8930 4690 8931 4692 8931 4689 8931 4693 8932 4691 8932 4690 8932 4703 8933 4694 8933 4927 8933 4927 8934 4694 8934 4695 8934 4927 8935 4695 8935 4696 8935 4703 8936 4669 8936 4670 8936 4703 8937 4670 8937 4694 8937 4694 8938 4670 8938 4697 8938 4697 8939 4670 8939 4671 8939 4697 8940 4671 8940 4698 8940 4698 8941 4671 8941 4672 8941 4698 8942 4672 8942 4673 8942 4674 8943 4699 8943 4673 8943 4673 8944 4699 8944 4698 8944 4699 8945 4674 8945 4700 8945 4700 8946 4674 8946 4679 8946 4700 8947 4679 8947 4701 8947 4701 8948 4679 8948 4675 8948 4701 8949 4675 8949 4702 8949 4702 8950 4675 8950 4678 8950 4702 8951 4704 8951 4695 8951 4695 8952 4694 8952 4697 8952 4701 8953 4702 8953 4697 8953 4697 8954 4702 8954 4695 8954 4701 8955 4697 8955 4698 8955 4701 8956 4698 8956 4699 8956 4701 8957 4699 8957 4700 8957 4668 8958 4703 8958 4824 8958 4703 8959 4668 8959 4669 8959 4678 8960 4676 8960 4704 8960 4825 8961 4676 8961 4677 8961 4704 8962 4702 8962 4678 8962 4705 8963 4706 8963 4707 8963 4723 8964 4707 8964 4712 8964 4787 8965 4709 8965 4708 8965 4708 8966 4709 8966 4714 8966 4707 8967 4711 8967 4712 8967 4709 8968 4712 8968 4710 8968 4709 8969 4710 8969 4713 8969 4709 8970 4713 8970 4714 8970 4706 8971 4714 8971 4707 8971 4711 8972 4707 8972 4712 8972 4715 8973 4749 8973 4716 8973 4717 8974 4915 8974 4715 8974 4720 8975 4800 8975 4718 8975 4720 8976 4907 8976 4719 8976 4723 8977 4744 8977 4721 8977 4722 8978 4723 8978 4748 8978 4748 8979 4723 8979 4721 8979 4723 8980 4722 8980 4725 8980 4725 8981 4722 8981 4724 8981 4726 8982 4742 8982 4773 8982 4773 8983 4742 8983 4725 8983 4773 8984 4725 8984 4724 8984 4729 8985 4730 8985 4731 8985 4739 8986 4731 8986 4727 8986 4735 8987 4732 8987 4733 8987 4733 8988 4732 8988 4730 8988 4733 8989 4730 8989 4729 8989 4735 8990 4734 8990 4732 8990 4789 8991 4945 8991 4735 8991 4736 8992 4728 8992 4797 8992 4736 8993 4797 8993 4944 8993 4946 8994 4789 8994 4740 8994 4740 8995 4789 8995 4944 8995 4742 8996 4726 8996 4741 8996 4741 8997 4726 8997 4743 8997 4743 8998 4726 8998 4772 8998 4744 8999 4745 8999 4721 8999 4721 9000 4745 9000 4746 9000 4721 9001 4746 9001 4747 9001 4748 9002 4721 9002 4747 9002 4750 9003 4751 9003 4749 9003 4749 9004 4751 9004 4716 9004 4716 9005 4751 9005 4752 9005 4716 9006 4752 9006 4753 9006 4753 9007 4752 9007 4754 9007 4754 9008 4752 9008 4755 9008 4756 9009 4755 9009 4757 9009 4756 9010 4757 9010 4758 9010 4758 9011 4757 9011 4759 9011 4759 9012 4764 9012 4760 9012 4760 9013 4764 9013 4761 9013 4760 9014 4761 9014 4763 9014 4763 9015 4761 9015 4762 9015 4763 9016 4717 9016 4715 9016 4715 9017 4716 9017 4763 9017 4763 9018 4716 9018 4753 9018 4758 9019 4763 9019 4756 9019 4756 9020 4763 9020 4753 9020 4756 9021 4753 9021 4754 9021 4754 9022 4755 9022 4756 9022 4758 9023 4759 9023 4760 9023 4758 9024 4760 9024 4763 9024 4765 9025 4764 9025 4766 9025 4768 9026 4767 9026 4755 9026 4769 9027 4770 9027 4773 9027 4772 9028 4773 9028 4770 9028 4770 9029 4769 9029 4774 9029 4774 9030 4769 9030 4775 9030 4776 9031 4774 9031 4775 9031 4775 9032 4748 9032 4776 9032 4776 9033 4748 9033 4778 9033 4744 9034 4742 9034 4782 9034 4782 9035 4779 9035 4744 9035 4744 9036 4779 9036 4780 9036 4746 9037 4745 9037 4780 9037 4780 9038 4745 9038 4744 9038 4783 9039 4784 9039 4741 9039 4741 9040 4784 9040 4742 9040 4782 9041 4742 9041 4784 9041 4823 9042 4767 9042 4693 9042 4723 9043 4712 9043 4786 9043 4786 9044 4712 9044 4709 9044 4787 9045 4786 9045 4709 9045 4786 9046 4787 9046 4788 9046 4706 9047 4705 9047 4788 9047 4733 9048 4789 9048 4737 9048 4733 9049 4737 9049 4735 9049 4789 9050 4735 9050 4737 9050 4944 9051 4789 9051 4736 9051 4707 9052 4714 9052 4736 9052 4728 9053 4713 9053 4710 9053 4707 9054 4736 9054 4789 9054 4736 9055 4714 9055 4713 9055 4713 9056 4728 9056 4736 9056 4739 9057 4729 9057 4731 9057 4733 9058 4707 9058 4789 9058 4710 9059 4739 9059 4727 9059 4733 9060 4712 9060 4707 9060 4739 9061 4710 9061 4712 9061 4733 9062 4729 9062 4712 9062 4712 9063 4729 9063 4739 9063 4944 9064 4797 9064 4790 9064 4944 9065 4790 9065 4945 9065 4945 9066 4790 9066 4791 9066 4945 9067 4791 9067 4734 9067 4945 9068 4734 9068 4735 9068 4732 9069 4734 9069 4792 9069 4732 9070 4792 9070 4730 9070 4730 9071 4792 9071 4793 9071 4730 9072 4793 9072 4731 9072 4731 9073 4794 9073 4727 9073 4727 9074 4794 9074 4795 9074 4727 9075 4795 9075 4710 9075 4710 9076 4795 9076 4796 9076 4710 9077 4796 9077 4728 9077 4728 9078 4796 9078 4797 9078 4782 9079 4784 9079 4798 9079 4798 9080 4784 9080 4783 9080 4798 9081 4783 9081 4799 9081 4783 9082 4663 9082 4799 9082 4799 9083 4663 9083 4665 9083 4799 9084 4665 9084 4800 9084 4640 9085 4639 9085 4719 9085 4719 9086 4639 9086 4801 9086 4801 9087 4639 9087 4632 9087 4801 9088 4632 9088 4781 9088 4750 9089 4689 9089 4692 9089 4750 9090 4692 9090 4751 9090 4751 9091 4692 9091 4691 9091 4751 9092 4691 9092 4752 9092 4799 9093 4800 9093 4720 9093 4719 9094 4801 9094 4720 9094 4720 9095 4801 9095 4799 9095 4798 9096 4799 9096 4779 9096 4781 9097 4779 9097 4799 9097 4781 9098 4799 9098 4801 9098 4781 9099 4780 9099 4779 9099 4782 9100 4798 9100 4779 9100 4742 9101 4786 9101 4788 9101 4742 9102 4788 9102 4705 9102 4786 9103 4742 9103 4744 9103 4744 9104 4723 9104 4786 9104 4705 9105 4725 9105 4742 9105 4725 9106 4705 9106 4723 9106 4743 9107 4771 9107 4741 9107 4741 9108 4771 9108 4663 9108 4741 9109 4663 9109 4783 9109 4785 9110 4662 9110 4771 9110 4771 9111 4662 9111 4663 9111 4755 9112 4752 9112 4691 9112 4755 9113 4691 9113 4768 9113 4768 9114 4691 9114 4693 9114 4768 9115 4693 9115 4767 9115 4631 9116 4802 9116 4633 9116 4633 9117 4802 9117 4841 9117 4841 9118 4802 9118 4803 9118 4803 9119 4802 9119 4804 9119 4805 9120 4806 9120 4807 9120 4807 9121 4806 9121 4808 9121 4803 9122 4804 9122 4809 9122 4809 9123 4804 9123 4811 9123 4806 9124 4805 9124 4814 9124 4814 9125 4805 9125 4810 9125 4809 9126 4811 9126 4812 9126 4813 9127 4814 9127 4810 9127 4688 9128 4821 9128 4687 9128 4845 9129 4816 9129 4818 9129 4818 9130 4816 9130 4817 9130 4819 9131 4820 9131 4822 9131 4822 9132 4820 9132 4821 9132 4766 9133 4767 9133 4785 9133 4776 9134 4778 9134 4765 9134 4771 9135 4772 9135 4785 9135 4772 9136 4770 9136 4785 9136 4785 9137 4770 9137 4774 9137 4807 9138 4785 9138 4805 9138 4776 9139 4765 9139 4774 9139 4774 9140 4765 9140 4766 9140 4766 9141 4785 9141 4774 9141 4805 9142 4785 9142 4810 9142 4785 9143 4767 9143 4823 9143 4785 9144 4823 9144 4810 9144 4823 9145 4813 9145 4810 9145 4762 9146 4761 9146 4636 9146 4747 9147 4746 9147 4632 9147 4746 9148 4780 9148 4632 9148 4761 9149 4764 9149 4636 9149 4778 9150 4748 9150 4777 9150 4764 9151 4765 9151 4636 9151 4636 9152 4765 9152 4778 9152 4636 9153 4778 9153 4632 9153 4632 9154 4778 9154 4777 9154 4632 9155 4777 9155 4747 9155 4781 9156 4632 9156 4780 9156 4676 9157 4825 9157 4826 9157 4676 9158 4826 9158 4704 9158 4704 9159 4826 9159 4695 9159 4695 9160 4826 9160 4696 9160 4828 9161 4652 9161 4651 9161 4934 9162 4911 9162 4815 9162 4934 9163 4815 9163 4667 9163 4834 9164 4833 9164 4840 9164 4840 9165 4829 9165 4830 9165 4840 9166 4830 9166 4831 9166 4831 9167 4830 9167 4832 9167 4832 9168 4835 9168 4831 9168 4836 9169 4835 9169 4917 9169 4834 9170 4837 9170 4838 9170 4835 9171 4836 9171 4831 9171 4831 9172 4836 9172 4839 9172 4837 9173 4834 9173 4840 9173 4839 9174 4840 9174 4831 9174 4837 9175 4840 9175 4839 9175 4837 9176 4839 9176 4838 9176 4838 9177 4839 9177 4836 9177 4838 9178 4836 9178 4917 9178 4633 9179 4841 9179 4638 9179 4809 9180 4842 9180 4803 9180 4803 9181 4842 9181 4841 9181 4842 9182 4809 9182 4829 9182 4829 9183 4809 9183 4812 9183 4637 9184 4812 9184 4635 9184 4852 9185 4843 9185 4657 9185 4852 9186 4657 9186 4654 9186 4844 9187 4822 9187 4821 9187 4844 9188 4821 9188 4688 9188 4844 9189 4688 9189 4689 9189 4689 9190 4750 9190 4844 9190 4921 9191 4906 9191 4718 9191 4718 9192 4906 9192 4720 9192 4816 9193 4845 9193 4667 9193 4667 9194 4845 9194 4666 9194 4666 9195 4845 9195 4921 9195 4666 9196 4921 9196 4718 9196 4828 9197 4651 9197 4864 9197 4864 9198 4846 9198 4828 9198 4828 9199 4846 9199 4847 9199 4847 9200 4846 9200 4849 9200 4847 9201 4849 9201 4848 9201 4848 9202 4849 9202 4827 9202 4827 9203 4849 9203 4850 9203 4850 9204 4649 9204 4650 9204 4850 9205 4650 9205 4827 9205 4864 9206 4651 9206 4648 9206 4851 9207 4843 9207 4852 9207 4652 9208 4828 9208 4654 9208 4658 9209 4848 9209 4655 9209 4848 9210 4827 9210 4655 9210 4843 9211 4851 9211 4660 9211 4940 9212 4853 9212 4854 9212 4854 9213 4853 9213 4941 9213 4854 9214 4941 9214 4939 9214 4939 9215 4940 9215 4854 9215 4855 9216 4938 9216 4928 9216 4855 9217 4928 9217 4937 9217 4937 9218 4938 9218 4855 9218 4820 9219 4819 9219 4825 9219 4824 9220 4856 9220 4817 9220 4817 9221 4856 9221 4818 9221 4668 9222 4824 9222 4808 9222 4913 9223 4808 9223 4824 9223 4860 9224 4649 9224 4857 9224 4857 9225 4649 9225 4858 9225 4857 9226 4858 9226 4859 9226 4859 9227 4858 9227 4607 9227 4649 9228 4860 9228 4647 9228 4647 9229 4860 9229 4916 9229 4861 9230 4863 9230 4862 9230 4862 9231 4863 9231 4864 9231 4864 9232 4863 9232 4865 9232 4865 9233 4863 9233 4605 9233 4646 9234 4866 9234 4861 9234 4646 9235 4861 9235 4862 9235 4880 9236 4619 9236 4867 9236 4867 9237 4619 9237 4620 9237 4867 9238 4620 9238 4868 9238 4868 9239 4620 9239 4622 9239 4869 9240 4868 9240 4623 9240 4870 9241 4869 9241 4625 9241 4870 9242 4625 9242 4624 9242 4872 9243 4612 9243 4614 9243 4872 9244 4614 9244 4873 9244 4873 9245 4614 9245 4615 9245 4933 9246 4909 9246 4874 9246 4933 9247 4874 9247 4875 9247 4875 9248 4874 9248 4876 9248 4876 9249 4874 9249 4931 9249 4931 9250 4874 9250 4877 9250 4624 9251 4626 9251 4878 9251 4878 9252 4626 9252 4627 9252 4878 9253 4627 9253 4879 9253 4879 9254 4627 9254 4628 9254 4879 9255 4628 9255 4880 9255 4880 9256 4628 9256 4629 9256 4880 9257 4629 9257 4619 9257 4884 9258 4870 9258 4624 9258 4884 9259 4624 9259 4881 9259 4881 9260 4624 9260 4878 9260 4881 9261 4878 9261 4879 9261 4881 9262 4879 9262 4880 9262 4881 9263 4880 9263 4882 9263 4880 9264 4867 9264 4882 9264 4882 9265 4867 9265 4868 9265 4882 9266 4868 9266 4883 9266 4883 9267 4868 9267 4869 9267 4883 9268 4869 9268 4884 9268 4884 9269 4869 9269 4870 9269 4885 9270 4884 9270 4881 9270 4885 9271 4881 9271 4605 9271 4605 9272 4881 9272 4882 9272 4605 9273 4882 9273 4886 9273 4887 9274 4615 9274 4616 9274 4887 9275 4616 9275 4888 9275 4888 9276 4616 9276 4653 9276 4888 9277 4653 9277 4889 9277 4889 9278 4653 9278 4617 9278 4889 9279 4617 9279 4618 9279 4889 9280 4618 9280 4610 9280 4890 9281 4615 9281 4887 9281 4890 9282 4887 9282 4888 9282 4890 9283 4888 9283 4891 9283 4891 9284 4888 9284 4889 9284 4891 9285 4889 9285 4610 9285 4891 9286 4610 9286 4892 9286 4892 9287 4610 9287 4871 9287 4892 9288 4871 9288 4872 9288 4892 9289 4872 9289 4873 9289 4892 9290 4873 9290 4890 9290 4890 9291 4873 9291 4615 9291 4923 9292 4890 9292 4893 9292 4893 9293 4890 9293 4891 9293 4893 9294 4891 9294 4894 9294 4686 9295 4896 9295 4895 9295 4896 9296 4685 9296 4897 9296 4897 9297 4685 9297 4684 9297 4897 9298 4684 9298 4898 9298 4898 9299 4684 9299 4683 9299 4898 9300 4683 9300 4899 9300 4683 9301 4682 9301 4899 9301 4899 9302 4682 9302 4680 9302 4899 9303 4680 9303 4903 9303 4903 9304 4680 9304 4687 9304 4900 9305 4895 9305 4896 9305 4900 9306 4896 9306 4897 9306 4900 9307 4897 9307 4898 9307 4900 9308 4898 9308 4902 9308 4902 9309 4898 9309 4899 9309 4902 9310 4899 9310 4903 9310 4902 9311 4903 9311 4901 9311 4820 9312 4895 9312 4901 9312 4901 9313 4903 9313 4821 9313 4901 9314 4821 9314 4820 9314 4926 9315 4900 9315 4904 9315 4904 9316 4900 9316 4902 9316 4904 9317 4902 9317 4905 9317 4905 9318 4902 9318 4901 9318 4654 9319 4828 9319 4847 9319 4847 9320 4848 9320 4658 9320 4847 9321 4658 9321 4654 9321 4658 9322 4851 9322 4654 9322 4654 9323 4851 9323 4852 9323 4851 9324 4658 9324 4660 9324 4720 9325 4906 9325 4907 9325 4719 9326 4907 9326 4908 9326 4719 9327 4908 9327 4640 9327 4640 9328 4908 9328 4866 9328 4640 9329 4866 9329 4642 9329 4642 9330 4866 9330 4646 9330 4910 9331 4877 9331 4913 9331 4817 9332 4913 9332 4824 9332 4913 9333 4817 9333 4910 9333 4815 9334 4911 9334 4909 9334 4909 9335 4817 9335 4816 9335 4817 9336 4909 9336 4910 9336 4909 9337 4816 9337 4815 9337 4816 9338 4667 9338 4815 9338 4909 9339 4911 9339 4874 9339 4874 9340 4911 9340 4912 9340 4874 9341 4912 9341 4877 9341 4644 9342 4647 9342 4916 9342 4717 9343 4914 9343 4915 9343 4644 9344 4916 9344 4914 9344 4644 9345 4914 9345 4641 9345 4609 9346 4634 9346 4611 9346 4812 9347 4811 9347 4635 9347 4635 9348 4811 9348 4613 9348 4635 9349 4613 9349 4634 9349 4634 9350 4613 9350 4611 9350 4634 9351 4609 9351 4644 9351 4644 9352 4609 9352 4617 9352 4621 9353 4628 9353 4802 9353 4802 9354 4628 9354 4651 9354 4802 9355 4651 9355 4656 9355 4656 9356 4651 9356 4652 9356 4804 9357 4657 9357 4811 9357 4811 9358 4657 9358 4843 9358 4631 9359 4622 9359 4621 9359 4802 9360 4656 9360 4804 9360 4804 9361 4656 9361 4657 9361 4811 9362 4843 9362 4659 9362 4625 9363 4643 9363 4645 9363 4621 9364 4802 9364 4631 9364 4811 9365 4659 9365 4653 9365 4630 9366 4625 9366 4622 9366 4630 9367 4622 9367 4631 9367 4653 9368 4659 9368 4655 9368 4645 9369 4651 9369 4628 9369 4625 9370 4630 9370 4643 9370 4637 9371 4830 9371 4829 9371 4842 9372 4829 9372 4840 9372 4829 9373 4812 9373 4637 9373 4842 9374 4840 9374 4833 9374 4842 9375 4833 9375 4841 9375 4841 9376 4833 9376 4917 9376 4841 9377 4917 9377 4638 9377 4917 9378 4835 9378 4638 9378 4638 9379 4835 9379 4832 9379 4638 9380 4832 9380 4637 9380 4637 9381 4832 9381 4830 9381 4747 9382 4777 9382 4748 9382 4775 9383 4722 9383 4748 9383 4722 9384 4775 9384 4724 9384 4724 9385 4775 9385 4769 9385 4772 9386 4726 9386 4773 9386 4771 9387 4743 9387 4772 9387 4773 9388 4724 9388 4769 9388 4766 9389 4759 9389 4767 9389 4767 9390 4759 9390 4757 9390 4766 9391 4764 9391 4759 9391 4767 9392 4757 9392 4755 9392 4785 9393 4807 9393 4661 9393 4661 9394 4807 9394 4808 9394 4693 9395 4813 9395 4823 9395 4676 9396 4679 9396 4814 9396 4686 9397 4813 9397 4693 9397 4808 9398 4672 9398 4669 9398 4919 9399 4661 9399 4808 9399 4661 9400 4919 9400 4920 9400 4661 9401 4920 9401 4664 9401 4676 9402 4814 9402 4813 9402 4676 9403 4813 9403 4686 9403 4681 9404 4685 9404 4690 9404 4690 9405 4685 9405 4693 9405 4693 9406 4685 9406 4686 9406 4918 9407 4666 9407 4664 9407 4689 9408 4688 9408 4690 9408 4690 9409 4688 9409 4681 9409 4664 9410 4920 9410 4918 9410 4806 9411 4672 9411 4808 9411 4857 9412 4893 9412 4860 9412 4860 9413 4893 9413 4916 9413 4916 9414 4893 9414 4894 9414 4894 9415 4924 9415 4914 9415 4916 9416 4894 9416 4914 9416 4859 9417 4923 9417 4857 9417 4857 9418 4923 9418 4893 9418 4924 9419 4750 9419 4749 9419 4924 9420 4749 9420 4915 9420 4914 9421 4924 9421 4915 9421 4905 9422 4925 9422 4822 9422 4822 9423 4925 9423 4853 9423 4853 9424 4925 9424 4926 9424 4853 9425 4926 9425 4924 9425 4924 9426 4926 9426 4904 9426 4924 9427 4904 9427 4750 9427 4750 9428 4904 9428 4844 9428 4844 9429 4904 9429 4905 9429 4844 9430 4905 9430 4822 9430 4853 9431 4825 9431 4819 9431 4853 9432 4819 9432 4822 9432 4825 9433 4853 9433 4826 9433 4826 9434 4853 9434 4941 9434 4696 9435 4941 9435 4927 9435 4826 9436 4941 9436 4696 9436 4928 9437 4703 9437 4927 9437 4703 9438 4928 9438 4824 9438 4927 9439 4938 9439 4928 9439 4928 9440 4818 9440 4856 9440 4928 9441 4856 9441 4824 9441 4921 9442 4845 9442 4818 9442 4791 9443 4790 9443 4921 9443 4921 9444 4790 9444 4906 9444 4908 9445 4796 9445 4866 9445 4866 9446 4796 9446 4795 9446 4906 9447 4790 9447 4797 9447 4906 9448 4797 9448 4907 9448 4907 9449 4797 9449 4796 9449 4907 9450 4796 9450 4908 9450 4795 9451 4861 9451 4866 9451 4606 9452 4605 9452 4886 9452 4606 9453 4886 9453 4922 9453 4922 9454 4886 9454 4929 9454 4795 9455 4885 9455 4861 9455 4861 9456 4885 9456 4863 9456 4863 9457 4885 9457 4605 9457 4922 9458 4929 9458 4795 9458 4795 9459 4929 9459 4885 9459 4608 9460 4924 9460 4859 9460 4859 9461 4924 9461 4923 9461 4608 9462 4606 9462 4922 9462 4930 9463 4938 9463 4608 9463 4608 9464 4938 9464 4927 9464 4930 9465 4928 9465 4938 9465 4608 9466 4941 9466 4924 9466 4924 9467 4941 9467 4853 9467 4927 9468 4941 9468 4608 9468 4930 9469 4791 9469 4921 9469 4731 9470 4922 9470 4794 9470 4930 9471 4734 9471 4791 9471 4793 9472 4792 9472 4930 9472 4930 9473 4792 9473 4734 9473 4795 9474 4794 9474 4922 9474 4922 9475 4731 9475 4793 9475 4793 9476 4930 9476 4922 9476 4922 9477 4930 9477 4608 9477 4932 9478 4933 9478 4818 9478 4921 9479 4875 9479 4876 9479 4921 9480 4876 9480 4930 9480 4930 9481 4876 9481 4931 9481 4928 9482 4931 9482 4932 9482 4818 9483 4933 9483 4921 9483 4921 9484 4933 9484 4875 9484 4928 9485 4932 9485 4818 9485 4930 9486 4931 9486 4928 9486 4714 9487 4788 9487 4708 9487 4708 9488 4788 9488 4787 9488 4788 9489 4714 9489 4706 9489 4707 9490 4723 9490 4705 9490 4686 9491 4895 9491 4677 9491 4677 9492 4895 9492 4820 9492 4825 9493 4677 9493 4820 9493 4862 9494 4864 9494 4648 9494 4649 9495 4850 9495 4858 9495 4858 9496 4850 9496 4607 9496 4607 9497 4850 9497 4849 9497 4864 9498 4865 9498 4846 9498 4607 9499 4849 9499 4865 9499 4865 9500 4849 9500 4846 9500 4905 9501 4901 9501 4925 9501 4925 9502 4901 9502 4895 9502 4925 9503 4895 9503 4926 9503 4926 9504 4895 9504 4900 9504 4894 9505 4891 9505 4892 9505 4894 9506 4892 9506 4924 9506 4924 9507 4892 9507 4923 9507 4923 9508 4892 9508 4890 9508 4886 9509 4882 9509 4883 9509 4886 9510 4883 9510 4929 9510 4929 9511 4883 9511 4884 9511 4929 9512 4884 9512 4885 9512 4931 9513 4877 9513 4910 9513 4931 9514 4910 9514 4932 9514 4932 9515 4910 9515 4909 9515 4932 9516 4909 9516 4933 9516 4911 9517 4934 9517 4935 9517 4911 9518 4935 9518 4912 9518 4912 9519 4935 9519 4936 9519 4912 9520 4936 9520 4877 9520 4877 9521 4936 9521 4919 9521 4877 9522 4919 9522 4913 9522 4913 9523 4919 9523 4808 9523 4937 9524 4928 9524 4938 9524 4939 9525 4941 9525 4940 9525 4940 9526 4941 9526 4853 9526 4838 9527 4917 9527 4834 9527 4834 9528 4917 9528 4833 9528 4903 9529 4687 9529 4821 9529 4641 9530 4914 9530 4942 9530 4942 9531 4914 9531 4943 9531 4762 9532 4636 9532 4943 9532 4943 9533 4636 9533 4942 9533 4666 9534 4718 9534 4665 9534 4800 9535 4665 9535 4718 9535 4763 9536 4762 9536 4943 9536 4763 9537 4943 9537 4717 9537 4717 9538 4943 9538 4914 9538 4946 9539 4740 9539 4944 9539 4946 9540 4944 9540 4945 9540 4945 9541 4789 9541 4946 9541 4738 9542 4739 9542 4729 9542 4738 9543 4729 9543 4739 9543 4715 9544 4915 9544 4749 9544 4934 9545 4918 9545 4935 9545 4935 9546 4918 9546 4920 9546 4935 9547 4920 9547 4936 9547 4936 9548 4920 9548 4919 9548 4644 9549 4641 9549 4942 9549 4644 9550 4942 9550 4636 9550 4644 9551 4636 9551 4634 9551 4957 9552 4961 9552 4948 9552 4948 9553 4961 9553 4949 9553 4961 9554 4962 9554 4949 9554 4961 9555 4964 9555 4963 9555 4961 9556 4963 9556 4962 9556 4951 9557 4965 9557 4966 9557 4966 9558 4956 9558 4951 9558 4953 9559 4952 9559 4963 9559 4950 9560 4954 9560 4951 9560 4954 9561 4953 9561 4963 9561 4957 9562 4954 9562 4950 9562 4957 9563 4952 9563 4955 9563 4955 9564 4952 9564 4953 9564 4955 9565 4953 9565 4954 9565 4963 9566 4952 9566 4957 9566 4962 9567 4957 9567 4950 9567 4965 9568 4951 9568 4954 9568 4965 9569 4954 9569 4963 9569 4956 9570 4950 9570 4951 9570 4955 9571 4964 9571 4961 9571 4954 9572 4959 9572 4960 9572 4960 9573 4964 9573 4955 9573 4957 9574 4948 9574 4947 9574 4954 9575 4958 9575 4959 9575 4947 9576 4948 9576 4966 9576 4966 9577 4948 9577 4949 9577 4966 9578 4949 9578 4956 9578 4964 9579 4960 9579 4963 9579 4960 9580 4959 9580 4963 9580 4958 9581 4965 9581 4959 9581 4947 9582 4965 9582 4958 9582 4965 9583 4947 9583 4966 9583 4963 9584 4959 9584 4965 9584 4949 9585 4962 9585 4950 9585 4962 9586 4963 9586 4957 9586 4956 9587 4949 9587 4950 9587 4957 9588 4947 9588 4954 9588 4954 9589 4947 9589 4958 9589 4961 9590 4957 9590 4955 9590 4954 9591 4960 9591 4955 9591 4968 9592 4967 9592 4988 9592 4992 9593 4968 9593 4969 9593 4972 9594 4970 9594 4971 9594 4970 9595 4972 9595 4995 9595 4973 9596 4970 9596 4996 9596 4970 9597 4973 9597 4997 9597 4997 9598 4973 9598 4975 9598 4974 9599 4993 9599 4972 9599 4973 9600 4976 9600 4977 9600 4973 9601 4977 9601 4975 9601 4975 9602 4977 9602 4978 9602 4978 9603 4974 9603 4975 9603 4974 9604 4978 9604 4979 9604 4974 9605 4979 9605 4993 9605 4979 9606 4984 9606 4980 9606 4977 9607 4984 9607 4978 9607 4978 9608 4984 9608 4979 9608 4981 9609 4984 9609 4976 9609 4976 9610 4984 9610 4977 9610 4980 9611 4984 9611 4981 9611 4984 9612 4986 9612 4985 9612 4984 9613 4982 9613 4986 9613 4975 9614 4974 9614 4987 9614 4972 9615 4987 9615 4974 9615 4988 9616 4967 9616 4982 9616 4988 9617 4989 9617 4968 9617 4983 9618 4969 9618 4968 9618 4969 9619 4983 9619 4990 9619 4990 9620 4983 9620 4984 9620 4990 9621 4984 9621 4985 9621 4990 9622 4985 9622 4991 9622 4985 9623 4986 9623 4991 9623 4991 9624 4986 9624 4992 9624 4992 9625 4986 9625 4982 9625 4992 9626 4982 9626 4967 9626 4982 9627 4989 9627 4988 9627 4984 9628 4989 9628 4982 9628 4984 9629 4983 9629 4989 9629 4989 9630 4983 9630 4968 9630 4980 9631 4993 9631 4979 9631 4993 9632 4980 9632 4994 9632 4980 9633 4995 9633 4994 9633 4995 9634 4980 9634 4981 9634 4981 9635 4996 9635 4995 9635 4996 9636 4981 9636 4976 9636 4996 9637 4976 9637 4973 9637 4972 9638 4994 9638 4995 9638 4993 9639 4994 9639 4972 9639 4970 9640 4995 9640 4996 9640 4971 9641 4987 9641 4972 9641 4997 9642 4975 9642 4987 9642 4971 9643 4997 9643 4987 9643 4970 9644 4997 9644 4971 9644 4992 9645 4969 9645 4990 9645 4992 9646 4990 9646 4991 9646 4968 9647 4992 9647 4967 9647 5000 9648 4998 9648 4999 9648 5001 9649 5003 9649 5002 9649 5005 9650 5003 9650 5028 9650 5028 9651 5003 9651 5001 9651 5004 9652 5007 9652 5005 9652 5004 9653 5006 9653 5007 9653 5004 9654 5008 9654 5006 9654 5007 9655 5006 9655 5009 9655 5006 9656 5008 9656 5011 9656 5008 9657 5010 9657 5011 9657 5009 9658 5006 9658 5011 9658 5007 9659 5009 9659 5012 9659 5012 9660 5005 9660 5007 9660 5012 9661 5025 9661 5005 9661 5010 9662 5019 9662 5011 9662 5014 9663 5019 9663 5010 9663 5013 9664 5019 9664 5014 9664 5011 9665 5019 9665 5009 9665 5012 9666 5019 9666 5013 9666 5009 9667 5019 9667 5012 9667 5019 9668 5016 9668 5015 9668 5019 9669 5018 9669 5016 9669 5008 9670 5004 9670 5017 9670 5017 9671 5004 9671 5002 9671 5018 9672 4999 9672 4998 9672 4999 9673 5018 9673 5019 9673 4999 9674 5019 9674 5020 9674 4999 9675 5020 9675 5000 9675 5021 9676 5000 9676 5020 9676 5021 9677 5022 9677 5000 9677 5022 9678 5021 9678 5015 9678 5015 9679 5023 9679 5022 9679 5016 9680 5023 9680 5015 9680 5023 9681 5016 9681 5024 9681 5018 9682 5024 9682 5016 9682 5018 9683 4998 9683 5024 9683 5019 9684 5021 9684 5020 9684 5019 9685 5015 9685 5021 9685 5025 9686 5012 9686 5013 9686 5025 9687 5013 9687 5014 9687 5025 9688 5014 9688 5026 9688 5008 9689 5026 9689 5010 9689 5010 9690 5026 9690 5014 9690 5008 9691 5017 9691 5026 9691 5003 9692 5026 9692 5017 9692 5003 9693 5025 9693 5026 9693 5005 9694 5025 9694 5003 9694 5002 9695 5004 9695 5027 9695 5017 9696 5002 9696 5003 9696 5005 9697 5028 9697 5004 9697 5004 9698 5028 9698 5027 9698 5027 9699 5028 9699 5001 9699 5001 9700 5002 9700 5027 9700 5000 9701 5022 9701 5023 9701 5000 9702 5023 9702 5024 9702 5000 9703 5024 9703 4998 9703 5032 9704 5029 9704 5030 9704 5032 9705 5030 9705 5031 9705 5058 9706 5034 9706 5037 9706 5033 9707 5034 9707 5058 9707 5033 9708 5048 9708 5055 9708 5034 9709 5035 9709 5037 9709 5054 9710 5048 9710 5047 9710 5047 9711 5038 9711 5054 9711 5047 9712 5037 9712 5038 9712 5035 9713 5036 9713 5037 9713 5036 9714 5035 9714 5057 9714 5057 9715 5039 9715 5036 9715 5037 9716 5036 9716 5040 9716 5040 9717 5038 9717 5037 9717 5041 9718 5038 9718 5040 9718 5038 9719 5041 9719 5054 9719 5042 9720 5054 9720 5041 9720 5036 9721 5049 9721 5040 9721 5039 9722 5049 9722 5036 9722 5040 9723 5049 9723 5041 9723 5041 9724 5049 9724 5042 9724 5043 9725 5049 9725 5039 9725 5042 9726 5049 9726 5043 9726 5049 9727 5045 9727 5046 9727 5049 9728 5044 9728 5045 9728 5035 9729 5056 9729 5057 9729 5056 9730 5033 9730 5055 9730 5049 9731 5030 9731 5029 9731 5030 9732 5049 9732 5050 9732 5030 9733 5050 9733 5031 9733 5031 9734 5050 9734 5051 9734 5031 9735 5051 9735 5032 9735 5046 9736 5032 9736 5051 9736 5046 9737 5052 9737 5032 9737 5052 9738 5046 9738 5045 9738 5052 9739 5045 9739 5053 9739 5045 9740 5044 9740 5053 9740 5044 9741 5029 9741 5053 9741 5029 9742 5044 9742 5049 9742 5049 9743 5051 9743 5050 9743 5049 9744 5046 9744 5051 9744 5042 9745 5055 9745 5054 9745 5055 9746 5042 9746 5043 9746 5043 9747 5056 9747 5055 9747 5043 9748 5057 9748 5056 9748 5057 9749 5043 9749 5039 9749 5048 9750 5054 9750 5055 9750 5047 9751 5058 9751 5037 9751 5034 9752 5056 9752 5035 9752 5033 9753 5056 9753 5034 9753 5058 9754 5047 9754 5048 9754 5058 9755 5048 9755 5033 9755 5032 9756 5052 9756 5053 9756 5032 9757 5053 9757 5029 9757 5062 9758 5059 9758 5060 9758 5062 9759 5060 9759 5061 9759 5063 9760 5062 9760 5086 9760 5068 9761 5064 9761 5066 9761 5068 9762 5065 9762 5064 9762 5066 9763 5067 9763 5068 9763 5069 9764 5073 9764 5067 9764 5071 9765 5072 9765 5070 9765 5072 9766 5067 9766 5070 9766 5067 9767 5073 9767 5070 9767 5074 9768 5073 9768 5069 9768 5073 9769 5074 9769 5075 9769 5073 9770 5075 9770 5070 9770 5076 9771 5070 9771 5075 9771 5071 9772 5070 9772 5077 9772 5077 9773 5070 9773 5076 9773 5071 9774 5077 9774 5078 9774 5074 9775 5085 9775 5075 9775 5075 9776 5085 9776 5076 9776 5079 9777 5085 9777 5074 9777 5076 9778 5085 9778 5077 9778 5077 9779 5085 9779 5078 9779 5078 9780 5085 9780 5080 9780 5080 9781 5085 9781 5079 9781 5085 9782 5081 9782 5086 9782 5085 9783 5082 9783 5081 9783 5085 9784 5089 9784 5082 9784 5065 9785 5090 9785 5091 9785 5082 9786 5089 9786 5059 9786 5089 9787 5060 9787 5059 9787 5083 9788 5060 9788 5089 9788 5060 9789 5083 9789 5061 9789 5061 9790 5083 9790 5084 9790 5061 9791 5084 9791 5062 9791 5085 9792 5062 9792 5084 9792 5085 9793 5086 9793 5062 9793 5087 9794 5086 9794 5081 9794 5087 9795 5081 9795 5088 9795 5088 9796 5081 9796 5082 9796 5082 9797 5059 9797 5088 9797 5085 9798 5083 9798 5089 9798 5085 9799 5084 9799 5083 9799 5078 9800 5090 9800 5071 9800 5090 9801 5078 9801 5080 9801 5091 9802 5090 9802 5080 9802 5079 9803 5091 9803 5080 9803 5091 9804 5079 9804 5069 9804 5074 9805 5069 9805 5079 9805 5072 9806 5071 9806 5090 9806 5066 9807 5069 9807 5067 9807 5064 9808 5091 9808 5069 9808 5069 9809 5066 9809 5064 9809 5091 9810 5064 9810 5065 9810 5065 9811 5072 9811 5090 9811 5068 9812 5067 9812 5072 9812 5068 9813 5072 9813 5065 9813 5063 9814 5086 9814 5087 9814 5063 9815 5087 9815 5088 9815 5063 9816 5088 9816 5062 9816 5062 9817 5088 9817 5059 9817 5093 9818 5094 9818 5092 9818 5092 9819 5094 9819 5115 9819 5092 9820 5115 9820 5093 9820 5095 9821 5096 9821 5125 9821 5125 9822 5096 9822 5097 9822 5112 9823 5119 9823 5099 9823 5099 9824 5119 9824 5098 9824 5099 9825 5098 9825 5105 9825 5099 9826 5105 9826 5100 9826 5099 9827 5100 9827 5101 9827 5101 9828 5100 9828 5102 9828 5101 9829 5102 9829 5123 9829 5114 9830 5102 9830 5103 9830 5103 9831 5102 9831 5100 9831 5103 9832 5100 9832 5104 9832 5104 9833 5100 9833 5105 9833 5104 9834 5105 9834 5106 9834 5106 9835 5105 9835 5098 9835 5106 9836 5098 9836 5119 9836 5108 9837 5095 9837 5125 9837 5125 9838 5107 9838 5108 9838 5126 9839 5109 9839 5108 9839 5096 9840 5117 9840 5097 9840 5097 9841 5117 9841 5124 9841 5109 9842 5116 9842 5108 9842 5117 9843 5096 9843 5116 9843 5116 9844 5096 9844 5095 9844 5116 9845 5095 9845 5108 9845 5116 9846 5110 9846 5117 9846 5118 9847 5110 9847 5123 9847 5123 9848 5110 9848 5101 9848 5101 9849 5110 9849 5111 9849 5101 9850 5111 9850 5099 9850 5099 9851 5111 9851 5112 9851 5112 9852 5111 9852 5118 9852 5115 9853 5114 9853 5103 9853 5115 9854 5113 9854 5114 9854 5115 9855 5106 9855 5113 9855 5115 9856 5104 9856 5106 9856 5115 9857 5103 9857 5104 9857 5111 9858 5110 9858 5116 9858 5111 9859 5116 9859 5109 9859 5111 9860 5109 9860 5126 9860 5111 9861 5126 9861 5118 9861 5118 9862 5124 9862 5110 9862 5110 9863 5124 9863 5117 9863 5122 9864 5123 9864 5102 9864 5126 9865 5107 9865 5118 9865 5097 9866 5124 9866 5125 9866 5125 9867 5124 9867 5118 9867 5125 9868 5118 9868 5107 9868 5106 9869 5119 9869 5113 9869 5113 9870 5119 9870 5120 9870 5113 9871 5120 9871 5121 9871 5113 9872 5121 9872 5122 9872 5113 9873 5122 9873 5114 9873 5114 9874 5122 9874 5102 9874 5123 9875 5122 9875 5118 9875 5118 9876 5122 9876 5112 9876 5112 9877 5122 9877 5121 9877 5112 9878 5121 9878 5120 9878 5112 9879 5120 9879 5119 9879 5107 9880 5126 9880 5108 9880 5093 9881 5115 9881 5094 9881 5127 9882 5129 9882 5128 9882 5129 9883 5127 9883 5130 9883 5143 9884 5131 9884 5132 9884 5143 9885 5132 9885 5157 9885 5157 9886 5132 9886 5133 9886 5144 9887 5141 9887 5135 9887 5135 9888 5141 9888 5140 9888 5135 9889 5140 9889 5134 9889 5135 9890 5134 9890 5138 9890 5138 9891 5136 9891 5147 9891 5147 9892 5136 9892 5153 9892 5137 9893 5153 9893 5136 9893 5137 9894 5136 9894 5138 9894 5137 9895 5138 9895 5139 9895 5139 9896 5138 9896 5134 9896 5139 9897 5134 9897 5140 9897 5139 9898 5140 9898 5142 9898 5142 9899 5140 9899 5141 9899 5156 9900 5143 9900 5154 9900 5154 9901 5143 9901 5157 9901 5132 9902 5131 9902 5133 9902 5133 9903 5131 9903 5145 9903 5150 9904 5131 9904 5143 9904 5143 9905 5156 9905 5150 9905 5135 9906 5150 9906 5144 9906 5144 9907 5150 9907 5145 9907 5144 9908 5145 9908 5146 9908 5138 9909 5150 9909 5135 9909 5146 9910 5145 9910 5147 9910 5147 9911 5145 9911 5150 9911 5147 9912 5150 9912 5138 9912 5128 9913 5148 9913 5149 9913 5128 9914 5142 9914 5148 9914 5128 9915 5139 9915 5142 9915 5137 9916 5139 9916 5128 9916 5128 9917 5149 9917 5137 9917 5150 9918 5145 9918 5131 9918 5150 9919 5155 9919 5145 9919 5145 9920 5155 9920 5154 9920 5145 9921 5154 9921 5157 9921 5144 9922 5151 9922 5148 9922 5155 9923 5150 9923 5156 9923 5145 9924 5157 9924 5133 9924 5142 9925 5141 9925 5144 9925 5142 9926 5144 9926 5148 9926 5148 9927 5151 9927 5152 9927 5148 9928 5152 9928 5149 9928 5149 9929 5152 9929 5153 9929 5149 9930 5153 9930 5137 9930 5147 9931 5153 9931 5146 9931 5146 9932 5153 9932 5152 9932 5146 9933 5152 9933 5151 9933 5146 9934 5151 9934 5144 9934 5154 9935 5155 9935 5156 9935 5127 9936 5128 9936 5130 9936 5130 9937 5128 9937 5129 9937 5158 9938 5159 9938 5160 9938 5159 9939 5158 9939 5183 9939 5160 9940 5183 9940 5158 9940 5162 9941 5161 9941 5176 9941 5174 9942 5162 9942 5177 9942 5163 9943 5179 9943 5164 9943 5163 9944 5164 9944 5166 9944 5166 9945 5164 9945 5165 9945 5166 9946 5165 9946 5171 9946 5166 9947 5171 9947 5167 9947 5167 9948 5169 9948 5168 9948 5167 9949 5168 9949 5180 9949 5182 9950 5168 9950 5169 9950 5182 9951 5169 9951 5170 9951 5170 9952 5169 9952 5171 9952 5170 9953 5171 9953 5165 9953 5170 9954 5165 9954 5172 9954 5172 9955 5165 9955 5164 9955 5172 9956 5164 9956 5173 9956 5174 9957 5175 9957 5162 9957 5161 9958 5162 9958 5175 9958 5161 9959 5178 9959 5176 9959 5176 9960 5185 9960 5162 9960 5162 9961 5185 9961 5177 9961 5185 9962 5176 9962 5178 9962 5179 9963 5163 9963 5186 9963 5186 9964 5163 9964 5181 9964 5166 9965 5181 9965 5163 9965 5186 9966 5181 9966 5180 9966 5167 9967 5181 9967 5166 9967 5180 9968 5181 9968 5167 9968 5169 9969 5167 9969 5171 9969 5164 9970 5179 9970 5173 9970 5183 9971 5172 9971 5173 9971 5183 9972 5184 9972 5182 9972 5183 9973 5173 9973 5184 9973 5183 9974 5170 9974 5172 9974 5183 9975 5182 9975 5170 9975 5181 9976 5177 9976 5185 9976 5181 9977 5185 9977 5178 9977 5181 9978 5178 9978 5163 9978 5163 9979 5178 9979 5188 9979 5163 9980 5188 9980 5189 9980 5163 9981 5189 9981 5181 9981 5184 9982 5186 9982 5187 9982 5174 9983 5181 9983 5190 9983 5190 9984 5181 9984 5189 9984 5181 9985 5174 9985 5177 9985 5191 9986 5189 9986 5188 9986 5191 9987 5188 9987 5178 9987 5191 9988 5178 9988 5161 9988 5173 9989 5179 9989 5184 9989 5184 9990 5187 9990 5182 9990 5182 9991 5187 9991 5168 9991 5180 9992 5168 9992 5187 9992 5180 9993 5187 9993 5186 9993 5186 9994 5184 9994 5179 9994 5174 9995 5190 9995 5175 9995 5175 9996 5190 9996 5189 9996 5175 9997 5189 9997 5191 9997 5175 9998 5191 9998 5161 9998 5159 9999 5183 9999 5160 9999</p>
                </triangles>
            </mesh>
        </geometry>
    </library_geometries>
    <library_visual_scenes>
        <visual_scene id="VisualSceneNode" name="VisualScene">
            <node id="node" name="node">
                <instance_geometry url="#shape0-lib"/>
            </node>
        </visual_scene>
    </library_visual_scenes>
    <scene>
        <instance_visual_scene url="#VisualSceneNode"/>
    </scene>
</COLLADA>
